CarID,price
75973,9367.892588135275
75974,21532.592951261944
75975,30169.1327327129
75976,26584.28853724354
75977,15155.12148199716
75978,22679.540133435185
75979,31414.255456814266
75980,25736.84664798123
75981,15177.956534511532
75982,24031.747876868936
75983,34725.29331273014
75984,16958.481804984232
75985,32164.61655527939
75986,49243.090332724554
75987,15235.513872064243
75988,22344.79275405551
75989,15657.903750744872
75990,11795.109541143047
75991,17718.432665136486
75992,22084.602091240744
75993,54352.927963198366
75994,22851.185408999037
75995,12938.632383409678
75996,19562.91197282132
75997,10900.090019535271
75998,15031.65843164814
75999,16079.513394225869
76000,13456.468899815343
76001,12479.719619824986
76002,11787.569412949
76003,13225.932628933917
76004,22239.341747971757
76005,28703.658491938655
76006,22229.28415144096
76007,15795.035313394565
76008,51321.283339072674
76009,16664.613743797545
76010,26056.08799916421
76011,31178.637584427863
76012,20706.71060098507
76013,27344.68024412138
76014,10984.094155943629
76015,34973.067870873136
76016,25410.730824723367
76017,23527.362073788856
76018,11163.328289250005
76019,11497.754173066036
76020,28160.674488362587
76021,19156.353190858266
76022,17424.469693410367
76023,16498.610293253474
76024,22997.09285472113
76025,20122.838465182893
76026,37507.10376193943
76027,11458.965845706887
76028,23775.60303098776
76029,12264.25369864729
76030,17426.64458332169
76031,10105.496613427347
76032,14627.245387778072
76033,23658.92507951251
76034,8273.012710566878
76035,21946.910126093306
76036,18599.27477240645
76037,35138.769676275835
76038,21813.148855405478
76039,13888.88331843514
76040,16651.704223732457
76041,21918.59014900907
76042,22118.04418969511
76043,19053.54476593198
76044,21919.552566290233
76045,11962.161468419357
76046,14539.098456562542
76047,12096.961186814331
76048,48662.76932959017
76049,21787.190142413732
76050,12281.846573934105
76051,19699.797451915318
76052,22351.19914698325
76053,18477.6467895097
76054,11500.63725044221
76055,20234.567331482594
76056,20602.24898758983
76057,24061.696168303635
76058,18818.004247021006
76059,14246.904719722068
76060,20667.18946233434
76061,20465.90596114678
76062,10182.479135783025
76063,33738.132489982956
76064,48897.65129719296
76065,16790.239770969303
76066,20251.731738652084
76067,20218.895819711044
76068,15480.706038526587
76069,28564.373829256183
76070,27867.081192787165
76071,15910.664043683832
76072,29593.880657073492
76073,18744.088818986118
76074,14609.027694314615
76075,33964.06094226304
76076,27289.133854039508
76077,18451.939210572484
76078,12801.10094115302
76079,20105.534000290652
76080,17633.432091250692
76081,24853.180373878993
76082,13317.122804957295
76083,26366.751617806283
76084,17641.617668457962
76085,17457.24137704649
76086,13717.607898133592
76087,10374.293394675977
76088,19580.637369492037
76089,25035.838837264037
76090,20401.91044537877
76091,22585.252087936125
76092,26784.572047492053
76093,33110.47286280077
76094,13987.839311648535
76095,21710.06221028016
76096,10565.36635502519
76097,18444.26884503613
76098,28971.193248770705
76099,48853.98629698995
76100,16647.803362666134
76101,22936.546132760363
76102,18910.721929210755
76103,23267.446756383644
76104,16775.890161677577
76105,18511.667487402527
76106,28070.658249009615
76107,33379.235474906345
76108,17216.815428009784
76109,10124.458108357097
76110,11634.965381956346
76111,18964.59190983153
76112,31291.195014167322
76113,20470.540206529287
76114,14560.754237664816
76115,22813.010277433383
76116,18131.788593505804
76117,13310.767778270512
76118,24991.139950377095
76119,22507.8878845947
76120,4227.635711977343
76121,18138.951052335826
76122,27385.08830248014
76123,26325.837980223983
76124,19215.256449006316
76125,19996.343723169888
76126,20833.965536762287
76127,15952.886089312718
76128,17102.62786219228
76129,30752.11913689074
76130,13074.268039566701
76131,16963.043139655674
76132,20845.758971143565
76133,18169.299619920508
76134,13321.305317352453
76135,15794.70441415
76136,20669.768135607046
76137,11634.710314253522
76138,19594.989146487624
76139,17623.409922412637
76140,20055.793462525216
76141,17804.84310567949
76142,27947.557687166547
76143,18265.907473508534
76144,15304.618240474047
76145,25597.774906289025
76146,16051.100538992074
76147,32200.552103839924
76148,25539.50419670961
76149,14957.652367135552
76150,36817.45813979999
76151,15758.834902997385
76152,28937.75990062158
76153,48425.07789630346
76154,30960.819184811513
76155,13064.476643787002
76156,36590.599908548094
76157,10365.922278675627
76158,13528.232413528807
76159,23836.286123914582
76160,31015.453495316586
76161,18986.008148982593
76162,33774.21404788389
76163,26701.07186725893
76164,31791.45874146865
76165,18549.01226846161
76166,13084.845474813743
76167,15454.595992991633
76168,31212.57694840223
76169,13393.311908645279
76170,17892.324902986173
76171,29137.937664373057
76172,44665.90230752126
76173,31900.91857555267
76174,34380.84807993052
76175,11364.536697271325
76176,15424.342101669215
76177,10729.474319492052
76178,18552.37625759106
76179,12904.420338021795
76180,47306.54109632214
76181,23338.448485619258
76182,31920.15299994017
76183,29578.76895566959
76184,3214.3939343600964
76185,39478.587477380715
76186,13995.083369924027
76187,29642.790663866694
76188,35605.80476434979
76189,18092.926472193296
76190,11437.269035983565
76191,26155.172980347907
76192,15903.218205311494
76193,16990.45666094896
76194,13146.279740126489
76195,16045.29135674129
76196,11384.26154378321
76197,15802.461278983954
76198,15304.386914323375
76199,20516.663409127545
76200,19333.902556993293
76201,40519.11505440555
76202,15682.740500225624
76203,19428.281129565832
76204,14436.814497315327
76205,29474.183074042547
76206,52422.481320322084
76207,35533.21375330489
76208,14474.827956529394
76209,19888.07156016341
76210,26932.255812395553
76211,32906.771938446305
76212,18387.15765180951
76213,18848.003235272816
76214,22129.27440563991
76215,12983.421791491144
76216,32895.53175297451
76217,15306.432371964915
76218,57341.343959630554
76219,16318.645013078489
76220,11626.560174862563
76221,11352.678091602771
76222,27544.81233708757
76223,17817.49721304423
76224,15376.183242882391
76225,14931.049635572952
76226,21693.59728894507
76227,16786.787952328486
76228,22904.758039519893
76229,17495.72954727604
76230,17938.14407378246
76231,51843.63551122054
76232,12188.020748131461
76233,21258.050158441525
76234,20672.93456999982
76235,48333.648604208196
76236,29842.78073744304
76237,21942.90965293236
76238,13996.228604972646
76239,29881.668871135513
76240,20249.36198829523
76241,12640.886819021118
76242,13669.667804834678
76243,11726.944456237956
76244,32189.198509083737
76245,21067.55104674274
76246,27862.63083149468
76247,31285.491936446815
76248,23399.696838947784
76249,48096.428994639646
76250,32966.37654344744
76251,19004.502731272423
76252,14417.034906074048
76253,21750.241703689695
76254,17341.86583633543
76255,10805.259525606822
76256,29149.21831386391
76257,10659.452258976555
76258,25498.54074439269
76259,19231.109143510046
76260,37423.54731940739
76261,13932.931803996764
76262,32899.800030779414
76263,3952.54996793285
76264,17741.53998202526
76265,26697.85806390415
76266,15380.216943828062
76267,33276.34159024527
76268,25907.153512443052
76269,25585.55774029504
76270,16767.8771917233
76271,11540.653301447195
76272,20270.593306035244
76273,15242.123519760466
76274,16870.831521207456
76275,32466.96999075647
76276,13954.946611644686
76277,24099.568526793606
76278,17199.77662965456
76279,26230.501100076403
76280,33213.84439896644
76281,11133.842155167458
76282,20259.20935188406
76283,19461.915668392823
76284,15955.648791746496
76285,20615.823383802697
76286,18244.91463758005
76287,13376.105391805491
76288,23833.13416902509
76289,33506.93452214437
76290,8432.90364312262
76291,48331.96428880883
76292,21475.181345507346
76293,17571.047262075732
76294,22327.792255148568
76295,27794.51882639312
76296,19640.608759193252
76297,28443.40479450526
76298,12638.09521474267
76299,14318.917822749478
76300,37240.589309319505
76301,14385.929986167395
76302,22157.008202887544
76303,13130.832367141247
76304,26274.325967888122
76305,30805.3702082706
76306,21588.147646187263
76307,13820.580589136951
76308,45578.60301702411
76309,21277.77382668174
76310,33086.24516273338
76311,10810.694506828839
76312,18022.607769321126
76313,9808.047640088736
76314,18758.366599873487
76315,25364.916532673466
76316,17923.41284549252
76317,13185.947149869824
76318,19139.766634311454
76319,17900.028797755178
76320,15964.681025375132
76321,29865.233026891754
76322,58085.164804644606
76323,20485.61713259008
76324,20524.57548060252
76325,33153.38792408877
76326,49206.81129731831
76327,33639.97679598116
76328,51786.57302033243
76329,54295.078007462
76330,14150.499988360241
76331,17465.15183813178
76332,30842.44198318407
76333,13241.510126085896
76334,22133.23815468306
76335,18342.6849669152
76336,30381.799098026964
76337,58114.36066390308
76338,25164.287731899767
76339,20561.998037387446
76340,20196.819795007887
76341,12787.622504912759
76342,16133.544856097224
76343,14832.144559947545
76344,16187.769481502495
76345,28750.403587222976
76346,11980.038685721023
76347,22692.717429206667
76348,6995.9279735786495
76349,53871.7203855444
76350,9813.215782970276
76351,22207.184737408817
76352,16958.337901441417
76353,37802.742922603735
76354,19422.36399952056
76355,21118.701894319125
76356,11329.977017267474
76357,25789.74177413196
76358,13783.926655399368
76359,24027.018992678906
76360,14654.06908492412
76361,18976.399202872784
76362,24064.180428882944
76363,19230.349827799717
76364,20186.914851718255
76365,16891.071992264267
76366,33471.35690933093
76367,8368.532019199374
76368,18447.313323103543
76369,16197.840356746776
76370,14616.931884702448
76371,17548.396007113042
76372,22859.318222525602
76373,20875.38846844735
76374,22871.395953708692
76375,20647.98852007931
76376,14836.68681274875
76377,17687.955756570493
76378,24169.193426783942
76379,21669.580340664706
76380,19733.91562298873
76381,20982.316546720824
76382,18807.513624915704
76383,13761.744012015084
76384,47295.49060953956
76385,14679.301140091166
76386,32491.61789121833
76387,11831.789753811852
76388,21270.706965508583
76389,18536.640602215713
76390,21230.776272537692
76391,43742.860832939085
76392,75884.07396747413
76393,29161.242418232625
76394,20257.43675176784
76395,22367.08007649694
76396,13094.345234923287
76397,21121.574133339032
76398,24204.144605368398
76399,23739.944666213625
76400,27794.586024377277
76401,16956.029876078126
76402,12124.681518417252
76403,15836.799979975945
76404,20848.670724928266
76405,22046.35788508588
76406,22960.40544956135
76407,22532.649537848276
76408,46504.429591471795
76409,20992.248514793417
76410,17361.38991198581
76411,18131.87428231148
76412,46437.1067544227
76413,7436.203867891624
76414,15955.49882323477
76415,18899.051371899724
76416,28300.851340789573
76417,27804.116572103365
76418,20926.653531307315
76419,23553.75462872724
76420,16012.124952008893
76421,15347.081354395063
76422,21315.846277056076
76423,22716.011504030557
76424,3597.637174658878
76425,24291.09552604379
76426,14080.881967554222
76427,24182.761154762324
76428,18388.007906679453
76429,37481.76440035549
76430,21919.72587814262
76431,30114.31708380629
76432,17437.634110317533
76433,13564.551774926269
76434,19425.782933356608
76435,58507.693804981536
76436,13381.619585947874
76437,18769.66327717007
76438,27916.361003903934
76439,34176.45475555
76440,21674.810085714496
76441,31033.305474646233
76442,31443.2176845236
76443,13650.06692839955
76444,31582.9601607799
76445,47455.06565579507
76446,49989.89761533689
76447,31142.290675880882
76448,23776.13800689036
76449,27547.634250504998
76450,53695.60267462977
76451,34919.02010778527
76452,32438.99277060499
76453,27890.669998984064
76454,22795.871500392142
76455,21146.26144979589
76456,19124.307636657624
76457,20392.484846899057
76458,14790.382718528133
76459,34402.51332691084
76460,11594.133132677223
76461,30733.220260492464
76462,48766.33818793006
76463,27890.817541003522
76464,12276.828033240903
76465,16021.887046976952
76466,21797.506607988485
76467,12398.280457417213
76468,9665.232274698488
76469,4807.278159620971
76470,26813.5090175404
76471,26982.06417436123
76472,12136.494483283794
76473,16674.902042669743
76474,21726.432063528355
76475,10891.36369260167
76476,10801.531182855955
76477,11096.893987789306
76478,19354.787792017047
76479,17166.127133680995
76480,22329.193844474776
76481,12340.858716400737
76482,11469.508536592552
76483,31422.219990977177
76484,18686.320890136063
76485,19263.670658455536
76486,15936.690316619204
76487,10485.405984634888
76488,18540.263407823935
76489,13880.354058374904
76490,27551.512309850586
76491,17914.281098808697
76492,21124.220788855775
76493,16637.84702065521
76494,20383.84078291388
76495,22609.370518267577
76496,12621.693307242644
76497,52325.15858652753
76498,36771.899051658125
76499,15828.270151399794
76500,15394.33466664927
76501,21325.628859085693
76502,33225.64780628545
76503,16693.19957967957
76504,20409.453356087422
76505,13289.44660564202
76506,24634.350552717577
76507,16595.882446553296
76508,22324.401591797763
76509,35452.10074806855
76510,11786.892666116106
76511,21140.658920428596
76512,18652.06750643222
76513,18850.47701547557
76514,20999.42360177586
76515,17957.445120979537
76516,20867.299993072178
76517,14096.746604080705
76518,26717.992089191193
76519,35001.029835491645
76520,17173.066654755676
76521,26845.037642193995
76522,51430.97335265184
76523,21703.853866128004
76524,49788.88338758868
76525,10817.67295397273
76526,25959.631800771695
76527,13124.19389456221
76528,18524.816618810764
76529,21449.953607068415
76530,11865.529319682071
76531,15373.225886151491
76532,16826.923504702598
76533,11788.716512767656
76534,31738.689863337473
76535,11780.482569674143
76536,31265.815461852893
76537,11445.465610077174
76538,21153.261422166543
76539,9910.516203219431
76540,39456.14685636887
76541,6885.8041158343285
76542,25028.063792477024
76543,27908.211231388057
76544,54664.304499966405
76545,17064.927835388356
76546,34102.67684409997
76547,49119.226119669554
76548,17810.018981359797
76549,5089.754733576404
76550,20035.726106733473
76551,48895.01102875048
76552,24698.274116739896
76553,18038.3622100837
76554,17757.964933700438
76555,28722.424920241487
76556,19559.01309480602
76557,19987.32339378137
76558,17777.425291691816
76559,20607.569789781446
76560,21769.2768813508
76561,20847.53347788748
76562,30762.952686056316
76563,12026.44599363928
76564,29438.01396777534
76565,32116.351992310916
76566,9104.27801048051
76567,31098.066086507937
76568,20967.3956358171
76569,28626.006073959008
76570,19196.734323798846
76571,20581.158926152264
76572,14252.420448057897
76573,13024.049021218269
76574,17618.407997226874
76575,28186.275124271266
76576,12544.057749002171
76577,26494.243725760945
76578,19424.118887696502
76579,20997.244468667515
76580,13123.07205276364
76581,31908.054338227998
76582,9690.86434892874
76583,11091.99149030758
76584,50120.119470941536
76585,21830.238425898744
76586,52290.03497263424
76587,30186.51153755227
76588,49776.27977623652
76589,12623.414877974403
76590,13502.49648092379
76591,14371.887025801918
76592,18335.57360725028
76593,16503.126754419092
76594,19537.22280960339
76595,15777.517207770774
76596,21999.281667928437
76597,34648.55971231926
76598,20696.24784296619
76599,19206.770063084103
76600,19337.61283505413
76601,28901.26239037008
76602,50400.08749719017
76603,16349.17741010838
76604,14084.91197368746
76605,18570.8750217521
76606,20059.882995193075
76607,40034.02593091747
76608,20391.8498552874
76609,26128.311626577193
76610,31314.304818752837
76611,25309.491342495057
76612,27244.862240307444
76613,30269.570570034197
76614,29112.139521615867
76615,13047.809686257599
76616,27764.19664656768
76617,23254.696847342046
76618,21147.251777490063
76619,22926.956479737328
76620,34254.90587429106
76621,25912.786665089454
76622,27601.769356312685
76623,16183.497056888782
76624,13930.389010379156
76625,26224.05158884537
76626,20945.427206787263
76627,19437.385849758284
76628,26187.037976024912
76629,27935.265646459527
76630,23794.051329642003
76631,22721.591566999206
76632,21966.84777944763
76633,25623.307135477473
76634,36412.253644238575
76635,17434.9370149999
76636,27569.182786418707
76637,15646.34979581268
76638,12340.53172067726
76639,22487.561186612842
76640,11488.596444224053
76641,20293.571394978968
76642,12217.703951816926
76643,15472.891484348329
76644,9425.498059145364
76645,18133.811628071144
76646,25243.912802748604
76647,10333.172847887554
76648,47620.93370876079
76649,12098.740972662747
76650,11494.495069000333
76651,19584.704424413776
76652,18767.417955887006
76653,100455.69299474344
76654,31104.89137985549
76655,43652.96583492746
76656,48103.412115613966
76657,17047.29628349281
76658,42355.724463333114
76659,51293.15596279825
76660,11055.139223131267
76661,19496.157789257973
76662,18837.39341287994
76663,47530.11276164905
76664,30544.88208029458
76665,26193.431471115637
76666,17458.222641955104
76667,37428.806889205574
76668,24444.27774938067
76669,26961.812598286597
76670,17140.5675845649
76671,16845.846596967276
76672,27732.938260172963
76673,17804.594613688634
76674,18976.71030470188
76675,27104.507736126074
76676,25597.094658753907
76677,49470.408083353606
76678,33165.38985402833
76679,31947.606268699583
76680,26344.43289843528
76681,12992.314345718285
76682,21514.872214883868
76683,32472.44708101154
76684,28993.63542498771
76685,12417.51725421224
76686,27812.032915262607
76687,51962.017472159845
76688,14780.564848196542
76689,19559.193164939923
76690,17656.81543261797
76691,10964.33007068013
76692,45376.75770075957
76693,17759.09548870184
76694,13020.075332201026
76695,15585.74174687323
76696,12199.30065376665
76697,20516.937464051396
76698,31938.75388330864
76699,18378.71702063892
76700,29912.089589257797
76701,10311.617049882992
76702,28613.62314095122
76703,21458.717260541533
76704,12734.083810063557
76705,21314.22161031781
76706,19211.875199521077
76707,24342.152327522712
76708,33150.54305565586
76709,9286.354766137305
76710,25322.641978747102
76711,20980.632117311317
76712,17710.016410151435
76713,22183.40516472946
76714,17017.960782667687
76715,24848.435524623634
76716,20697.542854751035
76717,28878.23430982382
76718,20322.8053928373
76719,16750.230169248087
76720,11857.607387321772
76721,14877.353634264922
76722,21344.60399999805
76723,10009.471203972129
76724,16822.048282612977
76725,24563.264987028513
76726,15968.027479972374
76727,31936.03971674472
76728,15480.808110409027
76729,33534.94222150403
76730,11417.132187297342
76731,37572.81281073315
76732,17753.960337119748
76733,12681.349240714448
76734,17728.77063646807
76735,20891.179059100272
76736,26781.45981772215
76737,16256.192019691822
76738,13903.103483480787
76739,19995.25239332555
76740,18756.765126193015
76741,36947.63920960346
76742,21085.73510527923
76743,33923.07917353631
76744,18774.93263947928
76745,14879.173507688889
76746,38900.005287880966
76747,18083.648220047402
76748,16128.637845255653
76749,30147.93961643658
76750,38862.57289469605
76751,12578.304519666617
76752,7756.925584931903
76753,33217.96261262921
76754,20555.18811275632
76755,9291.466948244388
76756,17071.900599965233
76757,16509.04853517335
76758,25137.387824875343
76759,24915.837828962616
76760,16591.138925907304
76761,15996.426922013647
76762,55567.954862009035
76763,22780.040474609807
76764,30189.355606131667
76765,13736.660750878917
76766,33166.39194322102
76767,21000.347944275665
76768,13650.773185681963
76769,38852.99381494883
76770,19544.63215823499
76771,30905.239099439903
76772,27197.84574019417
76773,17698.229873526194
76774,17105.691288949987
76775,27962.54133173948
76776,31551.67514061072
76777,14485.144888514827
76778,14373.049039222213
76779,26867.081744522326
76780,18967.117499644784
76781,12417.047307277979
76782,20917.560137752593
76783,18787.99542087502
76784,3518.892264869619
76785,40191.298583713055
76786,10120.88884548201
76787,19396.94184640465
76788,27513.430207542853
76789,36071.84244593667
76790,9610.485169554533
76791,18040.048867651167
76792,35947.05613740822
76793,32056.204211834956
76794,16675.329141655337
76795,17087.962552733068
76796,29785.01252292671
76797,14295.950646899884
76798,28418.858152693534
76799,16752.025890858335
76800,12627.126830917638
76801,20260.53089738982
76802,33177.43062815761
76803,26637.00507077722
76804,131331.7489546193
76805,12795.125036804353
76806,20497.09729171006
76807,18319.89241211703
76808,24685.08691924213
76809,10993.874832576219
76810,18303.117803284615
76811,20740.572788470214
76812,25864.619756617594
76813,27306.55182389174
76814,13986.719496446996
76815,14219.237513064521
76816,34423.71311941421
76817,23094.493271537893
76818,21593.73565210409
76819,26019.241217217037
76820,31436.635956594186
76821,19727.93676017396
76822,13242.318336222595
76823,10870.133329017022
76824,9867.257143276562
76825,28644.612694085077
76826,19627.437680360992
76827,11566.088917724508
76828,20665.599611149915
76829,17454.455411093993
76830,34209.807563205155
76831,18671.402555624507
76832,20936.954758973465
76833,33801.61385082417
76834,52587.25939989651
76835,37655.67365679785
76836,23215.65254317689
76837,20595.126727782124
76838,121647.88543064382
76839,18486.370736690875
76840,9342.977982257082
76841,19977.591320519834
76842,22751.729010713523
76843,8464.041332658393
76844,14167.552076489506
76845,12716.29212615534
76846,17759.631217762602
76847,10995.745329411386
76848,17779.724137740555
76849,35833.28983719755
76850,27121.868469227386
76851,34732.59817948926
76852,11531.073458805418
76853,31338.86917310355
76854,14486.96916804232
76855,27204.817721059073
76856,30285.749954418505
76857,32853.17384495423
76858,22664.525900476914
76859,14335.134154973994
76860,12184.29527833429
76861,21387.37132879592
76862,30965.158991029173
76863,11741.615360251593
76864,23739.873685499213
76865,12178.307634293487
76866,37219.53942664905
76867,26539.5855894562
76868,30486.24456167159
76869,17038.307377928533
76870,21910.602849779214
76871,16730.394151768258
76872,21008.99147506742
76873,15902.87246261191
76874,14969.160245297753
76875,12277.292361958493
76876,23610.155961942604
76877,13753.957947311406
76878,13519.934837123981
76879,20750.02880764749
76880,24052.634130149894
76881,15311.692076785816
76882,12261.519453770417
76883,17913.978064367904
76884,16379.993756803036
76885,10909.743574978493
76886,14776.548154485554
76887,36531.38720150921
76888,44044.208610357884
76889,17529.32967768989
76890,12752.516044620334
76891,28729.59661904821
76892,16397.82429896315
76893,17332.590610822685
76894,35528.49941316393
76895,31326.937318927794
76896,33636.02961487814
76897,27787.9485032135
76898,14669.314288866975
76899,19630.337374542207
76900,13443.582993907346
76901,22750.749449110954
76902,24234.249778453497
76903,33032.36830772121
76904,21051.322456059315
76905,44683.22044937552
76906,24728.19483092244
76907,20315.10983762749
76908,19679.986330638432
76909,27344.81289987163
76910,16440.55176628535
76911,18611.269847982257
76912,12486.208233267575
76913,44358.372325809636
76914,32008.52812910188
76915,15867.4123087066
76916,30605.55345944147
76917,15819.927133597643
76918,33983.0789608813
76919,38898.38140670407
76920,22316.383071847948
76921,9099.988708191764
76922,30480.84332803659
76923,23773.72407809252
76924,19824.74769886623
76925,23979.54302739944
76926,14549.231568932912
76927,48596.53689938606
76928,24233.61042761388
76929,41847.27234127672
76930,16140.171286978542
76931,34181.622840753975
76932,11705.665802884694
76933,5476.19412250661
76934,35370.094687451405
76935,15392.983633232956
76936,20900.81189720183
76937,20037.13860006121
76938,30139.1658010912
76939,14348.677635448888
76940,16332.329610936764
76941,10692.631849030591
76942,11433.028855128065
76943,19736.657019552094
76944,34021.92319585891
76945,11184.782401570505
76946,36320.684465003855
76947,14364.877524765494
76948,17280.7296138441
76949,10591.00380130799
76950,28743.544127591224
76951,28041.99547693669
76952,32209.772600430613
76953,20018.99153968912
76954,19582.03562997679
76955,14004.951769360096
76956,13159.305771676773
76957,36354.862970302376
76958,12918.949455951066
76959,17408.08308092605
76960,37381.55925021067
76961,29815.033809733362
76962,20349.276937781855
76963,16139.81563186802
76964,18001.98271895883
76965,39294.85263353597
76966,19903.03355693934
76967,26290.43615451292
76968,18253.800712294327
76969,33569.860372292766
76970,20671.99730126281
76971,19780.141450505114
76972,27598.462827253003
76973,11981.354082790192
76974,53373.28754934332
76975,23063.679078569727
76976,9819.880725681363
76977,13917.030346239204
76978,30246.834996281646
76979,18505.78439743241
76980,17583.289398597393
76981,11884.33260706349
76982,16988.43747200528
76983,34455.6992463129
76984,21891.662239011515
76985,23429.87204078047
76986,21570.603508463402
76987,11767.22622906573
76988,20344.858410383025
76989,57467.396499206916
76990,10757.296110706058
76991,50222.19930296641
76992,28664.176403406702
76993,25982.73455825335
76994,14241.431436347348
76995,13199.343932359176
76996,8144.9434760671065
76997,13142.083779660403
76998,10346.182981639033
76999,24254.06401794996
77000,29346.07145658106
77001,18261.605690397708
77002,12941.821461695394
77003,19772.70227325637
77004,19345.285696532985
77005,16007.48255682522
77006,15869.280224606755
77007,21937.031846172642
77008,26420.74692373258
77009,19104.367936594088
77010,20335.815016349083
77011,16809.980358884295
77012,35347.542185938866
77013,18496.50622248325
77014,23984.660332446332
77015,15352.19119877058
77016,43741.41309789738
77017,13084.960677017289
77018,13296.68154043026
77019,28339.248836546398
77020,19805.676720322557
77021,49602.19789742679
77022,14668.194639247427
77023,53435.68085244823
77024,12142.61423143061
77025,12952.342618987124
77026,17223.58054897167
77027,24158.133383354183
77028,53769.38284918401
77029,29226.783290285683
77030,16968.57334458498
77031,19911.85984004595
77032,7621.6141190303515
77033,7953.427122055987
77034,16837.431848243887
77035,11767.567968464326
77036,13502.163184427454
77037,31333.0050109866
77038,17870.29083048698
77039,22376.748007051603
77040,12440.70007332749
77041,26038.604058735436
77042,12353.412929496833
77043,11038.320496381626
77044,11905.829539620341
77045,31205.880682509123
77046,76669.85402783005
77047,19591.79206617743
77048,18189.003792090494
77049,23172.275305361374
77050,30554.178433811278
77051,32421.283395646842
77052,17539.584283638935
77053,26022.503411127767
77054,17992.4024628237
77055,21419.93370164971
77056,17406.47429319167
77057,23569.744749725956
77058,14871.694654403142
77059,35504.9022732852
77060,19388.634980482853
77061,38996.040150641216
77062,31277.934958986996
77063,27782.43596837422
77064,13360.902610507761
77065,23297.715606665737
77066,8982.729123865438
77067,12216.266392501937
77068,22798.255970057788
77069,19152.059626209026
77070,18592.749834372127
77071,28103.26928664834
77072,19772.94794996262
77073,27254.36535867892
77074,12019.272900262415
77075,18392.28075260946
77076,13189.540606276321
77077,18544.14443800753
77078,9601.664411863565
77079,14898.23525369103
77080,21430.550895383763
77081,28313.029139125403
77082,35083.700482598055
77083,20633.935014589886
77084,10873.969876421068
77085,29199.79450901737
77086,33066.735570590536
77087,15445.74189511514
77088,37018.26493903299
77089,18085.422270507937
77090,18420.186454694685
77091,14279.714134377737
77092,20852.503144629438
77093,10716.015673745569
77094,13500.720901505389
77095,46377.24453820643
77096,15667.471640723828
77097,27205.19738209819
77098,15853.221819082735
77099,30491.470568780278
77100,24533.424041336257
77101,15892.437977499807
77102,22605.94540457734
77103,12733.252542073093
77104,20978.59960958773
77105,21375.663937608926
77106,21312.8212074804
77107,30050.365874541632
77108,12593.723540415549
77109,13317.686024703704
77110,12158.636567664831
77111,21724.150675933284
77112,25708.86461345383
77113,51076.10366772113
77114,15284.984059292457
77115,8479.252470271795
77116,9825.04305552273
77117,46272.285901224604
77118,29869.87755425465
77119,12076.295121693776
77120,50193.194880023926
77121,16123.237732611939
77122,31689.631908393007
77123,25970.7958246693
77124,22370.808790121766
77125,20232.685913008358
77126,9964.594151851445
77127,23306.73544328714
77128,23851.52716557952
77129,11819.827210269488
77130,28031.42590439095
77131,49635.917044020156
77132,30529.953453087124
77133,12260.398459915803
77134,18462.23115284792
77135,21842.422078170606
77136,30914.33672298678
77137,30656.340942997296
77138,74921.19493278823
77139,28579.118699987423
77140,14178.184416837521
77141,17964.21539470077
77142,23940.85276417725
77143,29999.408103392663
77144,29192.02986928979
77145,15870.808335259104
77146,30836.43002083883
77147,18490.353961229186
77148,5190.180167983312
77149,24487.126147738814
77150,10534.112429740395
77151,24129.492006119104
77152,8845.254573170167
77153,50711.02585603717
77154,29132.64815347589
77155,23421.217534484145
77156,10806.77786710506
77157,12673.856372442673
77158,25034.94112485621
77159,45542.40421209297
77160,13680.56525688922
77161,15509.897386391536
77162,17106.343499329567
77163,18133.900563618132
77164,8939.241824542676
77165,21650.611842588987
77166,30269.000327152837
77167,16452.335328170993
77168,49926.53075219103
77169,30712.116222308807
77170,24747.514273772482
77171,18179.187060078275
77172,18959.46022619955
77173,45401.22650981404
77174,11031.964597080512
77175,43535.8107973399
77176,16973.422923037393
77177,32495.3196561829
77178,17956.71968869768
77179,18230.630042004534
77180,29153.21498867999
77181,17775.124020772208
77182,18583.982190780436
77183,20763.99997497219
77184,19985.603085317944
77185,22404.369578641817
77186,26329.226252969547
77187,16419.754482717082
77188,15884.470194561567
77189,23815.515708533974
77190,25485.28457640399
77191,21625.22772939962
77192,10597.650138578609
77193,56857.770950130274
77194,16544.17507962347
77195,80302.33328421228
77196,2514.9701143987318
77197,8448.989252553656
77198,10248.138777850745
77199,26880.348814098983
77200,20684.64930464148
77201,10481.48222867096
77202,8488.24718262526
77203,18722.286118767843
77204,16036.679463411974
77205,20240.272916158185
77206,13747.281786377986
77207,31983.037575112
77208,11372.321534395589
77209,3185.0257110178186
77210,22578.64168103723
77211,23948.566993813274
77212,30046.26529219557
77213,19284.423720327326
77214,22188.738400765484
77215,9858.432900378886
77216,27307.46082697935
77217,20909.148021406996
77218,15692.054105038249
77219,11570.385657694904
77220,11658.583234477666
77221,27908.609970454017
77222,10231.791668797565
77223,50159.78832965742
77224,11571.730768299243
77225,18177.18182727662
77226,19206.65274257964
77227,21850.521493327036
77228,16306.538047160508
77229,17385.205724111373
77230,40560.13952106875
77231,43524.89434157036
77232,29158.28109143237
77233,54371.384598805445
77234,50173.893723328976
77235,24098.923716749294
77236,27495.780748636676
77237,36210.761188248405
77238,11319.016235629166
77239,9090.184909248204
77240,25270.78605401894
77241,13644.964180485094
77242,32408.372695096365
77243,45683.02570594876
77244,52133.949538004454
77245,24741.540332221317
77246,34562.81875035307
77247,10513.551245183146
77248,18210.63386174892
77249,16710.66445050387
77250,16963.288019446263
77251,39764.35105384179
77252,47523.7314605349
77253,11093.242446424394
77254,19909.47755507226
77255,10128.891782444129
77256,28225.503866017225
77257,18983.99245505011
77258,34076.379189911466
77259,13323.187234685598
77260,49644.040425618776
77261,54508.79272413541
77262,44367.770963352836
77263,8082.436261441794
77264,21143.129741232955
77265,25429.942347652337
77266,13158.251170893369
77267,24725.155091445653
77268,17395.949641172498
77269,26317.79223523957
77270,18230.628453451405
77271,20256.730735486497
77272,19820.10952873238
77273,21144.978268424507
77274,35472.14698177526
77275,21803.737741082125
77276,17145.60755104645
77277,21903.05167939558
77278,35421.20652602494
77279,32229.908411236294
77280,31292.133795729227
77281,10027.042406820623
77282,19806.031961778008
77283,31236.567643996237
77284,42466.45432747038
77285,32677.62794031966
77286,25011.056519864625
77287,7803.263834525072
77288,25821.804965783642
77289,19498.024403773885
77290,35410.03910989606
77291,29477.638122639848
77292,10021.804962376169
77293,43478.88726931442
77294,14330.392703999149
77295,28408.855051638555
77296,13515.698745531168
77297,20488.049162925658
77298,23069.15517691076
77299,17773.73269414033
77300,55520.47955368915
77301,22424.890440701638
77302,14308.219385282278
77303,10940.058916264736
77304,24376.279450672104
77305,12316.772576146379
77306,14678.565756928025
77307,31231.93249365733
77308,15594.063209240861
77309,13073.061705038763
77310,23824.532589315317
77311,13427.252683487146
77312,15737.730302448585
77313,16557.06074773192
77314,18805.716788624548
77315,11585.675619935753
77316,20254.758275308195
77317,28023.28401362927
77318,26359.39304071491
77319,33424.3993328836
77320,16770.197591692016
77321,17260.108431995224
77322,16118.542457535368
77323,23993.35378991596
77324,15375.992838558783
77325,11853.254495425728
77326,23581.96573885825
77327,33171.20433933227
77328,27492.238697233697
77329,26760.829774273756
77330,51766.56905004003
77331,26981.19196339938
77332,15499.819426790747
77333,8007.397483483107
77334,35013.10696116577
77335,21950.744834215173
77336,12542.132823924985
77337,23983.856093896542
77338,30304.507630830278
77339,13769.034345864515
77340,25076.29347130762
77341,13932.932315175387
77342,31820.991767375843
77343,23747.819794800544
77344,30399.902766829196
77345,14789.431047001366
77346,29633.353142716325
77347,16493.440695131612
77348,26734.40015071482
77349,18930.35529701152
77350,10765.018435483958
77351,11802.815023522482
77352,30545.689221749926
77353,11125.638217286894
77354,31365.877317009505
77355,23231.7983075348
77356,33310.646540877235
77357,18211.54747661896
77358,20522.892513462113
77359,16185.525766908297
77360,25743.332203727667
77361,27804.875448872186
77362,21018.78701087612
77363,29421.379189283452
77364,20142.764820109347
77365,23167.193227551557
77366,33018.5939533736
77367,14891.712613601785
77368,23637.742925940776
77369,34512.93076475253
77370,25142.889708842846
77371,28022.34371554602
77372,30118.353447531932
77373,18955.875357330682
77374,25503.64327026855
77375,11987.70970048104
77376,12654.325587708356
77377,10560.3531509585
77378,20978.626019235115
77379,8989.078883671564
77380,22368.347440701255
77381,16918.639664165414
77382,16986.02994386831
77383,11834.364559230109
77384,37073.4049289455
77385,33824.46124650434
77386,51394.963139685686
77387,14887.554900227431
77388,43045.44806385786
77389,76362.20686588205
77390,24327.849977158447
77391,10869.694965577324
77392,6221.110842462382
77393,49850.631244780874
77394,34201.28524106916
77395,11933.61194177851
77396,17231.716658300138
77397,33910.94428243649
77398,49016.99805922187
77399,17155.95637116304
77400,10926.20138439079
77401,36841.04374926385
77402,22182.625070733433
77403,21805.076962739047
77404,9365.829163148866
77405,51203.620643035494
77406,15535.519752199914
77407,20968.302632811094
77408,14073.219500058129
77409,8528.972920819933
77410,12334.29787678331
77411,23960.45539640454
77412,31086.0034182088
77413,19496.67490491946
77414,60487.07229079963
77415,16600.74287139488
77416,25929.46508089937
77417,16269.57755545589
77418,26027.833679887855
77419,21717.467860637338
77420,14430.931375622953
77421,14223.78557578243
77422,33362.112343404595
77423,22413.701044417812
77424,15374.235014675924
77425,11645.500241698423
77426,11711.616589373969
77427,13365.838664097118
77428,23072.186385878693
77429,24111.481752342217
77430,27255.51270351193
77431,10862.343475378435
77432,27441.14152024134
77433,21500.6331377909
77434,19988.27090079294
77435,14811.339841877634
77436,20303.545716221674
77437,27831.4920223017
77438,21741.81127332733
77439,15057.876075569993
77440,14510.762855062872
77441,13604.45389459754
77442,11162.230447377662
77443,38446.680749991545
77444,16564.759814100795
77445,17681.718678928366
77446,15915.395863240234
77447,9591.691643658387
77448,36747.03404514169
77449,20924.26107012899
77450,21789.59984051051
77451,16641.904073665482
77452,27403.792323345653
77453,24644.21815894784
77454,15456.890154022738
77455,24686.306152659326
77456,29463.366125488054
77457,17448.01892194322
77458,20856.82736620582
77459,23242.771158000487
77460,30786.83743374452
77461,11857.47562233544
77462,11193.338656091255
77463,35935.36887546368
77464,30687.201978883644
77465,20058.812464218452
77466,18006.79556177731
77467,27711.020484871686
77468,19509.612575579366
77469,11820.3872291141
77470,17673.994484655188
77471,32543.21880445052
77472,34215.50850989318
77473,19734.14528525699
77474,20893.126514685617
77475,28662.03017156775
77476,13934.034423870246
77477,49713.72965051583
77478,17184.647771265383
77479,8912.975161117758
77480,12123.843744165863
77481,17172.5909338708
77482,26447.970239843093
77483,19496.718917620427
77484,9915.3030459019
77485,18264.361530602848
77486,33392.74953186361
77487,20112.871718333015
77488,12814.160928776486
77489,29276.45338447654
77490,20315.512810004144
77491,46498.71264331294
77492,20415.87962659857
77493,31123.99051308897
77494,41664.09417243717
77495,16622.978694058966
77496,15885.058237206129
77497,13060.269359772354
77498,26214.40676808226
77499,13040.314218640075
77500,26212.81703902489
77501,16119.36381237808
77502,20709.348680393072
77503,20944.794073979243
77504,15870.767355775337
77505,17656.51372340679
77506,26451.628320392076
77507,41303.4983281719
77508,35019.25588995824
77509,25794.736511147847
77510,9612.962475986133
77511,10930.494956059687
77512,22129.393256973533
77513,23130.64354007877
77514,17885.87179475124
77515,31377.85344220691
77516,9033.046056552694
77517,21247.709697238173
77518,17891.24596897112
77519,20280.772792339067
77520,19358.633722033246
77521,16234.93311800037
77522,26600.862872881382
77523,21487.2763874378
77524,29137.161159300762
77525,21848.206898707875
77526,20770.494081915775
77527,11227.402359549182
77528,19734.474290625512
77529,15766.204850225819
77530,34362.846405373864
77531,11149.475654300344
77532,14978.958441896859
77533,22370.695268210948
77534,10619.019903620903
77535,23479.47010837042
77536,14136.184474451033
77537,10880.52367551537
77538,25837.201615740174
77539,10698.353849065392
77540,15504.578496563763
77541,13921.080683995175
77542,11157.599367169685
77543,20110.26110667404
77544,32828.14753465652
77545,46474.168237805105
77546,34086.04903497848
77547,13130.104610348964
77548,31181.71775191368
77549,32102.606913395757
77550,12794.008618896121
77551,26357.57183004475
77552,27272.57052017389
77553,22656.277204122147
77554,34735.11271051693
77555,18179.851964143265
77556,30835.62416537557
77557,27428.687687005222
77558,35888.19246164932
77559,10346.017204650883
77560,16494.810865817548
77561,16812.0638311635
77562,32411.021960115522
77563,116111.21973137147
77564,17279.73445087217
77565,20022.56304247234
77566,21775.584194569423
77567,61991.58352051764
77568,17577.82734959729
77569,25541.216743375364
77570,57297.26175387772
77571,22853.24707583825
77572,6445.005011209097
77573,21592.791488252133
77574,37372.34620790271
77575,17335.578720231388
77576,12873.984333789764
77577,17198.1151215294
77578,7038.428044118426
77579,23761.548170777776
77580,31306.888556546735
77581,31571.386999679482
77582,23411.078941681473
77583,13766.98377656087
77584,28370.60476301118
77585,22792.944737523343
77586,26567.738813874257
77587,16259.428944010022
77588,36762.00626039949
77589,16174.966735875983
77590,30384.379037338414
77591,20790.747725288886
77592,11079.81770850797
77593,13219.63760988997
77594,13551.608500949362
77595,54597.350453645355
77596,21973.20751682077
77597,15894.639256583732
77598,17656.219728340315
77599,21398.51607020819
77600,14115.532171551913
77601,22411.684205806934
77602,16423.022459272514
77603,16280.852444123748
77604,22726.949213096254
77605,45592.89276363282
77606,30128.35213874264
77607,31454.14310438123
77608,58510.22517043773
77609,29985.250848934713
77610,15803.144181808662
77611,16488.160692307236
77612,12565.224283755162
77613,20934.815704075318
77614,21491.489928433773
77615,13138.681775550393
77616,16819.591039300307
77617,30225.715855661903
77618,28335.269290072432
77619,32039.06084129426
77620,11232.019495960845
77621,35553.529766515465
77622,36821.56535071599
77623,14098.53946476127
77624,18646.72705818855
77625,17525.141202103256
77626,14324.3072918852
77627,25051.389233591784
77628,31044.70908355056
77629,18300.673097285373
77630,18194.10417988705
77631,20585.372747261892
77632,33892.37242083576
77633,12632.498619502167
77634,59326.68500865302
77635,17341.602145700657
77636,7297.3271562599775
77637,19905.506948504997
77638,18026.071902034615
77639,39857.10861334379
77640,27683.13174626292
77641,15827.903711913415
77642,16640.32771847555
77643,28692.907030351776
77644,13564.698487124822
77645,28678.763146001005
77646,59021.46456207334
77647,26702.377348288763
77648,14653.22562345227
77649,29464.705268621165
77650,35587.342329993255
77651,39015.81908065936
77652,19190.35979141235
77653,18092.70001473339
77654,14226.408050782029
77655,17443.23369460359
77656,13487.90326464386
77657,49853.26740831501
77658,22025.86601427707
77659,31015.2474418797
77660,23811.016021732918
77661,26008.942199185007
77662,12789.716347337322
77663,25210.241497088722
77664,38663.91001964885
77665,15275.189185211078
77666,18567.008094421366
77667,7066.130429531874
77668,20538.710422706292
77669,17789.228205237978
77670,2437.9394949606235
77671,8236.126185162731
77672,51631.50851544632
77673,50794.91689717855
77674,17720.82870281132
77675,7961.926452530436
77676,16442.96114173328
77677,14892.875719899112
77678,32225.13952946069
77679,26608.455283323176
77680,21199.569858932242
77681,13002.49180556235
77682,119273.86694124919
77683,25949.737103902116
77684,12487.505807443844
77685,22057.57760730971
77686,30915.305392883023
77687,11961.136542287519
77688,17328.3735199336
77689,23375.944201996073
77690,11731.552258486612
77691,17308.868905476647
77692,17561.68903499154
77693,20831.456950464035
77694,25271.6059684439
77695,37054.42296397935
77696,34859.70707591411
77697,12082.189349372864
77698,23703.464536032727
77699,10019.477848654938
77700,12504.221530155766
77701,15670.665361594773
77702,52151.0800281503
77703,20862.12538836816
77704,25630.358769529077
77705,17449.110073063726
77706,29651.41249327162
77707,25516.127178127757
77708,25849.211497793432
77709,11035.887856938005
77710,26752.943650294117
77711,20406.106349051137
77712,17376.500019712043
77713,13550.854750568276
77714,22330.770336236226
77715,24086.096832293413
77716,34124.45787924019
77717,4127.886523638972
77718,18370.255066006317
77719,22237.401124341824
77720,34062.59755645006
77721,13066.132019200259
77722,21059.629870350916
77723,38084.283965094255
77724,11217.70123045602
77725,10322.402379291287
77726,16245.13085173026
77727,20791.52677571137
77728,19354.3747690859
77729,26475.67952958673
77730,55240.519503356576
77731,11018.69216307397
77732,17399.274577379765
77733,20715.509015569118
77734,19852.9543507789
77735,27115.464050501047
77736,30548.149172144684
77737,13895.766743851947
77738,21387.04818106682
77739,9597.458550665593
77740,26119.233477673908
77741,15810.964112413258
77742,37400.33299932932
77743,18882.170752580107
77744,12062.717152731713
77745,30646.528185199917
77746,21585.654143594707
77747,23886.28619420155
77748,33607.5857193128
77749,27777.917945064466
77750,31231.43447347193
77751,13270.504363041297
77752,18366.224158174125
77753,12462.095213473245
77754,23372.961167627713
77755,20456.728302836913
77756,13097.851696800095
77757,30140.111441753426
77758,8589.358889468596
77759,23236.218564501323
77760,17022.50748356019
77761,16432.444853124984
77762,17506.235976842454
77763,24215.589153352572
77764,18899.94778844372
77765,18864.50946505773
77766,56127.6882783653
77767,17163.159231855563
77768,34140.75148629582
77769,14065.587669291126
77770,17247.053413553247
77771,20700.98739373581
77772,23275.011942636807
77773,15836.061078697807
77774,31312.62315412846
77775,21331.19893538406
77776,27196.117201083856
77777,22884.36952406486
77778,39209.80814177841
77779,11532.41751242657
77780,24424.527925146147
77781,13422.864789834211
77782,10956.556828144805
77783,15575.407443944552
77784,19490.399222882843
77785,32069.19405235718
77786,20978.585850930012
77787,20294.483850710483
77788,22902.37614430577
77789,13733.752131785635
77790,20848.68582672467
77791,19973.114626888335
77792,34411.656790199195
77793,4876.502042091306
77794,11839.395034474102
77795,12449.639150882293
77796,25366.97421823784
77797,19823.030991706895
77798,34332.82025054282
77799,16319.311596562271
77800,25490.60331040015
77801,16879.23777682269
77802,16031.80794217674
77803,19881.402514000863
77804,16828.68523776133
77805,18794.957532718774
77806,13469.149030359042
77807,10502.59536629265
77808,36171.804638018424
77809,12633.606062382567
77810,14961.696503030189
77811,14587.627390088985
77812,30740.827888929147
77813,9016.924096972833
77814,22627.924033934665
77815,45901.07728444458
77816,14531.691497105148
77817,21436.268195054246
77818,43210.44552846928
77819,33164.21225822519
77820,55048.26616569189
77821,12198.966395420872
77822,19715.397430234814
77823,20443.67394842031
77824,23523.735586623465
77825,47650.670957829265
77826,23906.975187616972
77827,27761.001627468147
77828,16860.124329103914
77829,31384.70159482668
77830,14085.83066166445
77831,44075.94542109734
77832,21579.405281737407
77833,11805.142716203498
77834,44116.68038976534
77835,22845.565427098692
77836,8165.803915534484
77837,18926.441099855754
77838,11731.655923600945
77839,36150.564496667226
77840,15618.648094756929
77841,16573.623654967814
77842,15369.667205708764
77843,9076.30847902837
77844,22525.72679369073
77845,7425.78105221326
77846,17264.689428675003
77847,10260.522775451998
77848,17173.34139396765
77849,16571.418588072363
77850,10337.548822214152
77851,26437.398132568043
77852,18964.41046543445
77853,24447.184628408308
77854,18164.011953595123
77855,20429.85707510022
77856,19902.034442620556
77857,25725.979765532844
77858,22862.782886397985
77859,11973.325904778723
77860,15240.533716825803
77861,10802.789653820888
77862,17373.05217416662
77863,48354.57740127982
77864,27913.50881868135
77865,42184.63894551411
77866,15785.923092340356
77867,12032.916355634869
77868,22415.671858076395
77869,12728.228485976762
77870,11376.50849850705
77871,17294.44739989677
77872,19613.928305341837
77873,14255.46406985268
77874,19335.43925842391
77875,17054.677648699857
77876,20063.776410713792
77877,22954.73515426262
77878,30863.354161555693
77879,12623.006567400862
77880,32673.219220912808
77881,9408.653713923055
77882,28425.872173627227
77883,13262.720761910461
77884,32302.15808432502
77885,58812.43335178356
77886,11508.0847463504
77887,34097.066312140756
77888,32262.300746106765
77889,31735.063934126814
77890,21138.529106771603
77891,8415.050875223289
77892,11541.194512384147
77893,7652.7799970767655
77894,48546.74253958903
77895,22722.656581631996
77896,30039.261730819846
77897,10274.600118501154
77898,29805.763370493027
77899,37499.00909987813
77900,21306.04777571766
77901,13345.305995260494
77902,14851.570104764398
77903,23817.592170283184
77904,22841.154419235834
77905,43274.4622982532
77906,25222.962449660914
77907,34766.888250988006
77908,10866.113748216727
77909,25125.732927850295
77910,17187.87040292497
77911,30886.881333390906
77912,24439.80703492134
77913,51862.073718842505
77914,28031.52204375136
77915,27793.594147667845
77916,13095.733976387279
77917,21664.424581314517
77918,30483.87927520957
77919,29977.58220525908
77920,13101.526226685433
77921,15889.039051127183
77922,24712.09575511822
77923,17417.551858647697
77924,22425.983607556744
77925,72992.39211035907
77926,16213.20516296635
77927,49122.413834778876
77928,10310.55726296465
77929,29412.219656467096
77930,15953.221162134601
77931,20865.076805998942
77932,14084.873256619037
77933,11968.98633898483
77934,51922.31661253131
77935,17298.140635746215
77936,29010.427680632576
77937,19754.86889356743
77938,17396.70136435314
77939,36306.93615934441
77940,11275.737545807404
77941,25613.8637433747
77942,26345.280393567755
77943,20114.77403863216
77944,9004.338884652232
77945,10699.651553198322
77946,56426.52609630044
77947,31930.61381768194
77948,11108.067632133962
77949,31093.489437143417
77950,37901.9137385737
77951,18225.937889630233
77952,13856.28041556925
77953,22347.81502873323
77954,29103.00362999689
77955,28362.650867592387
77956,16905.000142428922
77957,11677.537761824164
77958,15044.29740909184
77959,50718.22418362493
77960,16283.252959864296
77961,20813.214515946456
77962,13755.408833568177
77963,16305.685176238867
77964,21822.766258973497
77965,14693.249469734063
77966,12571.632090028577
77967,22680.42260409236
77968,19294.221129173373
77969,8360.910601600377
77970,21117.431408320845
77971,24638.74327529506
77972,11792.614852758657
77973,39860.059871529025
77974,29874.879933930897
77975,16945.49419699417
77976,10938.043928685485
77977,43164.123976850904
77978,27528.78031604978
77979,14763.957421992178
77980,21597.922543612352
77981,10594.509894956167
77982,32288.98317633145
77983,17699.144863414822
77984,19036.12086935599
77985,25090.011464858748
77986,57518.61937356361
77987,10780.195836606512
77988,26508.90857127406
77989,16340.932954539532
77990,11703.908441231308
77991,31721.4204730161
77992,17542.60848164852
77993,29819.94376217399
77994,34405.72156363493
77995,16074.50953592041
77996,34133.325441394634
77997,19330.953274786283
77998,23510.749617043715
77999,22803.234744450052
78000,18963.951505085177
78001,33794.2868129367
78002,12539.546268667744
78003,15272.088795965572
78004,31013.436679012826
78005,20397.050332415412
78006,21583.014141522443
78007,37785.95696827289
78008,34886.83129551362
78009,14520.670133201436
78010,17235.526428136698
78011,39317.098841748084
78012,23386.822851819805
78013,31614.34969764092
78014,31236.14276522075
78015,20736.03389797829
78016,55456.5042601538
78017,24961.54590034381
78018,11479.16113310629
78019,15901.98741012678
78020,10571.523443950247
78021,15834.413837756814
78022,16389.210878151913
78023,15432.97154135287
78024,21810.566571932668
78025,20790.40800398886
78026,29457.8798288753
78027,32843.53071400663
78028,29413.048721570023
78029,50978.58265580487
78030,16244.789719905759
78031,20589.93016459032
78032,12152.165602091925
78033,15043.533442638203
78034,11159.648118746392
78035,29267.973605260482
78036,22731.300849188287
78037,37930.641252152716
78038,12521.848579675434
78039,14940.815192800308
78040,15413.047525256365
78041,22032.89258856305
78042,19596.037725976268
78043,31615.795972317486
78044,25148.213779739886
78045,15701.392163984916
78046,22978.354033169024
78047,27791.588378448123
78048,21720.920738416997
78049,8540.024486403516
78050,21502.62171077805
78051,32912.05344818305
78052,25475.35620893655
78053,37233.65558457643
78054,12695.292394994454
78055,23058.186541167488
78056,31489.94900347188
78057,15193.246025196713
78058,51165.61429365371
78059,8990.54374198017
78060,13072.350187961905
78061,39088.93210248077
78062,15823.39468701686
78063,52555.28906413561
78064,62272.81426560271
78065,20291.665014560076
78066,50490.97342961089
78067,29459.799285875135
78068,20243.548194121857
78069,16468.546010586346
78070,25740.024830886858
78071,28342.304018334227
78072,24647.839000351185
78073,15051.268132258807
78074,31069.15268465501
78075,34848.14316812277
78076,19877.245778010983
78077,25628.585385314687
78078,29724.118695263584
78079,26944.673873868833
78080,26787.8703318879
78081,20331.419582971837
78082,50893.1020719275
78083,28812.399311303052
78084,18445.587789829882
78085,22791.9120524697
78086,18793.09065307813
78087,73854.62179586368
78088,20197.10042974531
78089,48486.485614239245
78090,67598.15439976851
78091,10626.534732353115
78092,27765.746212866798
78093,12573.005618485991
78094,23662.382246038167
78095,23034.053230560337
78096,30651.24175106083
78097,16484.34786408663
78098,14106.455527771204
78099,8667.73556047357
78100,6378.516327206336
78101,14401.31031754986
78102,31171.124270660654
78103,15129.62578083874
78104,18198.58891997214
78105,21319.203390270955
78106,10729.188906333675
78107,21543.97742441519
78108,13294.923699781546
78109,28407.865340651595
78110,9298.42179738735
78111,20986.941393274017
78112,30577.23716860113
78113,19818.86557398764
78114,15645.058898702995
78115,49565.834697496575
78116,17772.682027042796
78117,18094.94219948192
78118,18274.105013492983
78119,18118.41985749768
78120,11463.834850975485
78121,51042.69856018485
78122,23618.731013818902
78123,3300.263871049746
78124,19876.14596364838
78125,20783.385187141605
78126,15840.633732371423
78127,13853.0099655109
78128,19080.531720024854
78129,31786.30328642589
78130,21533.00487338348
78131,16166.406443396269
78132,11897.118523696186
78133,24528.190771602134
78134,18253.998822359175
78135,13619.032820032047
78136,23702.69198340463
78137,11059.01744312761
78138,30842.05573972022
78139,9116.54714514889
78140,16506.151043308564
78141,19623.180937974303
78142,25140.410514870895
78143,31323.750697681426
78144,20828.487736490126
78145,15156.036615005578
78146,23004.965665579162
78147,7855.340808328412
78148,19152.669640688608
78149,35268.85742275109
78150,12259.845276945174
78151,21541.35972592241
78152,22468.30182089169
78153,25515.60273986221
78154,14141.95601343097
78155,21037.2354119249
78156,22002.84346702957
78157,15522.451380861681
78158,21505.220174517766
78159,26557.951870809567
78160,68890.78074155164
78161,27701.809504303583
78162,11924.94216661805
78163,9748.99062915507
78164,10635.61199480455
78165,11204.433463324469
78166,30062.65800301758
78167,20170.200310197528
78168,18727.259015138632
78169,19929.913587075764
78170,31633.178596172016
78171,31149.541317068968
78172,25577.67054990357
78173,19891.20592458643
78174,11159.493016690658
78175,36556.59565030002
78176,20432.235409015935
78177,20223.454278660767
78178,49289.56585511866
78179,31521.77083321781
78180,12636.660474965613
78181,11677.294078742507
78182,31649.99724556651
78183,16823.26511816702
78184,19658.118752287504
78185,15918.108347194266
78186,10721.141648222843
78187,28874.545364427166
78188,52907.40886180292
78189,26030.481214292162
78190,23040.29987915185
78191,27210.50019067991
78192,19824.260327142492
78193,33345.31294678266
78194,10824.03303507607
78195,12123.54105797832
78196,48960.07741102915
78197,11252.481564398846
78198,34564.103730785195
78199,9277.157082597663
78200,29423.175822437814
78201,14447.122530195315
78202,32251.85410171863
78203,13214.05701619668
78204,8464.99081574312
78205,14535.365822523103
78206,26653.880735517025
78207,18264.851428197446
78208,18378.81782992874
78209,19628.076346058115
78210,67374.35132346711
78211,35173.25954155052
78212,19128.33851459816
78213,16105.194190045077
78214,23396.306872906018
78215,20428.36453385425
78216,19154.798233461566
78217,19227.799003484615
78218,25469.264111686614
78219,13969.153985238843
78220,22187.339340001698
78221,20649.0659867409
78222,20479.954622652323
78223,21424.672211511162
78224,16870.65173544221
78225,20836.838488046087
78226,20005.20895854801
78227,42630.546045692165
78228,21564.018475214936
78229,13778.103119071222
78230,20942.759606054922
78231,9360.041675443794
78232,43987.18752521485
78233,11824.97962762793
78234,50027.522451362755
78235,29067.7871441904
78236,30391.438899250792
78237,17097.223714886935
78238,11377.817276261845
78239,16291.850240633921
78240,17984.351078547323
78241,14427.892009423209
78242,20466.274923460467
78243,14258.779490594181
78244,18504.808972033294
78245,38159.092449510856
78246,10529.144834701305
78247,36069.842069192026
78248,13967.386325489902
78249,30847.401813069657
78250,16441.82627091818
78251,21993.05800041672
78252,21623.61009496228
78253,20242.03729990617
78254,15050.231382176013
78255,18897.220918899784
78256,49883.769991696776
78257,31523.24566907657
78258,27399.859337331327
78259,26010.409340139187
78260,20309.802564183283
78261,30667.73937166963
78262,49649.303380041005
78263,11606.468870260636
78264,9510.78572522412
78265,14921.375025683663
78266,17346.668920708595
78267,21082.66558905326
78268,43169.171245210375
78269,53539.82793541254
78270,11628.96153867335
78271,33783.86252104434
78272,15134.444740226969
78273,29625.17297732871
78274,20373.33081335728
78275,31283.14424289334
78276,8154.639509643027
78277,28278.2072566931
78278,26947.375733943612
78279,32181.002890951888
78280,16811.204895161973
78281,9499.485572390382
78282,14560.245458088886
78283,30926.589369829566
78284,11797.153804541613
78285,20376.63070726039
78286,14228.975768518145
78287,24713.580370247084
78288,18832.086237758533
78289,31000.982309673807
78290,18941.567515858453
78291,22446.48048128659
78292,9318.225672763332
78293,31767.001887603703
78294,35521.05974926311
78295,9045.689160419732
78296,9780.991357018092
78297,12757.943115241043
78298,17179.454631980094
78299,18139.675750348055
78300,22029.56682740278
78301,12149.225175011552
78302,21142.45714687509
78303,13099.058288517761
78304,21898.441889579757
78305,49852.69998558778
78306,32594.475871847535
78307,32497.72370365384
78308,22238.903595599
78309,19098.23534801291
78310,20322.264483021456
78311,30291.007701068378
78312,45693.7998085666
78313,22900.118696068494
78314,16122.204656128457
78315,13185.08229394758
78316,23185.181477968814
78317,30962.109857465555
78318,61985.70357608515
78319,10571.179688314034
78320,20069.688658722192
78321,17634.442437524296
78322,33284.11621398441
78323,14629.399366881311
78324,21817.493515787068
78325,14402.30618529231
78326,10624.884234349141
78327,16089.287523148547
78328,31705.955095281686
78329,11131.90979521769
78330,34641.06085691719
78331,27545.265275197104
78332,24975.01082917924
78333,17630.688947332193
78334,37207.44914722339
78335,14785.320014604722
78336,11977.397360039884
78337,32273.703174467497
78338,22045.420324790797
78339,21066.09443153639
78340,15227.13071126537
78341,15889.699412674034
78342,20661.710475201966
78343,19290.30938885164
78344,28726.900981819992
78345,13178.303290438005
78346,14949.273406584474
78347,26081.873084123443
78348,14873.626464095034
78349,8307.923293275942
78350,27820.714742456472
78351,12072.310209826788
78352,13090.529383980349
78353,30044.289862739304
78354,31218.08619055963
78355,13342.649879121036
78356,29299.056081435356
78357,18881.161364416766
78358,26008.942199185007
78359,21071.86324768941
78360,21928.720985900774
78361,13582.064944091733
78362,18295.76649632558
78363,7798.971386675442
78364,12376.568273327679
78365,31563.496832495795
78366,27469.64801830515
78367,23466.925331630035
78368,27273.933374727298
78369,42891.75445845172
78370,20257.847293498922
78371,19593.020926291116
78372,29665.100841013846
78373,20006.82798284777
78374,25770.338432353998
78375,25225.05768535123
78376,21867.9343154804
78377,22524.309666294226
78378,47057.89439381353
78379,8734.456840922578
78380,13100.269100220614
78381,9436.473165942225
78382,31413.379477209204
78383,26438.813616316704
78384,15641.186501435224
78385,20806.12382108415
78386,20677.87535920551
78387,23718.89407686522
78388,10797.577795486568
78389,26700.01576603831
78390,44145.607102001886
78391,22496.207971387634
78392,20742.02147801695
78393,12076.670602267097
78394,20168.280342487196
78395,19566.472750651985
78396,11542.41840075698
78397,16201.687870428977
78398,19846.626182420314
78399,11846.02670448841
78400,50015.92923412196
78401,10914.932640810033
78402,11208.229452692554
78403,15559.411909629222
78404,22421.74450121894
78405,11743.26286258452
78406,21006.32224719313
78407,20638.95745571731
78408,15697.395461476537
78409,7559.890989418518
78410,32428.624948289944
78411,17425.609108948323
78412,10921.80941498055
78413,7812.7823475603955
78414,15308.155935322216
78415,27225.676765319826
78416,17086.13785353171
78417,24746.98769195585
78418,29949.548539540563
78419,23623.193266405317
78420,15989.694907525798
78421,22242.854050440183
78422,17772.11354758832
78423,24403.119380799282
78424,28705.09038441283
78425,20740.691391496555
78426,23881.887048939374
78427,25845.766935019903
78428,30350.815740750662
78429,20477.25171309713
78430,29316.26647279212
78431,12256.839067918421
78432,27451.757108748523
78433,14021.935752260595
78434,18314.875958710087
78435,17318.016229506433
78436,16873.90531131407
78437,14055.455605651407
78438,14352.975090703623
78439,11339.271071853787
78440,32549.823929882165
78441,16103.602132207821
78442,43088.01849486103
78443,15362.029747117425
78444,20814.514179714948
78445,21465.96824161673
78446,10853.57336811591
78447,13302.120947410345
78448,23166.602580822087
78449,43873.44314578931
78450,17693.505993387775
78451,29947.76319622641
78452,34372.18062098898
78453,16255.73753365226
78454,19936.463448882205
78455,21633.966141336627
78456,10951.669091906584
78457,32781.78108433904
78458,37749.7765546866
78459,22981.385556312354
78460,13002.48041615496
78461,21122.45997604293
78462,29620.040692029947
78463,13032.131822507334
78464,13730.735281169016
78465,15775.11839425617
78466,29885.984099073296
78467,19002.82773550146
78468,15109.623444037528
78469,33316.48561419604
78470,22209.982569385385
78471,72849.74368929578
78472,22385.663946487213
78473,15356.90426826572
78474,32073.009754449835
78475,10927.77125850996
78476,35850.40348828306
78477,20138.77540761373
78478,32050.57657353042
78479,10583.036596360322
78480,16743.14432759699
78481,12461.31945288867
78482,12101.459470755563
78483,27497.778464277257
78484,10971.202803363727
78485,15084.45845561486
78486,15368.099170442774
78487,18575.813315401036
78488,27180.9468319126
78489,30546.897294457536
78490,12801.125772315978
78491,18084.26183878139
78492,13768.75655678436
78493,44634.908421659246
78494,15342.35328717165
78495,23892.90657263725
78496,9887.270636434821
78497,22419.41315568448
78498,43259.17231686547
78499,11879.606694031962
78500,25996.159445644287
78501,12897.920750136274
78502,37165.705077016224
78503,22692.061951668245
78504,25145.603710153177
78505,8992.7632576157
78506,37115.5518978837
78507,21486.68571399274
78508,34450.134660188196
78509,28756.809423018676
78510,12534.767486825433
78511,16110.824938210842
78512,51751.06521779151
78513,22694.07245459541
78514,37898.167102087755
78515,20344.968513742933
78516,9845.157459668178
78517,11792.082808536772
78518,20746.00383134235
78519,16958.688362853605
78520,20984.159822109796
78521,13846.403162841405
78522,25761.820113428254
78523,55564.71346297616
78524,27819.119387009832
78525,23092.7190216408
78526,22552.843536145283
78527,22190.856682542417
78528,47373.5540086321
78529,6479.92485227254
78530,27584.65471156117
78531,15906.825558624347
78532,35022.90178235222
78533,29920.385505451388
78534,56465.996920779515
78535,9448.946571952361
78536,18010.699202750846
78537,36234.81774241376
78538,18174.4608375019
78539,19582.84666448689
78540,7713.392871368258
78541,16638.320186505345
78542,15151.784847992809
78543,15019.130014408403
78544,11370.312271079503
78545,22706.89409125225
78546,16674.287466336194
78547,21045.57940120831
78548,30348.402862357216
78549,33813.84084605931
78550,14150.165918984187
78551,42510.263178227826
78552,48822.89228871274
78553,7608.045690701186
78554,28345.260365657672
78555,18202.140628472152
78556,32736.376034337507
78557,13216.159095019322
78558,24770.74470764862
78559,29040.50896249163
78560,29316.110761833304
78561,51423.117361431876
78562,51600.86209256447
78563,20809.540355679223
78564,34446.922651611785
78565,34579.24164877339
78566,21751.38092083404
78567,30202.04235650763
78568,41068.82083121295
78569,26838.243077451687
78570,12062.818233010403
78571,17705.438145003467
78572,14464.932349809986
78573,22529.35809248401
78574,27958.278957806462
78575,13923.563917843721
78576,21481.31351911507
78577,33757.177645116
78578,21290.92186935539
78579,31372.123271093536
78580,28288.410590136416
78581,13763.672304940419
78582,29528.17684177601
78583,16438.553831703564
78584,44065.085653237256
78585,16541.489151715086
78586,13422.039685678303
78587,32239.232224320214
78588,18664.434165576324
78589,18520.96775853278
78590,16543.205956770667
78591,47137.95511812864
78592,14220.2394284203
78593,26395.043338660278
78594,23604.27463784996
78595,20264.358717163017
78596,16764.07299856825
78597,13596.611292527969
78598,9478.084954851009
78599,6929.318370513368
78600,9563.155746366358
78601,18242.9878661973
78602,25994.50838557068
78603,25321.15843743355
78604,12713.148720652707
78605,12890.915338695382
78606,29798.1115259249
78607,34856.72016400179
78608,13360.302759122043
78609,26555.80768566885
78610,18983.490720620488
78611,39181.71354276111
78612,16927.899804115208
78613,20932.277666352074
78614,41381.414457509134
78615,38460.95488789769
78616,29702.01944220383
78617,21415.296873483414
78618,20427.324137927255
78619,4732.022248784776
78620,22169.31622494127
78621,23303.80854514481
78622,14980.566477279328
78623,11224.571345256272
78624,50699.270112485465
78625,21806.101032084094
78626,20580.254200449115
78627,24828.80463018356
78628,8335.845701896522
78629,14926.67904652199
78630,16437.50271804278
78631,13861.67788914066
78632,13314.487451869933
78633,20662.950370368362
78634,11643.578911590783
78635,14761.886863973226
78636,10566.64219948922
78637,26848.27921686513
78638,10601.94184912676
78639,29438.47117983186
78640,42231.08165836397
78641,34844.9752937258
78642,56968.549262027635
78643,12193.168625223494
78644,11246.498182560063
78645,13806.013951236017
78646,17575.02347563602
78647,28388.09405583616
78648,14873.33579874632
78649,17650.47710324393
78650,32164.766975632916
78651,12537.695254772214
78652,20186.231639048186
78653,15051.549761550534
78654,18387.11078096231
78655,30373.83888711948
78656,27804.331275016295
78657,15680.950969420943
78658,17961.950366095094
78659,29680.835249377214
78660,13006.913036047908
78661,12826.266448581679
78662,5519.356847046835
78663,18847.715464887977
78664,11668.705816594053
78665,29080.7301212419
78666,24114.002969409714
78667,44274.793742014735
78668,15867.5212075178
78669,37422.343474222456
78670,17728.030303221596
78671,2924.735418735392
78672,18012.321451039792
78673,28505.455394025947
78674,13793.714855082877
78675,11751.060116277471
78676,21864.33786433788
78677,17004.717317414044
78678,18296.962111193967
78679,24461.928436374594
78680,20894.72044174949
78681,49207.1079162338
78682,11130.960834119394
78683,15521.325421739151
78684,12520.887477354496
78685,36132.30321060125
78686,37659.09970927265
78687,28061.720967211546
78688,28878.754457593783
78689,13391.45755858055
78690,21773.28005449657
78691,39873.97625508272
78692,31119.452714227315
78693,30720.612457617048
78694,44073.59541791748
78695,32326.34870996359
78696,34427.77842654677
78697,46639.02418166934
78698,19621.08918024338
78699,34062.59755645006
78700,20426.51344612669
78701,28406.574774692708
78702,10575.495783783537
78703,35805.38751937868
78704,35740.040921146065
78705,11494.15015429243
78706,17717.470934313278
78707,22624.220998960485
78708,12891.152165323032
78709,15501.679341658783
78710,14379.450334829626
78711,18433.272442044352
78712,35688.41333191675
78713,32011.944685720027
78714,57979.2761381394
78715,13386.426893969587
78716,20779.160113466765
78717,10193.290863430297
78718,20995.239049520944
78719,31109.075190270796
78720,31445.075470193417
78721,23534.19927848968
78722,17719.184666966623
78723,18842.384505298465
78724,9469.790723105389
78725,10691.276623303289
78726,50708.4954756697
78727,19692.309722808335
78728,24560.61609039386
78729,15015.744597744524
78730,14781.566977397812
78731,11140.573430684903
78732,19731.17267233313
78733,18073.853864512977
78734,23045.89979853233
78735,19724.480246027546
78736,13907.138216549978
78737,20485.672105413778
78738,19009.49826576171
78739,18069.06464872288
78740,24586.960196324086
78741,19399.25522602507
78742,27061.860896538863
78743,37884.803774598215
78744,23615.208173604547
78745,14348.322437885534
78746,25217.409293692013
78747,19286.002251331793
78748,16251.804726485076
78749,67312.23846890766
78750,21451.25666283984
78751,23039.48748068211
78752,22577.665906020986
78753,26950.141726839804
78754,16799.477621441936
78755,18041.81252238926
78756,28063.59280751788
78757,41425.65973185548
78758,15169.781990274396
78759,17284.013400961507
78760,27001.33934954557
78761,18988.043291925234
78762,14468.951513986163
78763,10859.227694182293
78764,16534.088043604963
78765,39573.05929139559
78766,23576.543872438513
78767,27630.10059248859
78768,17364.53905675614
78769,11791.854442222782
78770,28473.410166772257
78771,18768.522268795074
78772,21804.03344841021
78773,7474.273238102656
78774,20144.31267209161
78775,12778.7679546078
78776,31328.74797648509
78777,21354.385384457244
78778,18170.813217600953
78779,12510.213969148681
78780,48607.89019601247
78781,14356.450728958165
78782,28903.77815636644
78783,31791.485441345932
78784,30637.713189550814
78785,15332.761962920835
78786,19377.922209774973
78787,37471.718001677866
78788,26591.223093892288
78789,19814.203784741432
78790,7931.075306833794
78791,20416.269000750108
78792,7013.847230782546
78793,17789.531945310748
78794,20575.716261586153
78795,24157.861058170743
78796,17384.45151669313
78797,29405.729041942344
78798,19723.46976992031
78799,25909.972480248583
78800,20448.34033384466
78801,18265.31191578831
78802,31558.9690247088
78803,19102.177669476063
78804,12220.119639882098
78805,10383.683450603165
78806,27555.54802996553
78807,28016.747172878866
78808,9649.129491978701
78809,31904.58593892366
78810,8647.00341541187
78811,35139.85003367171
78812,12084.752148107593
78813,12867.977542360228
78814,49031.6003344326
78815,29144.485931528157
78816,33516.78246980976
78817,20553.597838586622
78818,9714.275238852708
78819,11539.368449527621
78820,32386.55835320999
78821,16644.199783657237
78822,10555.676186335802
78823,8229.352927160031
78824,18489.49336643835
78825,26030.83775391576
78826,6773.368035675392
78827,34421.1536894914
78828,25634.406402819637
78829,15385.293220196918
78830,15885.697416999286
78831,16704.845262383482
78832,20716.223378137638
78833,13545.443761835704
78834,43732.88572938126
78835,18085.038136595587
78836,11739.682390715814
78837,27052.747884407676
78838,18426.491413013202
78839,12594.378039369572
78840,12678.97696171084
78841,33981.64275649682
78842,30584.987780487776
78843,19713.683674527154
78844,9753.211514303674
78845,12170.894448287541
78846,30297.79398273999
78847,7514.5539517882535
78848,16152.220084799223
78849,17783.07466239613
78850,19565.521011445064
78851,44059.93343848949
78852,12215.645826990734
78853,8912.40303784812
78854,57683.82704443034
78855,14210.136122103344
78856,17501.75933063972
78857,20899.974565472134
78858,25067.54186941454
78859,9812.363107527019
78860,24223.089197907946
78861,11563.459035840666
78862,15252.582686032936
78863,32128.80712964717
78864,26294.968480587893
78865,20790.98412916257
78866,19173.04759469283
78867,27072.63787833025
78868,17419.848472696405
78869,21240.561942463395
78870,10250.516250985776
78871,25967.437711403672
78872,8528.173293994787
78873,26553.27397766132
78874,14440.87307494029
78875,14000.97500335274
78876,13262.837063857163
78877,14237.361801846477
78878,12404.919978489688
78879,18935.060418475343
78880,29942.170450514197
78881,22355.594221768817
78882,11877.314764565335
78883,8653.85090342536
78884,9617.798404984647
78885,9286.79393047286
78886,22458.759701325474
78887,26039.238641871518
78888,27163.64413115364
78889,18814.763797568383
78890,17931.471981918363
78891,16580.144230064336
78892,13340.209241707835
78893,45346.258363179695
78894,22544.84549798712
78895,14203.034310531042
78896,35124.16824613714
78897,21338.685269207588
78898,13450.517680062063
78899,18494.317190236226
78900,20703.243544347937
78901,20356.253959243706
78902,20374.34370910521
78903,13314.510853939166
78904,27383.610511495262
78905,15112.685481933991
78906,14317.481080278822
78907,13183.218821588587
78908,11005.218603248199
78909,37701.32464279888
78910,21707.35888313721
78911,22621.0064244336
78912,17810.49890592804
78913,51189.32634770575
78914,19833.82756708257
78915,31021.578645082973
78916,14330.288425920302
78917,14207.8502214873
78918,22460.18465712543
78919,44728.707177942255
78920,31064.989910133132
78921,16726.45592310533
78922,19078.380991204507
78923,29559.786930806928
78924,18373.796776900508
78925,31813.762572589236
78926,48709.99961169039
78927,38979.33284424868
78928,17458.895733503396
78929,24004.99633151934
78930,26795.332711723142
78931,18001.685901299068
78932,17657.48281710333
78933,20485.566568477705
78934,30773.568028709564
78935,13868.504182930998
78936,24711.149758226773
78937,38515.44307827241
78938,13936.685917924344
78939,34551.07680675468
78940,16886.039227925063
78941,32816.19282976305
78942,25397.01568902352
78943,8791.865869686657
78944,32189.973788220588
78945,11291.25510603116
78946,32930.81740787612
78947,45704.980817694086
78948,18055.952739238277
78949,32281.122884689914
78950,21414.910254652725
78951,31021.402004683976
78952,11093.029548219716
78953,21421.425015448043
78954,32048.798125119778
78955,20233.79783321077
78956,15386.474249192759
78957,10192.123256280596
78958,20773.263522097168
78959,25332.50078178061
78960,19144.859183993336
78961,21434.428153349763
78962,20338.400888779932
78963,14042.896929471748
78964,8489.536800541247
78965,14315.067798260941
78966,12341.277680528478
78967,15349.210311919363
78968,20341.29146134348
78969,26902.22434705234
78970,11042.872948110347
78971,30278.137870584444
78972,22432.52621535405
78973,14694.481737677732
78974,15035.720438149563
78975,60213.7207924992
78976,19821.655783722188
78977,32608.398312470577
78978,19326.259298903726
78979,18148.379843750856
78980,29278.759455708798
78981,16328.624079964311
78982,22716.791984113883
78983,30891.524195692746
78984,25108.651811079293
78985,33796.25028549835
78986,11585.114285505455
78987,29072.35505748788
78988,47099.81077509192
78989,23886.96509271115
78990,29670.013806174353
78991,27261.358617713886
78992,16800.11595362046
78993,35106.96501944608
78994,13463.166074777908
78995,20977.09095058417
78996,19279.90614529875
78997,23498.74081555981
78998,16478.323292862955
78999,31160.636339975204
79000,9867.941006558971
79001,10678.579082099752
79002,4671.714577748392
79003,13455.084999299139
79004,16973.388697525683
79005,36309.488182747125
79006,31573.823302334597
79007,16894.812540908217
79008,21543.296889519246
79009,47006.65019998683
79010,18769.242877324592
79011,26069.35090914087
79012,15939.830567710527
79013,50957.53188067145
79014,15707.501425481212
79015,51124.55571288003
79016,17769.843453673333
79017,11953.617660233493
79018,17993.46676119762
79019,11735.66480241485
79020,21580.443277266568
79021,17207.766141087177
79022,15685.195016212558
79023,12696.813999223976
79024,17944.94199060249
79025,24037.85771031564
79026,16145.528568569624
79027,17886.85400329759
79028,39576.093427542466
79029,17286.63831238179
79030,21581.134397701993
79031,18411.976552341268
79032,13833.888419616836
79033,40421.541248936075
79034,34023.86430433768
79035,16546.73826616744
79036,19457.02699833676
79037,16548.062530569106
79038,19034.981006606842
79039,12138.72020381247
79040,24745.37373719951
79041,12287.380293731936
79042,17387.434752788988
79043,17568.39664245423
79044,26916.866675346762
79045,33448.89560267604
79046,16545.39324226788
79047,11710.079648524867
79048,12369.204721744069
79049,42785.61807820951
79050,16527.53950110489
79051,19608.461150961906
79052,19109.573225905962
79053,19036.48297423695
79054,12949.854833981837
79055,25639.75145225479
79056,15953.834708978318
79057,29454.558127833276
79058,23240.816587917805
79059,40453.2934143831
79060,17127.113790826796
79061,24913.586575628924
79062,31667.018761127176
79063,33221.07862894503
79064,13184.115041395955
79065,21315.297571835206
79066,14884.849380738937
79067,21992.75174179406
79068,16562.02630524684
79069,34574.87478517251
79070,11369.694433180586
79071,16129.372145282281
79072,25142.278445013868
79073,21391.314623701575
79074,30827.128930916402
79075,11813.857599642082
79076,13687.770341050935
79077,4214.727019027762
79078,26884.3115220367
79079,33163.087613000724
79080,18783.558284580315
79081,33062.87232210867
79082,25936.21294237439
79083,36966.552330916
79084,23155.513821521014
79085,16577.303760455623
79086,31538.858197893114
79087,13938.695459609427
79088,15340.870161992714
79089,17085.431232002637
79090,25696.811024256924
79091,20736.100662663746
79092,25298.89797104792
79093,15151.463384956767
79094,23730.707309355388
79095,35345.175667644784
79096,22026.184071147072
79097,14291.6422648411
79098,19645.01731411267
79099,20057.848285164626
79100,11716.516516103115
79101,22971.52888131482
79102,20868.921632006648
79103,23851.401059206783
79104,19491.269144047466
79105,21574.94982857762
79106,13086.436005048561
79107,54587.79033380818
79108,22531.241553068474
79109,13285.58318806474
79110,17326.446787806202
79111,42985.2708153413
79112,16844.51673256788
79113,24942.8606575966
79114,25398.955212103356
79115,50305.07269518596
79116,24622.35818528828
79117,11104.338933408086
79118,21954.325413072416
79119,23433.207146535515
79120,13504.311466230563
79121,27443.073302550623
79122,32132.138779804223
79123,11811.787152702917
79124,16327.756201425871
79125,17853.353967439263
79126,20787.71238493029
79127,12918.308016256866
79128,15799.173566403679
79129,4873.334920790791
79130,26638.169642622357
79131,11519.03311726709
79132,15959.442365968975
79133,27054.97017521789
79134,27719.975409008584
79135,33545.029861430725
79136,11524.15320059342
79137,31919.88827744489
79138,13799.031002914955
79139,11326.123841636165
79140,14398.533861325663
79141,13012.006876016794
79142,22092.125845023584
79143,11993.339136310111
79144,13962.74968890922
79145,35933.90712501561
79146,30147.513574509278
79147,21109.123300729836
79148,21163.06865904295
79149,22500.85640850982
79150,52465.71642554045
79151,13579.724829715748
79152,19848.44926218282
79153,41472.12336782488
79154,27889.7355284512
79155,12359.80417355509
79156,16137.025506399892
79157,8685.784822884169
79158,16989.880388250825
79159,53574.95989898388
79160,20267.67441972438
79161,31312.84464410701
79162,16996.2924375713
79163,18204.105257117346
79164,17966.87644727067
79165,32792.02435793083
79166,19751.536383085808
79167,10323.752878547399
79168,21599.46020113088
79169,21309.34898329337
79170,35916.17262005776
79171,21551.24883387174
79172,27409.06224676049
79173,14152.37818581407
79174,14667.497564847876
79175,12836.1867935735
79176,40740.90237520628
79177,23599.04478992852
79178,16066.256431655036
79179,22023.8177044616
79180,37879.41464463741
79181,32379.77204852863
79182,28372.33630799139
79183,19779.2297793056
79184,10408.066184280548
79185,13145.09131244489
79186,21723.81911530218
79187,30843.261572884297
79188,29466.348309194513
79189,14310.922315133002
79190,14959.9641190753
79191,21756.389003505905
79192,14891.094485112555
79193,18720.732301195956
79194,15221.459770698057
79195,25646.52497478033
79196,14056.922473305332
79197,32314.980764080716
79198,32330.399436095304
79199,22737.031983846457
79200,16485.847070777072
79201,28092.63393475812
79202,27680.014685656486
79203,22051.679549265147
79204,21078.469468691615
79205,32850.232680569556
79206,32450.69819846282
79207,37361.594374853674
79208,32085.543043655878
79209,18637.031672235382
79210,16455.376595952373
79211,10593.679466419337
79212,20363.33430166948
79213,16482.809364185494
79214,18193.143425099774
79215,15846.499280310145
79216,23875.044656022183
79217,13618.61690321464
79218,30192.67831676371
79219,18585.627053820917
79220,19768.933534726344
79221,45389.636086563565
79222,17529.21376807413
79223,27105.73469515094
79224,29128.837439147275
79225,33523.14121545542
79226,15005.91016210981
79227,22433.955767737338
79228,20611.767115378494
79229,8330.007524644727
79230,19807.037883772595
79231,17172.33364624862
79232,23219.142298456554
79233,12821.43803952041
79234,47481.45182369193
79235,14256.914008121108
79236,17759.61428967861
79237,26387.042822343894
79238,29102.908056410277
79239,22347.357547862037
79240,20172.73307101738
79241,30880.904915164334
79242,23714.486334444297
79243,34209.759910675304
79244,23469.71220940807
79245,20837.748143439036
79246,23386.712489522437
79247,15613.875029411138
79248,9851.218312109404
79249,13137.209477432825
79250,22006.449740294345
79251,12970.125052762021
79252,27714.726099343672
79253,18293.129623931865
79254,12993.89054924323
79255,16700.23936592147
79256,33233.60355554832
79257,26492.22196299506
79258,14227.039929412083
79259,11718.505698257592
79260,28746.211348406803
79261,16571.965759115214
79262,28026.35565520783
79263,20422.26318571059
79264,60537.5417387031
79265,22617.691937067066
79266,27772.611088681155
79267,26556.176041752613
79268,19340.12123257011
79269,17993.110963484614
79270,70924.6394075277
79271,14220.409496165415
79272,57906.93186529666
79273,50966.81469185107
79274,35286.309985441425
79275,15146.046517722138
79276,29379.555943895688
79277,28651.625203338237
79278,9762.904125028821
79279,47227.53570830256
79280,18027.051061258793
79281,16997.18987784402
79282,16362.403030111172
79283,14049.698052372021
79284,21612.168455287218
79285,30212.367611825524
79286,24680.586351697988
79287,25793.680578941778
79288,41267.187833693744
79289,36748.07197002377
79290,19953.782030227932
79291,23470.407580751405
79292,20706.565616762266
79293,31121.252330750358
79294,16539.52201401469
79295,22326.902982273186
79296,30073.003183267643
79297,44598.61717836593
79298,6309.708975812454
79299,18108.029612806105
79300,20520.224587942874
79301,13655.512068481856
79302,13573.052735284968
79303,27838.234518833426
79304,19472.34016436679
79305,20358.195667719745
79306,25324.698584198344
79307,21234.607276880506
79308,13132.80885068447
79309,18977.762221000918
79310,21188.207744854968
79311,12718.067871461984
79312,23349.14263371867
79313,19103.703667416437
79314,20448.873199271766
79315,62185.07414663999
79316,25022.36567698784
79317,20255.470879210443
79318,16751.53926214938
79319,20106.060137431097
79320,26871.27857286068
79321,13354.355399166965
79322,29850.33804421468
79323,24442.386508664338
79324,16948.897984614523
79325,37514.91315257415
79326,10825.018107973783
79327,19092.039967635403
79328,19145.325393341238
79329,19336.64823093751
79330,31988.692827046747
79331,18386.929901879696
79332,28383.112109153848
79333,16539.123736843638
79334,18318.40762053068
79335,32558.423605981443
79336,33005.14349525385
79337,25654.37336963806
79338,32289.72915801553
79339,21777.530505680286
79340,34005.40863251571
79341,32488.840319656687
79342,12488.49970849894
79343,27867.70998251824
79344,35488.971158877845
79345,13405.756028477414
79346,13620.697363531128
79347,22345.442094557748
79348,19153.0814809958
79349,14787.52270213835
79350,13998.965006995253
79351,24253.567349300156
79352,10689.294446984306
79353,39158.1955326636
79354,16764.211258072733
79355,28644.427110834094
79356,24564.392481232346
79357,20345.596413767704
79358,9853.715938459942
79359,17685.873695477032
79360,35455.43316148253
79361,14352.05907113969
79362,13981.171749838588
79363,28833.270435614726
79364,15062.397966096132
79365,18666.65185120811
79366,18976.230815683855
79367,56151.42415376115
79368,66339.96316309816
79369,23786.90456855895
79370,12986.237617218596
79371,25848.071279016403
79372,21629.976308281188
79373,34993.63016168536
79374,11654.29801689892
79375,35438.64469593918
79376,16055.491470836016
79377,20218.58871186236
79378,32802.77303103386
79379,23356.39884919041
79380,31067.674170939114
79381,8785.296092134065
79382,20481.33645996245
79383,30435.775167541087
79384,14393.668799003748
79385,33643.506519492235
79386,22507.38752394601
79387,27704.546676243477
79388,26865.394664553096
79389,24939.32987356219
79390,36780.26375391841
79391,16488.959463447838
79392,26585.392776955054
79393,10617.095312187968
79394,13922.976085336993
79395,17310.00189455026
79396,13024.488814688742
79397,39177.9098407612
79398,15598.62527645687
79399,12273.1080185517
79400,21615.580673811422
79401,25461.141750382063
79402,29467.45719106313
79403,21167.969174412356
79404,27129.16758557195
79405,21460.76053960452
79406,31634.096707075612
79407,23573.46879606639
79408,23027.612993959483
79409,11482.387098378615
79410,10636.889646924028
79411,47258.479847479066
79412,27510.246823223853
79413,14532.91192010876
79414,11827.56737243195
79415,12418.043247246973
79416,21117.700106885615
79417,18623.103863498436
79418,7898.433458447418
79419,33780.24301553825
79420,29140.37825120754
79421,14817.036258966104
79422,10665.104553171814
79423,9225.23266275785
79424,19852.54402295924
79425,12551.701921447595
79426,12165.87693186173
79427,8152.124181003478
79428,20126.370101792072
79429,16533.795135793618
79430,20479.292572348077
79431,19538.955895441595
79432,13598.582589175578
79433,28868.90777014318
79434,30947.87101230555
79435,19499.442043563893
79436,13840.741604609872
79437,18602.74848218826
79438,44949.0486627703
79439,54795.306384419564
79440,46504.70331375127
79441,38430.60167219595
79442,20338.543047499104
79443,11499.123101648294
79444,22540.153966651844
79445,23861.525018377397
79446,6559.625229910934
79447,16164.299257310777
79448,21763.86041025972
79449,16513.36764655985
79450,19352.252626417845
79451,16393.208965824975
79452,57512.30352878763
79453,23524.31937096936
79454,16405.029945161263
79455,29525.047950114873
79456,21938.577617717146
79457,31329.930780169994
79458,20667.134598232708
79459,26932.381411353294
79460,21134.48202467595
79461,13190.73687339168
79462,47253.32514065312
79463,14529.017804267543
79464,17199.58284292176
79465,32063.31704121235
79466,20486.599546176232
79467,25184.465743199355
79468,13918.518089930174
79469,11816.074041966618
79470,32001.754690896465
79471,14266.59115564175
79472,12554.790240894448
79473,7282.541449807673
79474,10973.702569102275
79475,26792.343407908993
79476,13674.555981961037
79477,29139.84298933838
79478,22963.765950813446
79479,11471.57135321552
79480,18390.251293547237
79481,18861.9313405283
79482,31995.659985688824
79483,15609.572772511468
79484,19642.054322786564
79485,15275.800642414035
79486,13811.150967694464
79487,14611.852189979689
79488,37023.955277444344
79489,28340.723472062564
79490,24123.193474395335
79491,13802.825929065404
79492,15538.000497838557
79493,11111.360497495327
79494,20533.38068629283
79495,16259.94863179599
79496,20929.36929057861
79497,21263.442115928414
79498,21735.914014927377
79499,12831.493490255634
79500,22966.69636927673
79501,35529.1640784643
79502,13320.404403169143
79503,19675.015970376313
79504,20808.592870765377
79505,12752.72772992771
79506,16092.343721489962
79507,15547.627224019416
79508,16392.68090608775
79509,16662.15088985886
79510,54122.10045462846
79511,52700.61668050599
79512,16421.22378338838
79513,16470.34109496876
79514,19744.221458258387
79515,38925.515490929756
79516,19919.589920372902
79517,44258.88271683964
79518,50019.02770944661
79519,30329.009298029217
79520,29138.19825471182
79521,15979.136347332671
79522,24281.47992661295
79523,22631.340522059247
79524,25596.420155033713
79525,28905.29645085164
79526,20637.78465071558
79527,44960.966280132016
79528,23617.777929121006
79529,17988.372181707204
79530,17198.86132812829
79531,44988.74485583177
79532,28181.592287425436
79533,24238.239065113812
79534,23998.829773620066
79535,27611.00911965972
79536,21543.452493569373
79537,20571.07112652078
79538,30688.458302879724
79539,26614.92309786478
79540,23702.829968538135
79541,12184.125990340839
79542,24964.93593192179
79543,16567.444580845742
79544,19459.136853702013
79545,17627.82714239947
79546,15641.94165368569
79547,51134.19231141538
79548,32535.93356752037
79549,7122.936556528435
79550,9982.422726269378
79551,28476.405609781395
79552,14713.31092579137
79553,13420.814996194384
79554,11243.319445397978
79555,23634.320134197154
79556,38798.88030146265
79557,7668.016235786369
79558,25153.543866097873
79559,7997.216724198939
79560,26271.917376591013
79561,17808.359263901835
79562,46632.73822963411
79563,30888.954812237753
79564,21715.2318421636
79565,57654.11945347881
79566,21327.169519512594
79567,13998.644232970275
79568,19714.345645133973
79569,6453.074899887577
79570,12290.65104012249
79571,39393.144487485886
79572,22059.16800662896
79573,15716.96496484364
79574,13937.998033026668
79575,28793.700740093325
79576,36197.02341847167
79577,21543.64066605626
79578,21713.846412958563
79579,29977.7427085516
79580,24012.98177099967
79581,24314.134165331903
79582,28417.163345291123
79583,30701.299578118298
79584,31344.011644573886
79585,24704.94105203437
79586,50757.73533485221
79587,17535.41091463971
79588,20042.50851313446
79589,4058.639046120617
79590,38484.25949721726
79591,29524.458901584636
79592,13378.642514210736
79593,14043.377734527216
79594,29249.239202931916
79595,21411.067664595335
79596,21579.63906068423
79597,10733.656924470879
79598,10263.687407369229
79599,27743.758487323135
79600,24821.411930281618
79601,12890.52840762382
79602,27146.53071831971
79603,22461.701612781868
79604,17369.675810217144
79605,19605.733658822035
79606,9391.492713805685
79607,14833.421589152458
79608,22283.185660224255
79609,21051.01331228403
79610,25966.00657036754
79611,12830.225777408568
79612,27724.388347112406
79613,30203.252682637558
79614,25846.43515822824
79615,23655.86138655712
79616,27121.857445271584
79617,26854.32261787073
79618,30185.07576810207
79619,11535.669138780471
79620,11791.130341365317
79621,26822.64668383047
79622,8715.176786578088
79623,23261.326856531003
79624,28641.32719734676
79625,27035.884628115586
79626,15371.419332324705
79627,20789.862707446388
79628,18416.16136713123
79629,21567.27321662079
79630,18235.431727719613
79631,28315.115475498646
79632,21897.816948565975
79633,19991.541590809305
79634,6342.6220780273325
79635,59208.87808862632
79636,23212.058911172753
79637,16945.806463538564
79638,20103.562064808026
79639,53057.50029552061
79640,11433.5229560922
79641,8077.954937857755
79642,31267.40693096007
79643,34848.69302258151
79644,28732.807919361643
79645,22462.1105685697
79646,31860.05125218236
79647,14099.875334346181
79648,34355.01353741333
79649,49695.743565624696
79650,16395.30784560298
79651,17939.592918028684
79652,11487.684783564904
79653,21101.36889401995
79654,10424.952146127083
79655,29100.43036880242
79656,22686.88564491676
79657,13715.329488140324
79658,23343.42848247393
79659,27318.34854739153
79660,44082.89643715783
79661,22087.675619359703
79662,26942.154014978063
79663,4939.415426019072
79664,22131.512830434276
79665,25286.971356390062
79666,16349.898812216563
79667,19281.901258194775
79668,21234.25259996182
79669,15345.650065254451
79670,15814.025010772508
79671,33116.13661570097
79672,12172.5689948608
79673,30470.718427653563
79674,22014.87137236024
79675,19722.241291149687
79676,18013.480195363543
79677,24526.1017701466
79678,30965.050449562732
79679,16813.454612504644
79680,13104.758233848472
79681,28637.85913405798
79682,14147.21592806352
79683,11078.452512698374
79684,28064.826674594846
79685,29404.433264623967
79686,32125.368539750205
79687,18220.733962100625
79688,14563.116529374623
79689,22632.42798577823
79690,21440.487671936862
79691,34151.87411426722
79692,24403.027949760137
79693,26832.654531698012
79694,12936.364313469008
79695,17193.403412503332
79696,31752.033440357307
79697,12786.186997329765
79698,29583.561106471134
79699,14503.105322198699
79700,16437.903535403435
79701,9692.955115673341
79702,12676.592101568518
79703,13146.072407814201
79704,18483.029353584338
79705,19467.22332011679
79706,22040.572569916538
79707,49994.50594274973
79708,27161.39084557997
79709,16570.672092273206
79710,10503.20329500671
79711,13746.406182606608
79712,27848.321944435553
79713,19530.72301561765
79714,19897.229955474715
79715,21736.233024622863
79716,20961.227667136918
79717,7466.326356097774
79718,11116.445017948921
79719,24703.75208964979
79720,18388.36975858189
79721,23092.43075489152
79722,15254.9457226592
79723,45734.19618990107
79724,33741.82844357253
79725,12005.304301556356
79726,18386.27959693405
79727,22956.090817230906
79728,56161.9677692722
79729,19013.481105663308
79730,21672.217159409796
79731,11426.86426457734
79732,24255.58926474664
79733,11823.608117329892
79734,13079.572272650294
79735,28328.065104119916
79736,12243.788706734153
79737,36353.21860943482
79738,12399.93863393655
79739,27351.34096571098
79740,8990.182187538032
79741,16297.06064040924
79742,10053.34091807954
79743,34479.80569170994
79744,13413.487280398249
79745,17976.396259756006
79746,28194.52620116259
79747,13592.662981815334
79748,29497.72711221468
79749,43084.15568094988
79750,22012.398977325556
79751,19614.422248789306
79752,21870.02149437374
79753,31182.648055848764
79754,25482.686836064444
79755,57366.060878890064
79756,15744.30372805573
79757,24967.749377844153
79758,34243.41955434932
79759,22706.108141492976
79760,53053.393442415356
79761,34961.18776081858
79762,19813.333364478793
79763,31478.78451362091
79764,19549.68822820921
79765,16243.64449121679
79766,18090.801158416227
79767,9665.864045612117
79768,31405.84721185848
79769,18782.811687996797
79770,28763.746125511036
79771,21538.10873676895
79772,31021.05028412403
79773,18813.242543907723
79774,20177.226608871664
79775,16665.517480304123
79776,16908.03801356417
79777,11405.598392773329
79778,13651.644325133573
79779,8981.469101435221
79780,10250.84741975213
79781,13646.116304764078
79782,8419.713926310986
79783,11173.517708561822
79784,16054.104439585895
79785,15659.574591491946
79786,18982.00679762931
79787,32024.21571700609
79788,21003.653991797277
79789,21209.40649510255
79790,28483.119459589
79791,47159.816359219825
79792,18782.363086511024
79793,18187.960483141633
79794,14391.313298739005
79795,11196.776265631079
79796,17395.033199347905
79797,23190.44901147628
79798,15042.986005899236
79799,23615.875648805973
79800,47025.00691566315
79801,21860.05558910665
79802,20979.328043226295
79803,11800.470425609186
79804,21443.76266686992
79805,28388.49409226273
79806,17586.336887627414
79807,14772.663838390796
79808,13109.51645232895
79809,14079.307207659072
79810,30642.465343485128
79811,20963.341700812754
79812,13683.363130378
79813,31756.94406135442
79814,21134.42020526954
79815,17836.757347909162
79816,14056.384528914772
79817,17652.8325535143
79818,18799.430780203973
79819,38499.07974733163
79820,25083.834213991413
79821,21215.772355966095
79822,15567.080513438355
79823,17585.2775023701
79824,28118.89559147468
79825,32826.25576471981
79826,10839.854098371185
79827,15071.22575265625
79828,25938.462145109654
79829,28848.996347508848
79830,35713.480694532016
79831,18527.112525170513
79832,31180.207856002344
79833,40099.93379257145
79834,33065.48386383831
79835,18859.34285125122
79836,17554.1124594754
79837,21705.26234452907
79838,18180.070382315476
79839,15928.042763208083
79840,25402.207838350405
79841,16632.896577040567
79842,25614.987994143896
79843,21709.677694394773
79844,18503.302768909518
79845,12871.297997206042
79846,10892.842935333736
79847,10303.034368042192
79848,32422.885557812373
79849,17067.65295948827
79850,29815.768965928582
79851,18467.10113667267
79852,18647.039433722926
79853,29257.917335154463
79854,7046.947616484075
79855,18059.458347545344
79856,29034.467038811657
79857,8760.69894919925
79858,70114.37432114924
79859,14213.545534249743
79860,21042.044958847735
79861,10228.9207128984
79862,23209.666809964725
79863,35803.30049338219
79864,22270.049403346984
79865,40224.64041696919
79866,10371.821674638046
79867,34422.65525609725
79868,16097.406722557938
79869,43279.03699912041
79870,10409.131264371732
79871,16972.993051466616
79872,66746.79535341331
79873,13312.164830125686
79874,29212.837276436847
79875,21463.44010996891
79876,39131.70059515624
79877,16592.96556008668
79878,13824.10979041628
79879,27497.64914676679
79880,39844.17821346697
79881,46388.218248019795
79882,11520.874196305462
79883,23518.204579681882
79884,17882.658520732944
79885,24692.643524222673
79886,30695.314764379586
79887,22184.62940891083
79888,12182.843571048716
79889,19121.195786085977
79890,15800.634922876676
79891,33022.4078137679
79892,17786.243393250206
79893,19566.861115825355
79894,16915.77225165253
79895,11907.760384212188
79896,18083.04641422537
79897,30105.043106618195
79898,19939.057685253993
79899,12452.561965332616
79900,20183.69572630684
79901,27573.641039118127
79902,18227.08802261856
79903,40347.89513867115
79904,24904.21280003385
79905,19049.231566499464
79906,10314.231939263573
79907,22977.88551313959
79908,21419.67909327393
79909,15731.60363959989
79910,17782.050801834645
79911,18647.91200383559
79912,12580.732646652465
79913,11099.014763687996
79914,12931.403292013132
79915,8490.873837398425
79916,34055.94414010005
79917,14111.201509090024
79918,39393.01045887902
79919,28746.211348406803
79920,19122.38672854321
79921,15452.683329760992
79922,18424.038886490904
79923,9805.741947366285
79924,12596.406723344215
79925,15408.664469965102
79926,47632.362980047044
79927,27706.079833708023
79928,28809.95092792141
79929,30805.11940484432
79930,7520.4381299067645
79931,18970.352923520873
79932,32790.88895563968
79933,22410.553479611364
79934,16323.667344298221
79935,13160.44998115671
79936,12580.484964450421
79937,55255.34141650381
79938,19972.37153308519
79939,33635.8847453398
79940,19768.808782587206
79941,20352.858550655812
79942,19686.300707005783
79943,14329.737441527463
79944,55205.02070306843
79945,16270.621667189793
79946,22790.052527800704
79947,20209.85252780844
79948,53057.50029552061
79949,20736.873379644676
79950,27799.509917255768
79951,35849.36353434719
79952,15084.957335553461
79953,13960.083790375518
79954,26784.54792708615
79955,8592.425730696856
79956,15329.71324221154
79957,11062.259296185151
79958,28125.5391402238
79959,23694.17634710564
79960,29222.939722359264
79961,44121.26207240003
79962,27863.4499234025
79963,22026.26913870503
79964,20496.420624556325
79965,33188.82507942148
79966,11205.857221415336
79967,28934.999018247778
79968,22176.561380778847
79969,32654.769483368393
79970,21112.445628755082
79971,21126.95695957124
79972,20045.64971946644
79973,17407.84138609435
79974,32450.310062901073
79975,35522.32440215505
79976,20167.981279684285
79977,14929.728427807542
79978,39893.56602123503
79979,26526.66593826854
79980,28828.42598981799
79981,23527.133986047716
79982,10843.777511052087
79983,14069.989745534991
79984,15473.295930802733
79985,13218.787307458493
79986,22350.828874932733
79987,30556.043349123203
79988,20802.84196023892
79989,30607.71159341156
79990,11638.664493565384
79991,10630.07089511737
79992,14846.38870693609
79993,20526.142454797024
79994,32908.346568250854
79995,16164.22259994736
79996,50014.627646989335
79997,21397.202542153165
79998,20891.22846773704
79999,14905.175538496007
80000,20088.992104079403
80001,29751.472449247874
80002,24584.5484836644
80003,23199.794828360056
80004,25401.598250496434
80005,21724.58548955393
80006,26660.851996165
80007,13461.889810409988
80008,14984.51371172827
80009,11838.272532497633
80010,10739.317350811367
80011,23932.722689995986
80012,25921.110439756812
80013,38884.56653851989
80014,23283.77968679093
80015,15212.026813436727
80016,20983.713159665025
80017,6785.984638933822
80018,48406.948826963024
80019,15000.557025977501
80020,30053.045008909423
80021,49375.36630582397
80022,14973.573315850832
80023,32061.638293927288
80024,13022.197017496452
80025,32903.72584410766
80026,13652.344377042782
80027,17004.38166353254
80028,34690.07504198346
80029,15017.529256020034
80030,34642.18869997102
80031,29488.54523829146
80032,31579.47102364439
80033,7481.830988246273
80034,28843.43324930229
80035,25379.571591552263
80036,34987.91470396671
80037,8443.374690587127
80038,31535.906446231154
80039,27103.422979245533
80040,23942.151521951448
80041,28979.9964898801
80042,23823.126062417825
80043,20580.37470169625
80044,51501.13313092839
80045,22593.866330459787
80046,44431.2444979528
80047,19744.663029189065
80048,45480.625517478475
80049,24055.89239254347
80050,22658.13329253572
80051,3723.3833670147383
80052,17901.47798155565
80053,9094.948347233645
80054,26778.038741273827
80055,20970.464867399824
80056,27342.39703401046
80057,31187.475723445597
80058,19332.42739197868
80059,31995.89367340764
80060,26389.830939910506
80061,18058.197349949158
80062,28526.42715037278
80063,24058.152804179703
80064,16149.379043341123
80065,10728.59111495684
80066,31808.794293871182
80067,43513.75403979836
80068,29617.552379012064
80069,33253.73908219353
80070,29313.72467389381
80071,25693.281086891726
80072,19053.960841930093
80073,14046.461826712608
80074,25110.510565261604
80075,34330.73083089132
80076,17314.240941023454
80077,28760.644947139794
80078,15656.447265912297
80079,21835.945816000705
80080,29566.66615803959
80081,13144.666873657108
80082,9603.980302562475
80083,39316.42062129929
80084,31965.116751281177
80085,20516.29959363308
80086,31893.360387747434
80087,6706.057860476377
80088,30032.90500617215
80089,51325.20961648238
80090,23861.74295708337
80091,20288.75064528568
80092,25244.805642212803
80093,27795.850212884005
80094,18236.017038079386
80095,49084.13100492502
80096,16170.745947953146
80097,77481.96071507025
80098,43666.344466159295
80099,27263.69238153515
80100,20544.483428351396
80101,20478.55162695939
80102,14946.262220760675
80103,20334.445951766513
80104,10244.144500671311
80105,21512.998224656894
80106,9264.761147248677
80107,24575.12822034005
80108,25856.113166641302
80109,16504.742339997214
80110,26226.423411066855
80111,11089.438455927166
80112,21449.37941663691
80113,31291.957702431733
80114,17415.58501517156
80115,26488.35770683839
80116,13136.029622592052
80117,19675.901041690013
80118,20341.098207302395
80119,21316.70868042591
80120,30559.41001423572
80121,23016.231319293634
80122,11481.230425597381
80123,24989.756636311802
80124,25984.981224212246
80125,12307.120385323631
80126,43965.58513589332
80127,12091.18167829178
80128,19821.414400487996
80129,15618.689453119145
80130,10079.354122378898
80131,39735.85257583747
80132,49301.333084863436
80133,17295.199269789926
80134,21216.985443867026
80135,29590.402657841834
80136,25813.244088051877
80137,27830.964461988973
80138,20840.31660288708
80139,22897.254168755055
80140,14995.03874089116
80141,17922.65272553633
80142,20993.491295828226
80143,19357.928192772146
80144,11647.939378472996
80145,14290.670933580479
80146,36055.407134280045
80147,14152.30806103414
80148,20898.86613458623
80149,21738.648613465622
80150,20400.609784098422
80151,13416.056909750016
80152,18443.6955429259
80153,38315.88340862072
80154,22589.76871755258
80155,34376.75847147542
80156,27008.861401278606
80157,43984.94561874587
80158,23132.971716346536
80159,10146.36108106372
80160,11117.114038264182
80161,21635.666180122666
80162,24785.840022636505
80163,13647.092556196483
80164,11625.612376882309
80165,32898.911318955754
80166,24840.84976752686
80167,27049.889786148124
80168,34234.24943946036
80169,20607.69665056233
80170,14054.491824836236
80171,27909.731002281624
80172,39454.11434289211
80173,30187.158444120076
80174,13404.818492260789
80175,14345.654191094967
80176,21701.324761109558
80177,25258.593266793214
80178,14518.543482846484
80179,32825.02783860193
80180,21226.626997273805
80181,31192.454809537314
80182,28584.666953526692
80183,29412.892221790917
80184,17482.262420844934
80185,67075.36332580294
80186,17712.828197197312
80187,8838.965929034632
80188,20257.831887177636
80189,39237.72915488888
80190,27404.602973550802
80191,22636.2660810404
80192,17244.535438652183
80193,28744.12884035552
80194,55053.18989886564
80195,16088.709298409754
80196,20416.478840411208
80197,15234.270982973383
80198,17139.34873063741
80199,19797.502950146285
80200,19681.156416513953
80201,22815.933178774438
80202,24926.70754102149
80203,26301.62825005993
80204,25448.028443425515
80205,16568.02180706026
80206,12076.175622747623
80207,13722.341051187788
80208,10862.215506091869
80209,14305.370026588906
80210,24512.1229118492
80211,22455.173393851775
80212,12099.090860476485
80213,24871.748792786653
80214,24931.43021176876
80215,9263.56454249335
80216,18871.972805116256
80217,11174.67748497967
80218,13634.97198690837
80219,9823.998597828248
80220,43964.42457148391
80221,17531.166571168564
80222,12023.401328517568
80223,73805.89004904406
80224,16880.69232106354
80225,45825.70702289003
80226,22517.40875036649
80227,20849.724041094458
80228,11079.963576294156
80229,31146.910365296113
80230,29309.350109514486
80231,23174.49083731551
80232,28939.452306120173
80233,26670.975597009558
80234,10014.491404310635
80235,45911.77856041817
80236,17774.627839199424
80237,20042.442129979358
80238,34652.32432903792
80239,10737.613952175963
80240,24926.493390617135
80241,10150.105005191685
80242,33655.37375407965
80243,21543.271741304816
80244,14368.08041727213
80245,27240.01242921913
80246,25371.606320055773
80247,17735.506273998304
80248,21161.965471318275
80249,14920.020378734333
80250,36359.43604369533
80251,26342.76524489823
80252,12184.13247433849
80253,18655.155470052465
80254,13763.009598998304
80255,10441.225299889571
80256,19300.844898929045
80257,24916.472134173084
80258,7855.972124670212
80259,16061.888582717353
80260,34980.58143892221
80261,13184.098422431092
80262,12706.820139662164
80263,19471.141049941667
80264,10074.843696724005
80265,30039.560238021833
80266,14087.534689310305
80267,27894.848184507933
80268,8308.097692402414
80269,19684.481884787063
80270,30864.063210021643
80271,29435.794977924717
80272,19677.240487475174
80273,13999.362612450323
80274,16541.666556681692
80275,14649.225362437535
80276,25843.66391384144
80277,20293.503320866406
80278,12901.364370753849
80279,23969.484708413776
80280,19903.355567750245
80281,18709.533740506562
80282,21412.92358722837
80283,17695.11564922978
80284,9902.66430129552
80285,41072.006077040794
80286,7351.990414910252
80287,18026.1745862777
80288,25722.92033884366
80289,16803.567958296804
80290,17714.788847024516
80291,36551.92313731344
80292,13253.620497060789
80293,13430.117341950743
80294,11909.748899027152
80295,22427.018272004956
80296,9543.258643858911
80297,18259.499736663754
80298,24902.293451127833
80299,33761.15383542108
80300,10766.040617413812
80301,37516.19764167007
80302,14047.556776652762
80303,13825.715867566834
80304,3373.5199838023186
80305,25875.622528136922
80306,10222.477804088921
80307,20482.666907682866
80308,20963.77948679867
80309,12838.744827499682
80310,18256.240433798648
80311,19996.84983694679
80312,26888.778918466214
80313,25043.165302959213
80314,18852.593172053428
80315,16778.12417201575
80316,12190.504029405069
80317,29508.00817711691
80318,22774.15123696834
80319,28258.445563701272
80320,31810.464206245513
80321,24974.01758639765
80322,14102.12495601809
80323,28989.48985443316
80324,47456.788737793475
80325,22815.278478194337
80326,56550.41047891581
80327,9006.619876912784
80328,18391.17052092587
80329,29453.21416553947
80330,32969.57735841537
80331,23567.032807894226
80332,26260.833255388254
80333,26856.30724302242
80334,18287.102243543683
80335,26916.82323407092
80336,22536.078822914194
80337,19561.6848161322
80338,17174.610635649733
80339,24378.45181977323
80340,13822.500816899888
80341,23914.042441088037
80342,21617.834427631176
80343,13550.737846915046
80344,28265.069720027863
80345,21749.258698403763
80346,22003.206112842876
80347,30858.38971500057
80348,18823.69078420887
80349,11894.347455955853
80350,22628.623102141966
80351,12657.24592599401
80352,48634.9308417102
80353,18944.65819727474
80354,18970.82177983022
80355,4640.28234949598
80356,28947.31005776139
80357,32805.755138198256
80358,44596.86035872012
80359,14415.28226539638
80360,44946.78381210864
80361,46008.074152983594
80362,7742.483490406494
80363,19405.580968694776
80364,19782.02672980204
80365,30487.199036215636
80366,46364.541000331854
80367,18001.883745986557
80368,30152.6652101581
80369,15508.174072178275
80370,17578.987846690845
80371,21973.341684760475
80372,28373.18204655186
80373,30658.266800089943
80374,26430.630199482737
80375,10904.331762580072
80376,18083.186075637484
80377,25731.693071522015
80378,31083.875148235038
80379,15413.018049332251
80380,22120.829890744746
80381,27483.836646278753
80382,20593.321820932673
80383,29732.800855311954
80384,12585.667798166063
80385,28360.255261855764
80386,43033.233650585455
80387,34231.27089178673
80388,26075.200126427662
80389,32628.92157117465
80390,19984.83523589453
80391,36840.46174716651
80392,18574.400131458475
80393,15413.881655345927
80394,14575.529885935655
80395,15638.114335253847
80396,34459.644687365595
80397,27164.965758974064
80398,18942.92070191793
80399,33877.59480634112
80400,15870.223671360787
80401,14717.47375251201
80402,25247.45552162451
80403,13475.107028399187
80404,31488.799577181548
80405,31495.574653125466
80406,32194.941226871633
80407,23175.269195541736
80408,32054.74344797313
80409,14195.45862106075
80410,18633.337589837458
80411,19555.97282008363
80412,27962.228602418858
80413,14542.104280381349
80414,27886.853715812318
80415,12830.224751028643
80416,16538.81915475454
80417,18914.219289772824
80418,19913.123617938145
80419,29915.204163242557
80420,17462.142389521818
80421,19053.855821553352
80422,13740.711288761775
80423,21592.930818170727
80424,10897.735955607302
80425,18188.720357899987
80426,7483.254682885914
80427,9011.645493609114
80428,14485.806822849292
80429,39742.75443873434
80430,11179.961416049771
80431,30462.901013163293
80432,8706.945535189327
80433,21288.920395019177
80434,16570.749587786395
80435,12444.318101607416
80436,17291.60661093196
80437,9483.906175517093
80438,65294.72104792005
80439,25542.27934678321
80440,60889.83658787313
80441,16800.278496292445
80442,13844.56286171045
80443,31539.74182299511
80444,29829.9615074694
80445,10450.614194910433
80446,33962.21008037572
80447,10497.211833989228
80448,13698.261565065626
80449,12505.249069295009
80450,13753.974081955583
80451,28375.532009275958
80452,11544.904384305406
80453,18317.201697132245
80454,9504.06347484423
80455,26989.832494587547
80456,21629.15119805561
80457,15966.417026687846
80458,25470.10606984318
80459,19155.98402148617
80460,16256.230699429254
80461,28914.785558328378
80462,25920.38889870259
80463,25580.58371352886
80464,16396.646707759115
80465,4890.566720982752
80466,3858.1775553271546
80467,31888.481844890426
80468,17719.649436077474
80469,12297.099851096946
80470,25650.84925500099
80471,17048.461824150058
80472,12692.397943878615
80473,22380.3503315219
80474,15675.090604530576
80475,12138.201764456453
80476,8631.550592473992
80477,22638.310086821206
80478,10801.380113569445
80479,24670.66660617144
80480,17465.067756009284
80481,20165.234819006844
80482,23529.973498171184
80483,18229.73094258943
80484,52702.71702604416
80485,21842.938983464053
80486,19043.65973638521
80487,11877.077180164788
80488,15562.514494537912
80489,9900.854572690758
80490,24524.892349397283
80491,21021.382387593076
80492,22985.623773231466
80493,23721.503627880666
80494,30070.42159741627
80495,23593.819919176065
80496,21065.480613994343
80497,10319.05865344339
80498,18910.979381627105
80499,23731.507957237725
80500,12862.169509117915
80501,20525.4067962108
80502,19734.321239019573
80503,26748.85678991979
80504,28637.407789221288
80505,10317.736965977223
80506,6314.491801597787
80507,18481.714692904196
80508,14382.786698622962
80509,42902.030939706296
80510,17917.617557776037
80511,64608.163488458944
80512,16260.02794396122
80513,45084.690188179506
80514,14561.071753258819
80515,41028.74549521712
80516,15729.882464477532
80517,13181.644441074566
80518,26939.71675327407
80519,32690.480973718983
80520,21483.644512652143
80521,24422.964458861894
80522,19056.9124050614
80523,15749.827092471774
80524,25528.30475515653
80525,28833.08090397912
80526,44075.36857778504
80527,29355.36259203167
80528,28792.978805382198
80529,25423.00547493793
80530,9292.594590424427
80531,19998.12047111599
80532,13514.404689949253
80533,16857.866638622632
80534,13963.780773703253
80535,22411.081462590435
80536,22040.52903831622
80537,26198.318107237767
80538,46113.2543256251
80539,35267.02497221943
80540,17775.281527479645
80541,27595.878994248444
80542,41451.07783445814
80543,23845.805448014027
80544,44885.85195968566
80545,13459.856046399245
80546,28668.13763246205
80547,26861.04534061106
80548,25658.071302223416
80549,13852.693403497684
80550,15332.952140277848
80551,20119.686448629374
80552,33363.94461027295
80553,10731.80732314024
80554,30616.106620753828
80555,28657.406587238118
80556,29539.594773131263
80557,27034.56373564296
80558,11299.235611796448
80559,18386.884932741978
80560,19285.9363693149
80561,34627.37038145677
80562,20123.78584913182
80563,19006.893695828563
80564,32620.173297671838
80565,11230.400247260412
80566,30577.09097241678
80567,12899.43862389337
80568,21632.901277695957
80569,12020.577518749622
80570,33398.869106643
80571,20854.533890980976
80572,10186.416357495456
80573,15785.427412519675
80574,18056.99985808176
80575,17052.60219111497
80576,26473.62649798148
80577,8688.895867678999
80578,29349.10525856216
80579,11913.369555373692
80580,15969.18705526086
80581,22491.534762262192
80582,13648.831250635749
80583,11282.74539966042
80584,17592.336692040997
80585,27639.97247475145
80586,26490.818228996413
80587,34003.05227978407
80588,21842.671968555245
80589,72430.43529991891
80590,30777.419798477356
80591,54147.25936666724
80592,24349.152130928152
80593,60399.8576595456
80594,15816.80958424793
80595,23155.73541543497
80596,9844.70039087441
80597,26977.761572519856
80598,21770.89438441026
80599,8780.499743959128
80600,64240.37169953102
80601,33891.258312679
80602,17891.694414137208
80603,13181.380821598532
80604,34560.31296819305
80605,13654.507588473356
80606,16045.705449864463
80607,18870.573803165247
80608,14349.613491232547
80609,28799.406211256046
80610,13141.083106678376
80611,48953.29574367808
80612,21252.703045869675
80613,16881.091413989678
80614,26770.55565044511
80615,31544.337638966652
80616,44351.43845580682
80617,14256.085525079952
80618,32984.81556333815
80619,18762.433610134634
80620,17738.430991802667
80621,23729.336285158905
80622,27723.239972809926
80623,34124.74502593897
80624,14012.173890790098
80625,18150.070706105733
80626,31565.698277244668
80627,13487.27433151449
80628,36594.17944589318
80629,12375.867243884957
80630,19523.615677082424
80631,47276.25942186635
80632,19910.115772699053
80633,28570.435158864744
80634,45808.60469987895
80635,22028.054750311767
80636,12645.729132497496
80637,26080.21934013006
80638,35152.59812913962
80639,11961.459631502716
80640,17703.58587414873
80641,29491.78938091465
80642,21261.671371744276
80643,16314.950417094939
80644,25554.656851649444
80645,59356.90392874703
80646,22589.76871755258
80647,25035.2045318337
80648,31195.898999034314
80649,18664.774929724874
80650,22345.155948205716
80651,15262.497180351646
80652,24586.451803574255
80653,31179.04625428154
80654,25911.4258239077
80655,21197.49457829574
80656,13262.55912574951
80657,27748.218486172445
80658,12875.772437213105
80659,50430.04690088269
80660,14950.373156319709
80661,10206.332816658809
80662,33374.27589517057
80663,32968.35532041233
80664,28626.311773364912
80665,10693.184330704942
80666,18832.283986864444
80667,24167.700008522635
80668,14514.687578050767
80669,20209.97430740244
80670,22925.936570303318
80671,14264.815432617523
80672,25307.04642888596
80673,23097.43583292809
80674,19593.53594540404
80675,13189.127366876819
80676,30910.485884380985
80677,13285.905468517234
80678,28274.13886570005
80679,11588.803585512987
80680,19048.41163495295
80681,34010.896387304645
80682,21406.7851029063
80683,41640.96862190427
80684,27316.77420934974
80685,11966.722509252826
80686,21526.83837426668
80687,24958.37360787411
80688,34923.71509296122
80689,11669.508507734785
80690,19361.777156790955
80691,33752.39263742745
80692,14765.619417720218
80693,18984.734772
80694,2716.6358263683724
80695,13468.368903266768
80696,12543.692164348542
80697,17186.379226331024
80698,26398.485224068627
80699,22057.42742476413
80700,32743.951220413033
80701,14771.00694630424
80702,13901.012836526957
80703,38269.758090553136
80704,32761.690628345084
80705,23399.516211309005
80706,10197.794066875422
80707,18973.660005932044
80708,14623.263608129271
80709,15443.018965172978
80710,26550.12865456492
80711,21224.634488523567
80712,18411.869544756584
80713,12097.447532437629
80714,29836.314575303368
80715,21619.04690710702
80716,18592.33736909185
80717,15971.195205505055
80718,33147.34129065724
80719,10707.97858606952
80720,12906.977038843605
80721,30572.714128685642
80722,7745.3460969706
80723,21105.772458941137
80724,15390.220810122875
80725,17926.56891676765
80726,24767.261210226705
80727,22619.075254322208
80728,19569.909808956058
80729,7674.70156194094
80730,15104.906671038623
80731,12024.47246768626
80732,20854.089614732628
80733,34161.98662695511
80734,23830.957655916554
80735,25902.70861443419
80736,15659.233586955414
80737,20044.249462364187
80738,32528.74825876695
80739,17225.94130061443
80740,23864.478728338727
80741,24806.870074413506
80742,17051.660329202616
80743,19914.129744603022
80744,35120.955822678814
80745,34136.15098516971
80746,47397.392024957386
80747,25792.147486824706
80748,26268.610524425636
80749,28532.863497118706
80750,56262.01173990902
80751,29791.438147701767
80752,10095.435840731836
80753,27878.14273751658
80754,28246.3757618906
80755,17454.269331414467
80756,16274.456560406197
80757,14604.034895486875
80758,13660.33300819374
80759,32255.678803037663
80760,20226.792825702876
80761,15014.867008339363
80762,27572.23258528164
80763,24481.93432973191
80764,18872.92267690481
80765,17825.60941345986
80766,14320.228045704069
80767,13948.221148256192
80768,11202.207992949214
80769,27861.0673595296
80770,32204.561953435325
80771,5720.260110941425
80772,20534.003521483803
80773,9933.85178487116
80774,26682.555686112642
80775,50851.573667724726
80776,10142.866152146496
80777,34205.76779951289
80778,21197.89015230639
80779,46915.264264099846
80780,28665.550527081374
80781,30823.391219532958
80782,36364.35059512364
80783,18362.024604806833
80784,13978.170725668075
80785,24389.599302283164
80786,19216.83769829732
80787,13633.535655953687
80788,17517.78550314612
80789,48869.33322470929
80790,30612.530831804674
80791,74195.82332552114
80792,11717.59596732866
80793,12504.877316411144
80794,29139.904401494507
80795,13215.992281460323
80796,22137.98233550062
80797,24450.5590853426
80798,13236.384216304848
80799,10726.491950829537
80800,20734.343647153237
80801,18344.16012497183
80802,34554.00570618794
80803,21753.414018187734
80804,14618.537693388236
80805,20256.202991402777
80806,20468.44672563012
80807,24478.573925190653
80808,64343.98193941715
80809,12522.205227280256
80810,32942.814694235625
80811,12224.45977993614
80812,29367.844430616555
80813,16366.645268980126
80814,10947.286376968337
80815,16836.644360180522
80816,35469.0716299923
80817,10728.145638632963
80818,9709.584967492838
80819,5670.546117032409
80820,11674.247034630764
80821,9546.890341146292
80822,21923.46689081204
80823,13320.256553831745
80824,31056.214312153697
80825,20219.562790327967
80826,15571.000717897445
80827,23628.43309001555
80828,28562.61055553575
80829,16539.85105490843
80830,15072.324268076287
80831,22428.952080341594
80832,10061.389751805895
80833,12085.671186951064
80834,19463.605546864248
80835,11263.710224325876
80836,20922.188549462342
80837,23825.256165151903
80838,28874.75019315917
80839,25543.332191866255
80840,25016.13964968554
80841,23000.55897728838
80842,54040.21079480169
80843,15251.55505381739
80844,7189.751458077724
80845,24256.096203171644
80846,17548.513890613303
80847,27936.807006845847
80848,30075.43115548934
80849,31387.372777516986
80850,24940.031981499375
80851,30254.91498514509
80852,28619.19109272489
80853,14155.391801882575
80854,20433.64743846495
80855,30880.352716919464
80856,16974.1598113185
80857,24400.121012919728
80858,11470.058031598228
80859,12353.435276946098
80860,22636.531636894397
80861,16312.642752215059
80862,24075.975230928736
80863,15823.914259819916
80864,17206.72258809598
80865,18188.008664268633
80866,18934.980768652964
80867,33048.700876380804
80868,14828.501651499699
80869,22928.47784059979
80870,17794.500877786973
80871,11459.310557303334
80872,14029.324489113276
80873,15150.110221889443
80874,31034.012530271502
80875,46638.11604619137
80876,23631.51172160431
80877,23306.477042296632
80878,20607.46931678521
80879,28935.118366413997
80880,16619.639407522176
80881,9065.830864007725
80882,23611.36010249887
80883,15456.65364940689
80884,14678.090193295937
80885,34659.413216350426
80886,13638.508604806902
80887,15175.074582672773
80888,11500.244091540786
80889,52829.21849316133
80890,19245.440102784534
80891,27009.50939084815
80892,21152.778791366596
80893,25950.25878512462
80894,47812.83335656866
80895,14403.58317601438
80896,22227.632020349924
80897,27987.763846297745
80898,13972.713620458562
80899,29912.271892206383
80900,9997.478538132738
80901,34380.021939070975
80902,19917.009854330845
80903,28340.38601588543
80904,34547.82463777474
80905,32584.24793473829
80906,10289.697624336712
80907,9737.859677330445
80908,56933.169308024815
80909,21583.725449127112
80910,39828.12731196615
80911,66196.2879750263
80912,24048.07536751415
80913,28106.78190652216
80914,35712.612839867325
80915,9750.647832719967
80916,26124.129252611212
80917,20861.051191237115
80918,25904.494556064656
80919,13152.160270866354
80920,22681.244227046383
80921,26427.941102737168
80922,18469.263433050695
80923,29919.288113346043
80924,27918.097559117698
80925,48419.6738853088
80926,12348.613245645543
80927,27369.347956715064
80928,31591.092442702196
80929,21930.176059813963
80930,14779.61914250454
80931,17009.756465168382
80932,64796.09543266686
80933,13471.987134734463
80934,18106.90427431928
80935,10788.258173700755
80936,15664.901374529394
80937,18145.198957887074
80938,29424.40484687341
80939,23714.159161152416
80940,30943.188380802974
80941,21144.781615087835
80942,10629.630754527234
80943,12385.265907169216
80944,36554.14422528147
80945,28143.381131227798
80946,21100.75091568446
80947,17444.71317744708
80948,13637.033908363366
80949,18325.595546700803
80950,46612.75485389195
80951,32267.225420754792
80952,28654.23394214976
80953,19624.653746626675
80954,11815.85708482235
80955,37103.698497986494
80956,13817.705335491428
80957,27012.631622237528
80958,29066.609228726793
80959,45123.00560176829
80960,14200.65467034349
80961,11168.576962753159
80962,48251.21960821648
80963,23057.09650950585
80964,21605.943526651517
80965,15639.394267804797
80966,12987.705041341542
80967,19903.052461463405
80968,21434.00948615939
80969,17052.025268268477
80970,20871.698094788495
80971,33195.24203845277
80972,17522.519973753835
80973,16064.456868723551
80974,24884.620122606564
80975,20419.088918630885
80976,13902.003470882275
80977,32312.10394776148
80978,26725.019497390942
80979,18817.359009710228
80980,22854.852453637868
80981,35585.53662278471
80982,23794.22143613663
80983,18466.675600076946
80984,13125.185447865624
80985,26612.495030150843
80986,14032.688395762734
80987,16471.410768257854
80988,46289.249655164174
80989,25368.71855023011
80990,11182.968851844771
80991,14248.960229552707
80992,13004.987660712919
80993,26936.92712522538
80994,24029.3296677888
80995,23188.447318931383
80996,47709.66888173306
80997,22042.57169446833
80998,21674.862043738103
80999,6601.160385646831
81000,43918.70187646414
81001,24964.85474991898
81002,15746.30104264381
81003,21687.56050996808
81004,20075.947077602814
81005,59126.041409681864
81006,39326.317035324515
81007,27589.102547865044
81008,13254.643906169935
81009,46828.78566511485
81010,18302.261166310807
81011,11050.412898862009
81012,11385.273509300745
81013,19253.01610634141
81014,36209.46258178007
81015,15235.239949793611
81016,19764.699682396687
81017,14104.771783740907
81018,18168.661292498997
81019,26843.70532333713
81020,30377.78027276378
81021,14042.204610291217
81022,12135.736629301406
81023,29333.486980023026
81024,12332.502060112969
81025,23853.47178904691
81026,9862.101253639561
81027,33013.42273273602
81028,26986.070431032287
81029,34812.55100096457
81030,16842.82321303885
81031,15826.26551667268
81032,20030.063381353106
81033,21263.423778294164
81034,20336.86582435143
81035,40577.298274743676
81036,13888.207957297296
81037,11098.272729841365
81038,29703.52219287426
81039,12808.052325518469
81040,13147.488193293648
81041,14095.333327525053
81042,18023.858834317
81043,17835.454355595313
81044,16703.221155027342
81045,27541.922942700094
81046,32329.33366389369
81047,35284.03271658374
81048,14664.195315220728
81049,30710.445481594135
81050,20247.29054623482
81051,28039.03840588381
81052,7321.5359706957925
81053,38966.3857521337
81054,15736.017129785469
81055,6916.071292027914
81056,7788.573615098488
81057,9531.569869775156
81058,16392.2687139002
81059,19696.11137361274
81060,19182.032486131106
81061,15633.999905613795
81062,13490.430810185175
81063,18744.276031256733
81064,12955.62479096687
81065,15371.419332324705
81066,27827.628161442826
81067,49100.82937482037
81068,47531.51248923702
81069,17491.39187433548
81070,21368.229733987657
81071,47902.14335623835
81072,17348.38046783046
81073,28090.569695664508
81074,64874.04192698224
81075,46756.29220771116
81076,39395.780653177004
81077,21658.37385677459
81078,32326.683721774425
81079,33293.743664505186
81080,50247.10790994589
81081,8364.83647011979
81082,22470.861235711203
81083,29728.323661305752
81084,35107.38965624713
81085,25645.92394238916
81086,22665.12617830991
81087,16221.027996327703
81088,11617.434827481826
81089,30430.19278820627
81090,25276.189959751315
81091,68816.43625258507
81092,19116.903998423146
81093,12214.452564335532
81094,18279.056617749935
81095,17645.140927633423
81096,21453.32734727496
81097,23280.67764059833
81098,22042.86697626584
81099,10783.211853665569
81100,15139.544683448252
81101,14126.060811806723
81102,20102.534579376872
81103,31998.393263475496
81104,16673.68750308622
81105,14084.124649638045
81106,28431.881199180014
81107,25432.58227334577
81108,11223.929299024847
81109,34046.70112403453
81110,18383.54117263085
81111,21922.549984773676
81112,21960.16773063667
81113,25917.736448983145
81114,30739.25604085381
81115,40973.22813984441
81116,14084.541960553772
81117,45370.5392945163
81118,27243.072440599433
81119,22316.987175800386
81120,16918.80809429989
81121,50120.649920824915
81122,18403.04597937627
81123,11415.26454203837
81124,19610.82594956743
81125,17060.50067272473
81126,9083.486811705792
81127,16729.147380801096
81128,15200.244590660419
81129,13436.55168465795
81130,16813.110107154225
81131,21674.447599170824
81132,17096.555260053512
81133,32858.02110773409
81134,40191.35305707279
81135,20677.181880878456
81136,21484.731601281463
81137,32988.355954348415
81138,32227.882223039207
81139,15982.74427926631
81140,10076.571097692908
81141,22527.90772462622
81142,36737.09217227104
81143,17482.201895544138
81144,23219.142298456554
81145,12951.725877219333
81146,17583.623601962103
81147,20903.020641527466
81148,22073.42901327784
81149,29724.7421788572
81150,32617.414326603488
81151,22548.31454283062
81152,16517.28659337123
81153,23063.587470083377
81154,12513.095670188293
81155,26212.404517357623
81156,30154.34254162324
81157,10774.814265356863
81158,16717.940923500573
81159,33620.24465460239
81160,25919.869659179174
81161,24957.377774205546
81162,31948.00443203546
81163,16755.6363101282
81164,13540.671327297629
81165,19181.44953653643
81166,20397.93376310017
81167,14847.117701348814
81168,14707.366631808363
81169,30541.244429143517
81170,10788.930172847782
81171,19115.685271701233
81172,25601.883290226808
81173,52763.5973854365
81174,25651.696162967928
81175,12331.955017093029
81176,31696.042690970153
81177,24128.589960166915
81178,30214.537250138586
81179,10880.33118772359
81180,17498.646335771835
81181,18274.015340014997
81182,31496.9814011374
81183,46852.78298855412
81184,14138.963807465236
81185,26132.307031893994
81186,15301.628348804534
81187,30544.231727369377
81188,14789.370372667474
81189,16762.30497802994
81190,20686.844395867818
81191,28616.213844232756
81192,8926.112920346244
81193,25984.433001508212
81194,25210.947803476905
81195,16859.266284073055
81196,23642.874028674963
81197,13705.043744345692
81198,13492.175263389205
81199,21630.861775144313
81200,16427.179194507004
81201,20884.475651262837
81202,20177.54814045431
81203,13624.51563157391
81204,20363.567687792063
81205,30751.470526324403
81206,15372.090917042142
81207,23455.071709620464
81208,14253.581060979031
81209,14186.741114763558
81210,15441.133855090786
81211,18714.02747102762
81212,25682.964930258706
81213,35849.265032093586
81214,32329.413844579027
81215,24651.320569201478
81216,29588.254772534983
81217,21868.098140731177
81218,22441.082412603813
81219,17939.85523678347
81220,31339.342060944095
81221,35555.55052565563
81222,32745.228132325185
81223,15083.454168556464
81224,19299.468977290133
81225,14284.60755261965
81226,11066.854972904433
81227,18856.084262436536
81228,22043.504979798756
81229,22176.640881371164
81230,13964.142493019124
81231,29027.4138462848
81232,27491.59729474634
81233,5044.10697471914
81234,26537.146227791814
81235,34935.12699608943
81236,26255.70129920354
81237,19332.24301083183
81238,11841.277572381614
81239,17472.92712932203
81240,21880.244268983795
81241,11828.375315668492
81242,16483.2406714902
81243,21663.99561229453
81244,19344.480518600623
81245,24208.946966052314
81246,24009.330610562374
81247,14678.426366444277
81248,19425.346318356627
81249,55328.501196290796
81250,26765.18771452152
81251,10530.569371267458
81252,27115.890100504028
81253,21760.218189035095
81254,32733.032200724996
81255,33413.20499920384
81256,25239.301942173766
81257,15554.92074130195
81258,18125.25939808182
81259,21139.2228931049
81260,25839.735445260587
81261,4881.876446372775
81262,10938.36293732395
81263,15005.669780110513
81264,30606.95624932612
81265,12629.583035114496
81266,20995.02230874874
81267,37937.74270437328
81268,54581.60994065222
81269,34662.94617044775
81270,11534.779951866414
81271,14827.418316439396
81272,16023.199884700092
81273,12920.001552197351
81274,12544.618977544786
81275,28330.95890433823
81276,20112.133464895833
81277,9605.304136991028
81278,9571.56062906281
81279,10169.55236935758
81280,29036.47007028642
81281,11812.47540120048
81282,28604.09644968416
81283,21868.03729640098
81284,18592.33736909185
81285,23279.92421511189
81286,9831.011914653007
81287,10327.084376949599
81288,18250.18799387368
81289,4590.783843570686
81290,20286.243293688658
81291,15087.359965223892
81292,17374.380672434687
81293,14513.138655771985
81294,10514.730698238267
81295,42253.042190488064
81296,14811.813874893402
81297,29576.319825286693
81298,14157.964780860331
81299,31194.119383683956
81300,30803.56032575433
81301,20104.12052309541
81302,27434.949246886037
81303,17880.827928553852
81304,10353.21906232096
81305,24258.92871090906
81306,33403.51613235854
81307,31455.523789874464
81308,16839.172360290937
81309,7856.26104465986
81310,25531.49089542912
81311,35774.94155424923
81312,27373.37958194295
81313,14494.798469851297
81314,57583.964714642505
81315,11455.054799676685
81316,13101.787442899082
81317,14836.14368316736
81318,51392.79234848951
81319,22846.62734702735
81320,18110.560964743432
81321,26342.76524489823
81322,73998.56895124823
81323,21522.964346700068
81324,20414.980216450174
81325,28035.68820865254
81326,13756.186001938653
81327,10030.440300753042
81328,22948.16632698583
81329,40174.45895763191
81330,47216.18982903973
81331,30329.747350761707
81332,46803.165732312766
81333,16935.434686280707
81334,60405.72548181527
81335,19324.040909119234
81336,17003.33621770549
81337,14780.797510773502
81338,20534.119619287034
81339,12807.3751683547
81340,33179.69570116765
81341,55719.37908248713
81342,14307.054063447686
81343,28793.26628304237
81344,15781.439684819217
81345,27641.168278626963
81346,20805.14466603855
81347,28215.53187855961
81348,15366.049508931656
81349,13007.737472772877
81350,13655.234768682025
81351,30154.34254162324
81352,21535.713517583466
81353,17329.474334812316
81354,21220.50398617849
81355,45524.94107486666
81356,28092.11694839765
81357,16741.19807577997
81358,29539.282043247098
81359,15111.926568160325
81360,8859.138139291064
81361,23168.508476137617
81362,14310.937044382636
81363,34828.92941503533
81364,12509.266981485753
81365,23986.086203743882
81366,17867.856351635783
81367,21592.963409954013
81368,15663.775481393703
81369,27700.96654948425
81370,17112.422428103575
81371,14210.755159670556
81372,28320.8464874046
81373,17420.487016850257
81374,21798.430077243123
81375,34792.25144326791
81376,24718.5800900485
81377,15323.962535496974
81378,13883.96688139798
81379,21695.916246064193
81380,12602.12670507312
81381,31123.004438282664
81382,18310.346528370188
81383,15600.066898919598
81384,17886.017430664957
81385,13417.018271787467
81386,22072.007751007273
81387,13166.924547328608
81388,11592.44540588971
81389,25817.74452249753
81390,9342.367603477749
81391,8729.065021670729
81392,22196.231507292436
81393,12583.01087360457
81394,12070.749939071695
81395,13900.577062901273
81396,33352.84790032357
81397,21294.786286967883
81398,17256.293734493185
81399,10469.815673261899
81400,17336.755024295344
81401,15025.007999899766
81402,17199.43890313023
81403,30284.968530471837
81404,27904.848751392743
81405,10638.760514377478
81406,33530.80934824102
81407,18391.343559169483
81408,19115.10531598086
81409,12774.516247975103
81410,16380.744695240128
81411,11883.079052193878
81412,16105.065362995212
81413,13868.892142122746
81414,14761.765411410937
81415,20171.672036647684
81416,49089.804621484465
81417,31533.413895744143
81418,28301.583673409346
81419,21867.768647196193
81420,29779.129869082193
81421,35982.93941051136
81422,18228.120487794986
81423,25288.629912419787
81424,10521.468790542847
81425,18114.39821615255
81426,15013.500752719297
81427,12795.207035052132
81428,10071.266332400168
81429,2872.1693823248997
81430,21066.779128834318
81431,15336.905719947985
81432,22355.644494162712
81433,21745.84356495774
81434,21161.036960148438
81435,28945.301193671225
81436,10885.218743417807
81437,15629.956925516959
81438,28274.20817498155
81439,4013.7849694477654
81440,21202.806724333772
81441,32371.2060890402
81442,41567.00793383521
81443,17172.84851622416
81444,15260.840420200188
81445,12876.09842298266
81446,11489.164573809967
81447,14861.699355022565
81448,14761.095750462082
81449,13828.707317931568
81450,9918.012273473607
81451,21383.064048919518
81452,10432.81073949487
81453,12691.041902360046
81454,18988.15908123705
81455,19266.11502875136
81456,10681.81060067686
81457,34702.504497511036
81458,11994.282139887482
81459,23678.037095363048
81460,26736.99952562937
81461,27099.553462625936
81462,12703.573795452747
81463,14532.91192010876
81464,13883.759438738887
81465,20986.96856413067
81466,21817.31981645629
81467,13104.493750524201
81468,32798.634861235885
81469,19639.940194598956
81470,39863.42222708413
81471,23396.691474658455
81472,10918.01535937448
81473,21495.388728955935
81474,25167.777623257705
81475,21528.776362901535
81476,13594.324357368218
81477,57760.98938317209
81478,27410.51600281263
81479,27854.1563448696
81480,25467.014586094527
81481,45370.78439196234
81482,12826.321182776974
81483,16242.134844218825
81484,5621.221791805104
81485,19334.58721024241
81486,30753.87709740212
81487,58617.51712839244
81488,47229.35620793857
81489,26904.718210076084
81490,15141.08699483817
81491,14525.500854400389
81492,16311.21574715117
81493,20284.44959022174
81494,10629.107594428157
81495,28862.617841700594
81496,18733.91609425512
81497,28042.178932934512
81498,21799.847644801695
81499,33256.93272370299
81500,34738.39383178263
81501,28675.95827641051
81502,29178.03223216242
81503,43622.62679014036
81504,24106.740088817285
81505,49259.22203599718
81506,32522.155875481913
81507,30865.409860406646
81508,30047.1049439678
81509,14583.495557634264
81510,21942.059121705086
81511,33902.009093409535
81512,36562.08342572423
81513,11464.793233675913
81514,15445.200645564928
81515,19271.26803898028
81516,47390.39227988943
81517,11302.26916502399
81518,12514.218979449617
81519,22127.67657546201
81520,32667.324998216634
81521,22396.772795883204
81522,13578.072334303792
81523,22258.190002552245
81524,20140.390972694444
81525,29315.64789329146
81526,26196.15134269578
81527,25519.599292447703
81528,20420.792948295646
81529,20644.411276805688
81530,9769.662531909127
81531,24143.50553542432
81532,42325.56486051289
81533,43551.59555040928
81534,16950.797587500256
81535,21337.015638295645
81536,31305.73728419204
81537,13760.014072755333
81538,11852.327251909936
81539,18963.65589944604
81540,23629.87948297569
81541,18100.170463023573
81542,27445.06083005679
81543,16542.307163711193
81544,18928.23181424789
81545,14198.821410892368
81546,21485.43370469514
81547,26645.849586955836
81548,14958.498600142717
81549,49364.283359492765
81550,14803.660845572987
81551,32154.60803673341
81552,16296.984633859869
81553,17949.64558841461
81554,45652.09547184097
81555,24822.948958817145
81556,33741.872099213295
81557,27525.56063632046
81558,21320.963453840617
81559,17781.104509092347
81560,31496.9814011374
81561,18357.8550767623
81562,13258.642486329309
81563,34068.91250853078
81564,22457.556653277283
81565,22464.889466556677
81566,23003.59607161236
81567,4902.266858382369
81568,17514.13473050285
81569,15197.870190395648
81570,26775.470210752635
81571,17423.774951850795
81572,33672.746413389046
81573,27381.372921964434
81574,31340.682913565066
81575,44732.45410117262
81576,24914.517836417544
81577,30113.794926427134
81578,21979.268747891732
81579,27876.9844351162
81580,44807.78399671651
81581,27654.016780304362
81582,12724.182794262195
81583,30159.505385638648
81584,14242.2021204117
81585,10591.599595066078
81586,59192.78508202075
81587,9849.603756970511
81588,27357.572505435237
81589,16966.58751399008
81590,27316.793699347207
81591,13975.851966408514
81592,20963.84176942291
81593,13362.281679143343
81594,9113.067162418794
81595,34356.86066492239
81596,22624.75736432024
81597,22202.898489152747
81598,11733.34819029465
81599,33817.0975782989
81600,19086.59569360169
81601,33306.95326859423
81602,9324.082008566938
81603,16330.86685752755
81604,48568.847075960075
81605,21370.358689325294
81606,10478.249870448675
81607,10916.806089026963
81608,19598.90012939244
81609,25354.405717131867
81610,11501.037138729449
81611,3447.901392473592
81612,20396.33077114474
81613,21860.80903648219
81614,28829.18300536226
81615,16514.1448323077
81616,35081.36336423824
81617,13875.675267041055
81618,15574.723101526188
81619,44705.7972447671
81620,17447.753892443605
81621,8582.66998231601
81622,21797.671182846163
81623,29176.895139733424
81624,19999.98276715365
81625,18676.57279412582
81626,13018.833656832476
81627,18297.020568716893
81628,7197.507178896886
81629,56759.0874550004
81630,25335.16880723804
81631,13899.344682424935
81632,55078.7337940932
81633,28781.306472148695
81634,16473.44405035406
81635,36241.72806661483
81636,13658.29739639855
81637,16823.180759435734
81638,35996.17008534567
81639,10235.130229248345
81640,21521.1868278555
81641,28831.602292795655
81642,24380.641656788914
81643,13886.936427408917
81644,20580.248547340525
81645,33415.895611334396
81646,28523.043087688286
81647,36019.10133081682
81648,20176.63063967955
81649,8347.252642988959
81650,31240.87126858248
81651,13415.836959703342
81652,28072.304891245065
81653,2690.9148853938245
81654,12120.46611557352
81655,18018.702852337334
81656,19837.545288225952
81657,22867.422777598007
81658,15164.35889508232
81659,33574.145316184105
81660,22817.583213942653
81661,14179.755585706856
81662,35876.22570117714
81663,15189.72093926489
81664,10241.90338330673
81665,21855.964933124345
81666,14711.335735690549
81667,32469.671052104877
81668,30789.428504829437
81669,28132.033704048506
81670,22420.06648083237
81671,15548.92754617273
81672,20890.269743481513
81673,25788.3549996682
81674,19652.395256434214
81675,17884.7622444723
81676,21923.72971439165
81677,54147.25936666724
81678,13031.039603686908
81679,22370.39474265412
81680,29348.687569594167
81681,18371.045879817048
81682,22725.64195619478
81683,6299.31501830453
81684,28963.849851776904
81685,28704.66060537973
81686,19756.99468223551
81687,12149.988706886383
81688,14164.541752513178
81689,9491.651865175534
81690,15024.040650747615
81691,36160.48165234404
81692,11525.079232253222
81693,27046.058189897652
81694,24418.77824178215
81695,29395.48586081274
81696,33884.96764049178
81697,27737.502600975437
81698,36808.27009136521
81699,16296.993581864202
81700,29325.128181728618
81701,16416.66544751399
81702,39613.129242838266
81703,17140.125165922822
81704,26672.31454410856
81705,21028.095232894688
81706,9586.256859296198
81707,17521.828126956123
81708,30741.511619725774
81709,33896.85689736151
81710,18257.11399186766
81711,19723.06024422041
81712,16653.12378422429
81713,25553.959743890693
81714,12694.048746682882
81715,29391.925942541162
81716,13096.205183587756
81717,31076.780750921163
81718,22254.37591128433
81719,8685.31016167211
81720,21025.340335449513
81721,28090.569695664508
81722,14537.130638196979
81723,35400.83010136885
81724,10621.922737200823
81725,31652.863523915872
81726,12121.37149847564
81727,38337.419764466526
81728,16173.471385609342
81729,30795.0147220107
81730,52951.55836180832
81731,27918.39662988576
81732,12637.862412544262
81733,15190.294893075055
81734,35497.85096983082
81735,14154.218225071207
81736,30322.056568032767
81737,15990.699818146244
81738,17151.661216300407
81739,12070.468172462799
81740,16462.459025208733
81741,33460.017172665255
81742,20249.778035821746
81743,31677.62372497214
81744,23940.858974674844
81745,32982.785546129475
81746,16440.654773754377
81747,11698.700041857537
81748,19772.210629734374
81749,26666.390750531194
81750,11166.350679517273
81751,38498.33873708377
81752,14812.364901567622
81753,33594.103997949926
81754,34022.033894037515
81755,20896.688177075634
81756,34413.73977946852
81757,14041.543693925341
81758,18930.03158619685
81759,26852.99049483926
81760,14040.362434238124
81761,53863.79526898814
81762,14500.157391584762
81763,13116.211436744477
81764,19677.77554876085
81765,27452.553110009787
81766,23815.121672194575
81767,26660.64588291221
81768,33186.12001729608
81769,16676.128051068852
81770,13756.749056186532
81771,20027.690535802452
81772,27819.249485644505
81773,31496.9814011374
81774,16979.626124054146
81775,20599.701425426338
81776,24074.458032741324
81777,14455.60112566249
81778,24250.466360159768
81779,21529.18214180214
81780,15803.414320711097
81781,12423.49211875505
81782,29785.314138929825
81783,38681.08462569015
81784,10148.64397945194
81785,15655.73292488708
81786,13618.191457641544
81787,20714.080230231324
81788,8057.8085581830765
81789,45997.73110935545
81790,16050.944476094923
81791,29706.532420871285
81792,32494.663802309224
81793,14664.744371607674
81794,19662.97772803867
81795,7810.326621828844
81796,15540.349278116135
81797,14404.260135865632
81798,18919.053559381722
81799,34568.573211525174
81800,18578.986603753223
81801,24396.430014739082
81802,18333.943926918477
81803,64582.08533759647
81804,18448.419306567706
81805,10833.989575029907
81806,16599.134001854458
81807,22589.76871755258
81808,29132.256125579668
81809,30744.791601443016
81810,44067.54768026514
81811,16693.377805547847
81812,38572.58699472843
81813,26297.67054732743
81814,19238.077927034785
81815,17273.48750714849
81816,16050.529003379563
81817,21288.103001518895
81818,30428.43588826605
81819,18204.375120818262
81820,14501.799746394783
81821,16024.080199510987
81822,11108.24591522778
81823,8840.22143005455
81824,17513.604772693478
81825,16877.96743717757
81826,41937.02252559103
81827,16264.023051992803
81828,42392.51006396314
81829,32987.079641891396
81830,34995.46775985518
81831,14124.390729000412
81832,29061.783075851232
81833,13772.851237322417
81834,28379.048141358642
81835,18086.958840018317
81836,28098.258027819003
81837,12711.901811674365
81838,22127.778079500597
81839,13178.759092988135
81840,25839.379581793724
81841,28041.32030644191
81842,17710.052323449338
81843,9933.746788625065
81844,4732.623183365093
81845,21590.7859032618
81846,41807.87307460153
81847,11550.694931308091
81848,33466.228539045616
81849,21648.90538758283
81850,17506.386463758252
81851,29756.7492780791
81852,11077.534837082389
81853,24830.976950157405
81854,26247.36384759429
81855,10933.022280995165
81856,14073.96049400135
81857,40578.20692727962
81858,20367.73873383431
81859,36434.20682057776
81860,22182.323844794922
81861,13729.035540511295
81862,22701.61742374476
81863,48387.21185221163
81864,14072.014064597632
81865,26744.0136838653
81866,48596.590495951496
81867,15585.155164106043
81868,25667.914194474673
81869,31900.426906286313
81870,11683.535278774565
81871,23017.24513444687
81872,25160.112789372688
81873,24513.592568280965
81874,11312.928283286295
81875,14109.138839129979
81876,21489.8747480793
81877,15266.898413329236
81878,9288.905098010924
81879,23780.009891144793
81880,21797.72166396813
81881,25045.466055618956
81882,23644.163930148734
81883,32579.949896373462
81884,20539.836152985077
81885,27031.947088904948
81886,10870.22771628453
81887,23189.49000927983
81888,20891.149084270302
81889,31905.38333100172
81890,29610.170784807007
81891,14196.458057154628
81892,21623.897881550867
81893,31197.34322635709
81894,15673.249174896238
81895,18984.64277737963
81896,15864.506883954931
81897,28301.761806493236
81898,75415.31556960198
81899,19064.144567393647
81900,11872.059914491205
81901,16165.432269307521
81902,69133.94168857856
81903,15781.60231659951
81904,33658.25304725364
81905,13836.106971880003
81906,15735.326048590116
81907,33646.68816583228
81908,12056.805200468023
81909,7714.583818122426
81910,15151.938549770868
81911,17524.80472322316
81912,4135.762341337049
81913,18496.650494965477
81914,6577.677494629407
81915,27142.801260874872
81916,32551.975995576853
81917,28465.311931520122
81918,14137.102476245711
81919,16574.41573393186
81920,11845.159083295679
81921,13562.995376380652
81922,32033.568014145116
81923,13352.16468365062
81924,21031.3767592247
81925,27747.901848248468
81926,20528.260546849277
81927,33751.74997010852
81928,20825.029951247725
81929,28721.932407007153
81930,18679.002668682413
81931,40491.21621172015
81932,11352.43377032682
81933,14996.183522670424
81934,10358.417451232463
81935,35180.36472207339
81936,7666.787953561679
81937,28633.076836848068
81938,22545.701256069104
81939,59538.83828472848
81940,22597.667146138036
81941,24073.14568016719
81942,13724.56955428975
81943,38074.07218495694
81944,14877.25390304616
81945,30933.523311347002
81946,25248.513802407317
81947,11214.676515184072
81948,8925.262122464332
81949,12742.743363007505
81950,17776.463669842993
81951,11781.897603445856
81952,7921.791512808346
81953,10917.428052837695
81954,21438.949790424667
81955,15596.345784879995
81956,12346.129940270841
81957,24533.160593753473
81958,28638.5880127635
81959,8530.843678480986
81960,30632.54838972208
81961,15019.438115984934
81962,14115.543108666405
81963,29000.324796748926
81964,21051.381776664228
81965,29401.88378395315
81966,14580.68554581238
81967,16769.802803492188
81968,18296.281078907603
81969,17700.21624546642
81970,21821.73030042084
81971,19416.865615992876
81972,9949.729127285082
81973,17353.80120309931
81974,27217.451146395368
81975,42477.49377654579
81976,30720.706676967715
81977,5773.743950688297
81978,24526.67506589713
81979,21781.650243967433
81980,18011.49119440741
81981,41504.88436311794
81982,27510.266998472827
81983,10947.979141254284
81984,21346.84254492258
81985,25925.057100703045
81986,25839.379581793724
81987,39509.58852364538
81988,31381.595687946457
81989,20396.091134223047
81990,35695.03118410789
81991,13997.159824582002
81992,29084.364616923413
81993,29866.584740880182
81994,12307.341452468829
81995,16134.837436964424
81996,26123.610526399465
81997,15358.528687873935
81998,13617.51567299508
81999,28252.89208107708
82000,22277.914769926458
82001,24094.650090669147
82002,16357.430569022328
82003,15383.132107615133
82004,28239.354080177833
82005,14813.241643196085
82006,12579.360405137855
82007,18679.736629329767
82008,45843.84801538174
82009,18476.699836622476
82010,16270.577551942966
82011,11027.181836297315
82012,31905.79613100887
82013,20193.530780678975
82014,26248.36189058276
82015,15598.651252136642
82016,13142.4002602993
82017,25284.67739085589
82018,7859.966146362121
82019,54147.25936666724
82020,15066.440094844893
82021,17740.226222761135
82022,35674.41912065827
82023,24488.185411727252
82024,62875.194964792434
82025,16943.267953573537
82026,16611.82106163315
82027,22324.820631834333
82028,23188.447318931383
82029,17269.670234415866
82030,15170.32495793569
82031,20643.907605157547
82032,21769.587749848113
82033,25232.90791622009
82034,19471.097281975726
82035,15320.767084072842
82036,25650.324390214526
82037,12800.11915527128
82038,27449.03739677815
82039,20991.263559400464
82040,21789.335726413927
82041,36156.04447231253
82042,15285.76882542285
82043,25166.666146178544
82044,17169.052435111644
82045,16917.94738352163
82046,49334.42775211882
82047,42464.78483481245
82048,30559.229885697674
82049,33681.609318550785
82050,35523.304171787124
82051,16240.38428382497
82052,20952.1838991738
82053,11234.48968482841
82054,19155.84717595528
82055,10355.621999842493
82056,33865.28030232774
82057,27543.39708874187
82058,10296.836648457127
82059,20388.301088865766
82060,17533.259237010585
82061,24603.019496312732
82062,22217.54089850283
82063,25962.82765633057
82064,16534.076991247395
82065,10437.926479554539
82066,20489.808930811367
82067,46722.741470089604
82068,10533.081079290563
82069,18086.716752386284
82070,13181.825288811464
82071,22704.649405876542
82072,21496.7249678149
82073,12920.161333790087
82074,19287.931618268347
82075,15232.412925816994
82076,26829.082194747454
82077,32139.181439734293
82078,18105.198056013374
82079,18733.55964188875
82080,15712.835453187181
82081,16456.521126431187
82082,17964.222914170896
82083,30657.00219033491
82084,19029.78016077108
82085,16422.34268504394
82086,18446.73849916891
82087,17925.232153561064
82088,35039.389693892444
82089,13572.123436165899
82090,10630.478253155108
82091,20449.886525826965
82092,13121.051516361335
82093,56506.27548237536
82094,13485.455328201639
82095,32825.02783860193
82096,25944.89340004351
82097,49091.5701660944
82098,28759.25006072247
82099,35988.58071765017
82100,30886.296602611004
82101,34413.582954152305
82102,20171.556866228806
82103,13762.70670593758
82104,9943.312628594802
82105,17334.60087791795
82106,31274.483201186096
82107,18421.976621583402
82108,20129.643919590908
82109,23248.931578734984
82110,36870.9195005751
82111,60326.438764513594
82112,23382.9903479866
82113,20656.197079971404
82114,29365.47876554968
82115,12129.87265725387
82116,26444.953198702486
82117,28099.657187384517
82118,19333.302932588398
82119,18140.842301812514
82120,16570.672092273206
82121,15719.063655063077
82122,23188.447318931383
82123,17763.501193190066
82124,31933.97498061566
82125,7531.736242798544
82126,17601.808327651946
82127,28404.5232382399
82128,15407.247106913675
82129,13902.726158317084
82130,14721.527992437288
82131,16438.911526779717
82132,27372.589057027795
82133,43287.10235483162
82134,18784.840185781057
82135,20295.58531857764
82136,14943.51061469912
82137,13129.865991400753
82138,28615.666077949565
82139,15836.052362619359
82140,10792.211201112083
82141,11688.372894226435
82142,23083.772030679716
82143,33096.264764379084
82144,14548.75741558736
82145,19742.18370970744
82146,33584.16030609073
82147,23570.034620077102
82148,59531.415341537766
82149,15177.372167804873
82150,41328.624419504944
82151,14233.548388893982
82152,27256.944468559188
82153,13602.617671331202
82154,24590.809602297508
82155,3390.8510172931233
82156,74393.56433052756
82157,22171.2232988467
82158,23105.668360225412
82159,23653.532177027737
82160,50443.47757918672
82161,11330.349570273585
82162,46023.28526719582
82163,12084.73413066196
82164,30028.263520861132
82165,23633.746016858557
82166,13588.970074220653
82167,22016.298914499013
82168,15722.50999595679
82169,17635.424851478387
82170,10870.517905708437
82171,15604.49266231333
82172,31146.910365296113
82173,30197.225378720726
82174,10028.167155807641
82175,14285.6781118934
82176,21778.769217631398
82177,15065.059830358769
82178,17389.190690904623
82179,38980.97908296771
82180,15681.673832887116
82181,32828.39774642732
82182,18371.045879817048
82183,15464.806613335624
82184,30675.349707152454
82185,19118.379423844024
82186,28216.169257813737
82187,15729.286061101007
82188,21646.343517673085
82189,22763.455990541457
82190,27966.250303056328
82191,21183.825478258866
82192,48812.72120780854
82193,20001.74543367081
82194,14559.252991654479
82195,13428.036269019756
82196,14196.203634050797
82197,43868.618030887694
82198,15016.987622956402
82199,24280.620399181513
82200,16880.93916714866
82201,18845.15877909417
82202,21001.30065740154
82203,31154.898596163028
82204,11810.356989900833
82205,13306.90554361472
82206,20002.52110510644
82207,24244.21295832202
82208,8846.182337761606
82209,14878.852708693621
82210,24787.492960914
82211,39079.66868178518
82212,12317.641270666647
82213,21589.901737036846
82214,43884.830038834596
82215,11622.813605523786
82216,20182.122024130058
82217,35062.22183513685
82218,27367.46637510217
82219,20077.746151579155
82220,13856.540325030212
82221,10557.868023931263
82222,17951.048286953177
82223,27628.273513729884
82224,21136.54053500731
82225,14034.328936277852
82226,12096.03982904654
82227,32825.02783860193
82228,19278.578766509247
82229,28029.737007832875
82230,11952.123133098929
82231,17004.63422523559
82232,3404.5371403890167
82233,15887.085968132527
82234,19955.51687434917
82235,45675.49282592208
82236,43654.39738754015
82237,23776.194026960806
82238,18605.88380545072
82239,28745.93910798325
82240,22665.12617830991
82241,71451.94510439386
82242,21316.595113769206
82243,27776.311121909905
82244,16842.667139430378
82245,30978.38586707803
82246,15969.053455551883
82247,19475.767542987676
82248,30402.762685651116
82249,28958.72888999974
82250,16589.42219118987
82251,13341.117089595013
82252,10598.106777673864
82253,77166.7415287545
82254,31644.295099261
82255,16194.100774254777
82256,74483.28355139175
82257,9245.057149336391
82258,19773.046368956875
82259,29307.629297891937
82260,30052.51622240793
82261,10544.342304054155
82262,8810.441592069536
82263,10612.925848722341
82264,13245.77907978215
82265,14076.182156645493
82266,13258.562941086171
82267,15340.14305431748
82268,12294.948747002876
82269,32991.16830765319
82270,33704.55438675665
82271,17878.62271686066
82272,24509.961207425804
82273,28996.1188453438
82274,22370.1666752266
82275,10258.050528761316
82276,11473.468705386998
82277,41078.95641041258
82278,27783.61357313848
82279,15876.218925895468
82280,11353.766036536646
82281,16744.649128705583
82282,57192.950317910545
82283,19999.43468638381
82284,40082.66708922701
82285,24067.121991635817
82286,21989.24909215735
82287,14408.200125107964
82288,22027.552366426164
82289,38132.20228880425
82290,9644.933618568364
82291,14287.495592892094
82292,21170.412763733446
82293,7856.624634646241
82294,29000.460268662682
82295,21963.358974167688
82296,27672.10295312525
82297,16600.25755660961
82298,10159.454672155882
82299,21833.39032964149
82300,19375.172380246036
82301,16147.804004273657
82302,24594.398277863
82303,16272.004269313244
82304,24727.960580104856
82305,17926.20667179769
82306,16236.884776181154
82307,27950.811481900357
82308,13170.008299019093
82309,16415.001449314022
82310,11263.420031678335
82311,33245.34078134336
82312,33391.99659502982
82313,53858.57597097206
82314,18053.71708366738
82315,18922.06480723404
82316,21138.745074893923
82317,19186.067982506363
82318,17792.30697019082
82319,22451.412042543627
82320,17293.138178916946
82321,14867.500317738102
82322,15203.372497887032
82323,16299.733712705625
82324,32657.52760088778
82325,10637.49932551828
82326,32265.36410961726
82327,20542.21384005246
82328,14519.622579166286
82329,20160.28978566468
82330,17603.82132028579
82331,14333.828933619667
82332,33768.92834326447
82333,25984.675425293306
82334,21739.09666500126
82335,17023.606236975047
82336,18073.71061680666
82337,24931.283630071215
82338,21212.198706457428
82339,21782.9625493086
82340,31076.780750921163
82341,28266.522848950328
82342,20850.23201310496
82343,27999.287276302835
82344,20788.551812767728
82345,19783.657842660585
82346,8843.958482220622
82347,28850.01682843041
82348,27859.496977297833
82349,18224.85522165846
82350,26750.80282282684
82351,11320.753853143142
82352,15902.272474640878
82353,28598.044412405095
82354,8561.226788870727
82355,29957.50932096439
82356,13049.130385215172
82357,21925.133354729816
82358,24464.30054723955
82359,20672.138490345318
82360,24822.197426277955
82361,27937.755031353114
82362,24622.345311021138
82363,15787.058332776382
82364,8155.952252262518
82365,24894.019896477166
82366,17134.254800148112
82367,13450.686624707896
82368,19305.565589635076
82369,9489.030751761606
82370,18394.762863568136
82371,25345.190498082193
82372,12866.832710427761
82373,24845.96391703805
82374,44455.51044050069
82375,7799.593740899806
82376,17702.663008568266
82377,12220.182350635592
82378,3866.2727877706843
82379,25931.547186323616
82380,7110.708595023596
82381,18813.20180839316
82382,34104.57179873363
82383,33026.6016623378
82384,29171.023434550854
82385,33101.23857107386
82386,57678.28915899433
82387,26727.198541093865
82388,12898.71515396319
82389,40282.90339850865
82390,32502.238746826388
82391,18202.953092137814
82392,24478.880407923094
82393,18652.19923399046
82394,41492.464192065025
82395,16558.745105695132
82396,14195.67256826883
82397,22193.272617551316
82398,27179.38788413625
82399,30562.862311565652
82400,22867.461988336603
82401,11552.398861160062
82402,30393.19053432816
82403,75349.16766078255
82404,27281.131727752483
82405,14148.632429710477
82406,34566.36502723298
82407,15096.588490657192
82408,9090.663155939219
82409,16168.727010844732
82410,12918.521294675505
82411,11304.26394222527
82412,16482.661167488288
82413,9231.417159329923
82414,10531.187356727165
82415,11750.662777697204
82416,7033.945915486686
82417,10518.095816806313
82418,10117.738032038164
82419,11811.411715896222
82420,14697.09406616308
82421,12839.176696221102
82422,8543.134642797468
82423,9958.001119105977
82424,10113.150314597855
82425,16202.546098561068
82426,7254.166475263928
82427,7040.714540002161
82428,9201.28243354106
82429,16147.526336326411
82430,12166.1063361891
82431,9728.246639893223
82432,6244.2676038131
82433,7910.518887034662
82434,10790.230590367522
82435,14364.307578167532
82436,11834.648701704627
82437,14015.0099225811
82438,22879.64402501734
82439,7354.084468678248
82440,17177.823003968013
82441,12031.14675422722
82442,7403.10903075802
82443,8341.224957840346
82444,8530.153688865525
82445,10320.523132497046
82446,7160.867760436429
82447,7028.164553253104
82448,14492.23952290475
82449,5730.402259716697
82450,8566.911310394105
82451,15355.360880888014
82452,24310.500175471112
82453,13228.468573070473
82454,10677.661980381527
82455,28335.99464582233
82456,11393.248543845544
82457,16052.773834892192
82458,9969.004799932842
82459,7891.3069914015205
82460,17462.044812053922
82461,11403.51579011996
82462,13068.850950488608
82463,9247.65920908747
82464,12948.262041746852
82465,12121.013466213273
82466,13460.851953368401
82467,10905.37819180228
82468,21631.993613110753
82469,12297.431872585004
82470,8665.301780856826
82471,12414.921635438737
82472,14106.623333861053
82473,22319.588507962002
82474,9193.554425555936
82475,19010.049462900126
82476,9025.29070127957
82477,6130.207141328903
82478,9234.481161151765
82479,13384.094342776587
82480,7054.048692407684
82481,8776.870284430108
82482,21497.197806753346
82483,17421.863703550138
82484,12878.302461970568
82485,6501.365249445892
82486,21885.479121939854
82487,11555.43662532691
82488,7191.678861567512
82489,6752.364919158747
82490,8976.434309013926
82491,16112.66183602725
82492,7568.52653914021
82493,10540.876553213453
82494,5182.441018856446
82495,23493.834607248486
82496,10325.64584026027
82497,13535.300918563195
82498,13098.117373611725
82499,10976.784403937618
82500,13687.077382028028
82501,13256.330905435736
82502,6689.195570450088
82503,16719.565036527914
82504,16140.879411805954
82505,18049.627879295345
82506,1344.4385143749266
82507,13604.444192222338
82508,8021.578122798364
82509,9588.047149439635
82510,9883.198873093766
82511,9776.829528923992
82512,7964.532502556056
82513,13680.059684723281
82514,8846.774373353026
82515,16661.466452297467
82516,9969.559429029041
82517,5056.0841677318185
82518,12411.826752988169
82519,13771.721284401505
82520,11194.422664705362
82521,15338.811134257518
82522,10626.059152637947
82523,11015.484648220036
82524,20682.561325027847
82525,13132.590097850916
82526,12754.779325448651
82527,10923.616289916272
82528,7946.308662510434
82529,9221.902410302526
82530,10170.671374733092
82531,16156.904928930118
82532,14092.912985646153
82533,9405.13731965035
82534,15901.044834492195
82535,10591.722072960267
82536,14764.24752275336
82537,2574.5464420166318
82538,11073.491562795072
82539,15210.361399292682
82540,7504.517588517067
82541,17707.954883731334
82542,5466.027461307226
82543,10564.24665687034
82544,9301.644683376815
82545,13494.740530843115
82546,18612.553738661478
82547,7622.695569049238
82548,17495.272800588635
82549,10552.741074023343
82550,9076.483746553316
82551,8448.660574409661
82552,13323.973131487492
82553,7852.600975447539
82554,17496.293335794595
82555,9007.032986289803
82556,13434.174827777391
82557,10158.91123436812
82558,26937.34406182463
82559,16021.247536403771
82560,14259.623411651084
82561,13535.745113771602
82562,17835.780002167747
82563,13085.62495566844
82564,9969.406117648397
82565,5749.115765055461
82566,10085.861638549908
82567,11957.083092860126
82568,27158.954884408697
82569,16329.339044971844
82570,12246.730000049893
82571,10092.26039964816
82572,9837.073606534172
82573,15578.950403442723
82574,5939.318675747906
82575,15704.759610771936
82576,19296.03274902666
82577,11745.297692944183
82578,10161.998258734739
82579,19152.337836703395
82580,7632.321328600446
82581,15836.401213821446
82582,11998.899116626719
82583,8263.237676977207
82584,7768.955457632055
82585,11622.869902532637
82586,10866.570520871872
82587,15712.743415841194
82588,21829.725270184543
82589,13223.640117596646
82590,9307.13716119714
82591,22143.54004973968
82592,15806.866079348452
82593,12622.850132232395
82594,17691.00437930446
82595,19182.601039483023
82596,9132.727159596452
82597,9939.02219218134
82598,10507.728477323646
82599,8014.0111254712565
82600,16202.546098561068
82601,7127.149730975761
82602,13730.169693319738
82603,9767.231342791409
82604,12829.788598111356
82605,10817.173055052937
82606,18322.441692350934
82607,9149.387448702666
82608,7662.049179220144
82609,5721.079781785381
82610,7184.446136217576
82611,2513.8600407555364
82612,18453.676620495997
82613,14798.273001789888
82614,22029.96667114807
82615,4547.68126345898
82616,13690.79435202509
82617,16354.243103199791
82618,6980.63246765051
82619,14252.405751201253
82620,12579.0794060499
82621,10747.860691098938
82622,7618.815327267228
82623,10628.488227159904
82624,18519.087364876646
82625,16450.842336072597
82626,10585.317096654297
82627,10864.52419817913
82628,10485.061183313419
82629,5600.907234942551
82630,11776.710885095566
82631,13068.292567384447
82632,15750.898425781335
82633,9706.514497069946
82634,6665.317627010284
82635,10789.306541102856
82636,1334.2496711912022
82637,10631.130606991632
82638,10015.214329320735
82639,10653.709934209455
82640,7539.333728785527
82641,16744.051583604025
82642,17244.353199521414
82643,7624.87119043025
82644,13520.270615174733
82645,10976.132103614313
82646,10665.964339788763
82647,16552.39208299645
82648,13646.247296258112
82649,9082.453995451655
82650,10324.715567232612
82651,8609.123655172052
82652,9059.150800342499
82653,9290.999203019866
82654,13550.889815764665
82655,9526.249280304837
82656,8989.598371311213
82657,2284.6890086360177
82658,6386.000020106986
82659,9428.184528868835
82660,7565.561238370289
82661,9825.795943404637
82662,7517.929796739345
82663,13433.439784243057
82664,18063.599229686944
82665,2590.226363297736
82666,15468.999319679153
82667,9937.749787775025
82668,9889.177287245375
82669,13425.76088414903
82670,16940.02725165219
82671,18231.481618807644
82672,12704.61824093464
82673,10675.994981936721
82674,13183.25117966904
82675,17333.57396607299
82676,7189.247466023864
82677,17191.114635564514
82678,10552.595958377215
82679,13467.743388683435
82680,12615.049311056231
82681,9949.094730572306
82682,10616.373139046234
82683,10212.138763593644
82684,11216.315249499468
82685,9706.514497069946
82686,7844.903335452007
82687,28660.95596747337
82688,10297.471175256416
82689,17233.956786628318
82690,25540.95451242546
82691,11943.54223936642
82692,11702.581562891388
82693,10623.984666688457
82694,10920.677108989132
82695,13475.938318625493
82696,21992.9267280466
82697,15884.732407671523
82698,7231.62341782018
82699,8060.884308337772
82700,13540.043855993792
82701,14767.2634503698
82702,17929.337590127972
82703,11580.318772735794
82704,8840.00635742026
82705,10544.978831631714
82706,8000.209828173093
82707,7332.863076927218
82708,16801.47289039698
82709,11452.633838091364
82710,12446.722072015215
82711,9030.525737850323
82712,9333.054141461682
82713,10902.69662181807
82714,16882.159830110057
82715,12468.103028349911
82716,10897.555480511523
82717,16836.559923485158
82718,6450.716902813424
82719,16129.05587858144
82720,8595.78805882068
82721,19885.502238755944
82722,5891.958212374344
82723,13682.615548670781
82724,11232.724217197574
82725,8865.846018494216
82726,14142.98960387306
82727,18988.142816861484
82728,7314.916495311873
82729,1956.7710734771026
82730,17205.901413893043
82731,15977.344329365964
82732,4704.672586741396
82733,10645.402306845504
82734,15227.05917547061
82735,7891.907162845522
82736,5111.085451048433
82737,9681.88834422013
82738,10484.437561532344
82739,13716.310125078027
82740,10354.385212449619
82741,6475.28556036956
82742,7163.550620821541
82743,10638.602586343291
82744,10880.912108501552
82745,8295.679846800631
82746,8157.523342796043
82747,10413.88773770606
82748,16186.333763622764
82749,5141.335727348614
82750,8965.688895755722
82751,15550.168980966546
82752,20584.36247755523
82753,9675.027508280766
82754,6519.321827821051
82755,7874.378800204424
82756,13819.521784504097
82757,11637.509956830523
82758,9903.021018297219
82759,13221.886043750386
82760,15622.183709055542
82761,16317.426072882134
82762,26402.34931455139
82763,16415.254697198117
82764,9706.514497069946
82765,17446.580664065943
82766,17464.879521271076
82767,8790.256135203508
82768,7895.955500041499
82769,9337.62450783663
82770,7435.033757264837
82771,10877.83407473635
82772,9744.681934236503
82773,12996.10171544167
82774,11039.53076122421
82775,11719.306504290464
82776,10632.094191771841
82777,14828.621212563785
82778,9094.352284614904
82779,9670.03941276161
82780,15985.65843823981
82781,13623.758638526628
82782,10536.39629384654
82783,19454.185663517514
82784,11765.90176475731
82785,16922.600760359106
82786,10104.049666050592
82787,19310.653354237857
82788,19686.19768415515
82789,15832.270781750736
82790,13570.512509780128
82791,6640.251286212426
82792,10282.139505249283
82793,6282.732915737562
82794,14432.555206338102
82795,5867.57941211214
82796,10358.755674495716
82797,14494.555762561185
82798,14157.517785352062
82799,5323.7691718921005
82800,14224.03239378664
82801,17717.34923576197
82802,10646.459481514941
82803,14044.35716500628
82804,15486.347682242827
82805,16657.095664224435
82806,15863.567600158045
82807,15760.271027514053
82808,17100.46099892173
82809,19976.446493099804
82810,5573.5301429960555
82811,11277.518814759293
82812,5980.775073544683
82813,16596.56610717107
82814,15326.383721363456
82815,14931.079010651323
82816,16190.909946437954
82817,11197.136761445754
82818,8840.095045051929
82819,8688.587468592465
82820,19089.416360235293
82821,10881.045361363778
82822,20126.893954131858
82823,8261.709160302036
82824,10970.286057386276
82825,15044.31725905986
82826,7438.411103966065
82827,7004.798191547488
82828,6286.219736282108
82829,10751.349168772755
82830,17826.084163030802
82831,16928.099796793453
82832,19439.810042857265
82833,6983.469600171799
82834,17089.639840471653
82835,16400.6454784586
82836,11770.64941792416
82837,9097.955029439841
82838,7630.547030482782
82839,10559.525333383908
82840,17087.907112108365
82841,10631.73079399117
82842,15497.13914944482
82843,8370.393130250148
82844,8424.24445466014
82845,15891.801271597755
82846,10870.994146898447
82847,20319.923334121202
82848,11022.559141737072
82849,10438.31886515983
82850,11012.212221782063
82851,19635.750431488097
82852,7466.0183596496245
82853,14596.428441329474
82854,11780.282600269364
82855,13077.642960184163
82856,5147.066382205383
82857,8507.661564273409
82858,11349.75767336885
82859,10032.756541552182
82860,17376.986090311748
82861,7854.512938742096
82862,16446.815603953026
82863,11807.307691238746
82864,11722.418041116272
82865,16916.694184521533
82866,9719.540704352821
82867,27224.742334801635
82868,14402.205417264138
82869,17750.221761035158
82870,12613.478470013059
82871,20413.019835614192
82872,16902.880229284096
82873,7650.079890590426
82874,9619.654896502869
82875,8144.662818707264
82876,13578.565393963514
82877,15373.922266704803
82878,12418.907967208113
82879,13253.834564200253
82880,10355.89277019139
82881,16064.854285546793
82882,3115.0721902535206
82883,20252.690254710426
82884,10222.688340552151
82885,15036.735955036085
82886,19933.472139653582
82887,18597.644034076835
82888,16192.27583563662
82889,7859.098763003721
82890,13037.25175435195
82891,16824.185321592508
82892,19228.68199128669
82893,27713.71836431267
82894,7262.13969149008
82895,8591.179329506847
82896,9702.522377768953
82897,10519.559023588276
82898,16443.214828653323
82899,11510.518387688464
82900,8568.819785691674
82901,11095.534731180027
82902,9765.073373103514
82903,16670.985199297447
82904,17427.383533947817
82905,14419.723044106244
82906,16913.14673472861
82907,8460.858545594363
82908,7212.215975774066
82909,12025.029683971592
82910,21975.50179733515
82911,17922.061662200013
82912,18811.065992086922
82913,20256.532333270716
82914,13552.569493751942
82915,10864.52419817913
82916,17615.121692410983
82917,17087.178825843694
82918,14458.653813854393
82919,20341.30088599483
82920,8314.305822189011
82921,8486.950909147226
82922,10230.83801528697
82923,17883.057868813357
82924,4643.305475255119
82925,14715.622392462281
82926,10685.668305026644
82927,9968.678986940393
82928,7691.78456111585
82929,3393.730079648242
82930,22438.01126085788
82931,8217.962618259262
82932,12275.615922906894
82933,15134.529018178087
82934,7186.772372857031
82935,17380.651457468484
82936,10621.343004125456
82937,13776.820377440043
82938,13724.51629741128
82939,7031.424513464364
82940,5369.870724782303
82941,13246.100793324202
82942,13270.00526160207
82943,7239.713054719231
82944,9279.70108513227
82945,6816.839862677327
82946,11851.408889664535
82947,19815.030332455983
82948,13329.727710743233
82949,10465.248540754666
82950,7305.4355929093945
82951,9983.219144426108
82952,15779.497046275932
82953,16408.09979949198
82954,7042.979408179532
82955,7223.323666007075
82956,11295.096264674472
82957,18105.86283939281
82958,13605.226210447781
82959,12536.23246328185
82960,16205.703177769512
82961,3245.833651944761
82962,11953.4023298341
82963,10038.740320776684
82964,19021.761491327747
82965,11997.000287114048
82966,16212.345181351204
82967,12333.19091686697
82968,18676.132947715796
82969,16534.499744363533
82970,16001.586395778735
82971,12916.678102078113
82972,11888.788186700356
82973,10469.47935778298
82974,14019.419522150598
82975,11324.717969511463
82976,17657.695670099998
82977,17098.528862175626
82978,8396.880939156294
82979,15516.916565099717
82980,8801.149839830268
82981,10597.08454124211
82982,9923.882863550572
82983,23560.088487182893
82984,18279.27710339373
82985,9987.051468565047
82986,13964.944438523073
82987,10768.784915817112
82988,22162.530837462265
82989,11434.55628949752
82990,9778.712030451883
82991,17152.314347803574
82992,4381.906787966218
82993,9887.068208561554
82994,8420.343206943917
82995,16096.679440860482
82996,9516.902967092403
82997,18550.139326031484
82998,12972.726570883333
82999,12282.861367972058
83000,9736.548557159736
83001,19699.907517394524
83002,14683.38533226211
83003,10015.7345796203
83004,8929.07225287607
83005,18090.825710626283
83006,11344.442937021611
83007,15237.246220446827
83008,6915.9749437738255
83009,7822.214817100355
83010,9049.567236492287
83011,14044.33304415007
83012,3551.2130079737963
83013,14715.645326075983
83014,13742.166561663706
83015,9216.263548193458
83016,19360.690674278776
83017,10700.90454457893
83018,7498.747350028024
83019,13112.455788730318
83020,11147.007894497265
83021,9814.745339211488
83022,8190.826469708096
83023,6829.492966985011
83024,16371.776519785353
83025,13210.377391463642
83026,11947.80474413214
83027,16054.556296530105
83028,11666.100249330382
83029,7125.214357910562
83030,2093.7717953833285
83031,10034.171252048465
83032,12651.189837691849
83033,20626.258101165862
83034,13098.021998289372
83035,8833.137532535928
83036,7544.656689282335
83037,15149.233444564434
83038,7806.1982188483635
83039,16320.211617319108
83040,7364.502957683324
83041,13437.446255256154
83042,10992.525651694083
83043,12455.174757639728
83044,11936.454764219845
83045,8237.76019724231
83046,13602.21825216466
83047,7960.193689751072
83048,16499.191352865135
83049,18251.136712449923
83050,18291.8685685276
83051,12013.284611355375
83052,16710.714609586645
83053,16270.199588239531
83054,7306.947309248904
83055,9640.350353036942
83056,7096.336209934929
83057,7852.451079928248
83058,9945.892853666133
83059,12139.34092018688
83060,17509.953355983427
83061,11907.13953597132
83062,16516.885715725184
83063,7333.855988169913
83064,8482.130360881496
83065,7815.890797934957
83066,10417.256646795402
83067,5891.64529678972
83068,15411.331977888152
83069,21034.280818360345
83070,11711.979679885993
83071,13876.689124135863
83072,8773.629762986533
83073,9076.319922456876
83074,12439.532411624687
83075,16359.9715720917
83076,16616.96241502684
83077,7561.510904230023
83078,8002.794293717451
83079,12621.282495913974
83080,26686.774845045005
83081,9102.144731517965
83082,17257.445758757858
83083,3971.3489089703567
83084,8426.845848405614
83085,14014.92993475742
83086,8339.366273128553
83087,7546.760251995144
83088,6910.9452967381785
83089,10390.519310163074
83090,8331.077265461185
83091,7792.016609108985
83092,10445.05155649797
83093,11180.167858880628
83094,15913.731690499928
83095,13152.618799214404
83096,6706.145455559036
83097,14278.421854873231
83098,10440.94932963371
83099,16029.509170310757
83100,10704.82860738677
83101,16001.586395778735
83102,6520.445355400293
83103,18316.15631415245
83104,15972.859365947472
83105,11753.423099834143
83106,10273.098434477404
83107,10801.23617696005
83108,7617.426580731058
83109,8242.432347609034
83110,10650.921860118002
83111,19047.864894228645
83112,12866.137455868125
83113,9073.848921062921
83114,9980.37180515801
83115,8208.351040293262
83116,12272.598823734219
83117,20231.49844400754
83118,12986.109946269995
83119,9184.87489924934
83120,10033.90931485048
83121,7788.280046517292
83122,10913.408512339307
83123,6644.352117896117
83124,14197.445212429026
83125,8379.56757695867
83126,9155.209947573321
83127,12288.33698498659
83128,20657.264384148166
83129,23977.294913576457
83130,17330.066580407263
83131,16573.00125380796
83132,16331.72183425343
83133,10846.814386280006
83134,12404.285973980297
83135,11697.49122631451
83136,15403.006951008518
83137,20326.228065057654
83138,8733.316110538839
83139,4646.432221714065
83140,11160.722081778034
83141,9138.797873843832
83142,16195.290556768288
83143,11466.903604468504
83144,7878.954468735052
83145,14336.332208609549
83146,18314.891568524617
83147,12288.714507989518
83148,9067.510658797291
83149,15776.278630459852
83150,17287.5405582288
83151,17251.972310129615
83152,11680.832687549231
83153,18705.356959931403
83154,9452.880016667326
83155,11036.2563843964
83156,18641.91158618567
83157,9716.546591310866
83158,19069.839328822723
83159,12152.323390432794
83160,19213.06079576828
83161,8871.43200105623
83162,11495.935604131622
83163,6052.897249596523
83164,13702.56348891587
83165,19335.889841536296
83166,21026.88651331906
83167,21000.916570421385
83168,11223.004078552154
83169,6486.5660281782
83170,10901.756104565258
83171,6165.556382260969
83172,16510.52475887604
83173,8054.834677514454
83174,11102.232538300575
83175,16328.912159304107
83176,11055.177891015304
83177,15773.693477051738
83178,9830.715138772535
83179,12472.814364580445
83180,11090.14598244373
83181,13864.307653292095
83182,8912.793459306107
83183,12968.622847006813
83184,9933.82347467793
83185,17653.673643655242
83186,11021.75981725695
83187,18244.272319930413
83188,21076.22282539845
83189,13560.437458898727
83190,15117.326169962658
83191,9417.152812450102
83192,17087.750719884392
83193,8171.544500989114
83194,11295.779902099657
83195,19679.523551798044
83196,10603.87796717559
83197,9105.422270412144
83198,10637.214385403982
83199,13839.779971072623
83200,7464.364198257429
83201,15990.832079517137
83202,15835.523356160567
83203,26926.421433090254
83204,9030.525737850323
83205,13055.62247168739
83206,16344.862334656527
83207,8342.849508307901
83208,19155.461864699948
83209,20755.224790860528
83210,13571.581554513528
83211,17925.173762494163
83212,11149.832087631275
83213,10605.704433029507
83214,13573.294178911376
83215,12544.671952515213
83216,10987.413012247567
83217,9853.969840958212
83218,12302.540792717165
83219,11530.647868496759
83220,10005.156781400425
83221,7856.9792945497275
83222,17489.724586926855
83223,8515.674301021227
83224,15163.492960840102
83225,12749.037301928742
83226,10768.142719945841
83227,12592.538609755777
83228,15480.68067464312
83229,15847.08582411215
83230,4866.271857296055
83231,13044.339627045329
83232,13908.783276253196
83233,9896.51423838917
83234,13930.914581706988
83235,9535.279270295378
83236,16456.08913272196
83237,9790.8439990475
83238,9838.291621528157
83239,26431.94991230421
83240,17761.646138055992
83241,11548.545035038556
83242,9941.97709712633
83243,8726.82903212413
83244,17559.07994118763
83245,13797.996399527525
83246,14447.840628479596
83247,8502.287078537614
83248,19571.00042957226
83249,13439.693394859301
83250,15235.895833089635
83251,8957.125713740324
83252,16800.88972332894
83253,12537.115440627627
83254,17439.073451861586
83255,16147.593290377677
83256,26625.461153368786
83257,16900.519742635835
83258,16472.17282567659
83259,12781.31595238468
83260,17736.550519795586
83261,9857.508823426175
83262,12832.568599733768
83263,16534.72920647487
83264,15821.933950054798
83265,12727.436977796113
83266,12108.841460203015
83267,14229.907813196063
83268,10895.065788096686
83269,13130.096399443451
83270,10165.127224404838
83271,9737.257342573026
83272,17181.067932660644
83273,5285.8910432869825
83274,18406.786063772295
83275,8297.566756187141
83276,10020.644857034174
83277,20747.01085828589
83278,12298.084697478806
83279,12357.194815695337
83280,11554.201037455658
83281,19199.296662723882
83282,20335.11990054805
83283,15852.113223365364
83284,10162.934585427112
83285,9454.590395857093
83286,14969.074782908654
83287,3466.8275053264474
83288,9945.743657127257
83289,10137.258073918143
83290,9878.668021817499
83291,1983.4753894426478
83292,15135.96554353664
83293,8901.258092198059
83294,16240.181971762358
83295,10958.771647944168
83296,16000.314140151364
83297,17619.921113218632
83298,18345.91602077721
83299,10369.243348848711
83300,9450.636117386193
83301,16953.19393498203
83302,9787.710925296655
83303,6123.370123832869
83304,13566.896285467521
83305,10650.911942721445
83306,11545.427012402133
83307,11051.05053778401
83308,14683.747667294096
83309,12457.51101131548
83310,11304.74475430542
83311,14359.869599521271
83312,14254.247119333735
83313,17005.411357592195
83314,14311.991821175368
83315,2849.0451894302096
83316,9283.422937592888
83317,7272.803481671094
83318,14235.952730169074
83319,6336.620626368783
83320,13597.467673478772
83321,14688.271944035072
83322,19708.644593519148
83323,8155.987801549958
83324,9736.563394885603
83325,9914.327551839111
83326,31291.399769429427
83327,14001.063040045765
83328,15033.559477001581
83329,9561.140623407802
83330,7793.754132309094
83331,13087.043719758289
83332,17068.085029616945
83333,10340.607385849042
83334,12656.896074819611
83335,8104.324658150341
83336,12917.997085355506
83337,18311.651235503585
83338,6842.9781572629845
83339,13596.754229683702
83340,16579.937896981017
83341,5027.826520617393
83342,10240.62737155691
83343,9967.979948501961
83344,17947.557347474754
83345,20782.142211808085
83346,11181.841455641192
83347,16179.754951245317
83348,13855.92028623353
83349,15397.02336980689
83350,10702.378003499327
83351,16001.586395778735
83352,7430.769403203816
83353,13456.883160486974
83354,13646.247296258112
83355,8461.88187829697
83356,6553.461148005983
83357,18055.889073596827
83358,6802.127631725462
83359,5454.471871847967
83360,16553.266070059846
83361,5212.59136722964
83362,13902.722562732362
83363,10094.087156205946
83364,11916.798957059396
83365,11721.371612435418
83366,10834.06259088698
83367,10610.867863344463
83368,8781.109645927796
83369,8600.405050681697
83370,10588.146610725938
83371,8685.79009300835
83372,18983.107067405435
83373,16533.93667492272
83374,15220.056128427173
83375,11449.324305601016
83376,17222.813254086606
83377,16391.78216317151
83378,13534.37643244601
83379,13081.801147242677
83380,7958.213653403031
83381,16600.16329961532
83382,7601.844513110373
83383,6824.676164092586
83384,9613.585873873637
83385,17304.018225841613
83386,15847.08582411215
83387,7306.891688532652
83388,9855.730220324567
83389,12898.616250724346
83390,9330.216598743522
83391,10054.434131041333
83392,12888.039628375345
83393,7616.425116228666
83394,18541.920277446163
83395,14123.382032596814
83396,2816.6550892211617
83397,11494.77307526848
83398,12716.510581783497
83399,11768.01845407775
83400,21238.19021070474
83401,20078.341151738456
83402,10249.986633610515
83403,13724.51629741128
83404,16147.526336326411
83405,17257.445758757858
83406,17031.661539603854
83407,12209.364348384534
83408,7211.980128110023
83409,13002.547390412006
83410,9025.304989082842
83411,17031.371838141295
83412,16426.62726056649
83413,9920.90294475041
83414,14364.307578167532
83415,8043.52436562909
83416,8016.76511503988
83417,13738.023683810958
83418,14183.545491751482
83419,7762.52895827071
83420,16430.936746568364
83421,9933.732293865169
83422,18135.82953456378
83423,7011.667554094935
83424,11034.370320736925
83425,12435.074144722657
83426,18559.738396019162
83427,7598.953007546707
83428,18240.04695123323
83429,9939.450393872425
83430,16351.738553344418
83431,10814.98342214059
83432,14369.004061928137
83433,16063.09997138404
83434,20217.509404933422
83435,9487.923186713257
83436,39835.96445078361
83437,19322.93143696723
83438,13508.124248979748
83439,10845.650028028069
83440,8939.785189727192
83441,7830.970198977224
83442,12457.317569187158
83443,9708.055890509173
83444,7785.000896061445
83445,12215.447884850193
83446,16425.43799445787
83447,18316.469730901845
83448,11682.839270008371
83449,11834.648701704627
83450,8419.293522387788
83451,20279.327303914695
83452,14859.247473832445
83453,16557.14752812674
83454,16757.85743863059
83455,15813.577396194523
83456,13169.594443908245
83457,10037.154233741125
83458,17230.74619327987
83459,8569.264954294353
83460,9187.234772184142
83461,11542.97229548824
83462,10514.47045076177
83463,17205.319712878416
83464,7944.259878811545
83465,8767.62023365211
83466,7678.63640439229
83467,4954.075619476054
83468,11777.02863487104
83469,9939.098048321786
83470,27732.64744846147
83471,15709.746216936153
83472,11087.599161637312
83473,6335.923346177138
83474,6091.9731526857495
83475,18311.363176200794
83476,11968.90744459806
83477,11503.074121356229
83478,9668.649323526794
83479,14617.217235184304
83480,17773.823671440063
83481,11096.914778349646
83482,11887.64513948821
83483,7458.455478774304
83484,6104.650021938629
83485,9630.777130781462
83486,13724.51629741128
83487,15794.5524189996
83488,17983.82723662257
83489,15897.5867305502
83490,16029.576616962238
83491,11095.457912584523
83492,14477.698437094952
83493,8984.367053168575
83494,13842.037947041375
83495,8092.897082788281
83496,7876.474551006198
83497,10984.554817992017
83498,15842.223491948524
83499,7698.635943491748
83500,21290.839738328486
83501,18210.33354686891
83502,9868.849804317957
83503,11969.092117241977
83504,13446.407687739867
83505,16425.51775104123
83506,4895.477166444183
83507,17444.592746829985
83508,6270.641062052089
83509,14499.944465685157
83510,6431.940269817778
83511,11042.09622725601
83512,8514.784137728655
83513,18915.2649722937
83514,9125.660351314165
83515,10864.52419817913
83516,18357.74960256325
83517,12189.270593439836
83518,9682.451035505002
83519,3406.984600875975
83520,9774.032715707262
83521,13392.358930406033
83522,11073.290034957892
83523,11817.569660330699
83524,13942.591601662903
83525,10069.395839707793
83526,13143.458689976516
83527,17197.189793707523
83528,15016.422028964
83529,19720.260513757614
83530,5950.938893843228
83531,6298.950605212261
83532,4056.9776386266185
83533,9598.398037276915
83534,8091.261726796988
83535,11489.115858166133
83536,13013.532217799102
83537,10359.032998680734
83538,13571.663026396413
83539,14074.972365224963
83540,7773.3649412119685
83541,9940.828916759774
83542,19166.138759758625
83543,6466.6788934685555
83544,14112.49455788824
83545,13637.024950282168
83546,16364.92447567177
83547,13702.26899532107
83548,10259.489260735154
83549,11718.813017305265
83550,17250.747958268705
83551,12034.250381961167
83552,17814.827784516845
83553,11678.647915033334
83554,7991.265924822101
83555,10577.225761628835
83556,18819.976198820117
83557,13728.292826998731
83558,15468.778034383879
83559,11887.831009742382
83560,9877.851576174377
83561,18100.483772602583
83562,9100.261677802635
83563,13256.88340535249
83564,9504.462776973653
83565,7117.982506720696
83566,9859.182445524297
83567,11377.265519787465
83568,28505.008862042603
83569,8743.568708285495
83570,3330.7548887864477
83571,13416.513401734677
83572,8142.982997514152
83573,18990.531286593487
83574,10855.084175577635
83575,18763.128096216227
83576,12097.108522051853
83577,13283.899724628744
83578,12140.155686922055
83579,19625.99138358513
83580,13624.947520824473
83581,18200.361158466585
83582,15548.719393183877
83583,10155.784002383309
83584,13014.794316941932
83585,7933.170053744237
83586,14996.510576107446
83587,12146.883062849745
83588,2154.841149201358
83589,28136.967887771672
83590,12624.37482248152
83591,9564.074968302106
83592,15260.966132040134
83593,18078.9522623979
83594,9407.373732147547
83595,13575.221352723938
83596,16521.75434142293
83597,21433.887040229893
83598,6091.426025763329
83599,9253.718983702176
83600,7036.363184560907
83601,14325.306918826554
83602,11460.633276216826
83603,17082.06046320179
83604,13756.537228575595
83605,7310.822317024352
83606,13908.657987542263
83607,11761.123453736189
83608,5456.904515600206
83609,16457.034979307944
83610,13446.407687739867
83611,16690.226208067015
83612,16187.56893968886
83613,12848.381315753355
83614,10036.57366355131
83615,12207.567710937288
83616,11524.76494504127
83617,16001.586395778735
83618,18218.654812957404
83619,10811.025518595188
83620,12038.24500501484
83621,17186.947110964433
83622,8572.00648278306
83623,28318.336632982333
83624,15908.5386488699
83625,16732.43868909385
83626,11908.248315187182
83627,13605.938442046665
83628,41982.67863721825
83629,10203.785201390458
83630,11219.94428254104
83631,13632.805240384267
83632,14308.354272944429
83633,10675.14331154295
83634,13589.10454136319
83635,20958.472641930824
83636,10460.901120917888
83637,16577.059918765855
83638,11914.301669519244
83639,19654.05569297601
83640,18307.226348200616
83641,10167.591837913336
83642,12897.06626424488
83643,26365.60389917481
83644,25196.980784528885
83645,9755.603566768512
83646,6930.087367030054
83647,10490.30527322757
83648,18100.483772602583
83649,11279.20874333058
83650,15460.355190026497
83651,11633.522361247171
83652,20092.842789940012
83653,15485.022267952894
83654,18599.081839503793
83655,15172.683190605769
83656,16344.395370196466
83657,13951.119602767692
83658,9241.65859246292
83659,11514.809316458142
83660,12894.975016812119
83661,18613.638069167304
83662,17977.785526441825
83663,6596.010418997373
83664,10159.714732564065
83665,12820.993181627002
83666,10420.329005181255
83667,9787.676514767529
83668,7867.500867774217
83669,6635.193342955267
83670,18308.164309101845
83671,12033.320273855225
83672,8354.731797016471
83673,19951.84923947992
83674,10440.879199641078
83675,10412.025711962004
83676,8933.990390083833
83677,9441.578932447823
83678,16174.27640685713
83679,15987.379915750224
83680,17336.07418767153
83681,12371.013904903553
83682,16379.5035865972
83683,10638.998623328256
83684,10441.986415418956
83685,10122.23773071203
83686,12220.752131902176
83687,9755.902173709525
83688,11079.968684833219
83689,15952.088658459466
83690,11575.082957384002
83691,12934.827032411356
83692,16808.056072048366
83693,10984.554817992017
83694,21940.69194800859
83695,10065.264413907596
83696,11846.725342720269
83697,8032.352352954135
83698,11111.294757515152
83699,10999.556522627512
83700,12237.603458473057
83701,16597.77107597168
83702,8714.833087303607
83703,17413.5020941206
83704,17607.065138989274
83705,16672.603127159593
83706,11059.87501446521
83707,17129.316441776125
83708,19577.570893030555
83709,17485.47869002965
83710,8965.158689666798
83711,21073.26078149569
83712,10622.642494843254
83713,16287.44402528956
83714,11952.389509058803
83715,14445.553857335655
83716,13446.407687739867
83717,7939.585545959921
83718,13208.707404926927
83719,19261.049172233536
83720,18054.875485081422
83721,25549.106327032143
83722,18567.435749266348
83723,25510.944713331442
83724,6238.735497337021
83725,11255.703944209086
83726,10847.890587501526
83727,17930.843592500343
83728,14831.565622992368
83729,10351.968750979397
83730,9381.157296858337
83731,19624.507642025612
83732,12962.715703596841
83733,8389.203395233071
83734,20014.49934868604
83735,10510.678095958201
83736,17299.050387675437
83737,9213.846771084403
83738,9298.716157275787
83739,18674.352691263142
83740,15950.05050479045
83741,16270.947075062426
83742,9374.570960360723
83743,7317.718484638583
83744,5850.659464178659
83745,6522.242082867623
83746,7243.846080785362
83747,18658.993062214067
83748,10042.677696919289
83749,6884.499331228602
83750,17862.487832614108
83751,12016.116609047462
83752,7382.460689896824
83753,9952.41254057877
83754,9767.231342791409
83755,9981.790596895189
83756,6274.5880721772855
83757,14327.528134448365
83758,9568.993442425117
83759,11416.320557231977
83760,12278.05571935785
83761,8793.540068514814
83762,16262.227442552306
83763,9993.150104636376
83764,11179.408184215861
83765,13557.349322329472
83766,11394.955033398652
83767,12298.630454932314
83768,22263.014241239805
83769,10706.562478276772
83770,10504.652773760086
83771,9145.626419619379
83772,12354.85525163335
83773,10391.556753712772
83774,8693.977770310894
83775,12298.809572647338
83776,8964.876502101917
83777,26711.723270608996
83778,22876.705553526906
83779,12669.124212645158
83780,15865.065084615346
83781,6207.86465108245
83782,12387.842601712773
83783,15357.337152986445
83784,11348.846793135408
83785,15718.814122374884
83786,16861.22520707706
83787,13867.138779105742
83788,7778.952318204043
83789,16095.647295701638
83790,10834.865167814385
83791,12688.22591857083
83792,13211.727194864341
83793,13090.766927071882
83794,6669.559399377699
83795,10726.133645767035
83796,6146.451978583394
83797,12622.657130831138
83798,12292.658470388857
83799,11724.385310208478
83800,8364.23584456333
83801,13033.286200636789
83802,10207.392943401159
83803,9070.257346442295
83804,12921.24853925107
83805,10543.017943496183
83806,12962.864824226192
83807,15375.523056320022
83808,7414.63974914879
83809,13000.637074583456
83810,16189.343277133132
83811,9139.13524102459
83812,10580.700044377942
83813,16764.021777709713
83814,10146.042959432203
83815,16026.697781385741
83816,16747.49450838267
83817,6850.7982538870665
83818,8535.710806884736
83819,17215.869688839182
83820,8486.663041080552
83821,11298.881179207929
83822,8229.7812758733
83823,14679.262317998924
83824,17321.27025180373
83825,10559.33329507608
83826,15802.091194313576
83827,10742.757922085946
83828,9450.306051821055
83829,11082.39989889508
83830,7952.24388288835
83831,10243.84494759901
83832,15084.768440368114
83833,10923.702954253118
83834,18491.13073628667
83835,9506.291797843187
83836,8675.10754767931
83837,10036.61607225488
83838,6401.895179958475
83839,17716.041680795883
83840,8444.597153158853
83841,8615.935159601564
83842,6449.253360058357
83843,9682.601942134594
83844,8601.462482588493
83845,14985.831497441124
83846,7364.115554050171
83847,6084.358905375801
83848,15949.306005855848
83849,6501.884201190768
83850,15651.231360097996
83851,13261.537856642775
83852,13763.035660698803
83853,5363.192133154233
83854,17342.385267237532
83855,21603.988022350153
83856,2347.426198223239
83857,8893.459872691372
83858,11733.405663102161
83859,23212.30759000575
83860,8397.306154674328
83861,5757.836315480094
83862,9592.907555336269
83863,11997.673498749715
83864,7220.024453925324
83865,10829.472251544028
83866,16984.821069449226
83867,17388.52203108521
83868,19166.96197588881
83869,22356.081615175983
83870,10047.405196468988
83871,15982.566068706723
83872,7285.577715261544
83873,10476.994602951367
83874,12768.552910730128
83875,6669.610436142018
83876,19947.580886327032
83877,5389.070233632263
83878,18542.10479257971
83879,7304.080880380361
83880,8543.134642797468
83881,11889.89620794598
83882,8128.522685720115
83883,7175.645983660645
83884,11914.301669519244
83885,22840.62530094907
83886,17194.964323866403
83887,10917.69237592623
83888,11331.604771461289
83889,11439.109397250595
83890,17313.565414104807
83891,11180.628274828177
83892,15648.30474515688
83893,13178.938081164688
83894,9946.711311964751
83895,19022.1656974645
83896,7386.528453738257
83897,11776.457334618732
83898,7067.490498280856
83899,11365.927746185847
83900,4281.65060310018
83901,10358.453577701805
83902,7541.4964025014215
83903,9466.189068496271
83904,10359.191802663116
83905,11811.161971297586
83906,14253.731352332672
83907,17748.170159464822
83908,16353.482841103116
83909,15383.38413974082
83910,15338.811134257518
83911,13787.464795714806
83912,17989.597089235092
83913,21179.037294747337
83914,19202.408722301418
83915,9879.396698191502
83916,13675.015355856292
83917,9294.819884600258
83918,10864.52419817913
83919,11468.405919681309
83920,9950.71237102013
83921,12285.00146059444
83922,13541.913806009832
83923,16106.39772861835
83924,12154.75122133302
83925,12657.835246187855
83926,23543.208276839458
83927,13939.962172581194
83928,10283.83711553009
83929,16065.002668741865
83930,9460.90966406421
83931,19372.419997241956
83932,7718.017632384393
83933,16435.062138644516
83934,10643.643993474376
83935,5036.42978545679
83936,5780.0830731154765
83937,11830.082151295313
83938,22944.22414984212
83939,10148.208154134281
83940,13183.626496470073
83941,20886.35483118581
83942,9968.845122675626
83943,10666.057793011625
83944,13059.951393183212
83945,15543.174852297772
83946,8438.443411590422
83947,7533.9908010487925
83948,32731.216718514755
83949,5399.268340442566
83950,11481.083925568159
83951,15953.329697241817
83952,11187.904774816105
83953,18246.946496186647
83954,13679.725141795221
83955,2584.7563522290347
83956,17429.32692613087
83957,19934.66039068809
83958,11813.943538756179
83959,8847.560601987849
83960,12928.99728472534
83961,17793.70410889268
83962,10217.396306390967
83963,14479.331953463223
83964,8094.829820733586
83965,14746.317834843849
83966,12581.004848096823
83967,13631.059553367215
83968,4367.257624513896
83969,14950.715362599862
83970,8559.225651548159
83971,12421.213629188956
83972,17090.683709069912
83973,17916.607104802988
83974,11733.405663102161
83975,19263.8863135902
83976,24703.3507501342
83977,19054.402159136545
83978,6706.935289294905
83979,24612.00525002468
83980,3601.599176220221
83981,14298.043722157057
83982,8545.526193017677
83983,12441.845376304836
83984,14982.110159338701
83985,17430.54887917253
83986,15793.676012716136
83987,13442.535519278172
83988,10638.655887220408
83989,15901.51092582561
83990,15795.52841796195
83991,18967.880840222355
83992,8257.233137189924
83993,7919.618683049523
83994,10858.975212610856
83995,5600.890263132486
83996,7542.953470127283
83997,10701.303288596786
83998,8820.33098918996
83999,5287.773304288886
84000,11634.063962890119
84001,14999.47840610181
84002,7876.762995201008
84003,9138.861833549823
84004,8338.49634436659
84005,8793.617005202519
84006,13431.388305635606
84007,13598.703774149013
84008,6941.303550801954
84009,17793.130478362003
84010,7669.454820266348
84011,10995.376211092926
84012,12185.043431883672
84013,7544.738817949941
84014,9214.28985958886
84015,11422.554980390629
84016,15679.299152533185
84017,16000.503711203502
84018,14755.13544729353
84019,15972.574096710125
84020,10268.219871055288
84021,11235.562821153731
84022,9621.634238182669
84023,16570.75436070926
84024,13419.169298614286
84025,26137.54266639122
84026,8765.32364157205
84027,11197.136761445754
84028,13913.292192128152
84029,10856.971199105978
84030,10444.84548262977
84031,7664.807572811059
84032,20376.23690962641
84033,16972.056417727126
84034,11071.205397598913
84035,11305.087147967177
84036,12512.090932305357
84037,9492.330349312699
84038,12187.469820491706
84039,17433.759181580324
84040,13207.419381953332
84041,13007.199498376818
84042,9023.114925017018
84043,10159.304986868707
84044,11973.222699712504
84045,7690.201200618421
84046,20082.585122881515
84047,17698.879343004777
84048,16234.229382234778
84049,16556.68674357631
84050,8514.894818545417
84051,11566.873662542856
84052,7971.658850342474
84053,8801.668019975192
84054,18497.33776362479
84055,6402.799440043079
84056,8452.769632622987
84057,5813.9443897362025
84058,19104.602984674002
84059,12025.541306897945
84060,18370.883334228016
84061,15949.469319964506
84062,11033.34992051807
84063,7442.499412663037
84064,14522.212580415446
84065,18101.063215458355
84066,9375.148866540263
84067,15021.3810347059
84068,3459.5978339341386
84069,11041.894964818408
84070,12397.770333656932
84071,10984.554817992017
84072,6843.428740082319
84073,11707.178224595375
84074,6410.454283103474
84075,13714.62316808493
84076,15185.527242008031
84077,9706.514497069946
84078,6676.7967234741045
84079,14399.847897323234
84080,17590.458825756854
84081,10554.275957942991
84082,10186.234809609106
84083,17416.50322624758
84084,10664.881528466549
84085,12901.94040919303
84086,16248.522721687326
84087,8634.287344606266
84088,10127.840996418343
84089,11139.890186649214
84090,15177.224876234945
84091,6863.424475278162
84092,12006.015832075302
84093,6957.251507416257
84094,11873.496251527826
84095,16434.839692582515
84096,7956.719090455248
84097,17403.450107450433
84098,10047.421367590465
84099,12549.108312890896
84100,7256.750386951714
84101,11465.40488538295
84102,7959.854898710143
84103,10125.469192878394
84104,18154.876980417866
84105,15080.975953694284
84106,10194.301413080573
84107,9727.09657850421
84108,11137.5936493645
84109,4532.5485260371015
84110,12056.874123645362
84111,17591.08867154131
84112,9014.333936737567
84113,11486.11004940194
84114,11271.250964798317
84115,10692.133296118496
84116,11946.106426207223
84117,16679.529481148875
84118,12867.926429595924
84119,14468.330693698874
84120,13405.249408987811
84121,26116.56659779067
84122,11053.940670671542
84123,8850.53881343348
84124,10593.290964016142
84125,13535.390322053538
84126,15949.583212343237
84127,6456.819534825335
84128,17864.231977562722
84129,14178.113023559352
84130,15036.735955036085
84131,18074.58740850434
84132,10037.913181980908
84133,9749.09995700853
84134,10932.656419931216
84135,11659.250755021525
84136,16275.287436655059
84137,6798.18127049119
84138,15765.919937341227
84139,6401.895179958475
84140,19175.446767077847
84141,12635.647633460458
84142,6660.476798529775
84143,13143.047919709807
84144,15468.778034383879
84145,10313.14885241566
84146,10606.459942881196
84147,14510.134000885497
84148,7212.285681858737
84149,9525.929196723495
84150,9867.474994086937
84151,5913.553378981614
84152,8009.776549263693
84153,16277.383740273403
84154,9880.461138653063
84155,17015.36865313839
84156,8406.999177119382
84157,14180.42392312593
84158,5349.622669085481
84159,15717.47893431902
84160,16242.994490158007
84161,10893.44666706928
84162,15867.148976208815
84163,7019.673274916142
84164,11896.753784999355
84165,11145.482439351334
84166,16426.334076032395
84167,11682.115671212026
84168,8160.449656223509
84169,7117.159186686081
84170,10748.47011666517
84171,8983.218838969859
84172,13846.915293739872
84173,16254.22755284568
84174,10069.872372519269
84175,13221.437698797323
84176,11633.27377201057
84177,11753.423099834143
84178,13571.394486471927
84179,13481.869155406404
84180,12405.703589973551
84181,19708.881366617057
84182,11733.170535230829
84183,15595.307611971872
84184,10552.172556087633
84185,27182.32403042498
84186,6258.7965620008035
84187,12121.013466213273
84188,11342.697801703323
84189,11249.956662046441
84190,11053.158423653063
84191,7367.527468173213
84192,18991.664036770762
84193,16223.457878777377
84194,9851.062860130802
84195,7519.391749274926
84196,2985.956901993468
84197,9992.252607842423
84198,4208.749669813436
84199,11724.91034441873
84200,9979.493376310935
84201,5951.514442481026
84202,9269.843987519143
84203,17024.52842823236
84204,9595.49552073719
84205,13854.959119409954
84206,7083.187592382317
84207,10169.962704890606
84208,9645.734056925516
84209,20426.56369971231
84210,10817.614894064962
84211,11218.627939446329
84212,2815.58929908542
84213,22037.340508333073
84214,11815.47056286512
84215,13202.198141845603
84216,20352.59702814869
84217,17176.865135304666
84218,6468.659378926989
84219,10684.634930749115
84220,13879.645570181361
84221,12465.867070994967
84222,12275.084348067605
84223,19084.09189181549
84224,17954.234718020612
84225,18663.01921481893
84226,13921.381142508586
84227,17479.222943974568
84228,5809.819824956593
84229,15886.151141926937
84230,8553.403489604198
84231,11764.291376130219
84232,11257.129664177333
84233,8982.681010940003
84234,13959.772518348678
84235,15179.142117116411
84236,7982.569598679785
84237,5526.137846925231
84238,9767.231342791409
84239,19924.0697293654
84240,15238.830023732406
84241,15519.302180822451
84242,10086.841420751225
84243,7921.708738148244
84244,11915.163369120199
84245,17662.424306017416
84246,10914.693230630337
84247,8293.420425159617
84248,20439.000261509835
84249,22029.96667114807
84250,11562.608906118317
84251,10480.48216211789
84252,9559.702137780027
84253,10155.14049001818
84254,11155.322502179702
84255,9355.08073249639
84256,10803.842024279807
84257,12908.396320707669
84258,15720.924570753441
84259,5123.405279343435
84260,14517.489457501455
84261,13590.477667884354
84262,9265.890431105738
84263,10784.378209596274
84264,13574.025935948406
84265,3630.7340400320563
84266,10140.785501345052
84267,19291.738053889505
84268,13489.538303337868
84269,12767.959488333352
84270,11027.608099401274
84271,16028.869271447928
84272,19936.02279335138
84273,12453.284142996816
84274,15947.592189849693
84275,11784.901723559757
84276,13045.947029376874
84277,12784.212112803287
84278,10984.554817992017
84279,18370.53363558682
84280,17012.94253096956
84281,18227.42147091819
84282,14074.972365224963
84283,12811.978069432746
84284,11800.284988591491
84285,5330.640228752817
84286,6137.411294136843
84287,19474.933694803
84288,13579.377763771803
84289,9253.87620224876
84290,10286.017590749741
84291,11512.807516358302
84292,10066.96447603448
84293,15843.699067894817
84294,17549.696093208822
84295,11965.940293793636
84296,13590.158542175004
84297,22140.58796336109
84298,17157.67762614363
84299,11569.460285709814
84300,11247.040912500275
84301,13427.599483068405
84302,11310.232585959866
84303,11536.8967107568
84304,8706.580183735474
84305,9984.930879527345
84306,10088.369893235566
84307,8569.786840998884
84308,19646.567025038694
84309,10950.05462233414
84310,18731.259948567047
84311,12055.345568903367
84312,9830.396744191008
84313,10576.508227414008
84314,11644.804651935674
84315,17785.76908128909
84316,9085.230429458461
84317,17612.341825651463
84318,16585.844384266617
84319,14340.169234631856
84320,11733.405663102161
84321,18597.52614306305
84322,19699.907517394524
84323,11157.93436544161
84324,9613.067757255194
84325,12259.729660916073
84326,19016.28261872006
84327,16064.165648793298
84328,11975.50148910195
84329,6263.279229752499
84330,19524.22516033392
84331,15810.17444740539
84332,22593.087940605274
84333,17684.20339321201
84334,7789.947268160394
84335,10547.964404734004
84336,17133.695086508695
84337,15908.89533127677
84338,24146.321389814144
84339,15373.15045149867
84340,15890.922440939497
84341,12792.682347215143
84342,15558.643603437353
84343,10712.9470910099
84344,11276.689693941215
84345,7189.700807927101
84346,17806.52516508832
84347,10182.952536083982
84348,11235.562821153731
84349,8528.643179263634
84350,12713.935151423611
84351,17351.486850095647
84352,13902.86851644146
84353,12776.652785902723
84354,15363.150698620497
84355,10967.365947554928
84356,21214.12185773412
84357,7554.441626098691
84358,11586.01701962034
84359,7515.390097865923
84360,7773.120996940126
84361,19534.81505457911
84362,9505.75305030561
84363,16113.20128444285
84364,15146.572233146107
84365,9675.578912072619
84366,9388.746240857461
84367,20809.90142232248
84368,18446.793867604323
84369,9915.682288276472
84370,8475.45718427555
84371,11674.712656878153
84372,10582.489498511191
84373,7575.917422116209
84374,10119.711874921246
84375,9617.98016878517
84376,12429.119443334484
84377,11405.143249814648
84378,8675.10754767931
84379,13065.401083439574
84380,12666.473165724168
84381,5587.391869739437
84382,9035.954041115718
84383,10376.519721787046
84384,18259.557679110025
84385,9592.907555336269
84386,17217.53148629866
84387,11683.672314458941
84388,13990.337352962253
84389,7489.067429635814
84390,6579.903221077257
84391,5996.382623992777
84392,16375.674608280575
84393,10569.045089135094
84394,11791.553808382465
84395,15878.846861972688
84396,9057.49688147575
84397,17939.206147599343
84398,8370.864995128066
84399,27022.399242937572
84400,15266.544315200741
84401,10132.684898781563
84402,17325.990269308215
84403,18408.066102163386
84404,11056.076425693156
84405,13627.347127453324
84406,9927.065856103169
84407,7292.665599101896
84408,13653.317765974452
84409,9202.254024915364
84410,14802.979224817233
84411,11459.205707807565
84412,11486.760897804696
84413,13750.113461328106
84414,5367.77203243188
84415,11393.098462675862
84416,10976.038091560222
84417,13332.02704758447
84418,13664.912877388926
84419,10564.24665687034
84420,18326.867818166935
84421,11061.179185367664
84422,9014.333936737567
84423,10728.518250614472
84424,16558.423012816922
84425,10153.951630326339
84426,18369.908885509692
84427,10864.52419817913
84428,6035.813235014584
84429,6205.733257132401
84430,12051.369259181714
84431,15188.50764902425
84432,7758.441639385731
84433,6053.464788978883
84434,17907.57537113616
84435,15042.678870224358
84436,9994.479679255423
84437,4909.6890367684555
84438,9532.923131238096
84439,14627.049219583554
84440,9711.90932461582
84441,8975.323938373898
84442,7196.698588199652
84443,20535.67922950199
84444,14763.54626491601
84445,16114.974749794299
84446,7046.925452734612
84447,8095.201220167813
84448,20264.998823818045
84449,4285.534152334759
84450,20613.5725615316
84451,3640.3662278183424
84452,18258.835873741114
84453,7957.364785547894
84454,19672.384094011748
84455,18125.549433219418
84456,18436.31817726811
84457,16905.789576744188
84458,13985.814482628972
84459,8662.187713679006
84460,12887.59063127392
84461,16755.254468890504
84462,15640.53131166332
84463,15904.428404284734
84464,13947.432545030839
84465,14019.455707570094
84466,11825.641484739488
84467,13159.283262406872
84468,9694.383980895926
84469,10417.461699134228
84470,11618.429655052907
84471,13052.741728803805
84472,11197.136761445754
84473,14677.595178359255
84474,17496.222983489373
84475,13286.582177842505
84476,11980.943070964075
84477,16072.67356224028
84478,20148.534561670644
84479,12005.90043518071
84480,12664.557548077562
84481,18552.16491507242
84482,18617.78790448656
84483,17228.37783097486
84484,6521.192282347852
84485,8922.09159380722
84486,13029.469584023347
84487,17028.501958265682
84488,10749.976122173315
84489,11896.313425977483
84490,22310.86310557739
84491,10427.204891992626
84492,11862.314660028094
84493,10502.941133560575
84494,11255.58120374933
84495,11157.02483379106
84496,11280.586598284752
84497,21164.49976306885
84498,13395.498590470766
84499,14161.373746522075
84500,13121.304599918902
84501,15967.475180465583
84502,18959.79484072183
84503,4371.851670676879
84504,10660.30639289513
84505,11196.978538598061
84506,19317.259207483406
84507,17793.981356342912
84508,10384.73910327678
84509,15824.257499417297
84510,10012.453431099513
84511,19891.029126847716
84512,16909.588731312528
84513,14025.011618414133
84514,9445.966673450743
84515,19264.687614749815
84516,16145.190619108937
84517,10183.705957031132
84518,14674.862903333591
84519,6248.150325939709
84520,10882.42068846419
84521,8371.450353432649
84522,10990.669179085548
84523,18429.331734152376
84524,12972.879797078007
84525,8371.749039827158
84526,19484.75918071012
84527,8573.241812766493
84528,17268.657655031977
84529,11184.015716343216
84530,6395.4019124907145
84531,7831.989596411422
84532,9207.25990112727
84533,7060.249038133203
84534,9868.787314817659
84535,10334.182263562612
84536,8582.350845075245
84537,13601.205406830682
84538,11403.488682710891
84539,16477.454611285935
84540,13953.357644507063
84541,21082.012192381528
84542,11306.042787257207
84543,11158.50432879448
84544,7415.221567256258
84545,27945.38864629864
84546,12613.082374483189
84547,13632.805240384267
84548,3194.900596939256
84549,10801.18963197133
84550,11291.505891676417
84551,18888.56481441906
84552,10728.995442972842
84553,13971.449400722197
84554,8209.905811527502
84555,17963.725173273146
84556,9423.100450973234
84557,11360.833590164406
84558,12904.626422888632
84559,11040.946276066752
84560,6826.433625894473
84561,6842.932596103989
84562,17098.528862175626
84563,8341.13741886864
84564,14505.513903142764
84565,18226.31462461865
84566,10559.712164392118
84567,11348.870494075616
84568,18055.424468339337
84569,9927.948654083883
84570,14395.951052820128
84571,13385.838471159852
84572,10645.10245077489
84573,16648.177728798237
84574,12537.551914547354
84575,6682.671373423979
84576,7762.52895827071
84577,9253.677116496148
84578,8906.522567437758
84579,10562.668999990818
84580,18794.221482956946
84581,16440.74826706282
84582,8471.189036580734
84583,3224.209319954916
84584,8022.031730590245
84585,9770.922912332802
84586,1934.891609109073
84587,13583.721379949986
84588,9674.648185576594
84589,11079.722020945394
84590,11217.696907717873
84591,19501.64556402529
84592,6919.711956297737
84593,12495.728104121361
84594,7195.506994105211
84595,16792.03094778489
84596,11390.862892418423
84597,7665.0071092461085
84598,20258.181922680385
84599,7351.029224145399
84600,19802.353133827884
84601,6932.555995729655
84602,6832.802196202625
84603,9061.279450095739
84604,10086.170322056341
84605,8192.344730300507
84606,12950.933874142345
84607,17564.10875117989
84608,17607.463170996823
84609,12145.302299772839
84610,5011.391744467404
84611,12875.489794628898
84612,9095.786467336133
84613,11864.781772208895
84614,11451.93758669383
84615,10665.239264799797
84616,16246.38330972805
84617,8405.821936566379
84618,11928.363121229035
84619,4795.97211641854
84620,11873.790890337423
84621,15829.152054216715
84622,13244.917016363604
84623,16833.377193704942
84624,9759.806738599445
84625,13570.124726800468
84626,14379.348090664971
84627,11842.90627492583
84628,11083.043408045307
84629,10738.74942045126
84630,17659.907267459836
84631,17367.576333171313
84632,6926.315840538234
84633,17423.61893786227
84634,16746.494666607257
84635,10565.232749864537
84636,8203.804691929518
84637,18545.678222222778
84638,5819.484924355284
84639,12209.394984029843
84640,16087.993698524295
84641,13979.628275180026
84642,17067.07217924019
84643,8754.445753718259
84644,8005.554058421521
84645,20163.33983974891
84646,10537.52366202519
84647,19729.65559278234
84648,13200.749050882243
84649,9859.326590120821
84650,9425.976132951686
84651,8409.422947958274
84652,12909.875504912055
84653,8380.660745213037
84654,18326.34158742049
84655,9198.392183456126
84656,11216.283367298309
84657,10027.499980070088
84658,16877.592123122206
84659,18307.61406681874
84660,16703.67954133274
84661,17423.411401512436
84662,11452.633838091364
84663,13545.428277371417
84664,13605.532123837966
84665,7239.443922038372
84666,16198.048064597182
84667,7278.323832611377
84668,9882.385954665782
84669,14737.92846181028
84670,18252.974283116313
84671,15881.03184380271
84672,15777.633922177918
84673,12649.13413607888
84674,17303.064317580815
84675,15973.100132607637
84676,6209.857481429447
84677,10993.526675866739
84678,7919.409792121656
84679,12929.729568598872
84680,6548.621957104794
84681,9404.191910315343
84682,20341.30088599483
84683,11873.446904116629
84684,16311.448642398616
84685,19153.166950061404
84686,6633.455348183043
84687,18252.26456801446
84688,12855.835770556716
84689,6773.944826915097
84690,13677.871668712802
84691,6052.551059801931
84692,16290.06164636709
84693,14552.464235896434
84694,9422.190157247265
84695,7247.391646221012
84696,26309.698284672264
84697,18304.343656175086
84698,10624.575730216617
84699,8016.756418202442
84700,14693.355719390169
84701,10339.22171922286
84702,8921.008921558405
84703,19213.06079576828
84704,6146.299353630673
84705,19075.87504689057
84706,18444.173125029494
84707,6783.57890148086
84708,14251.147311332681
84709,16471.601621868725
84710,7520.045544448286
84711,9674.00927661601
84712,11353.864920757835
84713,3074.5984631634174
84714,16039.37814012814
84715,9496.662050721317
84716,10865.595609271142
84717,5899.384808791844
84718,6328.679213396048
84719,15372.569978230831
84720,10545.296598863237
84721,12211.053388125527
84722,15555.456743324463
84723,7020.480852869601
84724,9712.31881160054
84725,11788.903708586482
84726,9512.352964353933
84727,7973.391380175015
84728,14561.974126950403
84729,15151.151210981134
84730,9114.56871545177
84731,21337.347900190634
84732,12996.13985686574
84733,6410.436698358699
84734,15709.746216936153
84735,9008.530638824373
84736,9512.739744015793
84737,8857.739213464714
84738,8936.730902861731
84739,11135.161699710623
84740,13364.048151060291
84741,11603.46194913252
84742,20258.188223976988
84743,17138.975173228853
84744,10412.572084398129
84745,16359.046048777398
84746,10638.922509309445
84747,12033.714914365495
84748,12858.164630224432
84749,11300.994698901515
84750,13192.890798965698
84751,8884.995207674705
84752,8999.162461590107
84753,7662.049179220144
84754,18082.199262561593
84755,14188.404289057404
84756,5283.114295978133
84757,17303.064317580815
84758,10108.30203011971
84759,9631.573179631076
84760,11706.166521596706
84761,5191.190242330178
84762,9949.246814897313
84763,6764.078727492007
84764,6395.4019124907145
84765,13018.756343509698
84766,13582.360703976723
84767,9366.808574530565
84768,11470.759546912106
84769,7626.195716921914
84770,11916.28251512838
84771,8842.677176934241
84772,15731.247194717012
84773,9915.168661238924
84774,12707.394495237251
84775,10618.354323876172
84776,8238.29890614423
84777,5796.751178367853
84778,22442.58459769612
84779,10018.023885831626
84780,16711.238860828733
84781,12215.447884850193
84782,9706.514497069946
84783,17795.147254324747
84784,9542.238867544116
84785,9743.845847781227
84786,17402.787796588913
84787,11864.195715867334
84788,19372.419997241956
84789,13756.537228575595
84790,10106.090715226146
84791,9794.557093786627
84792,10984.554817992017
84793,16008.751180660955
84794,6307.20184263804
84795,19209.965709344637
84796,16873.930833521885
84797,16194.988833444113
84798,9545.186339346723
84799,18675.500025978574
84800,8891.340227557288
84801,13161.382611478193
84802,11952.608918703063
84803,9488.28825642832
84804,13787.463674023504
84805,9147.607603666125
84806,10374.404068572701
84807,6553.7745884124915
84808,18791.44091628203
84809,16215.696261563631
84810,5913.470383034998
84811,16150.06870036575
84812,17389.557460587355
84813,10144.273986152964
84814,15963.366630695022
84815,13422.833609492154
84816,17263.451095259537
84817,6531.817832733328
84818,17573.401347686453
84819,10266.975623003267
84820,15457.606697933968
84821,18342.869658458472
84822,9843.423542241759
84823,7297.2433304967635
84824,11230.379771143664
84825,18279.90218354447
84826,18186.609661118007
84827,13277.514433063816
84828,7292.118836020357
84829,9659.431858259619
84830,8823.855517624703
84831,9697.222624684435
84832,15339.511753883558
84833,16997.779532074823
84834,10316.083968298202
84835,7109.979841797922
84836,9912.519863383752
84837,19198.666399967482
84838,16202.502793610956
84839,11770.748135767763
84840,10690.898234608116
84841,8507.155810527192
84842,12124.213815386702
84843,14045.07075131728
84844,13215.960176475535
84845,13858.732431131231
84846,9761.784640547965
84847,12766.53827851385
84848,10363.773820969202
84849,11020.69250443753
84850,18444.1970178695
84851,11818.595438596261
84852,9684.975716677704
84853,5996.216270697761
84854,5365.5614490443095
84855,18354.086448604252
84856,15863.567600158045
84857,7909.729310612347
84858,8456.700905676964
84859,8813.020850888552
84860,10481.307746790326
84861,18191.512989767405
84862,11577.289032064311
84863,11325.544640142138
84864,10556.148570678992
84865,8975.17483967461
84866,3850.796270609888
84867,14960.939061944298
84868,8386.125121116775
84869,16359.473281718232
84870,18027.012355194678
84871,13684.543681114352
84872,16202.941858983326
84873,13634.102538904668
84874,15880.246007456713
84875,17076.418185244984
84876,14496.329084079201
84877,15145.090992760695
84878,18585.605611275758
84879,20548.28183260179
84880,7539.333728785527
84881,7733.463075806747
84882,14307.299575967205
84883,7402.375107171453
84884,13059.989798571254
84885,8042.344764404385
84886,10932.639468049161
84887,13387.934027536809
84888,12207.94995918406
84889,13742.166561663706
84890,9478.030027629193
84891,7290.488693642408
84892,7554.744532753523
84893,13116.953987061877
84894,12457.624492717821
84895,10392.547363856656
84896,13299.584704139557
84897,10873.158471321189
84898,9846.651122424977
84899,7320.759480050054
84900,7531.655216526706
84901,24945.43500527896
84902,11088.33230450302
84903,10275.806352499045
84904,11434.197220740338
84905,11176.26502882382
84906,7210.7390799473
84907,10114.261931154013
84908,11596.013677981693
84909,8413.754493542578
84910,13582.199633662869
84911,1634.0570421628343
84912,15781.104106833745
84913,9184.434272398872
84914,13948.219868795373
84915,13526.64431298867
84916,15614.77653758777
84917,12958.541629506211
84918,12946.637637181842
84919,7877.885661893464
84920,11304.26394222527
84921,11794.80386455392
84922,21554.129997956297
84923,16650.539144933882
84924,16431.020198444992
84925,12949.605344833846
84926,9369.07501022195
84927,17342.072060970808
84928,11357.51400572356
84929,11726.356973389788
84930,8999.746101123374
84931,15560.204353070756
84932,9136.858300366355
84933,15465.903922808195
84934,18213.65881839623
84935,16609.503098658293
84936,17655.265569355153
84937,16614.12666787445
84938,9485.996670508552
84939,10429.347639766649
84940,11137.45457955745
84941,14058.206030392837
84942,12238.891011786613
84943,9919.469120810309
84944,14632.807836732174
84945,14365.004023337193
84946,12224.234847756617
84947,12897.478532142204
84948,8804.611718095455
84949,29256.829249133538
84950,8408.020145027514
84951,20590.311431204704
84952,11151.9747049187
84953,6602.231067078282
84954,11137.422267529364
84955,10066.034016902446
84956,14366.81697015971
84957,14737.75613444174
84958,17235.721722481696
84959,19543.63801522821
84960,11120.585622525898
84961,11164.13646830552
84962,10922.502186898677
84963,8286.791161292118
84964,15634.891152464623
84965,8651.597522691938
84966,14242.577608087127
84967,16686.33116349129
84968,15445.360041683465
84969,10436.799775921172
84970,6672.33846784047
84971,9155.450879763035
84972,12129.519972516471
84973,4115.444194534974
84974,15809.982030932979
84975,13723.177098893939
84976,13890.90610375286
84977,8142.483388473768
84978,19055.10988197498
84979,11033.341719792754
84980,11544.518981562629
84981,16234.229382234778
84982,8953.652659175752
84983,19962.210521667614
84984,10776.408015903758
84985,11316.046886304273
84986,7661.839192736833
84987,13363.733910058554
84988,15813.577396194523
84989,16412.098393424192
84990,21900.407295037556
84991,14653.786115640805
84992,12830.78591075368
84993,11704.61058470227
84994,17087.750719884392
84995,13591.93654501015
84996,8148.488087261254
84997,7831.989596411422
84998,10522.320365848725
84999,18984.403178993103
85000,11333.926637675439
85001,16962.191427390426
85002,7595.510382504009
85003,12361.34780216073
85004,11727.018723012712
85005,11965.079515666686
85006,9461.194302136448
85007,12086.522944541384
85008,16387.427425999693
85009,10186.370266369706
85010,16933.784557025963
85011,21061.73669208834
85012,16388.91518053949
85013,8846.774373353026
85014,6230.105170929596
85015,14372.801318923915
85016,7354.084468678248
85017,8426.74412774253
85018,28143.543475372702
85019,14387.050123530933
85020,10567.493473678132
85021,11343.245748121293
85022,10647.71857904847
85023,10632.843236258435
85024,7672.948822849822
85025,18615.852180937778
85026,26591.94189292495
85027,11774.386583520041
85028,10297.409210922542
85029,10615.229018028356
85030,19013.70422733744
85031,11599.604123776675
85032,13131.43863055267
85033,9044.644946315964
85034,13315.961783670056
85035,6621.751670977727
85036,4684.60859870464
85037,13286.579798293053
85038,16164.871571129692
85039,8501.417481314315
85040,17157.67762614363
85041,8746.003459394109
85042,6836.87488057023
85043,9433.341503887727
85044,11525.205615669223
85045,10775.696475494611
85046,7605.383411880443
85047,17860.706230283773
85048,18631.844852460497
85049,12828.808370276374
85050,7993.018793055719
85051,7519.713467856266
85052,11694.161406376443
85053,10942.944947048392
85054,11123.601362170568
85055,9337.62450783663
85056,23578.353194144136
85057,12847.24308784576
85058,9464.673210198334
85059,9227.127198986656
85060,9484.694251680392
85061,12282.637853539212
85062,7720.937881784345
85063,9571.129451120656
85064,19185.98417294076
85065,10699.148716655942
85066,5386.736264955372
85067,15791.039734658842
85068,9138.319323665732
85069,3900.439684131572
85070,22879.64402501734
85071,5128.092247095568
85072,8027.850018817738
85073,10969.547000757637
85074,10546.073140013741
85075,6808.618633492522
85076,9993.299573029486
85077,17230.74619327987
85078,16234.229382234778
85079,10188.662839602515
85080,9156.448312405224
85081,10392.547363856656
85082,17010.400225498724
85083,8232.827678128093
85084,18041.802425982805
85085,9979.652631619547
85086,8274.963583676916
85087,10659.771693089646
85088,9507.877459049694
85089,11220.052570691289
85090,16445.846646323604
85091,19443.10630447554
85092,13984.547250393995
85093,7896.045343341231
85094,7173.596565236721
85095,13689.773754532634
85096,13650.193279795376
85097,8857.035086258491
85098,16315.548041842534
85099,10635.701807179275
85100,16508.786465812944
85101,11538.120852563783
85102,11969.245883886519
85103,10690.099660575024
85104,8249.88903665092
85105,19274.060446536605
85106,17221.87119732274
85107,9678.491331351357
85108,15120.246940791076
85109,17332.23560895051
85110,17790.650062674937
85111,15931.92384976459
85112,18128.896951538143
85113,11966.312278015412
85114,11351.27389424065
85115,9489.52543821316
85116,15593.221276007444
85117,6268.528368791537
85118,17826.82548051632
85119,15987.753517802625
85120,14309.86704892604
85121,10898.890613378991
85122,11762.179142994933
85123,16256.888593222206
85124,16405.005406393866
85125,15882.38051237171
85126,8868.550008679273
85127,29138.412956850356
85128,23451.763991954896
85129,15707.827267667266
85130,9912.606109352728
85131,18276.625603980232
85132,16256.098891948834
85133,12183.11658657774
85134,10734.395848012395
85135,16053.900594267094
85136,8246.790748143228
85137,6586.004165310282
85138,10097.912695492105
85139,15578.876741025955
85140,20319.999792976003
85141,5995.387800030084
85142,9766.562862176457
85143,30824.92119437013
85144,16034.61897119989
85145,19936.207678490395
85146,10244.436321943713
85147,18072.014709348725
85148,16737.805122343576
85149,15970.758461235624
85150,15741.824836374386
85151,15346.244757800912
85152,12137.969207738372
85153,13265.337235171972
85154,14305.898553991423
85155,16095.829779647142
85156,9751.187431535705
85157,12623.999965354376
85158,11507.790661582518
85159,11760.045758354678
85160,8006.863181668298
85161,18576.04159066046
85162,10614.510333080563
85163,17211.262044333467
85164,8704.010952027613
85165,6608.141028730464
85166,14351.927012911343
85167,15935.973994536447
85168,15962.968228680636
85169,29927.17052568111
85170,27229.406092221598
85171,21601.38166857264
85172,8156.921279977744
85173,17851.09862514401
85174,15800.555554541394
85175,12950.75721302191
85176,9173.360456420092
85177,11247.71397086537
85178,10939.166992227154
85179,12212.854484392778
85180,13984.547250393995
85181,15568.834418831659
85182,11018.064339996703
85183,9615.524346301258
85184,17944.66076531362
85185,9667.937108727037
85186,10900.11602473987
85187,9061.012391640406
85188,18281.26482678538
85189,11515.271944455191
85190,13538.226418331833
85191,9901.94428692352
85192,5651.179209516083
85193,13276.890133717137
85194,6804.86852535487
85195,15631.678859718873
85196,12814.49119446506
85197,21509.45648830753
85198,40335.47127077797
85199,10871.305649933283
85200,12894.853767128874
85201,5090.687074838148
85202,19182.19960997927
85203,18024.450340900265
85204,7912.1210542988965
85205,12624.029649885997
85206,16001.586395778735
85207,7312.323019436493
85208,11215.311030456243
85209,10059.672024921332
85210,14165.550303538399
85211,13516.360499525375
85212,10697.035390980154
85213,19064.196618073493
85214,21267.16813461833
85215,7750.542913068486
85216,15782.283039500933
85217,8718.975250108559
85218,16466.914908953226
85219,9707.814189828892
85220,13666.128270436773
85221,26799.44821186884
85222,11377.842970326888
85223,5699.336613765609
85224,11453.257029379523
85225,11907.755004137205
85226,15790.038749862097
85227,11132.734433847412
85228,11843.966094399011
85229,17386.07462155111
85230,8990.605839745434
85231,10589.57446861816
85232,16446.891754949866
85233,11170.670690661655
85234,17485.47869002965
85235,18991.554313531535
85236,16483.171352834823
85237,8106.153735244448
85238,7421.730604212568
85239,11134.370055983796
85240,17721.315367023093
85241,18772.33389272468
85242,8577.82774792618
85243,17298.489333611295
85244,15393.420924109287
85245,10942.601898669862
85246,12677.525924112766
85247,11118.851071522784
85248,12829.221858500076
85249,10575.693720062241
85250,8957.21084739298
85251,10542.129008458609
85252,14254.037675531445
85253,11482.575242211095
85254,9035.865763187796
85255,19969.03866524874
85256,12033.391093729419
85257,16157.23327558149
85258,10984.554817992017
85259,14280.876108520639
85260,18362.05012314227
85261,12372.163785168941
85262,11186.754858877226
85263,5776.718607705668
85264,16521.23392445819
85265,12357.194815695337
85266,6075.681890504243
85267,7789.719536196586
85268,8854.40690131519
85269,14988.751956463306
85270,12600.326933397842
85271,20371.51663212012
85272,13773.004456010654
85273,7598.386683568627
85274,14723.043307788017
85275,10788.78735193827
85276,7445.332470331029
85277,11308.741098461975
85278,7208.685264099148
85279,11051.545634233804
85280,17090.059267016088
85281,6487.225210874554
85282,7760.369624003072
85283,7648.981318984065
85284,10523.48697692522
85285,13328.103099610367
85286,11997.952526936557
85287,16365.995083900792
85288,7425.465746695903
85289,7815.8181296718985
85290,11766.180410089948
85291,11470.525497027367
85292,8755.649463982052
85293,12984.931060650406
85294,5875.513726787249
85295,16255.987214489664
85296,16913.87115560254
85297,11480.140174429218
85298,7315.27500541674
85299,9880.626673114435
85300,19684.951694955733
85301,8437.294422898873
85302,2396.1208371141965
85303,19582.804954028983
85304,10843.207390870433
85305,8178.625751112378
85306,9925.848849151249
85307,18328.9325046411
85308,9869.48347004891
85309,15161.974833255943
85310,17190.369115824386
85311,10713.0338262938
85312,19752.096844175107
85313,14869.566791575995
85314,10239.158598259552
85315,22049.950933569362
85316,11532.707001891315
85317,13036.94100617793
85318,16262.014531095057
85319,10817.414683575966
85320,16289.365651403958
85321,12665.963727623632
85322,13642.512534478503
85323,14320.008649504987
85324,22322.525546825433
85325,10886.515076929147
85326,15659.688136834231
85327,17654.369860367846
85328,19134.478382027646
85329,17611.505270874135
85330,16025.996623648769
85331,16511.84511953838
85332,18341.0556172921
85333,15862.770046774156
85334,15239.359157031573
85335,11277.459731932358
85336,10561.075313283862
85337,9181.421326451353
85338,3490.2758578991284
85339,10701.739661923753
85340,16871.989519218285
85341,13026.339827921749
85342,9342.642813469556
85343,15392.893263777092
85344,14451.236732877653
85345,5299.8208778888875
85346,13510.049180428501
85347,16833.377193704942
85348,10605.650822639189
85349,16262.249321234456
85350,16001.586395778735
85351,6215.8360988624645
85352,8339.203438051321
85353,20667.35017049818
85354,17563.97072869293
85355,9632.770610792382
85356,13565.310385857232
85357,10752.111710308916
85358,8413.070315522244
85359,17223.524680010334
85360,18248.93709506601
85361,9771.558234069691
85362,14826.081569645294
85363,19119.414539569945
85364,14156.68475620192
85365,9937.98140627801
85366,11437.298606102533
85367,10656.410646582397
85368,6241.356188289616
85369,22336.12449725723
85370,15990.816089974162
85371,18405.97127605923
85372,12184.62890568367
85373,10587.04342241995
85374,12884.332150975017
85375,9497.16629686456
85376,8291.57820151298
85377,9734.718384950602
85378,11187.983234229287
85379,8547.792907976243
85380,9959.8498388933
85381,10762.471787101545
85382,7747.3105326870045
85383,7561.619820643739
85384,12498.94152941522
85385,28649.871737554764
85386,11622.087860194391
85387,13263.093723669288
85388,16279.52896502562
85389,12876.565062290832
85390,14872.038883079711
85391,10574.275909042582
85392,15907.655158741567
85393,22138.496089224107
85394,16608.99949879249
85395,9349.659135559397
85396,9229.878402507415
85397,21562.390443840693
85398,16515.389501188667
85399,9244.784422958282
85400,9001.530152289159
85401,14897.215644357628
85402,18587.145082890027
85403,16353.031954337048
85404,7206.912375099166
85405,7822.765863218134
85406,8981.921249532757
85407,13243.165687290153
85408,16012.510213437077
85409,15783.098121240198
85410,9054.527929133108
85411,16147.637481280184
85412,16511.51382473434
85413,17202.650035783056
85414,16240.181971762358
85415,9126.142441610651
85416,10264.212222801414
85417,13605.626246421858
85418,6030.471273893062
85419,14622.916087623698
85420,10576.787121931979
85421,7180.158855822334
85422,10957.238644152925
85423,2045.5830377962368
85424,18238.28135730799
85425,8629.504490822974
85426,11723.175376506786
85427,11706.224722548372
85428,10010.79851199074
85429,8237.141217635502
85430,10436.142364541614
85431,9542.238867544116
85432,11102.586560058575
85433,11233.076562134791
85434,15665.388830896918
85435,16861.029564372464
85436,11941.01399869371
85437,11256.087340861452
85438,11541.093657906584
85439,11881.061247886128
85440,7860.863639951871
85441,9866.57197554253
85442,21407.749352197217
85443,10665.305652694764
85444,16330.259023907149
85445,17567.401098275062
85446,11305.877544694584
85447,12223.395642582545
85448,8371.750678140697
85449,16399.43343910597
85450,6796.825186366477
85451,15967.526013279808
85452,11766.75137697662
85453,3612.987545778036
85454,10846.918921733833
85455,12303.031765782122
85456,13288.61720106464
85457,11416.320557231977
85458,19464.804128003663
85459,18519.031077695035
85460,15427.420283556314
85461,11372.2253677889
85462,21999.729594875043
85463,15847.309808784239
85464,6328.487442128723
85465,11529.695855058602
85466,8632.676756639967
85467,11492.36213172927
85468,5983.01549429109
85469,8584.030476351705
85470,12145.499985759283
85471,8693.730985672672
85472,7157.351753666268
85473,10773.623083470302
85474,18195.35189106386
85475,27700.01198231647
85476,15980.958912474343
85477,13306.805459180217
85478,10303.449466528924
85479,3184.090995253375
85480,10001.527339398323
85481,8292.967626007405
85482,10774.054262892967
85483,13727.22264533616
85484,8903.30974668858
85485,10606.402941043845
85486,9248.364597581221
85487,18191.038795624518
85488,3474.2208177534617
85489,7322.313189292221
85490,28083.67435233745
85491,13602.006264951497
85492,11421.301995202726
85493,7131.790523282683
85494,9190.560116405555
85495,25647.043227507555
85496,10515.265500786225
85497,6380.35413139922
85498,17027.981895563367
85499,8758.717839053546
85500,18035.539373875974
85501,10583.501762150254
85502,10584.102901541071
85503,10604.30013881938
85504,9845.758044812217
85505,21276.154978924584
85506,20371.51663212012
85507,17292.127013216385
85508,14360.1955188179
85509,7912.1210542988965
85510,7935.803599637699
85511,17849.486137010477
85512,11847.277785866841
85513,8188.084976688749
85514,9232.37197430744
85515,11908.627274809849
85516,6646.750807294206
85517,13616.84774069364
85518,14595.509795971291
85519,11941.01399869371
85520,11304.26394222527
85521,10470.752443929423
85522,8789.180355316134
85523,7389.878469746972
85524,11959.765005120475
85525,8855.094145584171
85526,18337.22918002058
85527,12183.39958699172
85528,24391.833970324227
85529,12661.389719540326
85530,13442.776380746085
85531,12150.45784571868
85532,15632.719272350523
85533,11951.037075084354
85534,10149.275907323898
85535,14899.132601370675
85536,11302.421439811267
85537,20522.345634018784
85538,15196.708799979448
85539,9720.198765987128
85540,6839.31761554084
85541,2382.8004432107446
85542,8469.153255377994
85543,11947.964699029826
85544,10647.92601684439
85545,15901.044834492195
85546,16379.5035865972
85547,9031.11241414687
85548,9563.111607487048
85549,9760.570167320147
85550,19750.309855658845
85551,12162.706540342147
85552,16297.455770840204
85553,9589.322418759986
85554,11219.036308322944
85555,16211.047301759483
85556,9033.518110563833
85557,4859.475487678378
85558,13628.895164177198
85559,10984.554817992017
85560,15429.063565335846
85561,8796.570022489836
85562,11708.749429005866
85563,11496.640933099316
85564,16454.45371690678
85565,12113.782536737845
85566,24270.492878418732
85567,16452.67850883348
85568,11904.860700525936
85569,6653.1452596578
85570,11062.040223607275
85571,3669.280482935408
85572,12998.45592360464
85573,10898.518039432565
85574,17813.59560548556
85575,18554.70108210425
85576,16571.580159270416
85577,23506.33096330906
85578,17817.00898362079
85579,5546.006357449524
85580,16282.585400924843
85581,17595.09455863715
85582,6398.161540446537
85583,12950.253976100172
85584,14962.14585331495
85585,19682.445347621913
85586,7035.987567347974
85587,13285.08401470874
85588,16016.358268831873
85589,8599.746363577806
85590,13672.771684296335
85591,16510.79879715785
85592,11706.046603195045
85593,12159.926910710918
85594,10773.829081380665
85595,18384.63974278544
85596,9753.577866776624
85597,16573.132734928273
85598,8573.800735580644
85599,9014.48179190838
85600,12775.366946023354
85601,17781.636752339917
85602,12528.986397282913
85603,8284.594525288616
85604,8857.225418893046
85605,10254.531028660802
85606,7793.611525125459
85607,6924.166786473147
85608,17631.724653633642
85609,10789.306541102856
85610,9656.659449817693
85611,15795.969866546115
85612,6652.365901227872
85613,19178.187082487762
85614,6570.28253634362
85615,5832.9240365070245
85616,8704.563062600566
85617,9672.09535684056
85618,11143.028088159908
85619,10998.895722778801
85620,4041.570271416197
85621,16176.684939432134
85622,10656.410646582397
85623,11755.0886095607
85624,15471.396018127289
85625,18791.81237124184
85626,10392.547363856656
85627,9914.8848618446
85628,16833.377193704942
85629,16792.03094778489
85630,18517.75460296405
85631,8377.187808658622
85632,8825.312622773154
85633,11139.245094902984
85634,11569.722913336203
85635,11701.528974339162
85636,21214.12185773412
85637,6338.763016604543
85638,7263.539065397622
85639,16422.35294563973
85640,14553.761880796543
85641,11290.939031519467
85642,13057.07471013533
85643,11258.229214749043
85644,9472.741200701066
85645,17491.126126434603
85646,8786.121014030254
85647,12209.99505736711
85648,6457.757347829244
85649,8460.847341161421
85650,5792.489561026065
85651,12579.0794060499
85652,29292.180416826162
85653,15220.46510909799
85654,18340.210552606728
85655,15502.227634884359
85656,8771.402224636744
85657,9904.852310115197
85658,8075.452914645376
85659,8470.075007038207
85660,10030.076240225915
85661,16171.166253058696
85662,16856.341124361716
85663,20058.910295731454
85664,11885.82041104935
85665,16206.107758931012
85666,15805.327855837493
85667,10208.922453398573
85668,8062.840926111465
85669,7821.5245848861105
85670,13540.373884763612
85671,17113.442073248996
85672,8597.832411847658
85673,10633.687755097353
85674,12009.7710717496
85675,16261.31850835218
85676,8262.974195475235
85677,18737.319527875676
85678,10552.603200666155
85679,7697.516320358559
85680,9078.940847836484
85681,8041.750680750885
85682,11648.277102741842
85683,9759.634344246275
85684,7690.7553877917135
85685,11849.179139862114
85686,11457.480088461934
85687,18024.46071560845
85688,19279.39704297675
85689,12582.319402088422
85690,13625.349343501275
85691,11218.038059527935
85692,10414.147087828309
85693,7557.4287278882
85694,11512.830225938897
85695,18819.262322819653
85696,5253.835669588389
85697,11279.20874333058
85698,22713.51601156864
85699,13122.301840403292
85700,6181.608462329866
85701,9502.692411863576
85702,10567.240049330834
85703,14549.514659325341
85704,16469.112487012142
85705,8025.886417614381
85706,17715.656931721976
85707,17477.823254774772
85708,14457.763226367511
85709,14988.239598316277
85710,7683.330493211579
85711,10962.376357079664
85712,16165.832384272082
85713,8575.556810435277
85714,8203.804691929518
85715,7550.674423054236
85716,16256.636737680124
85717,6682.238826371671
85718,7708.949661431236
85719,13490.117282417981
85720,11640.323093739684
85721,11814.522125203617
85722,10591.01918784717
85723,18737.452161691508
85724,8381.824592275685
85725,3755.266599242311
85726,13429.976539905863
85727,10610.211123923675
85728,7097.466095176156
85729,9510.206713825757
85730,10159.304986868707
85731,9506.951193817975
85732,8417.31102986936
85733,8755.898916470864
85734,2386.1241011372335
85735,15322.736902594577
85736,16656.61851126331
85737,12817.78593876397
85738,6649.6671830853265
85739,15709.746216936153
85740,22363.674038192657
85741,8569.786840998884
85742,9534.342417678496
85743,15781.903924178692
85744,8885.570478444351
85745,17014.269518535955
85746,18980.596834544325
85747,15950.947547819771
85748,8331.480105052153
85749,13566.601060028717
85750,13446.407687739867
85751,15539.401180710003
85752,15654.154054922823
85753,19560.934143960938
85754,12911.324551744343
85755,11189.045117189224
85756,9759.806738599445
85757,8756.148072465661
85758,13540.185472954658
85759,16694.596068106654
85760,10297.795232514269
85761,8967.0300775982
85762,7757.273058073816
85763,8136.029985185143
85764,10468.645865322304
85765,15289.150809386683
85766,8028.465829138322
85767,10922.502186898677
85768,9101.556427764343
85769,18636.26103274313
85770,9315.772273389864
85771,9739.65081184942
85772,20876.654360580524
85773,15258.224499331776
85774,16345.621869959428
85775,12842.417934869933
85776,10153.509582633453
85777,7199.736617294359
85778,7153.502332643427
85779,9608.060163583372
85780,5298.388667122269
85781,15434.863446129388
85782,8654.244151199586
85783,10237.325754542346
85784,12182.779791063103
85785,12916.120292176787
85786,10499.256665755795
85787,24263.627712921974
85788,9800.629536778803
85789,16314.410442061806
85790,18100.483772602583
85791,15092.373433760093
85792,15366.213171316622
85793,12995.995306048622
85794,16801.47289039698
85795,8160.54885378631
85796,16138.746239848058
85797,17606.547765598858
85798,11526.406156870129
85799,7681.380572120405
85800,9422.190157247265
85801,13587.714856450864
85802,22310.046441032053
85803,18592.90850974723
85804,12187.314747447994
85805,11753.45011740765
85806,5677.925282585578
85807,11262.599308095812
85808,11111.138972187777
85809,11517.023080059738
85810,16453.114779685027
85811,11295.95326379322
85812,11553.659579534751
85813,19079.891005721
85814,11786.051111084444
85815,7776.439307662996
85816,17413.550801612593
85817,9997.054278106858
85818,12391.841198054986
85819,12303.991314480225
85820,17625.11140266189
85821,11849.909329009686
85822,6529.964318760412
85823,10239.158598259552
85824,8518.871267791605
85825,8764.763441950266
85826,17858.335436741894
85827,7867.8113143897845
85828,16379.5035865972
85829,9555.159915979497
85830,13209.480728720086
85831,15323.618171698958
85832,15953.339721194081
85833,8291.658140919535
85834,11469.599380716276
85835,7963.316980040844
85836,23176.56173122363
85837,13362.48675897691
85838,10107.461499813422
85839,12107.569603798427
85840,7780.164193887183
85841,10564.024866707738
85842,27317.4473340666
85843,8654.644258543913
85844,12351.755266116352
85845,12802.518856121336
85846,19538.490882241593
85847,15155.691109897703
85848,14623.358807674858
85849,11662.246014152488
85850,11162.009112708365
85851,12162.77506146071
85852,13045.625322842643
85853,15867.711854507095
85854,12980.071158118557
85855,11903.785961339043
85856,12122.199882715136
85857,11373.966001223642
85858,16184.676237198633
85859,16328.912159304107
85860,5790.048715517989
85861,6790.206566349254
85862,17226.336140686897
85863,8754.722665247213
85864,7421.938848807258
85865,13666.219169612285
85866,10506.80388945816
85867,10606.642043654467
85868,10480.128180818834
85869,10523.53418939386
85870,18975.23953174231
85871,17504.283011892643
85872,9536.739874714685
85873,15232.404455976766
85874,15417.603792457996
85875,10889.188215211501
85876,14704.667510864812
85877,11078.281535022206
85878,8734.455742109201
85879,13774.731677539636
85880,16457.034979307944
85881,16701.783296306254
85882,13340.38186727982
85883,9416.984341810363
85884,8270.267650373224
85885,6358.770082903314
85886,17254.46090875542
85887,10689.836772049674
85888,18498.60960745477
85889,22005.556149430664
85890,3122.9012036659265
85891,13675.041210319887
85892,17405.08474009399
85893,17149.399034038626
85894,7719.922909848314
85895,9013.48213033185
85896,10525.066796855914
85897,11405.382795657677
85898,8521.878533903555
85899,21513.19519098114
85900,10984.554817992017
85901,10373.156022254785
85902,15383.87327302225
85903,18848.598490512602
85904,13190.331541917285
85905,19096.22625881396
85906,13583.030878972031
85907,10210.179083937726
85908,13740.765138575402
85909,21658.14363786516
85910,11973.874728590226
85911,11839.925283218525
85912,7430.767102905857
85913,11827.87647892156
85914,7653.415230698859
85915,9299.045502430945
85916,8125.987125594774
85917,12889.592657536721
85918,5531.115278563071
85919,13579.150253650692
85920,21030.29408669894
85921,27700.01198231647
85922,17867.037882874367
85923,7060.624600306012
85924,23581.841562294645
85925,18244.272319930413
85926,8595.463494470085
85927,12183.67955264005
85928,9411.760945947179
85929,8232.852006121118
85930,16512.159470739
85931,12108.841620206615
85932,15847.563437557128
85933,16304.331617311886
85934,18377.123404186103
85935,10188.836026264313
85936,13911.725349553275
85937,16158.740219258072
85938,12133.485897118935
85939,13917.995662001418
85940,11655.708431709356
85941,11197.15987005132
85942,12765.267674503162
85943,15796.958484526298
85944,8887.42414018382
85945,9997.424830655586
85946,17519.928532448186
85947,17945.694191818708
85948,19259.84372315049
85949,8670.769874239568
85950,7177.26071993447
85951,15935.017171477844
85952,16207.54040334581
85953,7869.0450358385915
85954,13104.183082876447
85955,10260.863457891817
85956,9663.962741934816
85957,15851.60980886104
85958,8816.154513442154
85959,15838.145417519161
85960,11375.392171507065
85961,9992.779324030113
85962,16656.3145864368
85963,18147.758243344768
85964,9798.030340097386
85965,9169.059430454447
85966,11290.330007008302
85967,12830.75479944549
85968,9078.722271156357
85969,11299.132106186256
85970,9617.017629019887
85971,13321.126292719322
85972,5122.572306635395
85973,11002.454699451006
85974,17210.24805551678
85975,16434.138725939112
85976,7986.856899660731
85977,17596.207614086936
85978,7246.532935287488
85979,17706.54267826525
85980,13173.40368158098
85981,14489.553795397984
85982,20389.259505233087
85983,8091.078176258923
85984,16240.768874643692
85985,16621.414064387933
85986,9956.02611976463
85987,15373.141363940336
85988,8864.275143558601
85989,9571.1464809361
85990,8849.350897757486
85991,9919.592676601033
85992,6968.656602680753
85993,8879.69005599505
85994,16076.199519738964
85995,9976.724077787187
85996,5991.135320808152
85997,8474.48913496413
85998,15560.149992627046
85999,10036.306237072606
86000,10481.553538689663
86001,10281.804907109612
86002,19930.931330229476
86003,12084.96122658398
86004,18439.23849189182
86005,12040.905366660261
86006,10104.599568918551
86007,10065.457552323549
86008,12871.32365983765
86009,20371.51663212012
86010,19104.602984674002
86011,7817.764099051965
86012,13246.064722338613
86013,8675.711136131813
86014,19165.309300902838
86015,15802.697400887007
86016,14312.598584715035
86017,11861.36950749212
86018,17887.17435226008
86019,10078.26513171729
86020,11467.93847496416
86021,9669.233248499073
86022,13157.39244781869
86023,17651.16163410094
86024,17558.450564540766
86025,15863.47453889441
86026,31663.873892104908
86027,16258.536189575785
86028,10717.155187012417
86029,13080.419956700938
86030,10042.761321955522
86031,6574.1122905125
86032,11799.801997190732
86033,9061.602576841873
86034,6043.886407980132
86035,13607.847754615084
86036,5139.268447186256
86037,11348.952635715697
86038,15253.210260810387
86039,20217.30206512875
86040,10820.549885475868
86041,17170.145802657946
86042,16327.16688526303
86043,33287.6357467863
86044,19267.792979757174
86045,10967.612699832516
86046,17100.788888889536
86047,13459.789259221046
86048,16496.157759306243
86049,11704.61058470227
86050,10588.608247979806
86051,12593.996895455417
86052,9461.466978206601
86053,10442.724152351455
86054,9448.430862283702
86055,12735.089955723457
86056,15841.713216827602
86057,18600.507163054226
86058,12782.247621823304
86059,19183.048492235324
86060,9238.608247232825
86061,18790.829107164835
86062,10680.231927118251
86063,3079.8031808949268
86064,5166.027744440588
86065,7434.37434161448
86066,12345.861120837364
86067,7785.281753637432
86068,10463.528288399806
86069,10627.836464831398
86070,10598.659066292716
86071,9226.400538326927
86072,18900.95480580414
86073,13542.414835740008
86074,10499.107455634143
86075,13684.563622688898
86076,9604.462917894874
86077,18410.28373988343
86078,10173.108957856895
86079,7327.007721656613
86080,13762.311141713752
86081,8177.363403922831
86082,10552.212905118287
86083,14675.657793714317
86084,10069.463359064875
86085,9568.993442425117
86086,16592.017071176313
86087,21418.522496599195
86088,7291.771570177339
86089,15002.228939962666
86090,18195.263363713155
86091,13698.326505925146
86092,14125.151136388387
86093,11387.799062294584
86094,18100.483772602583
86095,9393.624846822224
86096,8179.457277925543
86097,17924.81795797659
86098,4045.374594854729
86099,16091.910581324293
86100,10282.122905925928
86101,9420.132359984551
86102,9720.514480472792
86103,11163.691439016082
86104,6692.283387566113
86105,9912.519863383752
86106,18656.038188223036
86107,6020.657440699977
86108,12026.880461579847
86109,14203.37120613145
86110,11219.20748449821
86111,6587.212291986987
86112,17433.89908880219
86113,18228.280214910057
86114,10715.458213779515
86115,17932.13969585635
86116,12993.636557564663
86117,8403.067212625889
86118,9936.249948580813
86119,16832.316027630903
86120,10576.235817347362
86121,9949.246814897313
86122,8615.248320550943
86123,20053.631467277464
86124,8938.827507036707
86125,9741.974847389736
86126,20148.534561670644
86127,7860.0739302680595
86128,10960.77393386496
86129,7990.980541249457
86130,4170.839537455227
86131,8252.433938891076
86132,12237.11616617333
86133,20961.874971122903
86134,17943.73740495978
86135,6570.697690108285
86136,10442.82507724206
86137,17065.036414483762
86138,20149.604537935444
86139,16207.306371676585
86140,6165.039728603416
86141,17269.794898555057
86142,10654.803535350895
86143,19282.056738862535
86144,13803.953748986103
86145,7601.311211337905
86146,11965.079515666686
86147,10704.885850463359
86148,8945.796932180094
86149,7228.155546642931
86150,9057.657515363751
86151,12153.361750834085
86152,10112.201291979432
86153,5784.330857811224
86154,7186.975321827264
86155,13947.432545030839
86156,16159.308275686053
86157,19812.593491233412
86158,10919.181414294055
86159,10208.274745962657
86160,11544.437157861217
86161,9545.633835968474
86162,10093.01616506492
86163,15078.24485787326
86164,12485.79607738743
86165,12315.919289028874
86166,17852.15065300039
86167,12288.065461379947
86168,19600.119201633
86169,17948.549420867937
86170,18162.229879637085
86171,26101.35882271713
86172,8897.283187410108
86173,17019.60798592012
86174,4099.725011750774
86175,18619.72740324139
86176,13796.962210474983
86177,2107.6444237270507
86178,7413.78035253959
86179,9785.770768615816
86180,12798.83972386802
86181,10993.053777502115
86182,13311.80899170156
86183,9671.497865669728
86184,16047.58998001422
86185,11011.615584006468
86186,9932.236052215738
86187,3785.157949259226
86188,18602.439988741433
86189,13442.834434589528
86190,17622.839661320988
86191,11714.796924200371
86192,18370.883334228016
86193,14496.256580475763
86194,9936.33176444623
86195,13208.707404926927
86196,11682.94125352728
86197,8171.167741951325
86198,12956.39775712279
86199,19013.55321196697
86200,17276.028005064454
86201,8422.645398617806
86202,11126.647423911167
86203,17215.2548233652
86204,19552.715412612553
86205,8864.258073606476
86206,9240.145300148639
86207,9273.601339443081
86208,8332.115499893864
86209,12457.51101131548
86210,12095.789440335056
86211,7055.787972895118
86212,11454.889598186992
86213,13087.761527364393
86214,3443.015173434976
86215,8622.047021798473
86216,14457.763226367511
86217,7178.798161223313
86218,9777.603703131032
86219,16025.250556052608
86220,16687.05866750145
86221,16531.730509975656
86222,16202.816267833356
86223,7982.8580555588205
86224,26379.597235428748
86225,11426.20501562266
86226,4059.1242581134306
86227,26067.217748017658
86228,10348.271758027831
86229,11485.05322931124
86230,9187.441510498737
86231,11159.761064007502
86232,4521.810601706218
86233,11716.92158237811
86234,10606.642043654467
86235,16224.295271111683
86236,16951.531428049944
86237,10846.770696830527
86238,7148.134980947787
86239,16507.31593870543
86240,16064.68024557292
86241,10512.233997153558
86242,16032.670293930862
86243,13661.409960395165
86244,9846.68913284542
86245,8279.237932746222
86246,12182.338600498475
86247,2936.740489436571
86248,8290.678066544584
86249,13597.31882363282
86250,18658.853829645086
86251,10039.391024394303
86252,13709.398439433964
86253,6836.208454919487
86254,9468.435989837924
86255,11997.545950113656
86256,10700.924214112982
86257,14262.54285480298
86258,8893.973994558235
86259,17311.71862089871
86260,15831.881508500972
86261,5265.170574445959
86262,13983.943569922978
86263,10299.291059945535
86264,8953.384300703221
86265,7139.277964021368
86266,16666.73259478781
86267,13888.460315658362
86268,5890.93488588959
86269,15456.048304792614
86270,25726.582559723352
86271,14625.946880029811
86272,9405.853468613708
86273,17689.5863379657
86274,6800.267357822104
86275,10781.383236679778
86276,11454.618323202332
86277,18794.221482956946
86278,6707.805979761339
86279,10780.393298053243
86280,8295.75575555126
86281,18107.297942157133
86282,6846.418856453969
86283,9619.19141399736
86284,11050.719398903286
86285,15495.519346152167
86286,7732.502844691827
86287,10565.673457049
86288,10106.902912722206
86289,18342.002107686734
86290,15047.606550925919
86291,10022.16944917171
86292,19947.647368232098
86293,11836.101096012027
86294,11564.840916750323
86295,18206.7446438648
86296,9867.954645011581
86297,11323.071460924233
86298,10912.200732677491
86299,3500.9281928751184
86300,19185.45264445263
86301,17621.472306725387
86302,8412.678268270567
86303,20918.86875911513
86304,9359.009683046434
86305,9947.145948771296
86306,11336.65353496571
86307,14235.847716731412
86308,3643.354629120816
86309,9401.783729912628
86310,11440.571669558081
86311,11187.63107874778
86312,12299.133164125946
86313,18538.838526939013
86314,14014.828737010846
86315,14469.984388753222
86316,12730.613718844384
86317,7986.390118383422
86318,1754.8817798891318
86319,13036.790935817637
86320,10247.95576760031
86321,11219.012819825462
86322,14691.403731170136
86323,16415.211239264016
86324,11217.264943199423
86325,11505.237701701906
86326,8999.248054460102
86327,8575.677376002355
86328,24836.73675404141
86329,10970.152332489319
86330,10950.810177568677
86331,13047.624765806775
86332,11659.029568980002
86333,6504.85541211439
86334,7299.188718647365
86335,16073.515252285573
86336,16048.869066478022
86337,13653.54174255541
86338,18393.20909491781
86339,14892.935793237995
86340,11371.593819050102
86341,16780.881698395486
86342,14755.13544729353
86343,10937.749651453489
86344,9575.639370879731
86345,20904.5840487045
86346,12513.615057398873
86347,13850.928313427386
86348,11039.364209099098
86349,10550.615277990499
86350,11682.382950671214
86351,15375.523056320022
86352,12457.51101131548
86353,9248.364597581221
86354,9694.838594548235
86355,12909.54647726776
86356,19688.2743772619
86357,8283.608811102338
86358,11133.460414979327
86359,12712.353223972668
86360,10069.454842362815
86361,17249.25369750327
86362,7191.119489384134
86363,11829.048178031493
86364,6561.222800028562
86365,9580.309077945485
86366,15904.669030978448
86367,11562.31496967132
86368,13622.750728096105
86369,16147.767132408728
86370,7611.737179706873
86371,16303.546325179148
86372,10607.683946636424
86373,18722.51636048057
86374,9690.276226011536
86375,9947.825936485247
86376,19803.494816919956
86377,16120.002624760102
86378,16698.780663032678
86379,11599.589561959976
86380,10801.483775046174
86381,16980.644005329686
86382,12373.649527745843
86383,8677.444098989672
86384,11111.621427774864
86385,12348.51110794318
86386,9923.979464106038
86387,16197.46760023779
86388,18347.959561391064
86389,10158.522562432025
86390,10849.858752274293
86391,14692.46316085264
86392,17337.54009972688
86393,11090.963833972193
86394,19787.990038934637
86395,21144.364006774744
86396,10726.536450131336
86397,10442.249984486201
86398,11190.334650666931
86399,11552.91676433708
86400,11758.202530140275
86401,9150.687960989222
86402,13082.619663175126
86403,16379.5035865972
86404,11612.278221417413
86405,8158.062317349504
86406,16419.583938531363
86407,6298.3441892549845
86408,11700.621315081902
86409,16565.55652906338
86410,15800.947038001343
86411,9690.055751038488
86412,7574.64290071729
86413,17604.624891793457
86414,13350.525843391379
86415,10855.447576237959
86416,8119.485410144551
86417,17887.61696216777
86418,13861.926416893111
86419,7478.072112022526
86420,9721.127883954325
86421,13335.72150257282
86422,17410.242346148436
86423,17434.336013550805
86424,15714.133497242508
86425,17080.32795354896
86426,12065.9602879973
86427,6565.870363282613
86428,2612.1674235973496
86429,6761.080633810497
86430,12066.968840922362
86431,10754.573385519723
86432,15532.422093344234
86433,13596.585123233595
86434,13565.782924680781
86435,12095.816063110802
86436,9542.296974779387
86437,18523.250676282023
86438,7908.57309762415
86439,9249.492648212601
86440,9741.839021280774
86441,16333.619214217286
86442,10005.156781400425
86443,12263.545896899634
86444,15582.04561705359
86445,6249.07472872842
86446,8491.84556520816
86447,14536.922760527174
86448,10558.750868739464
86449,10778.852270228517
86450,20447.73633322475
86451,11819.95375032915
86452,16933.784557025963
86453,6320.401545211285
86454,18437.833322179238
86455,10184.681837170932
86456,10559.33329507608
86457,15634.985846644746
86458,9919.199788015454
86459,13835.924232798428
86460,17002.38161755198
86461,6640.770817359386
86462,10062.094335711778
86463,19175.07083662061
86464,10745.926589149376
86465,17114.790897013107
86466,13304.988887518017
86467,11448.871360741221
86468,18171.040068251932
86469,10851.838850987842
86470,11934.970727784837
86471,11948.245742918645
86472,18794.221482956946
86473,11915.227022663059
86474,28486.687710774517
86475,8207.556505997243
86476,16479.86205798972
86477,10730.66396639564
86478,8884.314145681758
86479,7168.823497503815
86480,17213.1258592696
86481,11889.316460451104
86482,11624.385710322449
86483,21326.41506364207
86484,9074.456023142744
86485,15603.93729340885
86486,8899.064064597444
86487,10062.385618148124
86488,9980.0530315796
86489,9407.881309300174
86490,10053.148806801226
86491,22858.28374681556
86492,11062.463338933812
86493,9122.411295912187
86494,8185.66986825772
86495,11066.944226779031
86496,8368.291072776667
86497,10551.866177904647
86498,16001.586395778735
86499,12006.257444336637
86500,11088.62384235435
86501,4200.7613858954055
86502,7295.554224265341
86503,9944.382080508372
86504,11752.2759177299
86505,8374.122317152385
86506,2173.838016377321
86507,8606.118383712723
86508,8407.841904511504
86509,14959.261495909084
86510,10254.592828539015
86511,15730.35667206918
86512,15055.608150413798
86513,10137.258073918143
86514,10238.06898668848
86515,15205.414443472913
86516,7354.084468678248
86517,10957.366928312222
86518,13290.524052526234
86519,10522.744762850198
86520,18367.50823469416
86521,7358.5529472428825
86522,9946.454732674862
86523,16148.105499626445
86524,7630.991296861344
86525,21404.114885602874
86526,8403.875739803261
86527,12121.688081478635
86528,12987.481785176982
86529,13020.830695547607
86530,11677.295343469174
86531,10563.703829503087
86532,15313.617661353894
86533,22140.729115823025
86534,7213.698874529811
86535,15312.543037804116
86536,11508.993033360306
86537,9492.466716003051
86538,11613.687773392112
86539,5204.723556413157
86540,13730.640832582301
86541,17753.835679381024
86542,11726.37273759737
86543,13193.21021610859
86544,9348.314626096888
86545,11272.118054691968
86546,9676.474778460746
86547,6124.884635020412
86548,13338.958504342556
86549,9920.724157335942
86550,15924.202046733986
86551,9364.874821061996
86552,6883.755958144102
86553,9450.165691162925
86554,15958.868513952393
86555,9025.942067499063
86556,15807.58487155405
86557,7767.657930764012
86558,14918.865001606047
86559,17486.146654375218
86560,12467.823302274704
86561,10230.106383867407
86562,11480.68668170049
86563,16411.14603925243
86564,11200.021429346372
86565,6350.1139518210275
86566,6541.166830904194
86567,9694.662766228083
86568,8202.21526670306
86569,13926.38962952734
86570,8912.517650511838
86571,10250.377080383541
86572,19552.715412612553
86573,9809.064763325458
86574,12068.358629112832
86575,9251.694454422255
86576,11729.887814585003
86577,11066.063590122501
86578,15685.546210293554
86579,13039.96531455414
86580,11131.730637500139
86581,10700.242760912426
86582,12821.234058355549
86583,9489.01625953548
86584,14218.406684674947
86585,11028.50629830243
86586,17807.95199224337
86587,17718.005149975772
86588,14507.571771455821
86589,7876.992369904477
86590,15800.213092197262
86591,6556.18675046202
86592,11322.24872827878
86593,4991.512826667073
86594,18075.079981067265
86595,16238.66087123185
86596,12119.18858336292
86597,8227.230545729757
86598,16639.384039639266
86599,15665.05573558545
86600,9891.498324219845
86601,10556.994578556489
86602,17007.5029457434
86603,15207.614643407302
86604,13467.368355265971
86605,9878.071707463057
86606,10576.235817347362
86607,17663.933115862637
86608,13716.310125078027
86609,10722.56858775182
86610,12676.041610085325
86611,16355.415870709898
86612,14696.410049848142
86613,13107.692352280324
86614,10469.007674865688
86615,10505.659216701019
86616,9530.225617132119
86617,7941.616213197726
86618,14980.97046363122
86619,12142.473924870623
86620,8569.786840998884
86621,18735.34215473498
86622,9748.520249081947
86623,13617.45518812776
86624,7792.614874043506
86625,10665.203658295495
86626,13553.428798807268
86627,9352.145608304467
86628,18413.032648888195
86629,11287.971272408819
86630,15418.453186696795
86631,5446.897436079245
86632,11296.372713691197
86633,13053.058822496021
86634,15671.479008616841
86635,10456.287262443762
86636,11340.696947553102
86637,9018.51307056451
86638,12887.753450252238
86639,10038.76295498949
86640,3495.9622228891853
86641,11289.62604858088
86642,8537.161819221374
86643,6361.428990630258
86644,13044.578726634873
86645,16793.91219438283
86646,20252.690254710426
86647,13134.572313339
86648,18060.351174821062
86649,10923.616289916272
86650,9960.331897311802
86651,9988.737949166574
86652,8899.393271943722
86653,11123.46772808261
86654,12134.72311326634
86655,15600.362526902165
86656,16355.535686019037
86657,15891.553289898995
86658,18626.524456482304
86659,21527.24479544546
86660,11764.527752515934
86661,19080.330771089302
86662,11030.288266463496
86663,7880.268993902896
86664,6592.5062554005035
86665,14856.658136997055
86666,16383.071784285654
86667,13403.249315740048
86668,11310.389657634825
86669,15864.490835642513
86670,16418.507211045206
86671,3333.4539613787924
86672,12239.466552316902
86673,14862.400651150901
86674,9509.488150984142
86675,12598.112547614053
86676,9725.918484332724
86677,8078.579377070047
86678,14972.083564463606
86679,14097.694137519957
86680,9592.911679370458
86681,7471.6129268982295
86682,6413.3813575412705
86683,10243.56854529569
86684,9483.374673155276
86685,11602.806359669652
86686,9488.924449978322
86687,7324.151353155983
86688,13417.130231187393
86689,6330.282349025797
86690,13796.502251691529
86691,13972.231637237526
86692,7956.049481957078
86693,18849.31511177582
86694,6962.525138833336
86695,13065.260702866512
86696,19671.908358266846
86697,1381.1858265840272
86698,5074.786899766104
86699,9768.771844248218
86700,7404.808917405549
86701,13960.088052076744
86702,16001.586395778735
86703,9765.561089131992
86704,8181.865549774879
86705,12434.107382572673
86706,7422.397643914343
86707,16889.727193233386
86708,11532.403327474249
86709,15792.329908429647
86710,8126.711260267483
86711,13409.088930585976
86712,13033.087999604199
86713,8239.73702116211
86714,9939.926565850601
86715,15992.272586250176
86716,16079.555684264504
86717,7622.889575971222
86718,7476.7633711477165
86719,6984.835397009554
86720,9741.853326569577
86721,17946.707507898413
86722,15583.794594751387
86723,26335.643682719663
86724,7748.597672577358
86725,12257.213170502457
86726,7343.216795686354
86727,10137.997546483413
86728,9906.273950602532
86729,9514.246146560823
86730,10648.445459296883
86731,9276.329022036614
86732,13716.310125078027
86733,10642.77369426619
86734,11467.826064576291
86735,15723.355583828574
86736,13636.827169374359
86737,18130.005042032724
86738,11949.207323526143
86739,9161.099355595266
86740,10246.067095770342
86741,20432.134609738932
86742,10088.664523902624
86743,11217.669007941091
86744,12212.854484392778
86745,15458.834865783256
86746,9021.730178675163
86747,13860.184464835755
86748,11266.322314432913
86749,6405.202595886662
86750,9671.3279136099
86751,10194.849688868992
86752,18981.461493776485
86753,9626.575113437328
86754,9955.55353602089
86755,13564.343661845449
86756,3379.3347106121773
86757,5745.770346439555
86758,10116.461070263915
86759,1940.1111450908618
86760,10464.230635439457
86761,9023.366257107642
86762,6830.104945492963
86763,16794.196290952117
86764,14092.240380767498
86765,17969.714139485364
86766,14109.196100069748
86767,14429.81716323162
86768,12262.36588407984
86769,9657.635085811387
86770,11613.788973085264
86771,16424.64489598194
86772,10832.788007728748
86773,7925.541420900652
86774,20331.200571787016
86775,4496.250162964136
86776,10655.580705358445
86777,12157.352588807194
86778,7790.899844987349
86779,2259.722114211156
86780,15948.693287527669
86781,18988.714273512833
86782,16843.713969960998
86783,11042.81159839289
86784,12266.825915203046
86785,15926.692929853767
86786,7578.346033508058
86787,16333.949049407744
86788,18530.316139749397
86789,8372.495241136197
86790,20183.179899351475
86791,9722.590522690893
86792,19250.44031295316
86793,15817.708260024949
86794,10016.675955869754
86795,15794.5524189996
86796,18739.525188172574
86797,18199.400402002248
86798,13491.663569111228
86799,13271.093847953623
86800,15980.834687868104
86801,11228.849055516366
86802,11982.19001103964
86803,6856.853003711769
86804,12505.166866647565
86805,11322.851301499135
86806,17095.59268528404
86807,9917.292583089466
86808,15666.24352415372
86809,18576.08144735906
86810,7651.322477795648
86811,21118.791452543348
86812,8594.808162066183
86813,11889.720008564793
86814,22780.922105878486
86815,17159.00261598135
86816,10753.364125875441
86817,11498.073358882013
86818,10539.711720824624
86819,12448.537218930174
86820,12179.644097717968
86821,17115.596277860368
86822,8380.115693771162
86823,10136.11386779976
86824,15776.278630459852
86825,16366.391620838074
86826,19333.930348567043
86827,5265.170574445959
86828,10994.83183978099
86829,13074.769136677061
86830,9040.811219835306
86831,12691.779749292875
86832,4082.8962097772896
86833,11932.107245586974
86834,17824.76394385493
86835,16224.537569808277
86836,9784.329767944124
86837,5453.24557099965
86838,10126.23674193934
86839,13493.048133461669
86840,9066.49362034079
86841,11910.718646079518
86842,18623.40344712831
86843,13525.341994130791
86844,12222.362674169763
86845,7242.777429349558
86846,9356.630981070919
86847,8433.234323057477
86848,16555.365742258895
86849,8551.435497116958
86850,9237.044832990683
86851,7268.125706794784
86852,10111.522736863491
86853,12813.066793313357
86854,10549.03729020723
86855,15232.547161748
86856,8586.611533483365
86857,10361.888930106306
86858,9876.85946948751
86859,9430.10899427208
86860,7248.052910330146
86861,7312.323019436493
86862,6058.210997366594
86863,10863.590662881223
86864,15795.52841796195
86865,15642.326357473166
86866,10748.288564188333
86867,4319.232795977071
86868,9445.000841015677
86869,11162.332502073521
86870,11933.565332543047
86871,12272.248555472248
86872,10790.230590367522
86873,13571.394486471927
86874,10232.143240773668
86875,13803.945884992883
86876,12280.4108120489
86877,19641.82943338429
86878,15323.878551952692
86879,13392.577584455104
86880,12756.079764381433
86881,9853.5065200624
86882,18631.307624299163
86883,11815.167074469151
86884,6212.775032643036
86885,7422.717774823179
86886,1921.4435821047618
86887,16666.534453543158
86888,16352.324233729309
86889,18943.988137522676
86890,8119.381003788562
86891,17303.064317580815
86892,9643.703638023948
86893,7211.791731956319
86894,8331.525804061584
86895,7225.10438122196
86896,1598.4731002841957
86897,9592.907555336269
86898,13434.293617189503
86899,13022.875447791179
86900,11283.084570076338
86901,9958.522898919353
86902,8677.444098989672
86903,17067.970742659385
86904,11535.415903519293
86905,10656.183171641349
86906,11343.93516210917
86907,12904.626422888632
86908,9965.748795038313
86909,9478.486622760483
86910,10504.866590643394
86911,8971.128556043186
86912,11362.240539393377
86913,6871.138390182572
86914,16650.202001518686
86915,12928.472021298692
86916,8569.473393962611
86917,15697.80410354707
86918,5693.187480969947
86919,11806.402322311744
86920,14355.355144659055
86921,15942.740311679245
86922,11080.135108552227
86923,15823.547518703295
86924,7868.6820796077245
86925,9588.948785618993
86926,9002.973965266383
86927,15564.850213537564
86928,19545.044073960325
86929,10575.605355680338
86930,7860.848507435482
86931,18361.467541891634
86932,13020.513769555226
86933,11137.061957119555
86934,5717.597134249723
86935,8381.956309896834
86936,15109.479590493193
86937,13511.875736618003
86938,10125.493531313243
86939,13968.510449365638
86940,9168.774444579902
86941,16232.826841709124
86942,11477.459562481936
86943,12192.906492343242
86944,7639.120429064935
86945,9888.068525568739
86946,7584.7562675950685
86947,12200.073341896117
86948,11137.499340908016
86949,9669.233248499073
86950,9185.133227769547
86951,8362.942301851568
86952,10879.903804707043
86953,10604.081147001014
86954,12296.483823761972
86955,13993.012060893618
86956,18956.43538908565
86957,8080.466244370791
86958,11933.947987234873
86959,8435.823862351643
86960,17442.0798939121
86961,10096.28878289298
86962,16001.586395778735
86963,10020.253378292682
86964,9236.995904910105
86965,13752.940401550515
86966,6294.899800695784
86967,11065.85523508577
86968,10890.911118992391
86969,1785.9056845867447
86970,11393.696421557359
86971,7647.538277812122
86972,15709.746216936153
86973,11883.1987642321
86974,11294.820504660327
86975,16485.819113883925
86976,19078.808666783887
86977,11973.256317544003
86978,7789.0706535978625
86979,14585.981677835403
86980,9313.276662534718
86981,7721.308417115604
86982,16168.422890411313
86983,12756.66846689372
86984,12357.20038333954
86985,19224.609728927808
86986,15296.814397420756
86987,9452.299565473819
86988,18278.703636022103
86989,17058.84907023313
86990,17694.644036657457
86991,19599.14416847112
86992,15732.029946345372
86993,11353.545579356238
86994,15520.468274025816
86995,11836.65530245435
86996,15970.758461235624
86997,10076.153858800217
86998,10520.097996757266
86999,28391.7255935613
87000,13595.291786477092
87001,16935.557047165257
87002,17501.308686409535
87003,13115.923100999573
87004,19270.350922595117
87005,13891.69958498678
87006,19419.035625834334
87007,9908.960382552164
87008,16445.6421336254
87009,16998.09049893174
87010,7844.137286404255
87011,10730.841983904491
87012,11728.07626421112
87013,10585.938212910669
87014,18321.166662084914
87015,8890.557239713082
87016,13367.223430691967
87017,13128.638124046794
87018,20329.090617128953
87019,18353.603143646695
87020,11094.035925760249
87021,16258.117425326456
87022,13669.584690932275
87023,16527.497556826514
87024,18374.487565395175
87025,15039.165885544082
87026,12138.673602763514
87027,12038.179756349193
87028,9194.122626275095
87029,13665.125776058641
87030,16316.206119111866
87031,10826.02436833255
87032,23220.51940925693
87033,17207.59567660088
87034,7590.6969949947725
87035,13378.889001997453
87036,7245.886638730964
87037,18734.72846067306
87038,10182.847899820343
87039,4001.196278829865
87040,8277.042293344959
87041,10162.864667175005
87042,16457.76396030017
87043,15195.503107537683
87044,16710.97558885683
87045,5672.810609151035
87046,2425.3310579510508
87047,16679.53966528196
87048,15957.067675980503
87049,13651.086886050562
87050,21899.234127919197
87051,10217.109516255472
87052,16329.339044971844
87053,15722.32625485983
87054,12651.583572070991
87055,8585.691756117452
87056,15396.00102569866
87057,8861.42931938056
87058,17283.414187243357
87059,17001.511850929135
87060,18434.84530930332
87061,9928.612876027448
87062,19219.300605434757
87063,11970.253239293488
87064,14027.370147232685
87065,9985.298995139136
87066,11714.028485560737
87067,17826.276545252975
87068,11755.891662057984
87069,15839.96591798273
87070,18571.93408477218
87071,26752.947609063922
87072,17621.23944773655
87073,23133.224805796526
87074,12018.583405493231
87075,12429.119443334484
87076,17131.186004048115
87077,7256.750386951714
87078,16917.04279764948
87079,7936.515474733755
87080,9689.09492599219
87081,15066.319921619255
87082,9300.807083495944
87083,17265.112011115845
87084,15931.306369973152
87085,9606.515323403062
87086,14132.966168396282
87087,12170.62617071691
87088,12277.876124123319
87089,14699.063654576536
87090,12371.52126327245
87091,9917.461538701162
87092,7520.650772645986
87093,9554.691024793296
87094,13292.488036433708
87095,9908.627875478289
87096,12324.330965482972
87097,7416.01229529214
87098,6193.241034457407
87099,13671.866524368992
87100,14667.32597715058
87101,19706.95191276943
87102,5104.693553578926
87103,6767.29789263121
87104,27582.43107607425
87105,16773.612632572458
87106,15974.574309893036
87107,18163.30198796517
87108,2919.2546042770364
87109,4573.811420575088
87110,4909.6890367684555
87111,15794.5524189996
87112,10540.187162865988
87113,24297.65087797685
87114,6874.842807546003
87115,9749.578814491975
87116,9422.190157247265
87117,10932.07869693531
87118,34986.08462824261
87119,13029.32104695625
87120,9128.432610895226
87121,9852.038953597728
87122,15655.16363327601
87123,11116.466705847373
87124,8633.562746929061
87125,7634.821779742084
87126,18026.264371244117
87127,13784.488285859423
87128,13278.540522637804
87129,8207.576663340795
87130,8316.632825244023
87131,8325.463149864227
87132,15112.935617833995
87133,14020.443365260639
87134,15964.573181339203
87135,13249.156616260498
87136,12972.79646016099
87137,17399.873035005403
87138,10603.044054306674
87139,9741.494628277207
87140,15827.181813203915
87141,13593.117924714212
87142,8496.576584878174
87143,17109.114859891306
87144,10855.084175577635
87145,11304.26394222527
87146,13448.961914101796
87147,12006.02994598313
87148,16645.710310223232
87149,15538.153238833058
87150,23208.25069269194
87151,11004.06103786312
87152,10289.544998250409
87153,8437.294422898873
87154,18195.791079904808
87155,18197.203645036392
87156,7837.594710192119
87157,10829.487290037263
87158,10662.704099490189
87159,12716.858715545355
87160,8944.803118002674
87161,13052.769783906695
87162,12910.701810628601
87163,15832.32559580685
87164,17679.043178921496
87165,5794.393250084221
87166,10933.106994737687
87167,14589.636644472415
87168,18693.455078328236
87169,18430.848819556995
87170,17908.6935884485
87171,7731.423823781112
87172,16147.340758952505
87173,10923.616289916272
87174,12899.916593410473
87175,16962.191427390426
87176,18323.56239234836
87177,6808.265388254798
87178,18795.732573502115
87179,8065.902365894167
87180,14658.901954449295
87181,8624.207641666546
87182,9297.52424332796
87183,10520.653795418608
87184,24644.798192939936
87185,17449.2569455721
87186,17095.78313017875
87187,16216.185846618813
87188,16086.372016085083
87189,18834.387148775746
87190,9216.240783178559
87191,25034.304835320974
87192,11033.341719792754
87193,8749.975803447234
87194,18255.134172220736
87195,10121.066217522248
87196,8531.291310765886
87197,16555.981766155768
87198,21991.743744807907
87199,15779.497046275932
87200,17900.392181211337
87201,13056.253724626207
87202,14136.223989331073
87203,13609.392435423546
87204,15276.493085721386
87205,16373.618841651863
87206,10064.146012465453
87207,9938.096273377843
87208,11766.278074602971
87209,7972.817434513045
87210,4563.179267565788
87211,13247.257552115949
87212,10545.764062526458
87213,8783.569562609431
87214,9111.072657394361
87215,13560.3694299654
87216,13545.428277371417
87217,13773.584587330351
87218,16053.908426495724
87219,18598.995981754546
87220,19048.74518875775
87221,19178.15270804046
87222,10109.98245384026
87223,9258.987218092587
87224,10243.05801754743
87225,7839.004986764971
87226,5109.685623140465
87227,11466.554831040568
87228,8677.008277465227
87229,11374.709579890608
87230,16955.98403221366
87231,5162.5899632071
87232,13600.325583912057
87233,3775.9687239318437
87234,9728.246639893223
87235,7810.463502314202
87236,8663.01372683571
87237,8873.583954925922
87238,15809.93752713627
87239,16240.972462600008
87240,10291.047838719782
87241,13834.56078311726
87242,12160.101896613549
87243,5969.3025569058
87244,14190.14069626189
87245,16237.120426556005
87246,9070.914638651946
87247,22979.60733939561
87248,8904.765509616533
87249,8537.60091310717
87250,11691.154252805598
87251,15923.708359893088
87252,18724.600792788366
87253,15435.70435654966
87254,9057.849075235741
87255,11297.280517164416
87256,9092.041422678996
87257,11375.106192115863
87258,16641.084373958078
87259,11168.57374864597
87260,10302.989497665641
87261,18463.1556356494
87262,9438.154971330256
87263,17864.05571345394
87264,7324.083572369553
87265,10407.545370244561
87266,26760.501052699045
87267,9959.927372263031
87268,18263.34314330131
87269,9130.418093183724
87270,18335.387379339434
87271,16453.114779685027
87272,19906.682279983692
87273,9676.311383214768
87274,18629.578532853408
87275,11584.598264780714
87276,11602.787496368226
87277,10137.258073918143
87278,15366.773656246653
87279,11209.126088295905
87280,13356.891527501222
87281,10534.74716514507
87282,13716.736597868869
87283,9849.595934497815
87284,7606.129506547471
87285,8324.445321406993
87286,13545.428277371417
87287,9515.745363697417
87288,9436.606647780061
87289,16162.63470674903
87290,8516.660022010872
87291,16997.99686224223
87292,17540.322220212056
87293,11213.85660079677
87294,16220.282765150052
87295,14344.272829308371
87296,16358.54942803089
87297,12319.194548634066
87298,18792.83307727811
87299,10888.926850982536
87300,9620.305948556463
87301,4218.158247382723
87302,11101.806714353928
87303,9435.208444848788
87304,9814.84930214762
87305,11739.363787809662
87306,9216.123331125838
87307,17685.374521057187
87308,11729.994533624395
87309,9248.824270267101
87310,15953.73442139577
87311,17484.1956392814
87312,15161.488490038744
87313,5747.1129338679375
87314,17820.80017069303
87315,8961.06528806751
87316,9201.558546454406
87317,8350.20021532231
87318,12256.231141001626
87319,11572.963174552477
87320,16234.19444565901
87321,6759.484341617678
87322,10569.418703448604
87323,10082.938200113496
87324,24180.127695906453
87325,17460.711890727736
87326,10189.944046811139
87327,14909.504889583954
87328,6771.29336185499
87329,10176.785347432935
87330,16379.5035865972
87331,13006.36778379248
87332,6401.895179958475
87333,11271.890290610081
87334,7450.331969388643
87335,17634.48271520177
87336,10677.18484146678
87337,9485.835769492729
87338,10633.309981464192
87339,10992.525651694083
87340,15783.372008188158
87341,15722.056375618286
87342,11529.695855058602
87343,10858.399596199739
87344,13435.468655543891
87345,8663.40112887725
87346,14369.609845055958
87347,9252.655541154389
87348,10984.554817992017
87349,16317.625326852583
87350,5566.422514973568
87351,16865.127257567005
87352,11579.011370065913
87353,16442.314094950372
87354,11347.298606163373
87355,8503.965283504585
87356,6218.45427695514
87357,8539.628444716129
87358,8124.260660281626
87359,10604.068231010137
87360,9084.81980155042
87361,7359.659308129623
87362,11019.664074283373
87363,5136.067360748774
87364,15201.551533637034
87365,8018.8863705482545
87366,9061.423682877796
87367,11819.31471488832
87368,12825.078915125572
87369,8426.74412774253
87370,15610.923902872493
87371,16049.573511370818
87372,10773.935128721228
87373,17049.166475629147
87374,15496.740657240167
87375,10283.513300020539
87376,10405.107154449084
87377,10045.196685120553
87378,16021.616034520599
87379,16968.115963543492
87380,7365.38918552483
87381,9057.045334037206
87382,16100.08549552688
87383,8033.209700446925
87384,14705.297587978082
87385,20522.785110270026
87386,10873.209778133192
87387,13518.579950215482
87388,13545.428277371417
87389,7853.963149057551
87390,19991.765617841058
87391,25901.813721122944
87392,10003.726949183056
87393,15021.250446651626
87394,10458.114790025456
87395,16805.684787777966
87396,18380.84898229631
87397,11012.679977238353
87398,8743.53947598825
87399,13521.042473753156
87400,10074.777072294712
87401,16020.88356544833
87402,17119.28809134862
87403,8289.902769969927
87404,12949.412211095812
87405,13468.309936627662
87406,10035.903853110485
87407,15391.157387047182
87408,6994.1460047453465
87409,11056.941606187263
87410,13045.629425896142
87411,12252.32232674387
87412,20978.483271956145
87413,18371.088643385167
87414,9383.671044310113
87415,10847.649938128518
87416,12613.243200301236
87417,33199.87805287319
87418,8970.85475932166
87419,16291.729372310108
87420,16184.077256574941
87421,11959.066237672901
87422,11581.046649983586
87423,10684.750810546857
87424,19644.96696948552
87425,9894.29380754442
87426,6442.28529821867
87427,9965.748795038313
87428,14521.833583036223
87429,10592.162256116017
87430,7196.512946446782
87431,17262.05421285822
87432,10685.05985070831
87433,24270.09591558878
87434,12212.854484392778
87435,5467.0806620211315
87436,7746.249815946192
87437,8680.581973538634
87438,13777.774792622884
87439,8142.777189407526
87440,13368.458229164711
87441,2715.191909644442
87442,11717.830861591916
87443,7140.283472536968
87444,10714.252268895605
87445,9628.40406532766
87446,12904.92944597402
87447,15504.890302048321
87448,12217.775367903998
87449,20996.03443551493
87450,11356.79428603547
87451,10806.355882522404
87452,12101.15277648981
87453,11896.875080990822
87454,9913.255886674458
87455,17602.986266213575
87456,15346.178561893768
87457,8293.596012849594
87458,15563.455368381929
87459,27775.36622099429
87460,10906.133049879412
87461,12563.489721050644
87462,9834.79259824398
87463,15233.050898980502
87464,11455.234454475822
87465,16283.49006358629
87466,15472.371920810565
87467,11409.289327925548
87468,12853.505187463477
87469,9280.02841225214
87470,10539.095207207296
87471,9040.582295866432
87472,10709.635851011999
87473,10985.024646029668
87474,11180.686151676331
87475,12351.755266116352
87476,9181.421326451353
87477,16979.880342966433
87478,7786.806444198406
87479,13248.302519151503
87480,18599.362720027308
87481,16101.560627674002
87482,7306.891688532652
87483,9790.842976706632
87484,11304.26394222527
87485,10987.413012247567
87486,13499.212845890792
87487,38821.43036098972
87488,17288.242164581385
87489,13182.373026858037
87490,6318.650637844788
87491,20485.326911879594
87492,16212.55804497793
87493,11563.361489171772
87494,9056.124703591511
87495,16847.809980800874
87496,8589.529657632915
87497,11677.724069879447
87498,12787.850898695442
87499,19213.06079576828
87500,8585.471367865059
87501,17356.21227375278
87502,12765.549817805306
87503,9682.400296491143
87504,19002.249940614285
87505,6010.538792649291
87506,12224.476882901296
87507,8414.807660428974
87508,17632.721654204153
87509,11468.966015213486
87510,11329.72399544811
87511,16160.987994121528
87512,15795.52841796195
87513,13093.804336255143
87514,10461.143475625599
87515,11642.962114121381
87516,8146.803748337101
87517,16175.83057877368
87518,14291.037665127695
87519,11851.647232524572
87520,7982.762568945085
87521,7646.820535044965
87522,11333.265500927082
87523,9787.676514767529
87524,10751.44387542111
87525,16245.041564977388
87526,4904.134816395154
87527,7802.878607305313
87528,11286.533954585544
87529,11358.343188391422
87530,8795.843323455552
87531,2833.2528281046852
87532,14572.039834843587
87533,11294.842985288844
87534,10944.865960156623
87535,30164.813269941034
87536,8851.775001871427
87537,16464.109712523128
87538,12824.16331191061
87539,11444.312650717951
87540,11285.644471549833
87541,12568.506297695472
87542,10034.221694984122
87543,19380.230630096743
87544,13461.45593403394
87545,9302.306814808198
87546,11467.378598959893
87547,20252.690254710426
87548,18100.483772602583
87549,9684.901198777736
87550,3687.6175449271905
87551,7259.370530907838
87552,7028.428734854406
87553,18253.283596111924
87554,8155.549699695159
87555,17612.18921693291
87556,9756.330728009752
87557,8224.32424786803
87558,10503.679973659682
87559,9293.105400317883
87560,18888.00752691708
87561,15321.07717090898
87562,7315.616264926768
87563,10009.918182182675
87564,7932.252358264128
87565,18625.079758363627
87566,10398.404814727277
87567,16399.43343910597
87568,4269.9610370686
87569,16798.652281880746
87570,4062.8597409326912
87571,8145.24323726
87572,21866.3886077546
87573,7982.510885034175
87574,11274.84948998682
87575,15417.24580942419
87576,18075.15208709504
87577,15109.271649770853
87578,10909.719225534443
87579,12740.99351676254
87580,12042.790292705731
87581,12567.503426510999
87582,19744.446381125097
87583,19551.32213979659
87584,16159.308275686053
87585,6820.540888692202
87586,7944.564045860328
87587,8231.059863855518
87588,9658.825079988994
87589,15552.673689804353
87590,11386.479920891921
87591,14569.089787690713
87592,8276.50743500788
87593,14295.806966777676
87594,7265.712921352177
87595,19334.571386279116
87596,7507.078423118472
87597,11023.767858081863
87598,10528.433672222869
87599,16395.500140296528
87600,10992.525651694083
87601,18930.458773702678
87602,15021.266545112885
87603,19713.959933697326
87604,12862.144699473027
87605,13984.265486158021
87606,7278.87257361227
87607,9667.264780750627
87608,8952.65763237346
87609,4127.051536682196
87610,9934.144426758214
87611,10576.787121931979
87612,6292.794369071146
87613,10645.61433535779
87614,12119.18858336292
87615,11848.166773091481
87616,10641.252227324485
87617,16921.914813179752
87618,17227.687927111638
87619,8531.006295706728
87620,16263.569208472341
87621,16846.331442757666
87622,13662.711312746585
87623,10464.567242270527
87624,17374.15317425385
87625,17667.11983119565
87626,11916.28251512838
87627,19362.336736980695
87628,10044.10042676159
87629,7481.0520653994445
87630,9057.176005968848
87631,13545.455155884123
87632,16593.298270087573
87633,2500.599012235159
87634,7766.701261754138
87635,18237.299830109907
87636,10396.948673477773
87637,11056.701241967614
87638,8009.300064417703
87639,7786.806444198406
87640,8325.891297130083
87641,15497.539796682864
87642,11078.605134896756
87643,15258.171060245937
87644,18311.793712837403
87645,12961.148219357325
87646,5993.8444456034495
87647,16221.607656682527
87648,12250.821734252446
87649,16451.10303508903
87650,9545.849589203981
87651,11636.918449838511
87652,13610.594062933123
87653,9648.663226729788
87654,11843.938330851524
87655,14885.936413214684
87656,9856.441701349726
87657,17157.67762614363
87658,10419.98989544949
87659,18501.622988346593
87660,11675.721721168877
87661,10480.769515230006
87662,10257.084428870208
87663,17719.737504947167
87664,9662.028064409871
87665,10891.801565845522
87666,10700.17315447089
87667,7560.959504955552
87668,17784.46031055321
87669,10172.439884196125
87670,14131.49808013642
87671,17100.476504033835
87672,10991.508060779426
87673,17114.790897013107
87674,11172.185014308514
87675,10937.696894653865
87676,16632.237553856598
87677,1982.7103331288702
87678,19121.497441466065
87679,10261.007050524078
87680,6390.002127728015
87681,7402.521746668942
87682,19731.796750160436
87683,12888.054783907315
87684,8013.559610724994
87685,18682.42376922298
87686,13514.145393816847
87687,15076.57996782795
87688,9192.205349327009
87689,18331.48403449414
87690,14201.335523214211
87691,10640.547540898935
87692,11553.908171824973
87693,13770.878243897041
87694,11645.529317165558
87695,10874.410676476016
87696,10603.37915364764
87697,15353.439075135799
87698,13018.727709133807
87699,6407.650511909878
87700,18180.090222071052
87701,18997.44528625968
87702,10569.59271549979
87703,9413.736386789154
87704,8230.8221471605
87705,28312.64591713774
87706,11224.900477288633
87707,6056.031553227518
87708,11234.156358342327
87709,11752.2759177299
87710,16015.523658524708
87711,10132.869451300026
87712,10425.251813804329
87713,16257.37748665129
87714,11105.715720305994
87715,14015.637417763497
87716,8979.358739667294
87717,10049.072195967188
87718,10763.571804199326
87719,10107.124067192419
87720,10215.502485064302
87721,13017.55142164005
87722,10680.26415009632
87723,16297.904076011322
87724,8001.794014727665
87725,13350.17986766232
87726,11030.194429013465
87727,8029.08435342118
87728,18974.19001540726
87729,8518.971771722796
87730,10303.374029886789
87731,9352.911450122925
87732,14240.402927102377
87733,13645.258173721579
87734,18055.081506347484
87735,10001.455325782128
87736,11228.224675756124
87737,11690.750899243536
87738,17549.30292590687
87739,4879.88651308985
87740,16221.878747142075
87741,15555.074099485286
87742,8390.149460007162
87743,1840.4166741498832
87744,12318.788069983817
87745,9868.539468931767
87746,15709.746216936153
87747,10590.204267607227
87748,19741.261910468584
87749,24424.311520265896
87750,12878.793815105275
87751,12942.68018321818
87752,11054.109350498667
87753,11789.755962391377
87754,11358.936641061926
87755,3084.8214526096713
87756,9373.5539067144
87757,14015.78306656931
87758,17375.203049976746
87759,7886.920682316474
87760,15795.969866546115
87761,11006.826385719822
87762,6361.382316980086
87763,8324.955191435825
87764,10147.435307340476
87765,15859.743954785043
87766,16064.854285546793
87767,16045.551388044873
87768,7137.30375317652
87769,9719.964111792133
87770,11216.011951917535
87771,17167.357925122153
87772,20650.960626599976
87773,4535.140454138186
87774,20509.51882733132
87775,19121.497441466065
87776,8339.928281093338
87777,8543.42740998353
87778,13603.521404833868
87779,10596.76941426488
87780,13188.471418545645
87781,11700.661284735326
87782,16001.586395778735
87783,11585.608792774476
87784,10054.402308639244
87785,10864.52419817913
87786,15260.156526185443
87787,10221.206126633822
87788,16379.5035865972
87789,15795.969866546115
87790,10037.913181980908
87791,7532.151982368355
87792,7974.163962672968
87793,15907.748751713207
87794,13920.469417609582
87795,11679.469801674008
87796,10951.525157518492
87797,14240.435072864288
87798,2270.1744163750705
87799,8372.885875158527
87800,14917.181478971126
87801,14143.932042657209
87802,11638.808697678374
87803,14282.677178741442
87804,6387.069451843137
87805,21383.021076869994
87806,10943.41506468697
87807,3913.863497396115
87808,11887.08141507236
87809,17883.923384518846
87810,9919.344897838266
87811,17633.815557619186
87812,18168.212839402964
87813,10681.769708883598
87814,11247.040912500275
87815,10892.105536709789
87816,11091.392633417698
87817,6457.200316138986
87818,4743.873695174391
87819,17966.038352211934
87820,10858.385219677008
87821,21513.19519098114
87822,8075.127110645895
87823,10240.216686530543
87824,9956.745152855017
87825,18770.527735261243
87826,13083.929469897392
87827,9195.59591158017
87828,10478.725231463412
87829,16162.549059620476
87830,17585.719528201716
87831,15652.240117050997
87832,9680.791521516187
87833,12752.135551445293
87834,9275.231598322218
87835,17140.73884992463
87836,9051.158447527658
87837,7099.839227735683
87838,20604.89977873372
87839,13002.101152379386
87840,16270.925982298202
87841,11373.838197025869
87842,13927.34414849447
87843,7711.6605921006485
87844,16973.986931510295
87845,8932.24540774101
87846,11328.706033678318
87847,7693.807273926845
87848,11195.769878171946
87849,16347.081004526308
87850,12946.852191084876
87851,13991.44935751701
87852,8410.165225404471
87853,16928.865950816893
87854,2213.06442315565
87855,7834.1952173059835
87856,10420.946756889103
87857,17272.817603945143
87858,11973.874728590226
87859,18157.83080249989
87860,10300.483089062514
87861,10803.35884391654
87862,32730.459507636886
87863,10563.399169949978
87864,17289.366107275855
87865,19686.018156237333
87866,18035.539373875974
87867,13901.548433283739
87868,11464.48313402073
87869,12999.750279300024
87870,10229.067641031048
87871,10579.770914342014
87872,9065.440207058467
87873,10287.23321822277
87874,7974.554776853227
87875,12256.231141001626
87876,9960.331897311802
87877,18911.7166318252
87878,10871.807560680583
87879,13268.336435891006
87880,8616.224263240427
87881,10793.118396437965
87882,15883.283100607032
87883,14261.763909403737
87884,13513.33225854348
87885,10504.66179190468
87886,17427.10603583312
87887,10320.523132497046
87888,9852.205483636017
87889,16915.682322722074
87890,11032.481584386307
87891,11825.240098029373
87892,15793.676012716136
87893,16792.14463130539
87894,7829.163599004436
87895,9465.85847512257
87896,18345.532881851996
87897,13106.220510017392
87898,9282.832774202107
87899,19635.323296059447
87900,15300.614173892802
87901,7792.102021995852
87902,10997.909878273482
87903,10865.615773649755
87904,11990.328201342301
87905,11278.798870934967
87906,16963.666897876537
87907,11548.763843726016
87908,17714.20963926896
87909,11424.49241164761
87910,10816.76724300173
87911,12339.073928146243
87912,10691.413327981134
87913,5375.2739542427125
87914,11194.313525688942
87915,12569.363787417187
87916,9225.710134097944
87917,9975.771566665506
87918,8913.244769690462
87919,8301.520060488017
87920,13321.143517675258
87921,10416.24075191897
87922,9933.084702001544
87923,9832.882197165649
87924,12963.960266149796
87925,7461.733773585522
87926,19068.067291749456
87927,13881.498267544344
87928,5769.419019237345
87929,9039.07363238746
87930,18472.95517225962
87931,9385.624309715598
87932,9743.521963405978
87933,15856.31228629267
87934,8426.74412774253
87935,14215.118501777828
87936,2517.7284330481616
87937,9829.801835460534
87938,12071.945453566095
87939,11647.257120643448
87940,9246.49367130468
87941,11115.434771512157
87942,10976.048033674682
87943,12237.603458473057
87944,10307.164184937103
87945,17684.074547669064
87946,16081.24096412616
87947,19439.096573590123
87948,13642.512534478503
87949,13295.078471303887
87950,13536.289866899997
87951,17120.975449281057
87952,4433.713758512382
87953,12006.687374795263
87954,17426.947487308888
87955,6603.181505026179
87956,11778.542809949977
87957,9858.355716157488
87958,12503.12958791739
87959,22084.403566553232
87960,8219.032119060363
87961,11240.14938197208
87962,13530.037121546811
87963,8292.690081219054
87964,5488.660916574712
87965,20928.659485010114
87966,9688.39551620364
87967,10231.607926529667
87968,8266.255140756239
87969,15786.543162392234
87970,13033.183028561478
87971,11257.610976739423
87972,12562.151217515204
87973,23184.563075181184
87974,19072.473809469608
87975,14426.570846884273
87976,4717.627833081663
87977,8199.057660565544
87978,11508.842759167283
87979,18558.606365278763
87980,10698.451787452266
87981,10689.9699218303
87982,18825.96423356507
87983,19865.016407946398
87984,9684.55133680452
87985,1692.2533613288042
87986,5813.262579693612
87987,10786.73150094164
87988,12077.698306196888
87989,5068.274662850593
87990,18896.771920299318
87991,10636.193716707738
87992,13963.911602937658
87993,7727.26796828337
87994,18946.49743044562
87995,8887.6989640972
87996,15332.943821896384
87997,17373.989486434923
87998,9706.514497069946
87999,6640.770817359386
88000,13649.217002471654
88001,13925.256946025784
88002,18548.644279012482
88003,15457.842146179208
88004,10777.596936724143
88005,8137.425151081734
88006,15648.659826343774
88007,16820.985750593554
88008,11733.170535230829
88009,16059.559621990275
88010,7497.538761984942
88011,12080.380038311823
88012,17354.665168743355
88013,10729.411610062623
88014,8152.371375688586
88015,9395.76554804528
88016,12964.550661986512
88017,14287.348735058024
88018,12724.692140910296
88019,14804.383541370675
88020,10627.509425222128
88021,11745.96705162662
88022,16632.237553856598
88023,15134.67080172961
88024,10132.583138918733
88025,7971.18966544507
88026,10106.33737620197
88027,18110.918329019765
88028,8610.58765901031
88029,11817.154011790117
88030,9669.233248499073
88031,12972.879797078007
88032,18867.29889365372
88033,16655.054641342627
88034,14302.50249810434
88035,13385.542852079372
88036,16528.505760006028
88037,10765.179508630268
88038,10712.431936324267
88039,7902.102936073931
88040,39781.834502565194
88041,15467.121054336572
88042,15286.332248732442
88043,10786.510254739103
88044,5390.814722770616
88045,17247.711776930213
88046,5961.804450363895
88047,9462.705722843493
88048,15542.19123414318
88049,6008.326911656506
88050,15889.935594768936
88051,3588.8864399577537
88052,17098.528862175626
88053,7922.687489766045
88054,17680.428660214482
88055,16148.882505457257
88056,8373.454270572574
88057,11208.625435225807
88058,9680.875694957005
88059,10482.836485354477
88060,15734.441207143287
88061,12030.38302218409
88062,16507.753784600078
88063,13590.490773493691
88064,14348.659665407618
88065,17093.38287680029
88066,11903.396735301025
88067,12961.969422933345
88068,2155.3259064601143
88069,7312.073913762097
88070,6783.803420412443
88071,6117.177344874644
88072,15795.368072190988
88073,16579.866955732974
88074,9605.10660996036
88075,16016.844148516502
88076,7133.029280224118
88077,21799.32474993755
88078,7880.268993902896
88079,16258.042027054798
88080,10932.22786458967
88081,17137.107717815226
88082,9386.149335603646
88083,7513.042674162925
88084,13837.25697214761
88085,10778.972957497304
88086,9916.028687611059
88087,1984.5900246738092
88088,11135.134383177856
88089,17650.724899739962
88090,17567.401098275062
88091,7106.829827389604
88092,18497.242475199575
88093,3272.9045508838535
88094,10294.329534477649
88095,23721.305553508293
88096,19919.554555834526
88097,21508.48526874443
88098,10534.523788743509
88099,7114.964564644229
88100,8547.827979930245
88101,18123.899233895707
88102,9351.632496292066
88103,8410.814101817596
88104,15996.480163848304
88105,13036.899188214344
88106,11526.755950364004
88107,7056.433239487704
88108,19750.309855658845
88109,13930.223552689054
88110,6529.336840319907
88111,10768.535780425244
88112,10695.495845458307
88113,9326.543789087886
88114,12972.816873140224
88115,9985.382343230032
88116,13461.81873316626
88117,9461.466978206601
88118,17809.70394215186
88119,11003.879291009458
88120,13208.682062305907
88121,16416.289643606804
88122,13861.776065472803
88123,17790.665085684243
88124,15935.973994536447
88125,12104.60011255706
88126,9280.02841225214
88127,18955.816073706563
88128,9595.49552073719
88129,9139.44907829492
88130,13534.11037910257
88131,11767.10091967064
88132,16845.87424848933
88133,13173.64894076095
88134,6969.521906618928
88135,5631.7546097939185
88136,13213.318802265743
88137,8467.826677030005
88138,12713.655322935263
88139,8634.953532883868
88140,9916.472913586584
88141,15822.82493338579
88142,14308.590045901181
88143,10392.74081929261
88144,11509.168189075806
88145,16012.510213437077
88146,12247.47260086155
88147,8891.083498085914
88148,13332.02704758447
88149,16463.016416612238
88150,17732.336608335976
88151,12983.396369752343
88152,10996.675293678707
88153,16970.239574904765
88154,13480.56297675579
88155,18296.03223031579
88156,7121.867768408334
88157,10601.213969566274
88158,6740.495617611809
88159,10279.882000776688
88160,9719.59171169792
88161,9922.126048453101
88162,17558.450564540766
88163,17827.658073009028
88164,11243.086854431465
88165,7030.433361896132
88166,17855.697818001314
88167,12009.7710717496
88168,36342.69609689829
88169,11870.879884309981
88170,16249.882120870747
88171,9718.618237857127
88172,9498.965837389434
88173,12034.328661453173
88174,35594.31275575222
88175,9424.377403633818
88176,19124.203089963656
88177,8674.435834116164
88178,15779.497046275932
88179,12326.78205455593
88180,11265.53464333652
88181,7406.829048742352
88182,9891.38712066324
88183,13461.8501018132
88184,11326.852274722338
88185,9259.377572134777
88186,8331.621052958943
88187,9756.966254373654
88188,10687.489649694213
88189,7487.8289394484555
88190,9939.551535873556
88191,10186.874054993652
88192,18575.030725560027
88193,13625.349343501275
88194,10289.514236642903
88195,10096.28878289298
88196,12482.325802053785
88197,10086.700835099145
88198,8130.060537222137
88199,12986.676842753555
88200,13341.765078215658
88201,10661.514242605343
88202,10645.2073801258
88203,16147.593290377677
88204,12904.150201767054
88205,15416.27630050019
88206,17001.40624213232
88207,8846.774373353026
88208,21880.34290328922
88209,7827.319316659303
88210,11930.922385998349
88211,6181.161385061978
88212,10929.764063847912
88213,15402.98320935726
88214,10282.81745774864
88215,10932.715328691174
88216,7889.303271304512
88217,18315.22981969161
88218,15003.309891126308
88219,8010.492413224218
88220,13598.040658898595
88221,13251.200072886544
88222,17589.985576172276
88223,17562.688079942054
88224,9828.407154549323
88225,10974.788791209683
88226,9283.474073026407
88227,9645.066727272526
88228,9906.220366406853
88229,10281.722520144061
88230,2653.520582955577
88231,9917.884613051026
88232,14115.46361564087
88233,17575.508836734123
88234,16341.388790983574
88235,12226.238838626583
88236,16533.4686762006
88237,12943.202024778879
88238,17142.953685393495
88239,8612.342823953426
88240,11358.118196985964
88241,10165.818385887276
88242,10373.060236848578
88243,11939.36569829495
88244,7638.653674193002
88245,9641.77219300617
88246,10858.399596199739
88247,9643.347622970068
88248,18288.290529953527
88249,9170.440848667073
88250,10276.259023585515
88251,16605.127398815595
88252,10984.554817992017
88253,27102.910065188327
88254,11476.939931618037
88255,10100.136948389349
88256,16171.370563034565
88257,20093.122782556027
88258,13650.649395264294
88259,8766.722407988113
88260,7764.90450470344
88261,11996.429739114988
88262,18137.783316663994
88263,18298.83713495104
88264,12006.086145504973
88265,9291.323864938384
88266,10733.311182541285
88267,8209.729684376547
88268,13732.444453284246
88269,13563.669211058575
88270,15475.207284547472
88271,12356.349699711858
88272,5034.612639267942
88273,16425.7495074451
88274,11647.676474316193
88275,17467.11101259555
88276,10986.800107956213
88277,13264.315554725283
88278,13708.297623914938
88279,11061.109613446657
88280,13226.16137733353
88281,18340.123655726416
88282,12830.95422074603
88283,7947.916986643657
88284,11604.799004643995
88285,18131.791451614186
88286,16398.01175849373
88287,7238.1260456132395
88288,11381.109556582167
88289,9778.360998862081
88290,13686.792430445821
88291,9316.126492245967
88292,13589.173486851518
88293,9526.565940819832
88294,12977.112790048404
88295,10357.48225355316
88296,13690.105536090137
88297,10661.641982772891
88298,9950.92819281746
88299,17633.106771172228
88300,11257.664688199638
88301,10737.126349926331
88302,13654.720382877653
88303,15567.11574613987
88304,7365.8615032793805
88305,15569.565337006035
88306,9487.650794241956
88307,10864.99440270482
88308,10836.328123059786
88309,15996.085923747254
88310,11139.26831928166
88311,10262.365038205218
88312,7684.662396312442
88313,11958.814213349695
88314,19870.596748486685
88315,13065.080859640882
88316,15802.353575303514
88317,10923.616289916272
88318,19619.281522438443
88319,19936.207678490395
88320,13160.868760632256
88321,17172.403011131206
88322,9912.55162064613
88323,13741.823156082466
88324,7616.299592120347
88325,15045.81333749798
88326,13121.207106855694
88327,16326.630416805649
88328,10276.296437571315
88329,18504.55137393867
88330,9769.150180661902
88331,10594.588145532342
88332,13071.623954948638
88333,13768.392767092762
88334,4807.82833442186
88335,10643.543704552498
88336,11781.495729298042
88337,20782.142211808085
88338,12969.524420969447
88339,12648.975319387611
88340,7787.104253202237
88341,9631.619029048603
88342,9822.750969587149
88343,17077.487469495274
88344,12085.837787509074
88345,13602.477243204852
88346,10441.054318429027
88347,14038.804663020986
88348,6959.933425923922
88349,6743.100453870275
88350,10271.422140766046
88351,10539.711720824624
88352,14761.426593132177
88353,5888.958549199523
88354,18519.52523815854
88355,8813.715212677009
88356,11748.974184363904
88357,15412.181121561676
88358,15457.924888488511
88359,11378.426729561139
88360,11712.361803200602
88361,11082.392798280604
88362,7876.762995201008
88363,12636.032694616013
88364,8207.556505997243
88365,13502.735751370405
88366,9151.455211570179
88367,19765.940644646922
88368,22753.394733190908
88369,16282.423217188376
88370,10598.431875035596
88371,16073.230667060703
88372,14160.60546629822
88373,6355.771977067113
88374,16345.966019425907
88375,13577.983806047314
88376,11008.290291392244
88377,10701.663124591629
88378,16794.402355496535
88379,21347.83363736092
88380,16114.220066875097
88381,7691.25418635329
88382,20937.546074953098
88383,11366.950923364579
88384,11478.566599467747
88385,9842.749655771613
88386,18430.203842097377
88387,10644.2865004407
88388,8430.928602270023
88389,8929.07225287607
88390,8181.179566313713
88391,8957.400503624061
88392,7950.583984000162
88393,15140.514872211055
88394,16657.766412743724
88395,9170.657411537139
88396,8137.6749848837
88397,13038.803553822163
88398,16974.25435438635
88399,15220.490390152832
88400,12973.982603372218
88401,17229.39008050552
88402,17334.741277569286
88403,18120.27616774301
88404,8390.47848179171
88405,14335.402324109757
88406,10205.77322611668
88407,16176.452747469919
88408,10640.343400206757
88409,13921.381142508586
88410,13426.567185248969
88411,16670.878113924635
88412,15000.30688747814
88413,10166.108579818749
88414,17797.68671298027
88415,1875.9557127721132
88416,19576.828010732013
88417,30448.00490921044
88418,11256.418244289354
88419,10353.425042705443
88420,11464.48313402073
88421,10004.483286188894
88422,8172.715140638373
88423,14991.859326818103
88424,14603.25093478639
88425,15490.822992441126
88426,6356.284007362364
88427,12198.185702521056
88428,11884.433292609681
88429,17662.424306017416
88430,16279.215431228395
88431,12526.637606403743
88432,8910.001438387662
88433,17044.985002741763
88434,19969.034398922046
88435,12307.000663969618
88436,7225.10438122196
88437,8043.9483520406875
88438,10494.467995205167
88439,9613.585873873637
88440,12115.061988163
88441,12586.602255862268
88442,6733.675570672662
88443,11468.331403320151
88444,10032.457552711194
88445,11869.955771805797
88446,10664.361586472945
88447,10654.92245405172
88448,16364.458717113353
88449,9097.985426815243
88450,11008.362687735975
88451,18618.31126226597
88452,21699.23596600472
88453,17962.0407800842
88454,10141.031136977921
88455,4048.987494199474
88456,6602.075587437525
88457,10606.983725683805
88458,17149.636835877787
88459,15290.37940207716
88460,10044.882345843558
88461,6225.718137334961
88462,12256.863871530133
88463,9191.341976122949
88464,7228.649689649834
88465,16659.272363478325
88466,16049.881437133838
88467,5455.528177882794
88468,17095.126839783166
88469,3422.027209774598
88470,16316.652899062987
88471,7905.761713299238
88472,17147.212269081327
88473,18401.083771007434
88474,8414.245503483522
88475,18037.231864569883
88476,14135.28000709298
88477,16734.867307108943
88478,16982.716483479766
88479,11210.932492450207
88480,10084.356678134316
88481,11758.202530140275
88482,6571.440766444504
88483,16517.956098010218
88484,14800.89514130868
88485,19809.777282446616
88486,12142.69743891294
88487,7676.065424992796
88488,16126.447755128842
88489,11464.48313402073
88490,10040.082448031417
88491,16065.63577769946
88492,18090.705861173366
88493,8983.734642606367
88494,11248.953818510046
88495,18909.10189655531
88496,6845.8657953494585
88497,6401.895179958475
88498,3656.88800236156
88499,8800.5279001836
88500,7647.748341147599
88501,16329.339044971844
88502,12094.521613499312
88503,11143.134120528008
88504,17653.93992394564
88505,15424.461947196469
88506,15611.422503714582
88507,10894.329484601438
88508,18339.80447477597
88509,9935.918452878057
88510,11465.342708179754
88511,10956.176149931032
88512,8194.719467548259
88513,8391.671034002664
88514,15812.622792531454
88515,7757.405742273107
88516,10885.849377302982
88517,4538.107217364289
88518,8347.424044097364
88519,15642.029803567755
88520,8968.423644164228
88521,24132.94889194409
88522,11488.613693686946
88523,13502.735751370405
88524,11837.211273346873
88525,8125.987125594774
88526,15577.085537731504
88527,11652.754394460466
88528,19145.633282006187
88529,7842.898307830185
88530,10290.892194921242
88531,13621.945419863325
88532,18486.95233080384
88533,40409.69994898182
88534,7906.370010390965
88535,10160.06966538433
88536,16421.633402862662
88537,14190.304339946988
88538,18446.831712070358
88539,9431.645871911185
88540,6593.647097880922
88541,6887.464356385271
88542,8343.53761658675
88543,11080.135108552227
88544,9687.488045013377
88545,9603.11254047052
88546,20652.186714427196
88547,10687.606029262515
88548,15511.396759594656
88549,13446.407687739867
88550,13244.885576855404
88551,10454.685376843961
88552,8394.369546000642
88553,13632.379483428464
88554,11084.367311865983
88555,9174.918392873366
88556,11608.959610208725
88557,16342.449782449114
88558,9526.565940819832
88559,11148.035217888497
88560,16322.132365940455
88561,8842.692650121893
88562,6631.04846277092
88563,7575.3266296217935
88564,15719.906420636928
88565,19239.666359153074
88566,7365.0518422397045
88567,15130.624715906202
88568,16136.299637052887
88569,15668.605899897173
88570,20639.654512330446
88571,18243.785076953354
88572,6073.853530610743
88573,13963.657439384677
88574,15520.202570601938
88575,16433.505997768658
88576,16763.413306608174
88577,15437.671546501611
88578,4507.362981498768
88579,10523.145454960897
88580,19238.725760020025
88581,19166.138759758625
88582,13387.270574755474
88583,9881.935447109227
88584,19414.660416647293
88585,11776.099714374031
88586,10167.970936692524
88587,6752.937724643949
88588,11295.012416476604
88589,8249.47849647898
88590,8031.690270335543
88591,6151.097978736032
88592,7674.289485669407
88593,13103.653895491796
88594,8288.023106818195
88595,11889.329669711191
88596,16379.5035865972
88597,11773.833850579986
88598,13453.879472958164
88599,14805.679501370772
88600,18390.338045062388
88601,8433.234323057477
88602,19019.798545166293
88603,10909.686644010219
88604,17460.134867556495
88605,13514.93739913457
88606,9993.391754558812
88607,8028.34573319508
88608,12993.442424507302
88609,8572.00648278306
88610,6221.049258038255
88611,3208.3251400457675
88612,15891.801271597755
88613,10030.37537122965
88614,7905.8812027798995
88615,12931.117244265573
88616,2428.3778565216635
88617,7489.067429635814
88618,8457.608133066033
88619,10349.118081399387
88620,16914.804165099624
88621,10161.998258734739
88622,8710.074366333623
88623,16024.651064168476
88624,12415.008328446633
88625,14364.307578167532
88626,15123.280485128083
88627,25694.478775912758
88628,20836.31844449434
88629,10776.411186399679
88630,8642.809510324616
88631,9635.357507435838
88632,10881.086768791753
88633,17157.67762614363
88634,11310.232585959866
88635,7020.152442858916
88636,12373.826827040226
88637,15757.722556888408
88638,7617.9102161095
88639,11452.527444017318
88640,11997.56564348759
88641,15940.283455788529
88642,11215.405253831537
88643,7164.630070912403
88644,18146.427125818198
88645,15939.798834419058
88646,9706.514497069946
88647,8220.019395902804
88648,10033.90931485048
88649,15914.565128268496
88650,10383.160341400468
88651,10232.128199390414
88652,10304.283671596419
88653,7570.275857346549
88654,15783.098121240198
88655,8764.192324766864
88656,9127.583144333277
88657,12146.776230126166
88658,15131.519866094413
88659,10095.724996251656
88660,15853.276622463905
88661,5745.926307813865
88662,9608.152298874755
88663,9928.746069834799
88664,11197.817466126362
88665,7957.4613956967205
88666,16844.370071027424
88667,11998.977281906982
88668,15743.99861785326
88669,10328.591840924759
88670,12602.176305866427
88671,23059.972876694283
88672,3471.4289764938817
88673,9651.747789670606
88674,16184.871330530683
88675,17747.403781003497
88676,4630.4709337157
88677,17309.987361566113
88678,10864.52419817913
88679,16510.79879715785
88680,13042.22510374319
88681,16574.52098936094
88682,8013.801488325403
88683,18885.726894337884
88684,19424.975998772574
88685,13631.952860547368
88686,5177.937742933747
88687,14014.110471577887
88688,8439.797305839931
88689,11837.75570234979
88690,5740.930978162801
88691,9858.080646658449
88692,9505.714860414166
88693,14881.927118778294
88694,16459.529001381437
88695,10300.732848982772
88696,14483.180430157781
88697,8319.39573129638
88698,4473.891496943497
88699,15275.593218613367
88700,17304.259184224273
88701,14665.737390376762
88702,8460.079278263667
88703,10861.199981971766
88704,17024.122021347048
88705,13971.32483979279
88706,7813.287402247341
88707,7912.5262627472475
88708,15891.801271597755
88709,12835.78533239708
88710,7717.491655578223
88711,11927.037157658864
88712,12780.300409647469
88713,9758.205514990672
88714,7549.197676539911
88715,15909.864222142627
88716,19823.165711023663
88717,4293.046307687091
88718,11681.60619357444
88719,7537.368122798741
88720,13036.82828375977
88721,17008.38584286203
88722,14190.211676335985
88723,9997.853279440309
88724,20072.808562791066
88725,10911.672001610885
88726,11385.805061297298
88727,16583.64600806331
88728,8569.786840998884
88729,22065.039389236554
88730,18939.906161166182
88731,11217.36853830861
88732,10021.598504278429
88733,11633.522361247171
88734,11470.862313639043
88735,26633.81268682307
88736,9535.279270295378
88737,5929.650959309132
88738,4018.3689944205653
88739,21485.13174438376
88740,8684.408199568883
88741,10069.510512024015
88742,11319.016493896663
88743,15107.553369777006
88744,17049.166475629147
88745,15732.632292701002
88746,12556.049487413313
88747,11008.362687735975
88748,12482.325802053785
88749,11197.136761445754
88750,9009.18012372002
88751,12982.836545406893
88752,7032.383245168512
88753,18690.50963550377
88754,5733.431654133266
88755,6316.392269982585
88756,10964.597576577506
88757,12501.48664071087
88758,9968.590581774988
88759,12115.061988163
88760,10063.94308973587
88761,18349.25224536559
88762,18326.376181698666
88763,32179.87848824221
88764,13033.345072254519
88765,17410.119263405515
88766,2784.614392918175
88767,16506.603778473847
88768,10952.507107382437
88769,11455.760899572344
88770,8551.33557156417
88771,6128.331737741811
88772,11255.740191834166
88773,16622.510345645394
88774,8322.019563512435
88775,7024.890759129416
88776,10995.515956617444
88777,13742.866447466089
88778,19720.260513757614
88779,16407.464071412665
88780,8173.851275717663
88781,11308.098280911816
88782,18064.741181699985
88783,12182.238903813444
88784,10922.502186898677
88785,14346.448223416399
88786,26833.364823603464
88787,14789.719410754173
88788,8967.6635842476
88789,13296.158965249628
88790,15413.210958932103
88791,12492.759330506799
88792,8440.365840306882
88793,12058.64136452653
88794,13710.36087364882
88795,8174.086739432696
88796,13189.430918212274
88797,7426.8223758656395
88798,19673.553031344745
88799,9029.569362639379
88800,7040.411682979595
88801,15836.11912370609
88802,10961.567260231926
88803,16958.453100854418
88804,8266.453504443973
88805,16915.4504855495
88806,17389.517786394095
88807,13704.666764615507
88808,11193.325064353154
88809,10160.779920267109
88810,10450.05465081765
88811,16193.533997278504
88812,9607.891511378328
88813,9775.079691764246
88814,7813.287402247341
88815,13213.337633939616
88816,16628.773948570746
88817,17098.528862175626
88818,16619.284075337557
88819,8733.697865609949
88820,11671.623554012207
88821,12537.359984075834
88822,13050.385040307774
88823,16079.840969797375
88824,18319.61770793996
88825,7912.127458747389
88826,16064.854285546793
88827,10655.76137932283
88828,8970.919717163302
88829,19092.59033591786
88830,18523.422544098674
88831,9844.242443505074
88832,7565.561238370289
88833,13969.15176862742
88834,12584.596263676405
88835,13643.306139437405
88836,16012.510213437077
88837,13252.446673237599
88838,13550.487620738855
88839,18491.13073628667
88840,11322.851301499135
88841,20573.273554422314
88842,26135.876315041587
88843,11775.539440682192
88844,9518.77004749289
88845,9826.324001296987
88846,13298.297304987576
88847,10986.977700462938
88848,22197.152119817372
88849,11167.207484787103
88850,9340.629066670399
88851,18984.403178993103
88852,12983.317396798884
88853,14459.12233403077
88854,9831.596146859229
88855,7315.420658382434
88856,14520.665120836238
88857,16197.815651565981
88858,12603.543762986974
88859,3304.628496596048
88860,9353.132369672621
88861,10813.206712380488
88862,11826.096122460136
88863,8350.512441155863
88864,11758.02622849807
88865,11941.1466142186
88866,11590.180413483391
88867,12161.03659380042
88868,19606.38749852652
88869,11240.127983185477
88870,15171.955620958117
88871,16232.469748695497
88872,9884.094816253046
88873,35103.088959944005
88874,11554.935814816215
88875,8894.934214071822
88876,2106.0180176771155
88877,18100.483772602583
88878,12864.84742973994
88879,13030.99075903796
88880,16072.606911277988
88881,6300.180510577479
88882,10373.323210747516
88883,11773.107645508351
88884,10513.842999619734
88885,13799.8880853915
88886,18778.695535230603
88887,15289.491704889097
88888,21535.926865906808
88889,13439.58926037142
88890,19709.79094794208
88891,18218.654812957404
88892,13169.700918935865
88893,9279.675980320335
88894,13187.728212813874
88895,10253.688508314863
88896,11686.733310959058
88897,10068.678056415458
88898,16720.90139178604
88899,12005.651029981624
88900,8069.915177691824
88901,10632.36639519002
88902,18178.151323493
88903,10794.829351525226
88904,17879.41737011153
88905,9993.855363698469
88906,25371.58658004155
88907,6950.694183013569
88908,22697.843811130137
88909,7785.53476856036
88910,13670.929922248675
88911,18526.260825392124
88912,11924.175000254956
88913,12703.936243564212
88914,8606.232415319117
88915,9250.953440325084
88916,13266.562372484277
88917,14699.779899434567
88918,6103.279776109827
88919,12744.339189059465
88920,7932.252358264128
88921,7539.333728785527
88922,26901.542795137215
88923,8732.767915350816
88924,11965.079515666686
88925,9020.650158563052
88926,15037.436762898735
88927,6198.031980792533
88928,7284.647302723702
88929,12922.887240334998
88930,14724.042243792717
88931,27024.784171231866
88932,10797.167522553467
88933,7903.136577975626
88934,11655.479721075264
88935,13018.548930695048
88936,18569.399038098716
88937,13293.896914902705
88938,18439.105603900673
88939,9584.241476035124
88940,3339.319820599486
88941,11291.012187388096
88942,15843.12736498198
88943,17396.34870306193
88944,8623.46517354144
88945,7615.823199149474
88946,12104.269466083599
88947,6935.4935512769225
88948,9963.524160993653
88949,18928.879596437677
88950,11809.677432724284
88951,7321.196422365475
88952,12552.422413089354
88953,14715.02327249913
88954,10459.645330344856
88955,11697.49122631451
88956,11255.055333174998
88957,18976.014564820252
88958,12000.106587193035
88959,17676.06803218051
88960,9394.119777805116
88961,11263.83002687631
88962,20488.161690940186
88963,11139.31708211926
88964,11220.88488033845
88965,15633.884966501273
88966,13336.36360360383
88967,16783.663354934306
88968,10069.08098055238
88969,9227.983582298946
88970,17713.39319267829
88971,9684.691202741502
88972,19270.901386812733
88973,14074.972365224963
88974,13437.953275768525
88975,10273.098434477404
88976,19213.06079576828
88977,18168.355246941417
88978,11640.780704097355
88979,13419.444833772408
88980,10550.737618016221
88981,15925.544660380461
88982,9709.31890451049
88983,16642.542531140425
88984,9031.68186061574
88985,14789.719410754173
88986,10393.442407592858
88987,20863.404281564515
88988,11397.430587078501
88989,10157.877494836719
88990,11069.516081408454
88991,16279.797782423184
88992,9591.12764187466
88993,11202.576376084447
88994,16902.704979911716
88995,10677.1227390807
88996,12631.301625233194
88997,20528.23683578902
88998,11584.141224123185
88999,16764.076340954205
89000,11521.29351687578
89001,17140.83675489369
89002,7889.71515323362
89003,11249.074377615723
89004,7159.44419765239
89005,9747.03154887524
89006,15939.95163106322
89007,13695.276682051095
89008,7250.531842251488
89009,11823.862155548924
89010,9335.439370947985
89011,11143.872689519563
89012,5452.878844934159
89013,25203.103380988385
89014,20295.99139576671
89015,8465.786109446846
89016,11446.017993975296
89017,7781.98017116428
89018,17134.39711135588
89019,7315.208015334413
89020,11315.13430284741
89021,16935.67757846566
89022,8837.863238057838
89023,16717.14259672722
89024,19070.133478623444
89025,10414.734525438733
89026,20451.60166804585
89027,10085.143709379765
89028,14150.324468042554
89029,13958.27256783759
89030,12006.860593456291
89031,7295.798595989641
89032,16967.22460816179
89033,11458.001460086607
89034,7699.66466426649
89035,18260.8368116384
89036,12584.10088209285
89037,16226.678774813276
89038,10390.519310163074
89039,14514.237664113454
89040,22903.213391712918
89041,9585.59529218412
89042,15935.973994536447
89043,13448.388640970654
89044,12146.1796996766
89045,8740.853735044073
89046,9511.674305275401
89047,13623.89080179071
89048,10403.096951108066
89049,10105.985120529955
89050,14713.029263830385
89051,22841.550049391
89052,35113.40001568481
89053,17418.01684230116
89054,14667.884877807906
89055,13618.549917704151
89056,16472.150568867943
89057,16301.148694500785
89058,9491.18085066209
89059,9535.827403029973
89060,7267.606179888647
89061,6495.678648198218
89062,22908.69586847743
89063,10374.033868380786
89064,13000.598094395122
89065,9942.834708686096
89066,11288.294042035444
89067,9167.718767233697
89068,7216.764642968776
89069,15451.557510703138
89070,6159.587884747688
89071,8483.335333105957
89072,7768.261782676159
89073,9628.413570990271
89074,18940.070375993295
89075,10022.95813953623
89076,12008.486717151865
89077,9726.636239247322
89078,8252.821583432215
89079,16064.854285546793
89080,12969.687758764114
89081,18907.89983104453
89082,16274.514465951119
89083,19701.946238837663
89084,16202.546098561068
89085,9939.450393872425
89086,1218.438501639951
89087,16523.63228930289
89088,12902.563164922241
89089,10866.296144465776
89090,11194.470466930214
89091,11602.024223549497
89092,12989.027870543507
89093,13798.30121815219
89094,6520.29378824963
89095,19919.554555834526
89096,15821.933950054798
89097,6961.035756601891
89098,16573.129144977043
89099,26809.155695170506
89100,11733.405663102161
89101,17298.840418977947
89102,4540.948104362836
89103,7759.209865999692
89104,6184.525476384197
89105,2489.771351434983
89106,10429.581101782367
89107,8261.326675828084
89108,19232.410823320428
89109,6522.899329893864
89110,6971.521836138444
89111,19397.88430424356
89112,14729.748314500303
89113,10634.22673059382
89114,11690.578995278736
89115,16559.28006169453
89116,7789.719536196586
89117,15396.00102569866
89118,9780.505260779493
89119,8053.858430986293
89120,10757.297024812804
89121,6976.542301744935
89122,15194.831240349
89123,11330.57335894483
89124,11304.26394222527
89125,9782.217696550584
89126,9747.882629762129
89127,5606.909974935187
89128,11495.01891587016
89129,12732.561694139606
89130,9823.753786507268
89131,9699.124372142294
89132,5025.983153166683
89133,6432.099706297196
89134,16838.344542614414
89135,13592.346820442815
89136,10710.267187741822
89137,13811.259649403632
89138,11123.601362170568
89139,13740.955307646827
89140,16407.464071412665
89141,24815.410945397274
89142,9318.840427239204
89143,18230.55369929093
89144,9861.496746908495
89145,7856.9792945497275
89146,16853.029627977336
89147,11619.420845260198
89148,11232.564113009332
89149,7728.08415153752
89150,16504.154019653462
89151,9696.259860903565
89152,15266.023750632985
89153,20540.625629812897
89154,17965.15993930413
89155,9773.94291837136
89156,13662.605737713518
89157,18100.483772602583
89158,16061.842835781625
89159,20439.000261509835
89160,12901.866835986062
89161,16594.649670292903
89162,17031.939572731957
89163,15184.380611404864
89164,12109.600927102867
89165,7289.224741997716
89166,13501.463150853444
89167,13597.43893916556
89168,18519.087364876646
89169,15256.23007346442
89170,12213.760123891752
89171,21026.279049711542
89172,10758.637387461493
89173,19155.258882573842
89174,13562.903759857376
89175,14446.058973972355
89176,13149.051090817531
89177,9714.215403066322
89178,8331.480105052153
89179,16812.46780688903
89180,13987.330934867017
89181,11132.1337794441
89182,16791.32677363739
89183,12821.992144421663
89184,10919.92536385467
89185,15357.337152986445
89186,16847.009155061973
89187,16354.295493053523
89188,11618.734440063025
89189,16187.725626585378
89190,9300.291873193843
89191,14591.36931432699
89192,21385.533533251903
89193,13732.877939613245
89194,9369.243551291622
89195,11143.105834696564
89196,6321.848218499837
89197,11458.001460086607
89198,16480.374398172553
89199,6376.408633465935
89200,10806.728125141522
89201,12819.711318361138
89202,21750.415588954722
89203,10690.913503033946
89204,8679.547829059085
89205,5424.986042887861
89206,5036.198508544191
89207,13439.693394859301
89208,4406.037828231668
89209,15197.375201054647
89210,9517.537884236051
89211,13042.388787719412
89212,6908.08129221175
89213,16001.586395778735
89214,16185.489990122614
89215,10593.25741833573
89216,7585.822156553753
89217,11084.760856952547
89218,11689.579896586167
89219,6113.884690856553
89220,9304.105687603953
89221,8239.585698673389
89222,14535.749925925214
89223,16406.24998447214
89224,14014.118677559325
89225,15067.556206708125
89226,6303.625636547417
89227,9550.953411891525
89228,13121.304599918902
89229,17555.218537306508
89230,13577.52464819838
89231,16414.059342868957
89232,10478.19386825156
89233,5578.055863967873
89234,17188.391355214764
89235,16528.66833139995
89236,11848.951907011508
89237,14704.667510864812
89238,23671.48747708335
89239,17161.915447799805
89240,8113.836486359674
89241,12706.45338128512
89242,19104.602984674002
89243,8198.10136568347
89244,13966.948439590655
89245,18583.535552854133
89246,22490.58356800306
89247,7705.942803499591
89248,6857.175672426448
89249,10911.34578005073
89250,13427.00778328529
89251,19373.149791069303
89252,14167.793387681259
89253,18838.357935066222
89254,17020.84420211115
89255,13069.168049228942
89256,15703.13089784993
89257,12356.198559015966
89258,11185.688094100542
89259,10263.934438665718
89260,16475.748549094013
89261,9862.89880677303
89262,20654.633746611773
89263,16425.51775104123
89264,12607.675399733393
89265,8265.4445487033
89266,10411.397362614885
89267,6126.931357136937
89268,19339.20666738889
89269,16852.93470004152
89270,15593.221276007444
89271,18599.307850405366
89272,10212.138763593644
89273,9545.317524184262
89274,17126.89809413218
89275,6520.587256899958
89276,9301.319887101237
89277,11922.025358110564
89278,12966.861281365153
89279,9846.801309175507
89280,11090.265882549607
89281,18510.502714167767
89282,22111.663342437616
89283,13291.31862521154
89284,9488.30338225847
89285,15602.343513926113
89286,10639.215234942836
89287,11074.059995828235
89288,20395.72926922909
89289,18622.69951863116
89290,8582.610974024406
89291,7727.0480191459055
89292,11111.621427774864
89293,15087.957877018986
89294,10191.927478111043
89295,11280.730579190924
89296,13874.193382015637
89297,19683.250981079214
89298,8426.74412774253
89299,20395.221344519076
89300,19833.999644775322
89301,16132.992189814431
89302,10240.961592144746
89303,16207.246914924997
89304,11483.259026962867
89305,16106.39772861835
89306,14666.023879096852
89307,8765.167483286727
89308,19673.553031344745
89309,19812.593491233412
89310,10051.156175374885
89311,13797.581913474332
89312,6496.173572369599
89313,5745.238149078859
89314,11530.84967522007
89315,14536.992160431731
89316,9136.060179800455
89317,21818.9960280033
89318,9951.255669239315
89319,7427.183007456448
89320,13608.017477899835
89321,8925.59748410493
89322,1919.9114123465483
89323,6623.104064857928
89324,5300.321741453208
89325,9749.775644906142
89326,16344.862334656527
89327,16629.29481505385
89328,10031.874374418232
89329,17416.613681992116
89330,10398.929916521078
89331,9934.283321616314
89332,7232.69987930353
89333,7455.643433885092
89334,12857.106289201458
89335,16073.515252285573
89336,11934.510014619003
89337,10141.858182218264
89338,23501.98538945599
89339,16849.394082501276
89340,8445.025674343564
89341,12845.11379298899
89342,10044.882345843558
89343,18781.465611792853
89344,17923.050376501193
89345,11752.29980061839
89346,11901.119952876626
89347,22331.266141595344
89348,8690.74023054885
89349,12161.626454350691
89350,11213.982121740528
89351,11743.493916851963
89352,5012.042554464276
89353,10884.01667555775
89354,12985.938313113289
89355,10072.244256042533
89356,13086.749428063587
89357,9662.882127505565
89358,11985.761738910362
89359,16195.109016929297
89360,7064.224248883868
89361,13248.579804476043
89362,10891.128174698555
89363,8829.683312130584
89364,17369.508313866438
89365,13618.46940512007
89366,14675.711769941194
89367,9080.715329976825
89368,10735.893024602341
89369,8452.458260806236
89370,27902.413087200257
89371,16110.34948342992
89372,10804.059993939694
89373,13589.173486851518
89374,16019.1906839806
89375,7937.761022472024
89376,8033.649730346183
89377,10949.978127653983
89378,11172.365012019765
89379,9134.91293829271
89380,11306.042787257207
89381,6971.488395155847
89382,10636.96008952679
89383,11133.460414979327
89384,16202.546098561068
89385,9849.634951356164
89386,17404.06171075134
89387,8199.07734140786
89388,13683.567576033673
89389,10066.560535471288
89390,7742.034914137162
89391,12843.974756828
89392,12870.426947549495
89393,7662.502272745939
89394,12420.008338121392
89395,8961.300954008753
89396,16558.67095450945
89397,11844.158593787519
89398,13414.746130516292
89399,9325.304710691475
89400,13243.426358690449
89401,11502.864386141622
89402,12956.8159198448
89403,11110.886004725759
89404,4216.3041446431835
89405,10118.826751200897
89406,18206.7446438648
89407,28325.230552977133
89408,9873.831731111412
89409,12982.877928609745
89410,12557.402736535083
89411,7375.584191981281
89412,10455.143358284606
89413,6317.183677664138
89414,25419.515174239972
89415,8891.345453058839
89416,15640.492656049033
89417,13433.528364420757
89418,10963.707111062828
89419,14260.419254821974
89420,13588.67220721951
89421,9699.159431134764
89422,14658.03633764199
89423,10876.633722422444
89424,15293.81329714296
89425,2268.3252847527383
89426,12587.495287059959
89427,13573.316040005342
89428,10077.097246834148
89429,13663.586029837534
89430,20463.842156394876
89431,11983.342651230483
89432,17655.939342531405
89433,7047.444178502435
89434,9219.838207748024
89435,20899.0677086022
89436,17903.28304065174
89437,7717.843511756359
89438,16252.401739531979
89439,17406.761655641767
89440,7932.863709409953
89441,8322.411483157162
89442,10987.775268856474
89443,7863.256541320879
89444,24349.65165052026
89445,9594.682399477726
89446,18860.65076113405
89447,16120.098526048325
89448,11396.846678038753
89449,9053.104007131744
89450,9680.260506757522
89451,7520.715246147774
89452,11281.922943739795
89453,13889.370987817758
89454,5735.574152314159
89455,9784.741150481528
89456,14270.83591899989
89457,6653.480130388403
89458,14044.699436529898
89459,14110.039333140528
89460,8028.460246455703
89461,8778.66443057686
89462,5379.465297645489
89463,6048.003934791214
89464,17616.99730617077
89465,13906.546996994006
89466,6554.612458756402
89467,13603.908759401846
89468,11193.160767514548
89469,11329.1928953079
89470,9066.90058142886
89471,12357.73051667801
89472,34375.88026498781
89473,16893.71995368346
89474,7128.566559571587
89475,14464.719518772114
89476,15025.38026632345
89477,15325.004683779393
89478,7797.040147124224
89479,6968.9999156446165
89480,28323.095038676605
89481,9793.321514310075
89482,13555.627554214601
89483,8566.172574016948
89484,8925.194335871269
89485,12149.11573313231
89486,6967.866996401544
89487,9374.785022165326
89488,10627.257780710108
89489,7689.037401655914
89490,21363.978369608867
89491,7677.044788196926
89492,7386.591456192846
89493,9802.148707511167
89494,10443.538597900388
89495,7519.002414413148
89496,8074.22123402686
89497,39782.283708029616
89498,16991.54939726022
89499,8240.7388371894
89500,10418.244236498775
89501,8448.922628466864
89502,14677.940980428782
89503,7675.144250206321
89504,17229.99576589019
89505,7619.202154134383
89506,18089.13464096609
89507,21958.49202121329
89508,9319.535362963363
89509,10089.767978700427
89510,6782.765838072852
89511,7862.890986880666
89512,9655.74747799176
89513,7260.2283592355925
89514,24227.402925736915
89515,8446.053835986117
89516,14280.217410783365
89517,6876.279035906086
89518,8406.112118523119
89519,15786.46431472844
89520,2960.263723293769
89521,7997.63428816907
89522,7052.376669336057
89523,11188.94385238949
89524,9167.133664927303
89525,7597.5671324059795
89526,7968.052842180721
89527,13957.145597960538
89528,15747.183016271149
89529,18770.87037238787
89530,9935.557544066973
89531,16916.872375163483
89532,9589.712882963195
89533,19676.40010125784
89534,10070.71749803812
89535,21967.396368448437
89536,13112.671938388925
89537,14000.767752285117
89538,14422.80084090895
89539,7009.291421865817
89540,13642.215704945691
89541,7736.397658619833
89542,7929.604726723724
89543,22540.74600341452
89544,7608.293138499356
89545,13542.624646846663
89546,15400.60823614167
89547,15718.770058726057
89548,14712.38528446197
89549,13919.106163941968
89550,18372.054139657746
89551,7441.436923853668
89552,14061.90378634574
89553,19063.920045348
89554,13007.354088032494
89555,24269.728557000104
89556,8698.191265391915
89557,10101.597496276723
89558,14926.465746147793
89559,16686.438661205397
89560,14845.92565526309
89561,14676.458439649225
89562,10780.903832683392
89563,20589.81714952345
89564,13220.49585832944
89565,18500.389667300147
89566,13540.71074426149
89567,2598.5715637764815
89568,17356.54802557929
89569,19020.173300531416
89570,6876.279035906086
89571,12281.373155967303
89572,16186.546752225404
89573,7714.626536532147
89574,4513.497688945404
89575,6695.469533553051
89576,8854.484634536495
89577,3176.1237021474603
89578,19267.91228664666
89579,15714.615442283563
89580,16513.64299273644
89581,6842.46136012821
89582,4573.180611216383
89583,9315.994639960529
89584,7203.089606804823
89585,16612.55203069878
89586,7961.2039318522875
89587,11834.482393309514
89588,7422.106795530527
89589,10550.743988771126
89590,5783.342731716923
89591,19249.141719959327
89592,6245.704372552088
89593,7675.025500783072
89594,17293.853785994805
89595,6056.117481757939
89596,9491.363648374276
89597,13139.948114041556
89598,7024.389525672299
89599,7396.63153857841
89600,17942.73385391731
89601,13805.411177265181
89602,22802.76218850434
89603,19719.044733188268
89604,7368.970835832239
89605,14596.375433462359
89606,15073.550589410745
89607,7903.778081739129
89608,13967.426022186424
89609,17369.468166328326
89610,7078.669675702499
89611,13731.224897663467
89612,7608.501520033312
89613,15695.89616327191
89614,13922.945440766924
89615,4923.352806096345
89616,8920.49098817432
89617,11668.209849877298
89618,18422.792340455217
89619,8601.781764867641
89620,16943.285169645125
89621,8690.83231182409
89622,16002.562419467104
89623,6721.485439705323
89624,7675.025500783072
89625,7661.74123379971
89626,24487.47124792547
89627,11805.983591837406
89628,8527.053183936856
89629,7642.025277500815
89630,20636.86299932538
89631,34278.51846892815
89632,10286.033198523728
89633,9374.059760297474
89634,7109.369587541166
89635,14826.52858220235
89636,8308.534465313538
89637,5953.8978933004455
89638,19482.491817052676
89639,9044.57560191728
89640,9140.684511799325
89641,8989.750979187398
89642,17307.69629191961
89643,8665.516310281113
89644,15514.560888812206
89645,7860.651612987446
89646,20009.99534598808
89647,10473.42736802532
89648,9678.977336881499
89649,12254.716171430236
89650,14239.89864808635
89651,18318.54580165595
89652,12071.627422554579
89653,9002.262465610507
89654,17260.899926845777
89655,13241.888252178296
89656,15122.215486487712
89657,15554.67237727457
89658,8882.775642087177
89659,10257.970672512192
89660,8729.230463633865
89661,16082.786773725142
89662,15374.264509546121
89663,11354.879437494395
89664,17933.17714025696
89665,22334.06294357754
89666,7645.650193830146
89667,10569.92379953247
89668,7961.879761786427
89669,7612.943929149357
89670,9464.484045114965
89671,6982.935912914478
89672,6705.777357544863
89673,15065.987138688268
89674,15890.12625856013
89675,9452.890233922755
89676,33065.343168038
89677,9458.969281400672
89678,17206.842598453255
89679,11778.478898242118
89680,14136.871828622488
89681,9959.868128986906
89682,7450.820404808193
89683,8953.488123661049
89684,8960.79742769775
89685,15035.371134983421
89686,10696.886470165238
89687,34987.20731800989
89688,10515.151538605747
89689,15165.665659821461
89690,7639.004005430292
89691,14561.976962946306
89692,6734.23686651114
89693,8106.705363552775
89694,14196.063731739318
89695,9195.07322604295
89696,24149.535358158726
89697,17622.15603705146
89698,14735.96410329625
89699,7308.451502300893
89700,7025.864350535094
89701,8468.27365435766
89702,7002.030546215081
89703,15226.646312665607
89704,13010.98913785321
89705,13690.970092768694
89706,20312.69409195832
89707,10936.942527939256
89708,18069.19303090716
89709,13453.541997305803
89710,10002.8870623904
89711,8197.236371179677
89712,7780.560927383191
89713,12997.004606970628
89714,12321.326693174913
89715,6596.120042445918
89716,15757.639257050185
89717,6631.127362934745
89718,8894.258383065584
89719,18369.458190759942
89720,11272.317769285426
89721,9338.875534519597
89722,7581.8063588267805
89723,15388.073798384525
89724,21865.829807794005
89725,7994.435000626678
89726,9292.670337866362
89727,16672.59893557242
89728,21330.292552770512
89729,5772.716968916532
89730,14441.626665448803
89731,15375.33827989851
89732,3064.447200275573
89733,15644.784398751866
89734,14717.461359922028
89735,12202.785131794044
89736,15220.219334686823
89737,9569.16363186648
89738,7040.810971394583
89739,15556.434413995787
89740,18534.80309583693
89741,7594.1089676098145
89742,7041.43293578238
89743,15915.700843208573
89744,18156.536796414024
89745,20244.140521506037
89746,14819.62448361372
89747,13898.377833968985
89748,22280.885902128433
89749,8839.634335185947
89750,7979.485121506903
89751,9665.972742823556
89752,7612.419978921213
89753,11042.481997797244
89754,23490.332858270212
89755,19027.35109473323
89756,8335.19668606159
89757,7470.051210923789
89758,15550.833377371831
89759,8428.950039692398
89760,8211.641492518494
89761,12163.908193759096
89762,6967.866996401544
89763,15184.656216708425
89764,14634.26946329874
89765,14702.462904336924
89766,13071.58403355986
89767,7115.752283677883
89768,8063.367506496505
89769,8045.700476707848
89770,6202.793322777058
89771,15839.458983611803
89772,8619.769253710452
89773,19526.056851016932
89774,19072.025604717226
89775,23972.272777950115
89776,14502.84011825904
89777,13855.139267774004
89778,16005.571633484937
89779,14464.613383470056
89780,34536.75375586802
89781,19908.33625889054
89782,14441.832615812382
89783,9208.115307795948
89784,10071.247277661425
89785,8368.015140025742
89786,15920.650342894862
89787,19863.304927894515
89788,6753.755573487089
89789,14862.468972382778
89790,6260.877276004819
89791,9181.55240653167
89792,5672.4769570829
89793,9044.496874763563
89794,9386.410281991648
89795,23290.006126224667
89796,4331.409663247043
89797,8197.213541578407
89798,7720.37043091243
89799,17142.680921974803
89800,9631.415529988044
89801,6975.862266607098
89802,15721.860265488902
89803,13305.774336726121
89804,12030.885017395338
89805,14127.287016287415
89806,6555.169799151062
89807,8386.482056286217
89808,12262.632377058353
89809,25080.01598158118
89810,8670.828446908428
89811,7648.3386846751455
89812,15929.447400477235
89813,5209.292043203541
89814,15827.244152966174
89815,7751.577928932975
89816,7030.22230959364
89817,9650.617318138036
89818,6000.326552695755
89819,20627.604389928445
89820,29661.835846603502
89821,15018.355960838016
89822,18955.83149366607
89823,10975.52778412083
89824,10309.856408508163
89825,11246.421742841378
89826,8430.464320502837
89827,10384.116271972849
89828,10319.353018402355
89829,16822.912859920274
89830,21630.989951087242
89831,14198.682437228756
89832,12022.739122670837
89833,19706.982820303896
89834,7968.052842180721
89835,18162.018790388865
89836,15452.619383696097
89837,8888.94427073467
89838,17900.183901458095
89839,9228.196444188987
89840,9102.709262955857
89841,14209.830116993518
89842,18708.015241714085
89843,10896.982541656682
89844,14238.138292941769
89845,14241.530661976485
89846,8561.719199827103
89847,14289.867299615758
89848,17366.37463331778
89849,10114.005537906793
89850,9159.274019165749
89851,6702.722215285347
89852,5792.2534358558105
89853,5337.801074359546
89854,12822.862819246933
89855,11604.592871541583
89856,12210.02446365738
89857,8787.942464613896
89858,12352.479316856665
89859,17283.880708980778
89860,5343.646170580467
89861,7648.636895402087
89862,4586.968685220978
89863,14722.417007655566
89864,14305.969370239556
89865,6005.260970927848
89866,14964.388116081456
89867,14541.55888240596
89868,13701.047118112241
89869,9591.666980126269
89870,6967.866996401544
89871,10308.578616003959
89872,5972.72165851523
89873,8074.086934418228
89874,13661.435044147283
89875,16229.520712788437
89876,11345.622316445792
89877,8012.2416020749
89878,19562.771623306995
89879,8659.39206723403
89880,13495.68291524854
89881,13975.091424746504
89882,15578.144305166164
89883,5179.881063029203
89884,7562.2812810520745
89885,6895.570686767293
89886,17051.094946651876
89887,19208.03446452643
89888,8674.541600290819
89889,19363.65728704792
89890,9755.939433527321
89891,6629.800856320192
89892,21788.913319677256
89893,8412.04891322928
89894,25141.075637094782
89895,9134.516261667479
89896,9782.937208554877
89897,17239.944659743505
89898,9284.026345981929
89899,16613.980933284205
89900,15377.524732422653
89901,7523.075685446669
89902,7499.226363927389
89903,11787.559270701382
89904,10256.917954952412
89905,6612.627700212465
89906,17172.561586207845
89907,9273.971969338834
89908,13188.367805849228
89909,16560.412709435273
89910,7175.049728133367
89911,10213.15625406692
89912,9121.240250553
89913,8172.8225779643835
89914,34252.53197735311
89915,9296.263341140007
89916,14994.191574360128
89917,11842.752991646503
89918,6532.688758895793
89919,6723.153370309723
89920,7995.571370735858
89921,6942.71727416033
89922,18655.066384810336
89923,10540.059958883592
89924,7620.673982026449
89925,8646.034777731176
89926,31822.523119941314
89927,9615.09826103242
89928,16108.531758523262
89929,10180.974872901288
89930,13673.806531314665
89931,10175.251156035738
89932,19630.025543263866
89933,18168.925574806144
89934,8356.168849217229
89935,15947.33550947531
89936,7267.818981626233
89937,10996.00261171622
89938,13606.532965367101
89939,12890.190268660019
89940,20379.273271544324
89941,24142.647527471097
89942,15275.268550977527
89943,11942.404664365447
89944,14172.7211302532
89945,8972.502392476916
89946,13967.3978163071
89947,12157.535881344133
89948,15620.483443413395
89949,11805.983591837406
89950,18575.992307549786
89951,6948.199249681057
89952,24501.273089482307
89953,6679.832161445862
89954,13020.345959154007
89955,9660.517966155883
89956,15900.14987691852
89957,10129.50831466064
89958,18619.27709272583
89959,11693.6936336754
89960,8334.712861960461
89961,10471.207103858413
89962,19651.9093226634
89963,14459.873437205768
89964,7093.5041778235955
89965,8750.201284653465
89966,15487.335494034469
89967,8499.06515803119
89968,7662.010931770127
89969,10870.715543231374
89970,16265.080845575683
89971,11623.758565693992
89972,19317.031334640847
89973,5206.365582128111
89974,4512.668875289248
89975,6619.18023690554
89976,9078.397129602567
89977,7424.548757884659
89978,8480.899962934296
89979,22496.32665694653
89980,5430.579336831318
89981,5966.660845068547
89982,16976.479853967772
89983,10836.72479185717
89984,6567.952940556407
89985,7448.996861228438
89986,9310.858095586556
89987,10688.356793618354
89988,16256.678629273267
89989,15951.261770382649
89990,19197.465236599957
89991,14000.273580868796
89992,7867.384141110252
89993,10557.933570875637
89994,8382.200214225408
89995,25144.587806853557
89996,15912.340172534234
89997,8347.25096675398
89998,18271.61291563205
89999,6023.503815428779
90000,6214.332890518386
90001,11898.842984429632
90002,15680.85899796611
90003,12152.061527259626
90004,8028.017390150124
90005,21963.961870606236
90006,11825.912037086817
90007,16424.474944830265
90008,22716.074024988407
90009,7883.419034822247
90010,8630.430129324368
90011,5676.307374119625
90012,8604.063624874592
90013,23721.33109513047
90014,17005.24405603015
90015,8968.87520180069
90016,16187.328047884328
90017,7624.682900079536
90018,24662.46778245563
90019,7499.568698890632
90020,15722.066916579966
90021,14632.373966980933
90022,12579.10228809528
90023,7232.355004024401
90024,22785.013481801758
90025,6323.584830752482
90026,7240.1591466466625
90027,6400.3119465521695
90028,14641.385489377537
90029,8931.993520057647
90030,5270.870198791407
90031,24673.675924846895
90032,6690.324449296167
90033,11262.602905613092
90034,15873.902420776012
90035,12427.395067210637
90036,7006.154960054267
90037,10652.44046883095
90038,8354.239831329083
90039,7034.801737711315
90040,13234.56167920671
90041,13916.768545504561
90042,11241.870778755912
90043,9362.272243240828
90044,8588.83165280433
90045,6537.727877210005
90046,5457.369649472918
90047,13844.52027531198
90048,9099.427705579043
90049,9558.163942339463
90050,8160.388427541423
90051,7950.018816090883
90052,21637.861178156178
90053,14838.501682205362
90054,12732.66037339147
90055,9390.735396224174
90056,17115.832224031976
90057,11370.68086123473
90058,6823.288120147576
90059,26593.85846278255
90060,11506.800978985682
90061,7053.98613189616
90062,12144.111457844489
90063,6491.930457494669
90064,12549.977233832873
90065,3953.223745259158
90066,9909.563616986656
90067,11971.733521068069
90068,14616.641097978383
90069,19449.89180148251
90070,9821.794035909727
90071,12545.703616290188
90072,6870.75496187864
90073,17530.544673207696
90074,8327.520335437039
90075,9613.554797421019
90076,16408.50048419997
90077,9032.49862727848
90078,2962.6631478063027
90079,17968.884942142027
90080,6893.405605904487
90081,11332.42126401167
90082,34223.31895087266
90083,7305.397525223609
90084,10631.574657541167
90085,6616.650236080559
90086,8609.088552685005
90087,18610.20364940743
90088,7729.026723101802
90089,11616.581228127041
90090,9562.473658121273
90091,9547.04365064122
90092,23815.20657212159
90093,20340.64644714494
90094,8469.505069526595
90095,16734.00159538437
90096,4631.755701938063
90097,21639.05992181926
90098,19107.40027518808
90099,8018.56915198005
90100,7261.4347472209265
90101,14915.23017829776
90102,11289.516589545448
90103,6208.752893835433
90104,8953.412192987784
90105,6204.818232055786
90106,14354.984245612977
90107,10221.342101290735
90108,16348.670907374475
90109,3334.0963166601955
90110,5926.648038413706
90111,16530.366298303354
90112,9368.835744074922
90113,9923.691769161585
90114,21765.76748100346
90115,15440.342153299745
90116,10207.884374023792
90117,14394.85284701843
90118,7991.0449363955895
90119,10782.176794276173
90120,9401.748863384179
90121,8962.918774991094
90122,13628.515156259911
90123,6222.827095630017
90124,4174.633155510052
90125,34418.4368038603
90126,16362.719174811866
90127,12429.2295114241
90128,13146.876604280063
90129,10944.595473344443
90130,14499.040330674105
90131,9959.293217273218
90132,9182.196848485726
90133,12451.60420139665
90134,13572.608387235001
90135,7010.321633563284
90136,20217.490410427603
90137,7616.670919162129
90138,19928.89809899247
90139,17832.4360989425
90140,5182.527134251504
90141,6158.880835158151
90142,21257.175274756184
90143,11984.205849570848
90144,14500.041221595447
90145,24146.802667292286
90146,6135.3088832148305
90147,15709.077736930381
90148,22941.610454266956
90149,21958.49202121329
90150,7433.301255030661
90151,8658.752281203546
90152,11988.587561175538
90153,9473.733435540546
90154,13079.70133237132
90155,5515.62019646365
90156,10168.225878315965
90157,13040.477192332934
90158,14688.580399580418
90159,14135.533256423014
90160,15687.311947530034
90161,13611.108520425381
90162,13340.144689456905
90163,22511.48461752842
90164,14367.927193715566
90165,8354.573615794536
90166,14335.330282231178
90167,13151.321572367855
90168,7555.2818160492925
90169,14549.02505815042
90170,7554.835223005386
90171,8145.84722689438
90172,12911.797516068647
90173,20144.070936378746
90174,8534.48087635196
90175,17382.74335401358
90176,34068.92112212067
90177,8745.418805916031
90178,7716.447089158138
90179,12218.363683529033
90180,9842.73821700866
90181,21438.029873351225
90182,15231.399966168823
90183,15723.54213668679
90184,15806.747502395532
90185,8453.217043339611
90186,7281.178243005515
90187,10330.628354661738
90188,6728.065325070527
90189,10673.110477705977
90190,16083.959984042922
90191,10966.152683097938
90192,15139.823544902
90193,12257.561654822981
90194,19902.66989143054
90195,7094.856489975179
90196,6771.3506019384695
90197,7928.129526668212
90198,9333.090561516701
90199,25590.669257921494
90200,6871.252409911291
90201,8726.734525659842
90202,7913.60200180617
90203,15968.471634358051
90204,2698.7126979450877
90205,22135.539886112856
90206,14228.913166877895
90207,12144.495675654227
90208,7463.333037946072
90209,11827.78175446772
90210,15380.596592557618
90211,15562.550802354708
90212,5663.552614233908
90213,6370.8570508130415
90214,15716.495368189055
90215,5625.272545565606
90216,6220.354364244606
90217,15823.766953025633
90218,10286.815752687204
90219,20838.362216102083
90220,11668.209849877298
90221,16003.406649101926
90222,10658.476606162425
90223,22824.74283105103
90224,11815.55463185829
90225,17020.33561582205
90226,14626.587476448378
90227,14104.439870757964
90228,14421.703818834878
90229,7748.760185986601
90230,17328.77032340711
90231,7967.266986401545
90232,11507.427142408276
90233,7939.609928284109
90234,6951.933741779959
90235,10861.080845176688
90236,7987.028708354559
90237,7870.9658765221875
90238,18792.236235091354
90239,7030.527918019433
90240,13970.777083653522
90241,8128.837187714287
90242,15886.898446726951
90243,29850.310668956703
90244,7402.202959374085
90245,14446.28163000847
90246,13556.85005840351
90247,16401.3318086766
90248,24513.52976066036
90249,11985.07205972799
90250,6752.636998569176
90251,7158.446557790904
90252,17848.01835047036
90253,7649.400816604421
90254,3520.137591370763
90255,21327.506767387385
90256,7694.571933776458
90257,7520.70024896964
90258,10501.607433549576
90259,14114.11502802649
90260,8169.934802918834
90261,12436.608491396242
90262,6451.2981065235235
90263,12835.47123950086
90264,15363.885717161556
90265,9329.991924721888
90266,6997.34299628465
90267,8154.287125209196
90268,8163.360869317224
90269,8259.436560932907
90270,18222.259250646373
90271,7102.651463251479
90272,18237.336988715302
90273,16348.791679766535
90274,8574.705464537969
90275,7845.843337454677
90276,11538.063289252192
90277,10667.64060531705
90278,14908.418733542218
90279,10249.413001808947
90280,10767.989750732708
90281,12648.99629425866
90282,7042.27923419917
90283,14707.396430843904
90284,14161.22190364754
90285,14524.678367500166
90286,8172.119281652982
90287,21948.001387448967
90288,8982.368297030782
90289,11935.561759638766
90290,13630.000463462171
90291,14790.311818349064
90292,8322.506090017725
90293,4599.476323525079
90294,17686.42483367834
90295,18588.517637324967
90296,11576.725658165233
90297,7003.436638015619
90298,10468.920888094779
90299,21131.858059474987
90300,13344.174640906098
90301,8163.16623469223
90302,20994.09877816915
90303,12799.513433576156
90304,14100.428093144925
90305,7162.992802532046
90306,14231.74733854497
90307,7686.6854834137275
90308,7656.579091815426
90309,5635.857039215749
90310,16631.382454750135
90311,10085.90389682518
90312,12801.460542215023
90313,9930.614079915089
90314,5540.595407231055
90315,8511.708156690416
90316,15922.3833970997
90317,12572.123315250274
90318,14617.366389124083
90319,6921.856815672888
90320,9375.489202538496
90321,8368.015140025742
90322,8019.141366862248
90323,5081.364164350938
90324,12463.217228130996
90325,3121.6051290209116
90326,19630.025543263866
90327,7997.595685690246
90328,18924.170876886714
90329,8787.879802542218
90330,17699.322418162497
90331,10288.48108619319
90332,12523.966571282836
90333,9315.994639960529
90334,9266.267575855813
90335,14470.4355900782
90336,17355.48166411451
90337,8300.870508271477
90338,12072.306485151168
90339,13722.392021921743
90340,10270.194355820007
90341,17247.684407392342
90342,14707.396430843904
90343,11350.94697420495
90344,12126.54780795491
90345,7041.309592222373
90346,7112.606146100296
90347,5756.980981527349
90348,9580.087358320125
90349,15802.50864180244
90350,24212.20076845605
90351,9343.408831598977
90352,8267.33893260925
90353,4847.184769239603
90354,6785.917425455729
90355,7555.629518576376
90356,12861.06128604581
90357,14174.697683871625
90358,15641.687998675705
90359,12485.897440021623
90360,13157.72630700602
90361,11618.073429434144
90362,15699.979045188726
90363,11178.909299541481
90364,12164.705306399756
90365,13667.99582847832
90366,14673.517067264407
90367,8989.68001359273
90368,10221.342101290735
90369,8473.104239435621
90370,8295.46142415989
90371,6415.995455744598
90372,11830.426799200937
90373,32957.841246867836
90374,24525.904304277377
90375,21047.422926729876
90376,15376.06077746102
90377,8610.099719009057
90378,16213.439894026458
90379,11543.04953717233
90380,10341.695213724268
90381,15440.342153299745
90382,24527.407027585847
90383,7860.728830269055
90384,34160.58144726539
90385,12254.453831929282
90386,10599.974832083446
90387,9261.813490158793
90388,4742.39382553784
90389,7463.129119124747
90390,15505.391270027047
90391,17419.253718589385
90392,8118.532553009336
90393,16815.07591145127
90394,32315.065829876483
90395,12522.714807258359
90396,7669.546130083009
90397,15744.061576941378
90398,16308.318037617386
90399,15588.485220103037
90400,8418.162392717828
90401,16303.79177092299
90402,6745.15906131119
90403,14850.633480403372
90404,18237.336988715302
90405,13470.82310422643
90406,18516.885883463852
90407,22688.273680891463
90408,23805.924072423728
90409,14102.417410841996
90410,21958.49202121329
90411,17096.364285064647
90412,7614.0051699337255
90413,10265.269083263307
90414,13984.017474137885
90415,10986.456287618887
90416,18610.20364940743
90417,18312.476743691084
90418,8538.17971262912
90419,12516.694563983061
90420,15357.299639706745
90421,12983.770732545929
90422,15047.806505565191
90423,19277.05309663753
90424,20518.62291797115
90425,16822.912859920274
90426,12781.482639158665
90427,9491.363648374276
90428,7102.831932883183
90429,15315.976119939824
90430,7613.707141349591
90431,15648.393301140202
90432,12026.316676945407
90433,5659.353119276389
90434,6252.53088140287
90435,12232.721372173117
90436,19928.89809899247
90437,8171.945836704926
90438,7661.74123379971
90439,15890.10822029653
90440,15709.91360018211
90441,7478.053174125408
90442,12751.962575816595
90443,13913.546157131765
90444,14197.854539380614
90445,10041.776412375793
90446,4177.2949264881945
90447,7050.1108420521905
90448,18718.688110580508
90449,14888.47180857032
90450,21921.262317359222
90451,32533.939115722562
90452,13651.049132739674
90453,13757.806685346677
90454,15728.109846938629
90455,11816.106589669977
90456,9927.250855691664
90457,8030.76886268267
90458,26319.11956624515
90459,8285.92900888078
90460,14980.493356722402
90461,9555.06105904915
90462,10573.689422134195
90463,10112.597261304996
90464,6567.720466228099
90465,12116.242881133423
90466,9883.850933705146
90467,16113.109661653209
90468,6980.621600551146
90469,8195.789065652518
90470,19527.26101590113
90471,14825.883914136975
90472,5122.083868462676
90473,8140.592378557773
90474,11739.722648174049
90475,8801.881959365359
90476,9276.244899958401
90477,15553.843113904162
90478,5818.740984530166
90479,9910.789512415216
90480,7043.387754904959
90481,14018.34481826316
90482,14705.598597314514
90483,11378.43108191481
90484,20540.694852910652
90485,36370.72927760086
90486,3378.0207174569478
90487,5812.707585116082
90488,17058.362182489618
90489,14254.65734322924
90490,6810.383036709544
90491,11778.678655591326
90492,14428.751431363575
90493,8836.52731873558
90494,8916.133426908042
90495,7760.976729403635
90496,7643.227755726501
90497,15830.926908292862
90498,8031.1909739385765
90499,7305.937844467206
90500,12607.889560611786
90501,7736.397658619833
90502,13986.942918586628
90503,10550.743988771126
90504,12181.836461922156
90505,22736.91161937716
90506,7806.441797003694
90507,16865.36366601219
90508,7530.659750863812
90509,3061.3231303496427
90510,7415.452257935598
90511,16753.174471134447
90512,8558.469229926344
90513,16300.7916610291
90514,16093.068639095329
90515,8862.675512090447
90516,20688.19365904204
90517,8898.181540316931
90518,13952.76192652919
90519,32526.915278823235
90520,6051.957847074345
90521,14423.276352715486
90522,13863.016702597706
90523,8046.436499699211
90524,19425.503162760346
90525,16422.56908576577
90526,14796.661302666713
90527,14365.14367346376
90528,13232.29324850079
90529,14079.903959875865
90530,10626.336764972833
90531,14390.217670830385
90532,21331.545026624775
90533,11249.310866211197
90534,21347.11474287353
90535,4682.436984798586
90536,12072.306485151168
90537,6099.327122807365
90538,16054.012708018447
90539,14842.744237581997
90540,8558.595794220308
90541,16772.527660701966
90542,16397.49713080113
90543,16065.39228614956
90544,7490.372896733331
90545,12120.031396077617
90546,7030.1809016833195
90547,16083.959984042922
90548,14241.120624714502
90549,15534.48432569916
90550,9593.385729332358
90551,18109.953766047503
90552,7855.565745016061
90553,24424.378674991112
90554,6966.8219911672795
90555,8830.41318210566
90556,15560.594038579766
90557,7524.863133736288
90558,21266.783821915764
90559,33254.89387891783
90560,16891.95687518187
90561,15634.824671889399
90562,16691.593760973214
90563,14141.56472930849
90564,15263.845851207503
90565,22243.345147417906
90566,11889.793294783163
90567,12485.803888885488
90568,19517.111034762787
90569,14663.65536208077
90570,11222.791210348909
90571,11978.307804660508
90572,9126.199050792664
90573,17940.369615949006
90574,10428.93428806907
90575,12251.48066004387
90576,19002.91151348383
90577,18987.383387288453
90578,9002.262465610507
90579,20388.940848072536
90580,11530.394756188336
90581,12951.134953044033
90582,11784.38166904097
90583,10471.453798174394
90584,7955.290374333069
90585,15429.62008123589
90586,16962.316583369877
90587,7308.0406681342965
90588,10626.918029104208
90589,13778.271936327652
90590,14352.855347430252
90591,7855.699715519642
90592,12763.799406552964
90593,12645.64198137167
90594,25061.266413338642
90595,8100.7687025317355
90596,13285.789034741812
90597,14365.14367346376
90598,8775.241911914462
90599,8559.214608735456
90600,9468.712113943857
90601,17696.196896097386
90602,8045.616200189289
90603,12030.977434037315
90604,11053.286598826533
90605,13681.906211114903
90606,18533.52739767451
90607,15089.103696997696
90608,10397.311170953713
90609,13241.868585598611
90610,14687.602308820833
90611,13020.345959154007
90612,20333.025355851292
90613,15330.235207546451
90614,13919.271857337779
90615,8570.497778815732
90616,13770.432255743264
90617,8267.842807384466
90618,13944.585903646475
90619,14218.66600594579
90620,6196.315771638092
90621,7437.151496279985
90622,6965.828380912355
90623,11898.842984429632
90624,12124.305546742318
90625,7481.093943854209
90626,18815.928592185188
90627,6817.9865840755565
90628,4416.255760557341
90629,15579.681392261713
90630,15685.42869064486
90631,7440.662464259629
90632,8014.216305811715
90633,16893.71995368346
90634,24696.883775086804
90635,17001.385209237986
90636,7143.67004137664
90637,16007.309050282523
90638,6239.785405359547
90639,11722.985185610447
90640,13896.250112290985
90641,10074.480976546345
90642,7652.190211158036
90643,14273.559051120299
90644,5850.42452821397
90645,6984.050520922183
90646,15465.247824434451
90647,34196.55706057211
90648,18756.507196554416
90649,5850.42452821397
90650,22276.821196779227
90651,7396.031866902987
90652,14316.58783959298
90653,6691.7629935939885
90654,15871.459479589446
90655,16299.319888399546
90656,19027.79035238311
90657,8548.63431827565
90658,15403.645894896224
90659,17323.263461183476
90660,7540.806754436898
90661,7383.419391138429
90662,19023.012362216003
90663,8072.754668653331
90664,13502.292516489553
90665,6522.623662035158
90666,18072.6214656737
90667,20779.14686020322
90668,7104.502280375381
90669,13327.335538437206
90670,16621.90535328416
90671,10336.816507923711
90672,9935.557544066973
90673,7406.530435810176
90674,13447.120175007924
90675,8111.383381531911
90676,7037.634775712814
90677,23151.210178775596
90678,16479.12205004548
90679,15008.470430773108
90680,16241.042329228841
90681,14679.526068694213
90682,18629.263348044336
90683,13481.476327896182
90684,13719.041681470802
90685,9690.634300614756
90686,8317.75695611221
90687,18467.85157141498
90688,12946.803599227918
90689,7817.040413430205
90690,13968.354213432056
90691,32315.065829876483
90692,6719.940504807671
90693,16631.706946136826
90694,7605.1904750907615
90695,11757.084117236891
90696,14166.65764412708
90697,16385.593096475684
90698,14043.413342768896
90699,8287.19860475626
90700,7620.38736261467
90701,32313.806272305126
90702,8321.406977909268
90703,9268.51288310414
90704,21327.086206068594
90705,11328.919205586611
90706,11500.821852284425
90707,12579.10228809528
90708,13673.83920361243
90709,8952.82896002856
90710,6316.740914008551
90711,12435.18006972861
90712,13545.329357633806
90713,21657.757004708674
90714,11065.130730580257
90715,16405.48948063985
90716,15916.599117281014
90717,7434.232516110884
90718,15490.493816581637
90719,13941.170228333842
90720,16055.715090357344
90721,10617.232329866372
90722,9491.363648374276
90723,13512.595562093918
90724,14220.3093889837
90725,16034.7779480579
90726,9000.090193947633
90727,7999.48915992125
90728,8315.412518144703
90729,16561.204432818828
90730,6352.090798969436
90731,15813.826084115317
90732,14064.428467334417
90733,9071.998791795613
90734,14392.489719068622
90735,13250.91283816843
90736,8936.386225995304
90737,7254.442577359707
90738,8327.138277118474
90739,13922.453206252681
90740,8168.740432061026
90741,15085.866002054545
90742,3209.154974011852
90743,10211.304714490505
90744,6295.363085551115
90745,7103.158448434558
90746,14488.275085942343
90747,12769.235330542735
90748,6748.008693024481
90749,23490.332858270212
90750,13207.778850669216
90751,8112.31513262324
90752,14512.976269919467
90753,17114.679127759784
90754,7964.032618208158
90755,13724.019766687145
90756,9569.37396303263
90757,8137.251826660758
90758,15525.029710363153
90759,23547.83302033535
90760,15887.614889500515
90761,15860.385757702274
90762,7257.300771516936
90763,8673.312487108959
90764,8211.136245380814
90765,21627.98352219638
90766,17213.849498886382
90767,5942.429622783809
90768,29365.64636563633
90769,15630.206751717897
90770,24240.463637972105
90771,24525.904304277377
90772,7175.539254539218
90773,12261.648600444547
90774,9565.111286571553
90775,11808.5714064791
90776,8132.045900373547
90777,15987.29455635618
90778,9479.635866845818
90779,8072.530868269363
90780,15694.591708748516
90781,7670.412236638896
90782,8303.880457347495
90783,19122.934256974102
90784,23211.676673001788
90785,10533.220348066856
90786,7221.939295435242
90787,14378.820573129597
90788,18790.10260708196
90789,22736.91161937716
90790,6746.552233640646
90791,18195.543494078447
90792,14098.488823400488
90793,7834.008740394205
90794,17188.304064787102
90795,7052.7268579347
90796,19746.786564783084
90797,5628.458602205965
90798,7629.490995070351
90799,14741.62024276624
90800,7463.691531045738
90801,16677.13092699138
90802,20217.487645129062
90803,17309.60459232128
90804,18439.53321649979
90805,12385.320909764865
90806,9879.556696463964
90807,15284.220787413264
90808,15721.860265488902
90809,7613.293775328552
90810,7515.447711822802
90811,14600.007223271303
90812,6136.855923318728
90813,13553.782275690293
90814,6613.974921629778
90815,12913.280644595367
90816,7551.667114316117
90817,15315.976119939824
90818,32282.121183375253
90819,14107.302296432506
90820,11266.615162080187
90821,15503.596200065043
90822,12436.755753042587
90823,11267.13624265451
90824,8954.945433232899
90825,6967.866996401544
90826,10532.531195165857
90827,11109.562440120462
90828,15744.53060442457
90829,14252.384364495038
90830,1903.2490915033543
90831,7663.821394635344
90832,15286.489607483338
90833,6162.331728300536
90834,19701.1937565548
90835,19138.344141274578
90836,9334.584783674598
90837,17768.91931369402
90838,6326.344007160053
90839,6490.110758958291
90840,16241.042329228841
90841,11402.05876264515
90842,21572.291016875384
90843,13450.145555965259
90844,8899.373278413188
90845,8792.875992633053
90846,15378.328137138673
90847,15493.41385106702
90848,10051.278021560265
90849,9271.742784455644
90850,12505.735011775678
90851,6211.695219002289
90852,15955.318978160773
90853,13931.369166998544
90854,9994.347999685671
90855,8630.194026919604
90856,15418.710764188625
90857,12345.557297131436
90858,15775.270880157737
90859,7852.4476658603135
90860,17315.838559740754
90861,15356.638590100298
90862,4041.3930447959815
90863,11404.988069847066
90864,8503.009479446924
90865,14743.338579013343
90866,16502.988746992884
90867,5805.344191032084
90868,20962.402030384612
90869,20829.205546736597
90870,10810.146343751225
90871,7368.439005440867
90872,31270.38919706757
90873,18957.188041363344
90874,6735.738180591745
90875,23449.54593853628
90876,20460.919646189854
90877,16197.33779733352
90878,23547.83302033535
90879,11179.658427467199
90880,11726.936817651547
90881,15237.130316412837
90882,14099.154927489353
90883,8126.3585071478055
90884,8787.605004855268
90885,6845.534488627614
90886,5627.756612768272
90887,15480.908766665818
90888,9491.363648374276
90889,12492.15865452076
90890,14372.431507048743
90891,25201.19445726163
90892,10142.872646039561
90893,19694.67878051681
90894,18458.465224788426
90895,18983.057711008
90896,33283.864106571666
90897,16752.13851891676
90898,12966.684563718236
90899,22270.440337154883
90900,9770.084151301895
90901,16122.421594308185
90902,51484.811541264935
90903,31376.026363997506
90904,31659.258257970894
90905,22005.063225985723
90906,21070.338563187703
90907,14977.913509622093
90908,22038.008208191717
90909,30394.739009004352
90910,18584.31040226859
90911,25836.82123069715
90912,27173.043722307837
90913,18776.908895111697
90914,23125.88593683424
90915,18691.124760417126
90916,21390.946443662004
90917,28266.42267517977
90918,28990.81719921508
90919,13183.449486893405
90920,14762.515146323049
90921,33538.37327947762
90922,24029.596056903138
90923,29680.690772293074
90924,15247.120757311312
90925,19521.311822619024
90926,15104.391654779078
90927,39488.29162810245
90928,32175.52802197417
90929,18950.055203819367
90930,20473.986691445312
90931,23557.765547109266
90932,39686.11749747257
90933,17371.45870069574
90934,25084.797929511406
90935,30424.240946343853
90936,20269.351328683537
90937,24534.118784894396
90938,30104.339350384576
90939,19173.538066691082
90940,17350.55359302946
90941,38757.41392904376
90942,45450.99630406303
90943,27039.444896028388
90944,32300.957178303743
90945,26599.676231905923
90946,19019.886543244018
90947,13439.527204712165
90948,18365.98746608251
90949,14085.23690022084
90950,21811.718907204602
90951,25716.493391397704
90952,31257.22262279105
90953,27251.022732317353
90954,45317.0161289173
90955,22454.681767911625
90956,22305.179506858814
90957,14709.355534558692
90958,29357.400567902518
90959,18207.140970255154
90960,15480.988494520214
90961,59135.880025821316
90962,32640.030603265008
90963,18006.68088616697
90964,15877.558121435026
90965,42246.77929534261
90966,43825.00896453471
90967,21733.103438773785
90968,13901.261936378223
90969,19670.180268987497
90970,28557.966571738136
90971,27219.797911699956
90972,10458.085402053868
90973,22412.691008965343
90974,19802.978531639368
90975,38219.87867897712
90976,27874.95276691157
90977,19581.17067943071
90978,14269.601674915211
90979,20468.786693643397
90980,23852.223805169382
90981,41148.72302234779
90982,20202.68908523597
90983,21317.81010672135
90984,36916.266854415575
90985,18344.427774720167
90986,23284.64802032133
90987,13661.330047976917
90988,15635.002406991109
90989,31721.8444085781
90990,20112.05174961179
90991,50843.854954603274
90992,46985.660919693524
90993,22297.05464889357
90994,31810.094239586695
90995,15104.876378259702
90996,6414.732589763776
90997,21019.54494674199
90998,13970.86075194126
90999,18503.59778899581
91000,30776.516901729814
91001,25303.732346033998
91002,38374.48088699845
91003,19971.49660137024
91004,19948.006699580237
91005,75242.25144664613
91006,56145.80905125587
91007,23533.89358377417
91008,26684.810246463083
91009,41502.77581243115
91010,21562.539638550967
91011,26537.25926823439
91012,14975.903249268076
91013,42985.04043534506
91014,28607.44705789594
91015,28864.419948889346
91016,17664.798877986686
91017,19898.212999162486
91018,25357.528105569378
91019,16269.366354855127
91020,12891.867420310246
91021,26411.522472331897
91022,44552.88327027501
91023,27075.864580296387
91024,25021.292581039255
91025,26841.87879296961
91026,15265.59087780775
91027,25871.57455560461
91028,22254.005457426472
91029,19340.459463831485
91030,23112.378983435814
91031,29357.575254722957
91032,21716.586055540556
91033,39396.686499909745
91034,9686.358818733654
91035,32711.03093451675
91036,29399.18889135958
91037,15476.730034885582
91038,24192.332613867984
91039,34959.408346661316
91040,19736.497305036944
91041,20032.346145004776
91042,23926.54056900826
91043,25594.656752696563
91044,22185.468383603857
91045,16411.041554017895
91046,16121.31608590583
91047,22765.706808984214
91048,31256.00109045036
91049,44491.36669647526
91050,27366.31910617173
91051,22295.269919411203
91052,15958.951526426985
91053,18977.029294613538
91054,29820.47806985552
91055,19416.069969505297
91056,19750.15701947138
91057,41604.27272733565
91058,15514.38747528716
91059,25173.71178343217
91060,21160.633063674795
91061,23342.94098859137
91062,22937.810865892683
91063,26369.936010645702
91064,25618.215023286688
91065,24038.607817616776
91066,28044.38608095503
91067,18081.88901753969
91068,20234.30238727292
91069,54184.73951971376
91070,42024.454603110644
91071,20121.871673168214
91072,17694.468595255108
91073,16548.761967709397
91074,56228.26104170711
91075,2491.867699901359
91076,13672.048149158752
91077,12920.273666865236
91078,19852.613410300044
91079,34541.30495726609
91080,22976.213888103317
91081,29545.479218287437
91082,8053.3293463616765
91083,21119.252721333298
91084,17439.51958032457
91085,17458.69129701723
91086,6234.556491533559
91087,14887.851883266792
91088,26549.381900529253
91089,30547.08992102188
91090,18308.603634231426
91091,13965.117280455594
91092,12319.01794530364
91093,14894.835949584427
91094,19460.709232180467
91095,17530.882660975683
91096,14849.203480663837
91097,25779.807199225892
91098,18133.139537505238
91099,21300.77804038379
91100,28096.3446515869
91101,15393.2646698588
91102,20632.097416038403
91103,23603.316579017697
91104,34437.99127602774
91105,21406.280656444414
91106,21705.603174834778
91107,25365.618873642317
91108,14698.08803948876
91109,9919.654587937626
91110,26687.065507676398
91111,30897.502454337075
91112,19478.8242888226
91113,28781.86932713071
91114,19237.347251280637
91115,52009.27596752599
91116,30435.2332633404
91117,54902.76382986705
91118,19054.586670964345
91119,15494.411398218585
91120,11898.656192862036
91121,18238.139586994344
91122,28407.58577093541
91123,29747.40022585419
91124,32602.710065173665
91125,20342.33562776207
91126,31377.7963138271
91127,16697.941476912
91128,25030.468349857794
91129,22325.319437206526
91130,46091.011444078526
91131,24126.584459134217
91132,59447.41062290003
91133,24512.21408903218
91134,13902.18039867251
91135,25400.102079085103
91136,25202.75407284708
91137,20244.58342815157
91138,17682.34405802622
91139,27120.111561446578
91140,25735.521398655343
91141,46136.82963513832
91142,18263.02729208532
91143,14365.052874079163
91144,13461.548785375866
91145,33014.08498891301
91146,26295.6749767122
91147,23204.732436868406
91148,18063.26548421636
91149,18426.19687745227
91150,17187.28224909827
91151,25602.583165109132
91152,19475.273279904963
91153,19202.37575723178
91154,28501.243875354303
91155,27523.385090776203
91156,15304.831232856688
91157,24394.949797420464
91158,30345.911698227927
91159,19445.810466211547
91160,29850.227348485027
91161,24132.22514873678
91162,21882.09885757092
91163,28553.23313651832
91164,33777.55277493633
91165,27443.226742540355
91166,19029.467754245936
91167,27994.408427507595
91168,21495.43145614688
91169,28787.376946043885
91170,31588.11444311279
91171,50472.678791641534
91172,30014.440525699578
91173,13591.075501253388
91174,26017.38846004596
91175,26537.604890941588
91176,58486.300210919704
91177,13476.481794982014
91178,18287.116585937194
91179,29333.099387025213
91180,19061.014892183186
91181,18092.894438363815
91182,19000.01802891732
91183,23051.143787507724
91184,11291.00568840349
91185,46971.66441664388
91186,20564.055569757336
91187,29480.310249754806
91188,22536.10820278096
91189,22016.721159316552
91190,24343.998177934714
91191,14872.994329122957
91192,29762.97359800975
91193,88946.4304510293
91194,33479.56390327992
91195,24851.23478680012
91196,15126.198205485682
91197,10665.429033601682
91198,25819.75216659028
91199,18187.75304930072
91200,26766.158714001507
91201,20482.41669969727
91202,21858.51236953939
91203,16965.266603123193
91204,20659.625322061405
91205,22238.213821523594
91206,18728.284771034567
91207,15387.641729806737
91208,71128.31181297412
91209,11354.140673777989
91210,29385.501378813056
91211,18216.19782941227
91212,18646.751509709462
91213,25426.092613676945
91214,27757.757891336103
91215,28275.053126828792
91216,27189.982452852313
91217,41123.53681401549
91218,14266.315816801427
91219,27738.087042626197
91220,31101.65873700442
91221,42965.64614338389
91222,12316.951246754792
91223,21362.052495931344
91224,22945.66349327394
91225,33241.29421573364
91226,14720.118598662748
91227,14264.928183431088
91228,19151.84882878886
91229,27078.47056317298
91230,60031.141907512
91231,24241.733970008478
91232,22919.069338453668
91233,18893.28122036164
91234,37748.41628804918
91235,13974.56485069854
91236,17932.30877966313
91237,35062.272463368325
91238,25029.09837313343
91239,22820.050706258404
91240,16301.651530925239
91241,23815.55763600128
91242,29006.177354255527
91243,24707.79527812373
91244,17122.93072657061
91245,28136.45120101762
91246,12389.862784128129
91247,27634.33434451649
91248,35948.31093341112
91249,18239.317899335874
91250,17306.333907705957
91251,22441.025510286087
91252,43463.84048267648
91253,16128.986040391621
91254,40998.50882924888
91255,10148.401344824104
91256,12503.528444366606
91257,21183.298711761363
91258,30962.3406507266
91259,25553.959347583743
91260,59481.164773315315
91261,31909.058519284194
91262,26269.378628536168
91263,22419.193088554348
91264,24839.23739982415
91265,24192.031008775768
91266,16229.993870177925
91267,10683.952917666442
91268,29071.868629249933
91269,22815.04790988304
91270,17711.38459718998
91271,29048.945586094655
91272,25855.074065645636
91273,24263.80354698972
91274,19603.395552206963
91275,25523.04776751111
91276,17755.942032415962
91277,19774.715736398797
91278,22389.750648068875
91279,26486.70342608914
91280,35050.81500464179
91281,49445.22472786024
91282,27815.2099400716
91283,24185.250503543506
91284,21005.561870955742
91285,15545.382112302057
91286,6864.891451688729
91287,18474.29245643511
91288,32331.90075751045
91289,13872.10107184827
91290,16485.344038896143
91291,30807.76280019688
91292,22195.537233818977
91293,11253.7297564375
91294,15820.848383629434
91295,29585.364078929015
91296,14302.440129623477
91297,37483.13169662897
91298,36094.980228139706
91299,24522.9141935957
91300,19084.464758892227
91301,20060.89596112264
91302,28107.84476303685
91303,33691.77997913744
91304,28689.597905279978
91305,31050.011029334226
91306,15025.49680159663
91307,19146.7255208852
91308,44844.98798524602
91309,20375.763573401273
91310,16012.541460663977
91311,28102.118386026912
91312,28304.43982783435
91313,45591.01088234429
91314,38557.494989786566
91315,21579.144429175303
91316,19819.3342104923
91317,20126.458037281434
91318,19626.242409486065
91319,14801.71998348549
91320,20879.251935042175
91321,27422.45061925025
91322,24976.0411398282
91323,23186.013354566974
91324,17008.228846135855
91325,18763.22422297724
91326,16591.89995283045
91327,47940.79659776016
91328,30895.99267235627
91329,15768.311691813999
91330,13967.36641374927
91331,16881.224266245754
91332,26638.5335153516
91333,14823.958655786204
91334,14303.849144434073
91335,19098.78620352465
91336,19816.62773532199
91337,17191.784509893354
91338,58963.338023956436
91339,74742.20864230959
91340,14488.46973530657
91341,16887.200279196295
91342,42699.03838139521
91343,19534.680466788304
91344,43753.58424836849
91345,19005.572079815196
91346,51579.58677110989
91347,14753.392720958542
91348,12374.214596831123
91349,33072.22076452675
91350,21048.814975067606
91351,10532.86870067203
91352,22745.053038847374
91353,26044.69956281427
91354,24773.470365742243
91355,49007.29847152316
91356,7360.519988904835
91357,32474.65918845649
91358,18438.60708189437
91359,22074.824174956695
91360,25970.377498046146
91361,20432.192015782934
91362,28787.210942839167
91363,21728.844061432763
91364,22253.58848542445
91365,43016.4146742668
91366,16917.55696450881
91367,29381.289883201785
91368,25761.626195662775
91369,21488.271799922462
91370,25733.096252667652
91371,26597.496253581805
91372,17536.58653346413
91373,21243.15628475997
91374,19117.97741740518
91375,57656.21672487321
91376,23654.866791174813
91377,27183.4012750909
91378,31792.737619566396
91379,17700.739804744706
91380,25900.987376691795
91381,18679.09033934995
91382,22130.08263421174
91383,19606.94869499192
91384,23102.247711710304
91385,18891.233705048027
91386,24144.638511661586
91387,13446.189327172882
91388,28967.137955985283
91389,12843.61950674364
91390,20769.295671762018
91391,19239.150974198034
91392,27647.529781521687
91393,12976.34153590271
91394,22787.740070248023
91395,22651.561613624963
91396,16133.64041899566
91397,20832.38341622034
91398,18983.257827438476
91399,26424.763322431987
91400,34609.595730910754
91401,15925.151986260404
91402,11934.271769965426
91403,21075.067126415295
91404,16038.096266106173
91405,27855.34309808634
91406,19487.673791794794
91407,39021.196283711884
91408,19251.01518752491
91409,15855.790135081752
91410,24447.606622408108
91411,29060.003984095154
91412,31836.709166764635
91413,39771.47771041278
91414,19042.447311107568
91415,21631.941124475677
91416,29409.021536598193
91417,13120.308949318358
91418,18521.411670708643
91419,4199.442169429136
91420,22092.262588470498
91421,15598.695286139357
91422,18796.980558675215
91423,44303.4256976097
91424,20126.10009853116
91425,26226.535289470223
91426,28285.643121882895
91427,13900.377161115675
91428,31000.043079591254
91429,21895.326084044205
91430,40411.91709661889
91431,24478.49486604978
91432,22235.55581841585
91433,25695.527704657477
91434,19075.554267148083
91435,18818.878052794345
91436,30361.033902643467
91437,36738.48317977969
91438,10449.592182294233
91439,12500.022175706667
91440,23532.21498492947
91441,29431.56093993422
91442,17436.20006205707
91443,16937.543101955252
91444,20261.298117842478
91445,52649.75709922762
91446,17959.9399613613
91447,22062.201914562604
91448,33965.2203519791
91449,18746.55220972317
91450,23706.91248715444
91451,36051.08470650025
91452,21908.898469994332
91453,12309.581782478324
91454,10967.595388436783
91455,24472.055254835584
91456,33045.6616865018
91457,10803.694536357598
91458,19930.05034070424
91459,32205.698313811576
91460,30668.838279238695
91461,19308.658982340632
91462,26604.261049561053
91463,28874.977386641487
91464,26490.4367185165
91465,25203.900541571173
91466,13116.317829735724
91467,30740.164043748664
91468,25788.869867114085
91469,17939.102759940102
91470,26297.16096803188
91471,21200.98519341257
91472,14944.634456828597
91473,24692.41323153884
91474,22779.245457929585
91475,22624.991431462666
91476,22573.396165216134
91477,26221.645982099144
91478,21613.527583160667
91479,26650.33121315701
91480,8362.995387641167
91481,29675.153906159387
91482,29440.59754076496
91483,26613.500140540236
91484,14910.888628530996
91485,22361.131845933283
91486,13126.321630266859
91487,20563.43833033278
91488,41036.81100155054
91489,12835.752774766472
91490,19818.779031325903
91491,30993.793803282748
91492,26184.72395143866
91493,15738.847718609688
91494,12888.430822296921
91495,19325.110592746074
91496,14395.702877249221
91497,29872.918892092344
91498,19242.421262933873
91499,51122.0530943163
91500,29854.545824320525
91501,26623.069812608454
91502,15701.25368819287
91503,23085.815275648438
91504,16275.790331524522
91505,31649.49451992357
91506,33233.25874357
91507,57577.9091841262
91508,30697.46758305822
91509,21583.136364838123
91510,28863.041142033482
91511,24423.44157845586
91512,19322.248929704503
91513,43550.612569791
91514,21657.046975960886
91515,54892.920854151576
91516,35548.172342704325
91517,2570.8284007530347
91518,52458.39037384654
91519,22275.05018933266
91520,16988.106552251393
91521,30061.5251633915
91522,29730.763217189724
91523,29156.8059918997
91524,12776.497418679939
91525,37000.09418171977
91526,23057.85226701587
91527,20206.333766704927
91528,38833.72601315291
91529,24929.13004921005
91530,19343.03818537144
91531,13307.003150858822
91532,47884.22741530741
91533,30724.199215025983
91534,24704.86672201014
91535,13048.035439872987
91536,20846.03175190703
91537,17197.71402214763
91538,19215.228556267346
91539,29067.800264082918
91540,15980.131250836599
91541,24717.484953480907
91542,19743.668890867473
91543,22770.292928739145
91544,16740.417119590864
91545,22617.535294662037
91546,14657.981996385875
91547,17563.543429214384
91548,22868.5076412611
91549,51199.95030706146
91550,22205.456213286692
91551,42056.35431841621
91552,22149.35750696265
91553,14715.090532454507
91554,21830.7647004937
91555,16049.317682706072
91556,15006.558904101767
91557,29030.029350595447
91558,29718.171999236158
91559,21544.378163049707
91560,17692.985450935656
91561,22683.10307021442
91562,11941.15784723872
91563,31629.168988096648
91564,38486.84784939663
91565,48131.03487300003
91566,16408.010927322215
91567,24968.13634875948
91568,28426.70881259167
91569,27186.69189529161
91570,23206.89069589602
91571,22993.493624765288
91572,26912.082689266954
91573,16262.981737789067
91574,19030.099614689432
91575,38830.198932931526
91576,20881.418202937803
91577,17674.325144818962
91578,19696.558640291645
91579,12001.475641965777
91580,55120.38603784389
91581,28796.586104168222
91582,32486.786715937844
91583,8527.951108761385
91584,16853.20804585257
91585,23529.227273159693
91586,25755.38219162123
91587,17406.908613747244
91588,29232.518800470116
91589,17060.11339809037
91590,28623.187027483033
91591,23709.920429300164
91592,28913.08000596599
91593,28815.5452497424
91594,14499.269443411466
91595,28445.704437500903
91596,30762.827137390315
91597,26883.039892348603
91598,30789.901077571314
91599,27166.517635637472
91600,42092.32180869581
91601,35334.88592360383
91602,36751.82747464669
91603,24370.79150622653
91604,24464.55567729998
91605,23017.342644275595
91606,26561.21093875315
91607,29457.61256733831
91608,14910.254551495009
91609,19462.452167881736
91610,20668.29904122138
91611,22418.57031125872
91612,19983.201487830167
91613,25611.03652678894
91614,17428.430883703473
91615,36432.33516695232
91616,16736.030323114654
91617,20159.09646614279
91618,26535.238273212733
91619,19707.691828442137
91620,48880.221966398014
91621,19019.623116404622
91622,17178.83640891798
91623,19659.96766091152
91624,31434.257044564147
91625,20063.472708594894
91626,29392.433685677235
91627,53303.178634764605
91628,17474.140621531104
91629,41913.362170380475
91630,13615.033639398922
91631,8986.515102577292
91632,21502.17368751644
91633,18863.475644235445
91634,21186.981578423307
91635,22643.368190367444
91636,25181.09018660468
91637,29784.37638214022
91638,16904.451387120043
91639,15885.774952937607
91640,11607.483007680092
91641,21120.94274910285
91642,25886.761325655916
91643,40489.54466491334
91644,17518.632088320523
91645,24382.760404590797
91646,12519.845492099479
91647,20639.80238168065
91648,17186.44194317936
91649,17106.43601432097
91650,16996.19445658873
91651,15227.741504545767
91652,19255.894971386075
91653,26453.65946056843
91654,29312.609640632036
91655,24447.9902321658
91656,32768.91315762143
91657,58264.836294274435
91658,21410.179110737005
91659,32103.519017640047
91660,54924.76395379021
91661,28290.683483792196
91662,20577.1935484113
91663,19120.562655773596
91664,32587.95288243172
91665,45976.70303725452
91666,23624.375607829363
91667,19911.128433391637
91668,10112.114507214372
91669,18973.540265198
91670,27474.506057057926
91671,41694.35326351597
91672,16997.52345214623
91673,30876.19466631404
91674,23630.225191991627
91675,65868.93643530358
91676,34877.8148706969
91677,23627.901466350202
91678,14088.302637011953
91679,30792.7667699934
91680,26223.778699274302
91681,29514.718663622858
91682,13880.367381908247
91683,30714.20875421063
91684,12849.348901954385
91685,14292.579998745885
91686,18898.257566976874
91687,27873.764617612804
91688,18987.14156754285
91689,18190.86297012293
91690,23461.59423092665
91691,29375.450084172902
91692,15223.645086902752
91693,26210.36140053444
91694,21304.628625311514
91695,18614.729184845677
91696,15548.116151735698
91697,29610.257053690566
91698,18811.489228970582
91699,15632.825862649668
91700,15685.808355776486
91701,16036.506736719866
91702,17535.009598273195
91703,18108.72946352268
91704,27727.276342578683
91705,27095.0124922423
91706,8633.77465270681
91707,48292.579123940115
91708,27009.118640165565
91709,22152.543643605575
91710,26905.430418141485
91711,16083.68498720049
91712,21710.46291173087
91713,12685.723919686343
91714,21667.602286582583
91715,27991.249085957235
91716,21463.000511248396
91717,25145.263970584947
91718,30313.554125389666
91719,14251.034345669861
91720,12901.66001486719
91721,13312.830097415183
91722,27911.819414568494
91723,29302.107973315276
91724,19806.96361784345
91725,23963.72341683878
91726,18161.44052754091
91727,32751.332432700507
91728,25428.649864341347
91729,16224.888759385363
91730,13229.295985415265
91731,18060.319147570743
91732,16605.55038036083
91733,18438.526663015193
91734,27866.20095919201
91735,17163.044516084337
91736,28702.897125569183
91737,16169.735757219754
91738,16187.007277865741
91739,29700.142818268858
91740,30098.269676548567
91741,23220.314816057584
91742,4154.630094526885
91743,23370.608545317034
91744,14819.479390000539
91745,13694.58334029475
91746,29359.016186604513
91747,19509.17066308339
91748,24073.96081932493
91749,25474.334595827084
91750,25018.871854861063
91751,20970.013536061128
91752,23218.247740578303
91753,26334.291603155732
91754,25932.267646844226
91755,18135.92534958257
91756,15781.57292681628
91757,36688.03620404158
91758,26543.617279571197
91759,16322.598709902291
91760,26461.448649041155
91761,46971.72891490573
91762,30243.210385144695
91763,19470.67617449872
91764,15362.53195203292
91765,24443.684960352744
91766,35962.46535983533
91767,20012.083823098277
91768,21972.664512722316
91769,22089.986118109617
91770,20537.891634966807
91771,13531.206704599645
91772,28252.46471396842
91773,18932.505577411597
91774,32040.371190494916
91775,32886.121962473066
91776,27307.900723761977
91777,18171.606602338506
91778,22114.597077403534
91779,25902.134808436953
91780,35753.05719841217
91781,32023.132504116133
91782,15474.561437957893
91783,26168.673729212496
91784,20864.931007660045
91785,32935.14430252929
91786,26293.369939249224
91787,18547.863808170274
91788,26112.557497788832
91789,19790.815594881777
91790,32533.711979435346
91791,19689.704731526268
91792,28286.841639979448
91793,31847.723795292244
91794,15502.479689047279
91795,69932.79278476269
91796,28205.92326519872
91797,22878.243617210297
91798,21685.058913702327
91799,7144.940800368784
91800,5282.836482391505
91801,17255.25122372646
91802,26192.820012933604
91803,24616.266579510055
91804,39536.96408286968
91805,41590.56239378958
91806,21037.91971792994
91807,47597.34163628213
91808,19620.822269320048
91809,36353.23507550871
91810,43874.714722389406
91811,29705.48748460723
91812,64731.5407100089
91813,12714.26193096222
91814,19230.411743189878
91815,19755.152477956308
91816,22096.209335463813
91817,30006.95015002507
91818,38622.13129818683
91819,26534.724295440694
91820,11871.723145736207
91821,24635.40151503473
91822,20870.536815437055
91823,18398.12448679855
91824,21361.044706640692
91825,24907.331154740517
91826,33777.55277493633
91827,32674.835256440423
91828,38373.934371974756
91829,18316.962124152313
91830,23772.40590004212
91831,18910.0302378844
91832,16692.11633517482
91833,29336.77176767837
91834,10175.25029426354
91835,13353.489698818967
91836,15671.982230886577
91837,18965.89292960507
91838,21191.0030565741
91839,11733.574617374425
91840,25106.929537082986
91841,22715.43827068905
91842,22338.916022891754
91843,37381.596050228036
91844,24427.410346306715
91845,16077.391437487226
91846,27378.11907714972
91847,62082.00594062737
91848,21614.543616689436
91849,15588.864272824318
91850,41494.76172260952
91851,10739.082739016083
91852,17324.244203677223
91853,18713.296246580663
91854,25694.741573803247
91855,28461.70430924393
91856,25892.149864095947
91857,31315.437463752263
91858,7307.182952380611
91859,45428.611195191814
91860,29015.18012949841
91861,23219.77111999365
91862,25872.05445037289
91863,61579.10785893223
91864,47667.146289431366
91865,17957.29456313987
91866,21283.04150616815
91867,32297.921548314
91868,24530.636794397575
91869,10503.188539673394
91870,18985.95862169015
91871,16607.229558993713
91872,20314.264526886738
91873,24662.656426151894
91874,15329.798329188887
91875,21567.49267218494
91876,17713.707296390574
91877,32185.04421652867
91878,13832.641145710197
91879,29401.79414857182
91880,22946.28938444415
91881,20334.209691432035
91882,22882.262784932762
91883,15783.113054352836
91884,22047.162694974042
91885,21634.975865011358
91886,23107.89923390906
91887,22613.800086226554
91888,20312.174312004296
91889,14813.13875210338
91890,16620.7455452269
91891,17562.122808035998
91892,14003.984441887218
91893,17370.954184457376
91894,25405.777547294096
91895,55104.617653984424
91896,41037.092206437024
91897,26443.752720567234
91898,25488.679739472827
91899,23068.494772141887
91900,18008.82616243417
91901,23509.53280738451
91902,14665.135574749373
91903,27148.497903370302
91904,20568.985796083012
91905,24111.39775576891
91906,25093.716128039927
91907,29145.043801049706
91908,23277.84784894324
91909,46096.58820598485
91910,65021.366451673064
91911,24807.057796036894
91912,16894.48634058754
91913,12348.22140774416
91914,50877.87033289771
91915,15647.002634154001
91916,23957.698219166265
91917,18048.64275612147
91918,9529.519823411356
91919,17970.603609163176
91920,22118.978760758127
91921,21581.61024008669
91922,19364.934237166362
91923,24369.823542460974
91924,10670.138516008425
91925,29799.47175199743
91926,15430.4869387437
91927,20268.398137157183
91928,30823.867551739506
91929,25644.424876594054
91930,24934.049739764745
91931,33117.75620749744
91932,19079.47859466047
91933,31335.59338531543
91934,25283.86154704763
91935,17154.720776744558
91936,32175.72927224016
91937,31112.09323028254
91938,17852.403562198946
91939,12027.679827597476
91940,9826.282191404596
91941,23591.428932208444
91942,45852.22917333769
91943,28190.95232925807
91944,26743.048140970142
91945,13696.851540930045
91946,12375.196941988452
91947,48782.482566533916
91948,34076.726993832315
91949,46229.204608917935
91950,31831.622245533083
91951,25481.39312040373
91952,39641.89662199258
91953,10873.787917735946
91954,28324.22858256464
91955,9740.204765073471
91956,17385.311502891116
91957,18807.024173349568
91958,60924.952683099145
91959,41561.601796224226
91960,27900.158679752858
91961,28024.8366962788
91962,11643.349326471172
91963,24498.329489029726
91964,26256.6524470495
91965,17836.56783753324
91966,42917.01013002812
91967,47558.73142463778
91968,14021.423614905236
91969,47606.18677580584
91970,20537.194779055186
91971,41267.074293600046
91972,25982.29194887446
91973,26668.477025857104
91974,15880.023589389939
91975,13986.925078854882
91976,26833.950516569832
91977,36162.45174069441
91978,14895.592489476163
91979,12542.011193471219
91980,24068.38837855948
91981,28068.803083254843
91982,19430.967881394823
91983,33656.45141808321
91984,26239.193995683203
91985,14761.580882151598
91986,15262.576763311321
91987,45052.61221258894
91988,12018.542980068298
91989,26014.81565687964
91990,29368.454424913776
91991,22641.906895951994
91992,58401.22668261354
91993,20340.556952596056
91994,18517.052139630192
91995,10076.79544601866
91996,15178.808377944004
91997,22268.31680296284
91998,17369.038699544864
91999,27819.264598887003
92000,30093.390073585648
92001,10787.00062856373
92002,20859.687797611336
92003,22371.18130381169
92004,27370.69280431025
92005,20548.637345520958
92006,5683.325179217902
92007,39121.94781933449
92008,31183.672132321077
92009,32970.760401597385
92010,14522.247893194817
92011,15667.036676680704
92012,27909.31113835339
92013,24164.594046262948
92014,14199.64262766234
92015,14131.141624466998
92016,39007.48523133659
92017,10704.443776817925
92018,23063.854965463244
92019,13354.098873914818
92020,22376.04829663544
92021,32594.419549866532
92022,10478.1700937509
92023,31341.89737459526
92024,55800.34411971125
92025,35366.82714397833
92026,47614.44896539519
92027,45356.267624363136
92028,13015.017040033834
92029,38166.182130405345
92030,42433.7389861269
92031,29850.107956547137
92032,28898.7994834826
92033,22108.28844954552
92034,18327.154993726777
92035,18612.831332391514
92036,23823.267718365372
92037,25327.602215552426
92038,13726.6043021922
92039,35651.875758920345
92040,42261.171970901705
92041,32299.31779195287
92042,10706.528923238453
92043,32347.22889571385
92044,30114.355552388635
92045,17176.33308341995
92046,26814.897140218272
92047,15159.568595955034
92048,30714.19039118873
92049,25889.15037858572
92050,68633.60735487395
92051,32042.524125663414
92052,9180.836826343557
92053,16833.79718959932
92054,18493.6465499231
92055,26178.500142641537
92056,28460.726475492378
92057,27002.53409439482
92058,25975.495548224568
92059,17957.203269399157
92060,17032.17398170422
92061,13427.120907806571
92062,58112.53032088848
92063,24194.347174608305
92064,14759.672555102476
92065,27661.770894762343
92066,33074.48809195273
92067,19008.985246991957
92068,22249.25873198806
92069,25660.117267751793
92070,24316.133409085058
92071,20575.177916875477
92072,12958.928239718385
92073,19355.866706302528
92074,27150.195008734714
92075,32890.734432133344
92076,28982.706620342047
92077,29828.83158677399
92078,30783.626527656488
92079,43012.58037835082
92080,30653.517676396164
92081,19431.271719996323
92082,30141.989630948072
92083,17407.27782287967
92084,12312.409510477402
92085,15853.4578383029
92086,20867.222040425393
92087,22615.40015717677
92088,14488.59474599246
92089,19999.116649313128
92090,29185.503647016994
92091,14155.001696629372
92092,18495.57760297907
92093,18409.09045350727
92094,21452.47736088011
92095,26731.30665805288
92096,11999.63621081116
92097,17047.66149244817
92098,22192.635787124902
92099,13020.446403718863
92100,29209.52536365851
92101,19959.25045771456
92102,30072.811555352193
92103,16100.923843610717
92104,19664.38901383648
92105,26878.390976081173
92106,23336.261843754673
92107,25436.051505308857
92108,10526.772356045223
92109,47899.903568105554
92110,14718.429250694802
92111,22024.925244214708
92112,9718.050349905745
92113,22045.808227429327
92114,20043.44739630557
92115,27912.900666349764
92116,18440.918596525044
92117,30910.50623569978
92118,9228.547248453127
92119,20463.72310652901
92120,13137.288704567265
92121,13453.752409427754
92122,17935.12917590755
92123,29977.676228096912
92124,24184.16308500575
92125,46666.40115827175
92126,31188.4525602624
92127,19031.90377631124
92128,28432.871117206847
92129,41631.28549332259
92130,26225.358678822653
92131,17099.930841845056
92132,18640.649878561497
92133,31634.827442956324
92134,14660.103527466916
92135,16473.96636383679
92136,56157.3225582451
92137,31438.007331528017
92138,21191.198010264594
92139,22247.11205713932
92140,17425.131993929357
92141,37173.80431049746
92142,28977.960669456697
92143,17785.04829999286
92144,15955.227089300928
92145,26143.849113492
92146,11074.615061972101
92147,21952.08568187503
92148,45769.66232255366
92149,29464.20346944517
92150,27043.310308480217
92151,16539.841919765648
92152,32964.990937962364
92153,21135.512408212093
92154,15993.777465384423
92155,15567.09333668971
92156,23883.160249527595
92157,20734.274419345413
92158,15229.594322815265
92159,21347.842107580684
92160,16198.12834262718
92161,19190.866096494443
92162,12166.883477493466
92163,23776.12607343304
92164,37756.837138911804
92165,38978.16856667339
92166,38219.80450911595
92167,16463.140395994265
92168,20375.20699663403
92169,20916.567727125243
92170,27384.036311169897
92171,18780.524340315875
92172,16100.370132713362
92173,25644.393466760186
92174,22841.18877551924
92175,16044.870065230578
92176,67363.53368719904
92177,32976.43019872379
92178,14156.79565720796
92179,25323.505010021425
92180,23439.802397161155
92181,26482.582488690026
92182,16409.011888140918
92183,25766.942678619616
92184,22148.341109405254
92185,29079.99231634388
92186,24558.847052187535
92187,43483.32369671035
92188,21651.306136305484
92189,23342.403153404983
92190,12790.759678948465
92191,19152.3498805929
92192,29619.531562076354
92193,24380.229273856006
92194,30325.57685597002
92195,42850.85774406782
92196,9809.729704796098
92197,22539.69992035074
92198,37801.334899278736
92199,15693.213744416373
92200,17164.170008564488
92201,27569.651498847583
92202,23371.532876365534
92203,40641.124156708815
92204,28066.29673392263
92205,15529.545557615606
92206,14688.892789219912
92207,11984.011599171861
92208,9681.120870741586
92209,20206.387166310855
92210,20124.678842194142
92211,23516.912569991116
92212,21740.09729525174
92213,15452.729098736572
92214,29877.922455964228
92215,27517.897853570426
92216,14911.615837256044
92217,12686.350172971977
92218,19733.431282390506
92219,26222.79323367887
92220,31726.763033689585
92221,16008.64774915216
92222,26027.20719170478
92223,19894.091651483923
92224,30473.544217209997
92225,28112.883241097865
92226,20449.16092488871
92227,24464.530249736214
92228,33965.45329994993
92229,16848.681984939
92230,20661.41915644009
92231,42583.952959029244
92232,14177.995205922954
92233,19364.98159834519
92234,19800.92911726167
92235,18076.88398805729
92236,29624.511306396835
92237,31534.457862793704
92238,24138.192192862174
92239,20113.629352158696
92240,19406.23365729337
92241,15569.25034919131
92242,32613.821843423608
92243,40841.338775718854
92244,35438.41712544192
92245,33694.322656284974
92246,22650.943970793523
92247,22121.98491769719
92248,30943.629595952607
92249,29050.51962754145
92250,28015.93312383826
92251,12553.366737896713
92252,18248.592629440787
92253,21258.865596303156
92254,21791.957946487684
92255,10109.027697261992
92256,26434.89190569326
92257,24246.170906946267
92258,22137.526824428136
92259,18808.260368919702
92260,5874.919620127363
92261,12980.135746561979
92262,15504.91137801129
92263,22546.872647018434
92264,19419.917794342753
92265,17139.562112443837
92266,21096.573179327774
92267,23946.2654328489
92268,31776.329053420035
92269,21717.35093474899
92270,31369.198102747523
92271,27026.409853032743
92272,16224.543534990135
92273,20349.158464225537
92274,24175.160201459035
92275,10545.970698993884
92276,25117.536315758272
92277,31523.836001729826
92278,24602.721236849586
92279,20503.288541839458
92280,26604.663844225317
92281,5002.8997474065
92282,16216.348399086333
92283,30827.039561806665
92284,19277.553549401862
92285,30059.08047140182
92286,28342.886182981983
92287,20254.11899660553
92288,12314.26451350051
92289,17979.836179556587
92290,24766.07881880107
92291,28371.825251618488
92292,32544.865339411503
92293,20853.22318141904
92294,14241.197919907501
92295,24010.922446448614
92296,15645.377048217908
92297,86149.18523823099
92298,25392.306669636957
92299,8274.494228280037
92300,30918.92950966691
92301,25821.437926132458
92302,12932.470522369134
92303,22176.550559079627
92304,25687.37140422429
92305,30545.048551090033
92306,15439.498041909414
92307,17405.52877531243
92308,16925.704846503584
92309,13117.487809394173
92310,22847.353529448686
92311,25130.047789570872
92312,16234.29614151025
92313,22966.458944430095
92314,36689.481752395215
92315,12757.657707776234
92316,20466.088200021906
92317,15239.866042204669
92318,27622.566010199327
92319,16347.868457964623
92320,53792.89348515193
92321,15711.98761791629
92322,27090.337105666982
92323,32315.809719317687
92324,28450.961369918557
92325,23129.288263420112
92326,17303.826476158385
92327,19210.90210638515
92328,30175.137885292348
92329,19144.130186651237
92330,19638.230315162218
92331,17800.24168010129
92332,15579.11274306962
92333,29514.412456625403
92334,20267.688295790187
92335,27009.897909930467
92336,25029.59238994017
92337,17706.89207041437
92338,24954.57958689534
92339,21038.345680168837
92340,15137.7161398683
92341,31790.661650984144
92342,24086.62517767268
92343,46721.20531879624
92344,15747.560605372995
92345,22227.977369990516
92346,40613.42756465236
92347,16274.398695795027
92348,20719.680010227163
92349,25013.278643399488
92350,32044.6882238744
92351,20129.985418084703
92352,13365.567347439415
92353,14526.239900018601
92354,48705.285775873235
92355,31750.353378045234
92356,16296.877686786996
92357,25804.126074002896
92358,27129.257542634743
92359,15960.959460859154
92360,20876.810108402486
92361,24264.64153457577
92362,26744.55016713404
92363,28967.76110314035
92364,22046.9747514609
92365,18670.014449499467
92366,29635.30634713341
92367,27595.240421238126
92368,21433.755451646564
92369,12554.303992489911
92370,32255.464475844135
92371,21329.041908457628
92372,30911.029118731687
92373,18512.612468248364
92374,16115.7462312801
92375,20384.704419114052
92376,16030.61757226474
92377,25099.32285619922
92378,41369.52603843957
92379,26663.987838905294
92380,15183.512084192858
92381,14183.299398503206
92382,35582.86053010892
92383,19058.900441052516
92384,23746.949096316144
92385,11469.719275289652
92386,30313.891740721472
92387,30612.36824972075
92388,37292.689415138935
92389,15858.532210940848
92390,9651.428494127182
92391,22319.87224015723
92392,22811.54276696428
92393,17031.09491743608
92394,14922.887452076031
92395,26816.620556625123
92396,33247.49634220975
92397,12245.909950927142
92398,26431.344614318445
92399,27986.6833168115
92400,18541.987818800015
92401,18040.93051655062
92402,19805.28483298499
92403,16807.05541518898
92404,39687.68063969755
92405,15484.740311742016
92406,15511.910440617
92407,14351.489501650218
92408,16751.591877451334
92409,16808.36294146765
92410,24920.62541722674
92411,26210.23542000404
92412,15811.344823355084
92413,32312.86234387214
92414,29480.262778988363
92415,30139.873222233506
92416,19301.36207922332
92417,19162.81758248837
92418,26218.618810942182
92419,47895.439882076185
92420,19883.246892485597
92421,30164.52962784762
92422,31174.87652568994
92423,20244.305884629106
92424,26974.21194914748
92425,28986.554117887437
92426,16051.823795803552
92427,6708.363796699176
92428,5805.650398693622
92429,21841.94887738963
92430,25070.06205302325
92431,11093.670483660157
92432,18793.028765390805
92433,16733.219191836448
92434,33637.88578589713
92435,19951.61026222483
92436,71683.61182083027
92437,10838.524889465993
92438,27430.942525623173
92439,24113.87377261582
92440,23713.03710709727
92441,24015.37439479157
92442,8596.884310224095
92443,51062.7203958177
92444,19810.20904061424
92445,26196.760913401045
92446,13548.302233169079
92447,22573.143178487
92448,26519.312766265582
92449,15204.034925725911
92450,18103.181039564904
92451,15991.81717679954
92452,19773.190330755082
92453,28156.43803363662
92454,34134.81949326242
92455,30775.374385761534
92456,21702.045877574605
92457,25923.283326488978
92458,18584.480907355297
92459,21751.501942668314
92460,14570.889666221923
92461,19142.77826609061
92462,52832.8848254349
92463,20840.036701085104
92464,18224.483459469513
92465,21741.01560984268
92466,25798.76709395873
92467,24936.734235467193
92468,28211.914318995874
92469,29704.98289229111
92470,19877.23271518976
92471,27952.406389149375
92472,14996.534526810767
92473,46503.056597408045
92474,21893.169814317764
92475,14443.51303027392
92476,9701.456969150551
92477,24957.431062125805
92478,21195.04792199239
92479,8118.717109636824
92480,20863.218605022583
92481,18935.186709515558
92482,20178.170703905893
92483,31752.186801891872
92484,20379.40987055748
92485,30261.66624462146
92486,22638.557308213924
92487,22856.30252369333
92488,19577.408371354886
92489,20700.392173798256
92490,35541.64809054018
92491,25534.707234231504
92492,17383.61819853003
92493,26179.657767064644
92494,18886.327065133868
92495,28214.881746075644
92496,30916.908168057227
92497,23087.726609834746
92498,18731.285944719897
92499,22451.204913483867
92500,23808.679528509525
92501,13186.988868178572
92502,28941.11255150261
92503,22565.778440306498
92504,18580.235912492422
92505,29866.760890596062
92506,18135.229540807446
92507,22222.88478100919
92508,17772.707708556038
92509,25852.36164541048
92510,18429.21984090501
92511,13397.670025285515
92512,22244.024990130627
92513,21166.264847281916
92514,19701.258116155153
92515,10479.881422602954
92516,14592.370935663008
92517,17738.38201239824
92518,17243.09297263938
92519,19788.989391603187
92520,17492.637266477577
92521,13657.43411281093
92522,28582.285854608424
92523,13063.778650717957
92524,28236.66978868741
92525,31409.759961173404
92526,23920.581801655466
92527,19147.7273837046
92528,25414.882399673003
92529,39821.26889195246
92530,21876.044230321968
92531,38470.47323674826
92532,26255.56947151629
92533,31243.049323628526
92534,35376.80206894823
92535,22556.285707520634
92536,30205.942429893978
92537,13935.3408454869
92538,33031.9638775567
92539,31911.424621941107
92540,18047.01671447103
92541,31221.405334285988
92542,29184.403989914896
92543,47777.81831911326
92544,16647.345115915286
92545,15930.102423667917
92546,20359.286519417845
92547,25209.509815963498
92548,41459.11110189178
92549,34087.7879402346
92550,13205.621975587897
92551,12693.246361962545
92552,25385.764118253283
92553,19557.562178689535
92554,30094.26286100281
92555,16606.484140932822
92556,10292.511792693595
92557,24725.005707031363
92558,11781.08673128057
92559,28925.69735116533
92560,16895.76513413653
92561,18328.05022922398
92562,22711.243078502204
92563,54756.48498221576
92564,23406.8080455249
92565,13936.008613014583
92566,26966.952754242473
92567,10425.195021998801
92568,39321.752673834824
92569,21962.740204053192
92570,20588.517920639584
92571,11146.890485630021
92572,19053.320164887147
92573,28683.09870216063
92574,41213.37697294282
92575,15861.641033051932
92576,25347.799243716287
92577,14892.338779626989
92578,17248.294881715923
92579,26615.314003289604
92580,8995.739937838984
92581,19403.980286139988
92582,27840.88043283303
92583,37446.52237376624
92584,6873.122878216142
92585,16334.13434850846
92586,13949.088850686408
92587,78971.27237544874
92588,14193.483948824341
92589,28979.556745644168
92590,26052.403418854443
92591,38509.85266410295
92592,22834.939289822778
92593,15868.42003671599
92594,11816.564126576493
92595,19406.480973965063
92596,17135.631993667434
92597,29477.859489543942
92598,20260.428606175195
92599,14060.532405479333
92600,25617.162695536284
92601,21987.882863809045
92602,54332.60308756145
92603,29920.54617631395
92604,31086.098804139456
92605,40167.65706126735
92606,21463.520970361744
92607,18240.78518313298
92608,19405.5298225162
92609,22275.05018933266
92610,24370.415063064516
92611,30514.731659151737
92612,27529.755734777376
92613,25250.70972871249
92614,25992.80360606507
92615,25117.812166552285
92616,29672.202323774294
92617,20267.911381298498
92618,21977.309080238483
92619,22574.61234432585
92620,22452.603047349516
92621,27390.45857568183
92622,20777.451860704212
92623,21963.189759182664
92624,19174.80521823674
92625,89158.87154772435
92626,49209.02300491498
92627,22989.778389882948
92628,23028.71015232554
92629,53928.49762272189
92630,22856.083921315756
92631,27531.00530186748
92632,35261.864099731094
92633,35361.959105547736
92634,27103.540696806558
92635,23778.722826128294
92636,19828.678980375065
92637,8491.74667490225
92638,22531.250537948
92639,22669.126115200175
92640,29794.041142516802
92641,48479.60874379613
92642,16501.662121700807
92643,36351.3031490683
92644,32219.826228594397
92645,21118.43863527757
92646,25115.49182950891
92647,21771.09579102472
92648,23234.536449327727
92649,31936.602255659993
92650,27771.899795716727
92651,48923.51244574605
92652,28185.86215217062
92653,17584.00896217337
92654,8704.575083503141
92655,20624.22096579609
92656,15622.888317082732
92657,16291.438147518169
92658,23060.204196243074
92659,18209.35867486554
92660,28664.041344740952
92661,35752.649404971286
92662,17348.558397371282
92663,13814.652738047336
92664,10671.911876230057
92665,16151.477648244223
92666,28144.555886293623
92667,26498.19070394096
92668,26859.564455966385
92669,14659.193695853743
92670,20673.299490152163
92671,18836.19401644216
92672,33325.12448126651
92673,20629.077402532264
92674,10039.110924187398
92675,5089.555158143159
92676,22257.70393800007
92677,16397.188226971888
92678,16183.279624274986
92679,12335.722343451615
92680,20615.361227849542
92681,13616.587690365644
92682,58847.904773843446
92683,24502.09871550688
92684,26321.128396653316
92685,19639.266560333668
92686,25171.2621789745
92687,33190.01220283361
92688,26553.48039693474
92689,29191.209306854777
92690,28341.24450874078
92691,28639.879191071
92692,24918.192853190834
92693,26334.596520585645
92694,14025.468457637253
92695,15173.152157588867
92696,21547.487524667522
92697,25235.312295253836
92698,30195.930282388803
92699,19792.276732996226
92700,40288.183187387054
92701,21739.38367758699
92702,24612.070044492953
92703,18777.900036252882
92704,20321.883246527974
92705,24410.67849232078
92706,26300.515143766086
92707,23241.093867014657
92708,2725.499358354739
92709,20827.34949818422
92710,13640.958452348134
92711,18066.517665448377
92712,35049.74165828337
92713,41230.28232297054
92714,20189.244636416577
92715,27506.345658078808
92716,14664.15640838601
92717,42062.21284750255
92718,15388.32934233234
92719,24463.147546624237
92720,18643.966420855562
92721,19175.73955763829
92722,44947.33725508658
92723,23821.915461121756
92724,39384.2354053275
92725,9447.791207572276
92726,19000.703298339165
92727,14279.470415805852
92728,25593.553431246473
92729,19433.897786211048
92730,49520.939394983194
92731,21705.842994837203
92732,29808.5925901103
92733,21745.86727746728
92734,40215.780963957004
92735,16590.476212148784
92736,34925.27419667441
92737,15813.168851212695
92738,30643.041309646476
92739,43611.58140092677
92740,19431.075950434362
92741,10681.358371650047
92742,30905.056256565054
92743,18134.708186313263
92744,15754.918341764289
92745,31440.896063126027
92746,31364.660729941254
92747,26652.226008669484
92748,56362.99594975221
92749,43688.502869554846
92750,24749.58113699965
92751,17548.968593736732
92752,24497.35824913465
92753,41523.32496422874
92754,14930.84861644375
92755,20372.817389994572
92756,25043.24892008602
92757,29130.656839899435
92758,18007.953237165846
92759,15011.23331602654
92760,14239.288846306205
92761,19951.314636614956
92762,22855.04679638774
92763,16914.612998691427
92764,18583.991541643092
92765,22034.967509892427
92766,11891.373231099276
92767,23931.915977727764
92768,23636.777650896514
92769,12502.333780636027
92770,24284.808619875825
92771,18046.950138631484
92772,18088.74499237486
92773,114629.5739208764
92774,40584.98419750357
92775,22364.099067406078
92776,26347.169621358942
92777,37740.91682017439
92778,17752.53227556813
92779,24961.25081533039
92780,21217.86217199507
92781,25844.158993981968
92782,19690.78205758633
92783,29055.958753021216
92784,17289.369891300987
92785,6839.094811716701
92786,11029.369408122036
92787,23772.9422573085
92788,32579.434322137433
92789,56841.178982291414
92790,43169.11198153445
92791,28106.086973781177
92792,33416.82389621055
92793,18113.881141824262
92794,20480.689900559704
92795,28573.123990092783
92796,13073.128407583452
92797,41299.57838854683
92798,16243.507418726427
92799,23568.141310573523
92800,12931.683028528456
92801,22441.901140278092
92802,24869.702066141006
92803,16105.948965622772
92804,17052.29248886175
92805,18527.235067315924
92806,20265.155305818113
92807,24943.14317207645
92808,26378.786817747834
92809,17711.143940278973
92810,56308.07113757724
92811,23056.763799096407
92812,29820.700764497535
92813,30976.37022326743
92814,44514.216746740414
92815,27836.775734320887
92816,15571.95545770186
92817,15457.463617362933
92818,27329.740182700134
92819,41505.51759021109
92820,14757.591742345357
92821,15014.312358094136
92822,15532.023909672955
92823,25516.266001665037
92824,17260.399452805534
92825,27410.446334355445
92826,30150.03982854391
92827,27358.181680644302
92828,17212.164041905293
92829,19061.374203171967
92830,24418.61287846743
92831,13851.868730114868
92832,18847.905898642814
92833,16302.061843702902
92834,15711.448727313398
92835,29185.00151927086
92836,15221.267285929698
92837,16479.42211136498
92838,29410.33522288395
92839,16155.308864843895
92840,10008.814311604541
92841,28251.91424535553
92842,47276.1630542657
92843,13739.416915963624
92844,22868.96108462478
92845,67089.36319635884
92846,21060.587532376514
92847,23365.29578649236
92848,25465.75709448598
92849,25874.330424659136
92850,22309.241510460415
92851,32852.83946367694
92852,27318.33867185491
92853,19887.69498762547
92854,18054.149417582168
92855,18373.356137749837
92856,15566.783958784441
92857,19284.873375829986
92858,14214.108000626984
92859,11811.404850688887
92860,24662.630707013188
92861,27616.51006282726
92862,21366.958383951263
92863,17988.138346823576
92864,11778.143871778173
92865,18335.60433266174
92866,13858.020170386688
92867,45058.92107339816
92868,31582.64395821186
92869,30633.87103284318
92870,33077.61418847952
92871,22639.679031765467
92872,24451.567134191013
92873,22612.57798230637
92874,23479.48654945601
92875,21875.60686569878
92876,18087.51094363525
92877,15013.570483640255
92878,28614.173922564038
92879,23590.427661553145
92880,25244.77054221013
92881,20039.59413291
92882,17198.627075136847
92883,20918.80009818843
92884,19576.774892155932
92885,16365.489544726765
92886,21978.5166779252
92887,20395.45697257356
92888,59596.80610472878
92889,17033.165391363316
92890,18664.679919436974
92891,12389.871997621047
92892,30223.789015694772
92893,17158.74376002998
92894,36853.933230666276
92895,17033.088029078906
92896,32112.033770102396
92897,14234.961364177223
92898,33752.636918146236
92899,27113.76522144332
92900,24578.36139627675
92901,19648.49514599118
92902,20937.03295958158
92903,6663.153446331735
92904,24825.578872651608
92905,36632.21996696011
92906,29783.957827316422
92907,18756.48297950707
92908,27780.664521550938
92909,25835.27986386642
92910,30342.357222785613
92911,20265.150826423356
92912,18954.14150110437
92913,35019.61017627716
92914,21464.82495738604
92915,18050.594117724795
92916,31173.043315210492
92917,27008.091862134093
92918,19515.293149216715
92919,23571.50105217283
92920,22253.380646033056
92921,10750.421044148823
92922,18818.675435581023
92923,19999.70385124114
92924,27014.161307052742
92925,19075.77673967673
92926,33194.01707046794
92927,20009.508318463202
92928,24283.14331469749
92929,21226.302060474234
92930,19450.346083431457
92931,37209.20268261431
92932,29496.666315503957
92933,22243.229078109904
92934,26185.633721111062
92935,19351.198846369265
92936,20574.16819029264
92937,14550.497208441502
92938,31183.473232681863
92939,16145.798152155343
92940,13943.523647637208
92941,29503.123031478517
92942,19120.221797944792
92943,30338.40293902702
92944,21870.181930549952
92945,22552.105651516253
92946,42574.74893267373
92947,2606.670015259045
92948,28684.70472055694
92949,17409.842793808144
92950,73576.89614502776
92951,10408.93549108727
92952,23080.254955990888
92953,18122.180933611122
92954,20017.28868983813
92955,27655.229143704735
92956,19901.870669426087
92957,20867.164952782678
92958,92891.24987444383
92959,16147.640602600697
92960,33816.51780364848
92961,14199.34964747621
92962,21346.722781723827
92963,24788.475834944762
92964,25605.85570087381
92965,22121.722331851946
92966,30684.55738769082
92967,20853.743456416247
92968,14946.497561421149
92969,22183.262072637193
92970,26951.629156929135
92971,15703.575876157987
92972,22696.79650766329
92973,22203.44959356291
92974,18198.30220431367
92975,26178.08200680821
92976,22735.630847304812
92977,24147.95872029309
92978,26090.163553519884
92979,25667.997546909635
92980,29552.394528179455
92981,34682.89837777307
92982,41617.67100543869
92983,32237.33171892653
92984,24460.816668753025
92985,12411.193487227407
92986,25530.83216924879
92987,17906.290033620855
92988,24405.975349272303
92989,20416.87515740072
92990,17301.21276663616
92991,22852.59916266402
92992,13943.507723711227
92993,22349.883322285295
92994,20188.71190386168
92995,17308.538551955724
92996,17731.8746108736
92997,11808.00836472403
92998,11853.056186633417
92999,17625.633922078458
93000,24395.947544809558
93001,32229.84118212145
93002,28361.38822497954
93003,19840.36060865341
93004,15740.84166306108
93005,12568.565456560871
93006,30978.975072672438
93007,24481.75662054129
93008,14069.060714880721
93009,23816.65933472543
93010,25758.23147055094
93011,16087.259219212836
93012,16452.198723908077
93013,20429.681571986985
93014,16717.84698565335
93015,19448.294241279757
93016,19557.422674745514
93017,18774.594616509115
93018,16682.65365479239
93019,27774.264637205557
93020,11129.827150521942
93021,21787.85553576446
93022,23035.23275211886
93023,15966.254972064402
93024,26078.675494408333
93025,45675.31736350416
93026,19298.10583466065
93027,15512.72882690502
93028,25130.034798235385
93029,20158.464952668593
93030,35614.0647040371
93031,24965.822521422982
93032,18951.79701048992
93033,19248.464457715956
93034,23109.84261994876
93035,23112.71857141049
93036,18196.901721026967
93037,22165.473958180286
93038,20776.52600890667
93039,28718.056687479515
93040,16578.31064831773
93041,24438.49318018504
93042,35790.81631205876
93043,25831.03000485455
93044,12880.505359720826
93045,21641.77762221273
93046,18710.638469549107
93047,14780.106021658892
93048,18633.814613219056
93049,23141.330660241085
93050,16724.34167782675
93051,17209.274496286598
93052,24276.365742652262
93053,27062.265554061138
93054,18486.73384779517
93055,18041.33743354018
93056,25540.62800045672
93057,30946.66718493701
93058,26055.896744944246
93059,41366.01811019252
93060,44906.94197127936
93061,20004.131113582705
93062,46732.45560919957
93063,16196.730409254667
93064,14761.034844843154
93065,41601.52878954532
93066,29880.168432388105
93067,10599.898244035121
93068,36778.78245489975
93069,22633.846398176407
93070,43298.48592835109
93071,15889.896355396228
93072,61884.32795903568
93073,21223.39514146395
93074,35588.167696112905
93075,25878.98076622454
93076,18375.87151955088
93077,20052.219915894108
93078,16055.732090688625
93079,72079.82277116869
93080,19669.772269321726
93081,33113.969120192356
93082,20738.491388299164
93083,17100.29395089278
93084,26516.09615729889
93085,16461.405209020213
93086,12165.633526461692
93087,18628.99532883384
93088,28297.512169370755
93089,33983.24293717914
93090,17640.272233451462
93091,20738.187536378675
93092,18380.006880773995
93093,16278.3826072515
93094,22921.97066863928
93095,19856.516335180186
93096,18164.398869149787
93097,14378.882310645939
93098,25829.027662661298
93099,26283.365722163493
93100,31215.996589502185
93101,24774.344167971518
93102,17510.04455364717
93103,15887.621925632708
93104,23597.037702302387
93105,22855.140961676425
93106,24109.40689683069
93107,19065.092112993894
93108,21375.906151679937
93109,31691.97547544906
93110,17806.170218681284
93111,17829.835885410066
93112,14372.697969539537
93113,25383.63659401815
93114,31120.727721101015
93115,41110.74488643201
93116,18718.374482155625
93117,23504.397065088564
93118,22241.381229820345
93119,15974.330555572824
93120,12993.6590092585
93121,16734.199790125705
93122,15632.742345877026
93123,60591.12451314049
93124,17879.844720897472
93125,29297.54459636801
93126,31814.290259677557
93127,19466.67558992763
93128,26112.338018263214
93129,18672.694432068904
93130,17097.783620785864
93131,16407.74053859237
93132,26910.241394722856
93133,15082.791172881072
93134,24102.217070509283
93135,29322.312892607006
93136,27243.615847167934
93137,17333.97882564146
93138,12893.860398105091
93139,45186.84845567787
93140,23047.2168250345
93141,31277.041775276106
93142,27247.721506930844
93143,56922.22308942167
93144,4265.654124875997
93145,14777.291836410519
93146,19904.493090863234
93147,26961.926806635467
93148,25916.131459730568
93149,29707.75852162184
93150,25080.568472642895
93151,48610.96710019613
93152,12661.123431585287
93153,21542.33679246539
93154,28524.045747530123
93155,18265.62968227723
93156,27121.852496844684
93157,25357.089181447296
93158,18179.891757142792
93159,58174.80690867896
93160,19268.513177275214
93161,26629.331697601774
93162,27311.00442505314
93163,33026.621130819454
93164,15566.391609480796
93165,15902.17873315441
93166,17311.531076080923
93167,25697.4702728012
93168,18282.08058770395
93169,11448.767682184713
93170,17519.37812710937
93171,31865.157078727996
93172,26099.11243993768
93173,34394.2119826134
93174,28200.228138172602
93175,16960.427777672336
93176,32005.276200325665
93177,37044.40008344807
93178,20149.72131986613
93179,26110.015263756017
93180,30029.19438503009
93181,20577.237592059944
93182,29799.426243522023
93183,16647.726858593793
93184,11604.57070006202
93185,20129.846514415367
93186,14046.138167679856
93187,26054.81304024068
93188,22357.27311708165
93189,19283.794811322132
93190,35352.773495570065
93191,15828.532649943078
93192,31013.447472211563
93193,25663.755895519997
93194,20973.022428035307
93195,32986.584381873305
93196,58889.045652152185
93197,17628.20804190474
93198,34782.830415977856
93199,22958.95400527246
93200,21810.79992134138
93201,35255.94789743379
93202,22097.057343599005
93203,32472.325018836855
93204,34310.72639090944
93205,11656.15125205656
93206,29953.913638762577
93207,25985.642699971202
93208,24101.124350599865
93209,22806.709280350417
93210,30996.342357292062
93211,24415.113986709206
93212,15466.711596588526
93213,14771.287426264398
93214,20210.540704950632
93215,18656.01804804837
93216,13346.129876926329
93217,18613.31330269228
93218,15318.51250088465
93219,16921.082251550153
93220,24769.079186950756
93221,14794.300843797655
93222,18374.976257549886
93223,17368.07792606514
93224,25814.704019952078
93225,22235.236311753644
93226,19186.444597415102
93227,49440.26312014572
93228,26888.410717802675
93229,22354.45617225764
93230,21321.121234277245
93231,29632.102481316386
93232,22175.37470747828
93233,31740.798965996702
93234,14158.255941107042
93235,26727.157011688934
93236,22457.36561642197
93237,33278.594600944765
93238,32219.939724506454
93239,13013.366153359173
93240,25668.071655964453
93241,16575.354817296244
93242,27993.370745493936
93243,24289.69090487341
93244,41803.595087686415
93245,20761.35424218187
93246,55110.07890645331
93247,17227.271346897945
93248,21328.957596422708
93249,29926.560122516683
93250,43805.37064766735
93251,13610.654960321179
93252,18783.195644509236
93253,32767.997296001922
93254,31016.116159677116
93255,26453.11435312297
93256,25232.63455094591
93257,20316.495130112533
93258,24555.449449543787
93259,113494.47306011993
93260,46716.29906186641
93261,13432.754818953457
93262,22201.673629139143
93263,33683.05021014471
93264,41915.00360978846
93265,19278.25435749416
93266,28999.32134587289
93267,17407.8035434161
93268,47052.265651414964
93269,48100.187458347864
93270,30306.75179373023
93271,19559.754361730018
93272,15621.237385616514
93273,19310.70052476986
93274,10097.518566069015
93275,29703.60567155962
93276,19007.81813417768
93277,18728.68173865787
93278,57457.729407339204
93279,31562.69457575534
93280,15838.35773158816
93281,19507.20240214698
93282,12658.224964929816
93283,22350.650898199005
93284,19125.470483911544
93285,22348.529256679587
93286,24814.665102506915
93287,25063.587193704643
93288,18131.569175296885
93289,19178.615256063542
93290,15680.379009074633
93291,24875.108447175033
93292,20700.822710572807
93293,46001.28295715118
93294,18798.778805080114
93295,22054.195286908984
93296,17529.41486590931
93297,47527.563363267654
93298,25859.52246040468
93299,20326.591147083473
93300,15375.286840552924
93301,17877.432503442662
93302,28261.95697626715
93303,17489.528098428156
93304,26589.309477113013
93305,21057.992953678306
93306,16465.46108898745
93307,20121.576993904775
93308,32164.95788308506
93309,31275.25549576243
93310,20747.633644815553
93311,14691.325709803192
93312,19002.549721336254
93313,12353.126536459571
93314,20870.91547757612
93315,25511.297282689207
93316,22464.331651673223
93317,26577.397495383924
93318,10622.047132289577
93319,26068.626642362462
93320,23219.15524697785
93321,58415.835906182474
93322,25135.768230860194
93323,28152.89241073765
93324,34433.81178084417
93325,21262.59959227219
93326,14962.674231657806
93327,32596.34240785771
93328,23022.603282369095
93329,14919.211697816256
93330,17826.694256350725
93331,21693.366020255333
93332,21288.7101972583
93333,11474.408146890788
93334,29595.07043554426
93335,17000.772236463945
93336,21091.0701878147
93337,21267.135630674227
93338,36357.27307259303
93339,22725.49941704589
93340,28460.19550950114
93341,16304.065124546507
93342,18600.82064536574
93343,29145.94142629065
93344,11699.592336170317
93345,8899.334134702127
93346,16126.670967804628
93347,19348.169098209506
93348,14157.681839390594
93349,32291.961112216133
93350,17280.11876781265
93351,18461.22071162947
93352,25062.63026507394
93353,20502.735568710657
93354,13434.667844234062
93355,23005.655870811242
93356,23713.61383095447
93357,10525.237870658433
93358,24914.58623491793
93359,15882.194569860996
93360,27439.971161018446
93361,16038.59894341684
93362,15800.100373127982
93363,27417.692430436866
93364,34730.51918438237
93365,21720.589993848233
93366,34834.7435098126
93367,25739.928570517124
93368,24017.130111417955
93369,25755.22607807728
93370,21594.99981442525
93371,16399.2081671737
93372,42380.51154262982
93373,40568.16534442777
93374,23007.68961072659
93375,20633.08891354882
93376,12133.612627817207
93377,25766.795818513372
93378,13777.264005555478
93379,20288.90452293117
93380,24589.64610022584
93381,33706.29755549883
93382,41228.5903787246
93383,22172.379520704053
93384,24113.077946760026
93385,29756.099152325387
93386,25701.97775547079
93387,25367.289915027948
93388,16108.829145063833
93389,15777.188836550256
93390,16425.887127254817
93391,25078.930124707407
93392,32995.65050487929
93393,17029.014443469932
93394,15781.842436230152
93395,16230.950193418046
93396,21429.17252368942
93397,33192.46390900367
93398,18866.853513274764
93399,16417.295601570713
93400,22044.34034024447
93401,21974.91523647127
93402,14559.112827911204
93403,32693.672921025223
93404,32371.588968012034
93405,14375.27651389084
93406,19279.88152268476
93407,22093.30722524058
93408,47775.51166355624
93409,32397.627108179033
93410,13566.540365218038
93411,29650.565691510597
93412,17440.557466352933
93413,15550.928843591864
93414,11524.295567378607
93415,15692.197443714225
93416,18456.707682121123
93417,15292.049543803338
93418,20879.172317855144
93419,28780.491577826244
93420,25661.025614360347
93421,11835.306510157303
93422,20095.22161825072
93423,22854.011203819366
93424,7927.012782754776
93425,24448.795101219737
93426,32263.89648112232
93427,17879.11660768485
93428,29513.6503262927
93429,28216.544028528104
93430,20744.117747349206
93431,24499.55939976728
93432,28310.564134229087
93433,17643.513473044808
93434,44935.82255013127
93435,13647.777688383394
93436,27576.822446740476
93437,40240.92461767045
93438,32586.447354553184
93439,13652.399127129034
93440,30573.813077148352
93441,21242.898444580096
93442,10884.486216266396
93443,27330.78611439379
93444,13772.826820246011
93445,29737.875017503284
93446,13215.696669059986
93447,29354.174677242034
93448,27880.58077547955
93449,21048.92961144676
93450,16257.101694921092
93451,21021.528638383345
93452,9180.700418767072
93453,29432.629388289202
93454,19283.891344632597
93455,74709.15312280542
93456,23624.347864130716
93457,12313.72451420693
93458,38183.954321872734
93459,29684.29005714963
93460,37710.41587726852
93461,21726.99505727748
93462,27593.27443237966
93463,18424.358016032395
93464,19727.660042215935
93465,18252.731339731603
93466,17452.49091524552
93467,32957.23867148777
93468,35710.772468767726
93469,12931.195723134879
93470,22079.809339386557
93471,40446.122248093496
93472,18293.886152591873
93473,15427.662216099548
93474,14234.351502308795
93475,15710.96290692149
93476,34813.60706077975
93477,20220.663222650513
93478,14142.619327933344
93479,17052.35602127513
93480,18285.85323124298
93481,22068.375261395966
93482,56930.5708893367
93483,33249.438813497014
93484,30188.082725922293
93485,19102.531565222245
93486,18565.209466992575
93487,18323.236540151865
93488,32204.730342456944
93489,14774.119084172784
93490,14886.685805231707
93491,17105.37239389976
93492,6422.656540558126
93493,22475.560115365486
93494,28112.795470711404
93495,19598.26411557955
93496,27300.672295313154
93497,24010.782157972924
93498,28419.733928857793
93499,20392.520986740587
93500,16441.137175890268
93501,25660.48241261672
93502,16419.911682510276
93503,21235.28856566118
93504,16946.122859005936
93505,14688.33165354876
93506,26967.198790482533
93507,34934.72172698736
93508,22737.399380964438
93509,22826.433522103438
93510,21418.56978761563
93511,21212.859421285895
93512,15697.439185438625
93513,71775.97277484527
93514,30174.8347207835
93515,24292.48909091962
93516,20141.114425542837
93517,22917.96348776175
93518,15693.528654830125
93519,39939.425385414754
93520,21784.327371530457
93521,27275.539963417017
93522,37275.84438582352
93523,16328.921220495124
93524,31605.79110878748
93525,22726.046235330683
93526,21755.890792036986
93527,14077.846152899461
93528,32060.34925917666
93529,31909.440275370533
93530,41433.23506441807
93531,21027.85814247897
93532,20969.4759301822
93533,22475.95881701618
93534,45902.57639889578
93535,23854.377357491834
93536,15522.952234215556
93537,39925.308264934756
93538,29823.12084035497
93539,17167.07320247513
93540,20426.847688755213
93541,25886.87497730197
93542,19209.051338678015
93543,15597.396738977812
93544,17260.746979687814
93545,31553.450419687753
93546,27085.978205613043
93547,21248.966999838012
93548,31594.68613130021
93549,16659.269779246482
93550,30439.791589745437
93551,76480.30563589046
93552,45661.826839918176
93553,18703.21721148378
93554,15741.149304189885
93555,22556.69132892567
93556,13409.660914008058
93557,23487.591153389178
93558,33694.56249501418
93559,23470.590065721823
93560,19435.070069187903
93561,41398.2128985868
93562,33140.6643532364
93563,31795.046726928613
93564,18475.71543780423
93565,29219.879363214073
93566,28420.9681629577
93567,16630.125819256686
93568,38602.71511093178
93569,17603.623009620453
93570,14741.04616065186
93571,20758.386689663294
93572,11033.88201132637
93573,26072.038598321444
93574,38652.506350088486
93575,15434.911744886296
93576,13240.272715163092
93577,25855.79599146704
93578,20049.001496539062
93579,10716.316327644843
93580,25864.696925921104
93581,24739.77212975852
93582,38151.578382691456
93583,33814.36020865767
93584,15572.97783480921
93585,40336.72653431887
93586,21874.940965715938
93587,29775.077164025388
93588,14224.627797637237
93589,29456.25636308814
93590,16081.084498601544
93591,29504.40038104047
93592,27267.632185717728
93593,6833.343447147499
93594,26464.0902511747
93595,26175.182794953602
93596,18736.91303172498
93597,16374.828982892428
93598,21864.463909042635
93599,17847.525568860205
93600,26926.054548375472
93601,32357.409971500314
93602,22616.034683541777
93603,22253.051825562838
93604,18814.81200608222
93605,32020.331159512614
93606,24195.994907846547
93607,19587.89211411085
93608,16846.94464476275
93609,29243.54841052418
93610,26660.213792793274
93611,31487.051573876437
93612,19887.273333617606
93613,13499.933507753769
93614,22811.26233829316
93615,32075.556209310387
93616,24765.247525292194
93617,25873.119176425247
93618,21731.80355207447
93619,17368.355525018753
93620,18882.088637230558
93621,14575.378453712783
93622,15131.31511276246
93623,26983.317710536336
93624,26380.266586686586
93625,40134.97470970014
93626,37754.90459498236
93627,9617.258565059263
93628,20434.647125525065
93629,19305.96317014479
93630,22119.218879335614
93631,16879.86129144914
93632,14062.565514728869
93633,15594.93865326136
93634,34696.701647687754
93635,47609.36444393462
93636,64146.92304370156
93637,19682.623183364878
93638,23175.69539013085
93639,11941.960326244523
93640,30439.20527890124
93641,21302.046670754622
93642,26108.018335944907
93643,28802.47971404976
93644,9066.39763671514
93645,19394.791989604044
93646,26308.863004368155
93647,29056.656897215493
93648,16809.03518486183
93649,20275.361975907526
93650,21462.165350213425
93651,32426.546836808757
93652,24076.62162399025
93653,17750.165083927255
93654,18683.25271467591
93655,30920.20847372261
93656,100498.32659740333
93657,17985.61485259112
93658,32520.228642671333
93659,20491.98776236162
93660,48867.628903770434
93661,25978.80550130625
93662,27795.46421925187
93663,17738.59197794249
93664,26025.322846397812
93665,28170.566625903764
93666,25428.2587339147
93667,18269.01317864704
93668,20542.964028808397
93669,31108.477008713497
93670,22517.059338106075
93671,17527.52779706214
93672,19902.914369073715
93673,19346.702505563855
93674,23425.991080695236
93675,31801.639150721585
93676,14832.710435420677
93677,20211.979726376292
93678,38543.701563193754
93679,15566.314615614072
93680,32515.511014507567
93681,15164.204239887977
93682,28893.62166682106
93683,32728.846500367763
93684,17757.818499943925
93685,11394.406407159366
93686,18052.569135000907
93687,20915.41951214126
93688,37056.75726201327
93689,14818.129972559482
93690,18553.14917389392
93691,22252.37668730852
93692,29405.36995103207
93693,16975.50003351215
93694,33379.30423106462
93695,12052.138969376618
93696,23469.01315863539
93697,17641.534574675617
93698,46153.082806411374
93699,21187.88639975559
93700,28687.05073079293
93701,39140.55816512626
93702,26576.43919625283
93703,15479.53336552933
93704,16504.64810003899
93705,22831.832241264776
93706,17323.25144892975
93707,36161.83733788322
93708,13846.556217161491
93709,15487.024534138147
93710,65857.3594014905
93711,19355.461266211933
93712,24721.365147896282
93713,26106.578128976093
93714,26744.68888792499
93715,29239.836437716607
93716,57737.087709622785
93717,18561.152026422496
93718,15345.028014910713
93719,38281.312989545026
93720,22034.66923575472
93721,57768.86247221752
93722,34726.3233747077
93723,50273.95228073443
93724,31254.65598285278
93725,18697.517245298957
93726,13868.652924993281
93727,16982.85450099061
93728,20042.401202598016
93729,21522.20940053075
93730,18773.816462793293
93731,21410.621139511644
93732,23520.165403298106
93733,22826.65475484477
93734,12009.683173474063
93735,13949.062804669404
93736,17387.072726763683
93737,23781.110525351607
93738,29046.98974920164
93739,6826.299458563364
93740,41840.776075083944
93741,12425.177032925323
93742,18019.55841165961
93743,16464.35095738002
93744,19089.891404509097
93745,19659.177864647754
93746,15170.833462250786
93747,18839.30327788834
93748,27577.42493755169
93749,13885.080524761506
93750,28075.870193426323
93751,28879.975794787337
93752,13966.382783960014
93753,27653.86554987887
93754,32448.911833932205
93755,26995.545723019113
93756,32807.42936451412
93757,17555.090953784504
93758,21582.250915393426
93759,24367.939932481702
93760,19889.966034390007
93761,20766.885955541697
93762,26977.231700300796
93763,28084.666896665367
93764,20489.964877049228
93765,18395.551216724092
93766,22023.576315829305
93767,14937.894072682491
93768,29487.550441800355
93769,21320.89895879709
93770,14057.59023685798
93771,17000.53474060983
93772,25550.611117842207
93773,29736.27100378148
93774,27387.141486144887
93775,19115.450800004623
93776,27952.512519361597
93777,16123.862682025607
93778,30531.214994022994
93779,23235.335572961958
93780,22672.03775563102
93781,24544.634202130965
93782,42695.20347777995
93783,27209.623002397682
93784,18215.257185814113
93785,11379.749030247161
93786,29535.091027451057
93787,15916.29325709341
93788,32953.06104520546
93789,17430.72110981792
93790,32225.01312441318
93791,24405.952755888662
93792,13574.385904369994
93793,25468.08205195932
93794,13480.158439695722
93795,18484.77695820115
93796,20038.78385443204
93797,18695.65942555903
93798,24101.604832193916
93799,18343.68721233966
93800,18894.595940460382
93801,23570.771544523424
93802,22385.36705129341
93803,10206.435121282977
93804,19433.42840307953
93805,19103.7168301905
93806,23376.119225344904
93807,32719.442807137188
93808,26459.055968300705
93809,29854.63871157451
93810,25115.16533820974
93811,10534.88816232795
93812,35695.25855312103
93813,29756.544001614653
93814,24846.582536759277
93815,7383.263543884438
93816,25513.313755733383
93817,3924.8803167601463
93818,27343.975287927762
93819,13925.49172839327
93820,23335.215571408044
93821,34367.22470128353
93822,16600.83594290468
93823,35559.1121944355
93824,29528.764533919017
93825,18692.059761346172
93826,25192.017955012634
93827,19473.89786586932
93828,31629.962208302928
93829,60569.335081191784
93830,25867.98815561645
93831,28328.097073427416
93832,25149.287656983375
93833,20559.774041897406
93834,14029.118313114983
93835,16864.835782763468
93836,41458.6888527284
93837,25170.785534347637
93838,17869.23361762885
93839,22285.422928625147
93840,39687.29715324601
93841,42303.71069698207
93842,49346.912169130854
93843,17472.810550534246
93844,56503.28297852672
93845,17540.80996715453
93846,9742.556108891313
93847,25149.391624131255
93848,23772.798345324878
93849,27303.29880141769
93850,30354.502586670074
93851,16817.39309970794
93852,26158.939640683402
93853,14731.680288341275
93854,20101.664311702752
93855,20526.359069448314
93856,14737.435734990044
93857,34920.8047472125
93858,16881.97719459255
93859,21340.34192718964
93860,18352.18738938359
93861,16118.487603661732
93862,19350.11027919763
93863,21432.470904226786
93864,9471.5361229759
93865,15547.054507611147
93866,12880.172861657305
93867,40023.32244536608
93868,20489.18540517793
93869,17708.342964287298
93870,42539.3294429187
93871,24660.67853807376
93872,10932.17464928084
93873,20396.35022498606
93874,15858.681991218502
93875,16877.694641940754
93876,32858.23745285261
93877,14867.612327867295
93878,25713.995971151297
93879,10437.101228497713
93880,3949.036759910076
93881,40089.7605586538
93882,25153.070335412427
93883,17080.011688342012
93884,15789.360267295582
93885,23776.74218250446
93886,27972.384594228308
93887,24714.80278971018
93888,29921.037650962324
93889,20927.819641308368
93890,13127.902803511579
93891,11466.848016314843
93892,16778.479178286543
93893,12586.078766598297
93894,25791.323274683276
93895,36845.04472796336
93896,22965.563256399164
93897,11576.662869279582
93898,16660.962596526402
93899,13408.596148436873
93900,28963.93041809035
93901,43544.925943901544
93902,17991.751724236965
93903,38791.42596928565
93904,11265.891607211326
93905,25730.449181930453
93906,20562.62076261404
93907,11098.533773979947
93908,25928.713728149523
93909,32487.9431657445
93910,19947.552281878303
93911,20761.25957880593
93912,8703.268859532394
93913,18798.71416080654
93914,24141.07819742175
93915,22199.386111578282
93916,15904.905520570255
93917,31752.499800998572
93918,29699.96411772161
93919,26614.363547731966
93920,25241.816045816064
93921,22031.02562071846
93922,14707.963172900236
93923,26629.05242647982
93924,18309.42661846913
93925,17323.609279682172
93926,29038.68391925779
93927,49057.69839439559
93928,25520.04266836113
93929,28230.18792478364
93930,40677.052878990595
93931,18014.335632859296
93932,17538.16357360667
93933,25244.8470371432
93934,15611.014576171876
93935,21026.347876408934
93936,15606.298182782079
93937,11167.345827470643
93938,28452.769167415227
93939,20562.07153561503
93940,25280.316289688664
93941,23812.753756521564
93942,25643.160021775024
93943,21423.67740017633
93944,17223.361463721307
93945,29069.160364810232
93946,20893.971228479622
93947,26810.324481217616
93948,35247.7577975393
93949,32056.152329632685
93950,27835.973336759445
93951,22998.63560575084
93952,15762.300441939457
93953,95892.42743902242
93954,18073.69077743124
93955,19207.567763602576
93956,16377.17689533564
93957,36570.05182831279
93958,19105.29124968319
93959,22853.23164542473
93960,30863.547537328177
93961,50788.74846355117
93962,29337.525637347346
93963,56443.178081094375
93964,21318.20937978946
93965,17189.454367801653
93966,13011.590368217727
93967,29387.68878976893
93968,23126.433833823485
93969,42719.60375433137
93970,6890.116601667808
93971,19341.565692198405
93972,14419.645923807331
93973,31453.10461283918
93974,21825.014487877073
93975,13903.305500043767
93976,19860.943416960625
93977,19445.396687255015
93978,37137.564201424844
93979,12640.510272064917
93980,15108.639433388624
93981,15352.844218154893
93982,14919.21271123039
93983,30545.8956664449
93984,21372.862156645624
93985,24769.144536945852
93986,23760.07110258801
93987,18154.565530752403
93988,15930.721116256494
93989,66209.39566627111
93990,27888.22537916912
93991,39303.978714951925
93992,15592.945913239255
93993,32790.285386489595
93994,29100.277546615973
93995,22060.127499368726
93996,22577.229357019685
93997,19929.961073332925
93998,18743.93972358695
93999,18113.906796280167
94000,30460.255690705828
94001,12936.802728228999
94002,33015.60345267517
94003,23065.83078196167
94004,25875.14496009674
94005,26808.9782933249
94006,24469.564248502174
94007,29028.64633787916
94008,19364.17938956669
94009,33266.92567589236
94010,27892.093869200762
94011,22185.659824875987
94012,29304.42867448299
94013,25739.469234528693
94014,22881.991841226056
94015,26465.85434512653
94016,41131.360215131586
94017,17237.350994256907
94018,18864.66873230192
94019,55320.49281172423
94020,22180.567298997365
94021,22266.840559633943
94022,11804.379765748654
94023,15563.740446490781
94024,55240.72889954142
94025,12333.418370629734
94026,94624.14815344634
94027,21858.296857434998
94028,18036.54989137513
94029,29779.581643079913
94030,30755.016631953433
94031,24802.16726303685
94032,13419.354511399353
94033,41815.12629112464
94034,25328.04307774884
94035,21805.491573530177
94036,23322.36151589856
94037,32416.25779578298
94038,32224.57244550839
94039,17694.478223089107
94040,29484.284062000617
94041,30880.597741990274
94042,41525.88271797298
94043,15641.685256374938
94044,16441.574431182686
94045,34806.186782740304
94046,16398.369497719763
94047,19701.13596061937
94048,19136.72639478658
94049,19830.460317705183
94050,40660.05861404798
94051,12519.393595887926
94052,14781.494394205005
94053,28582.189229974392
94054,25417.233125868806
94055,29302.414109374204
94056,19662.234220359984
94057,19061.878812458122
94058,41465.87810136532
94059,30184.31019237267
94060,29954.58982018234
94061,25904.190013857507
94062,31679.45249739405
94063,15697.462178133917
94064,23976.18739165567
94065,19374.8998918051
94066,12136.575516487983
94067,26966.647744744856
94068,19941.482763417298
94069,16568.743680906253
94070,25713.337669982095
94071,23279.27731708225
94072,16602.016875159326
94073,20477.93645780025
94074,27941.79420238242
94075,43566.736380891685
94076,19262.070095241397
94077,25252.823605882157
94078,20014.81324946668
94079,15390.3891616537
94080,13366.467445856342
94081,4053.1882125987613
94082,34688.57667857331
94083,29060.29904369171
94084,18895.58113538494
94085,18593.0782278507
94086,30655.78689644781
94087,10917.145324047044
94088,20748.238993969655
94089,25821.130803838994
94090,17780.72305658914
94091,19481.882241280236
94092,29578.664413165647
94093,25943.79100136507
94094,16165.647960139764
94095,18528.214828449254
94096,22197.701096091067
94097,20208.66524594956
94098,15097.297693132192
94099,50387.89856840979
94100,17080.471007149143
94101,20331.230149290648
94102,25723.04820390262
94103,18571.332366950737
94104,34303.68367000162
94105,22177.905636137682
94106,29931.920632852863
94107,31797.4852226037
94108,19350.031765650096
94109,29830.964627655572
94110,50283.69532419782
94111,16776.799640288515
94112,18590.345622092696
94113,18053.740069003084
94114,3701.605737107242
94115,38820.42263680056
94116,26471.311177908283
94117,21792.61501972948
94118,21637.365185446502
94119,20729.497423893758
94120,10629.991239244766
94121,13848.842158698984
94122,22538.827409228154
94123,31285.38800425847
94124,10695.729164059323
94125,25721.044349675652
94126,23894.869725080094
94127,16429.135914633127
94128,20157.863418418296
94129,17773.382827318208
94130,26702.114822544267
94131,30122.571619468494
94132,22551.209454070995
94133,20584.188382247772
94134,14581.735816291266
94135,27630.743617573313
94136,28252.76304003365
94137,19369.237417091073
94138,22609.748549476473
94139,40948.66389138962
94140,19216.91117357041
94141,25159.71652145148
94142,18860.147542307303
94143,20197.822202641684
94144,19298.276404327637
94145,22549.82741759833
94146,16888.291701813472
94147,19503.431172386256
94148,26607.133548693222
94149,20033.84207234721
94150,31505.299882370153
94151,11674.536812256818
94152,5784.279112398789
94153,16415.68357699553
94154,16402.73166487846
94155,30699.049329615947
94156,22588.244424973524
94157,24803.744279287595
94158,15830.428277352057
94159,27332.93399324205
94160,23176.14126524208
94161,24025.31965594202
94162,22107.579818471615
94163,10779.4465462233
94164,41985.48921218865
94165,74739.69376624208
94166,34618.21539026087
94167,23866.05595425122
94168,36058.70440371992
94169,21978.278296157336
94170,34256.40536302784
94171,16952.04227802798
94172,36039.47316919673
94173,30793.13226611713
94174,14815.99969754821
94175,17432.881283017516
94176,14734.911096841814
94177,15924.567317397945
94178,15699.093472872819
94179,20139.017707672414
94180,31856.729966357456
94181,25827.148958095335
94182,18833.009385859565
94183,21639.76348391852
94184,45159.14533319548
94185,17538.003150301247
94186,39092.799721486204
94187,26026.1712418506
94188,21976.427150521326
94189,24632.1062381894
94190,17360.321174970442
94191,29807.18433724386
94192,36365.51598357249
94193,29525.665239971553
94194,41931.238451560304
94195,20230.016724124616
94196,21050.3376488511
94197,26994.3722998684
94198,44117.337806753116
94199,32748.52623980121
94200,23448.091535016832
94201,20954.187865183416
94202,14009.448023537501
94203,12657.150307061494
94204,10097.87674912101
94205,23918.926987569273
94206,21482.00280701434
94207,24445.591242132057
94208,21540.238057947412
94209,30535.699624149005
94210,47783.81667450223
94211,9724.052493790845
94212,16107.220714582923
94213,10148.970106804387
94214,25870.97159121087
94215,33460.78467744148
94216,9707.869801499812
94217,12710.508675836985
94218,37346.5828517312
94219,37466.3345197427
94220,40292.983006968054
94221,33483.49042559975
94222,19630.865638198327
94223,15353.882538534579
94224,29703.54166620978
94225,9000.515056430737
94226,24338.532594852968
94227,23338.772129651712
94228,19815.961783214734
94229,26418.27906438541
94230,33442.399345850674
94231,19478.569938430166
94232,27877.26768438627
94233,47254.91085978142
94234,47717.62529919476
94235,36275.52649905161
94236,27905.63616132026
94237,22691.385042337424
94238,19856.852561992237
94239,25276.52401031121
94240,14862.001050077148
94241,25486.567058004483
94242,23940.463339206737
94243,27325.80097367576
94244,20306.311956383845
94245,23080.749392333866
94246,15253.230622917834
94247,19576.781296600424
94248,46529.308870814704
94249,17946.792567761022
94250,17736.252096332002
94251,17724.321433024677
94252,21914.64624070155
94253,24868.034432175897
94254,25153.755403773197
94255,11877.126382793704
94256,26637.024679276874
94257,17337.146843728093
94258,37130.566180951864
94259,23461.3289957329
94260,23674.366346829906
94261,31827.392019815605
94262,22265.364099026756
94263,14343.687263375581
94264,18611.190456487682
94265,25523.332630719688
94266,26176.4505692433
94267,31696.203477801962
94268,29922.06786683343
94269,14047.082755162932
94270,47337.34066361793
94271,13509.817667201141
94272,69385.08809546033
94273,46113.68910410303
94274,25334.336034882348
94275,43456.79539769528
94276,19068.844939577677
94277,13274.18224301346
94278,18561.98094061005
94279,19371.272006940482
94280,12088.190334780673
94281,27628.11675973602
94282,34132.16919480997
94283,12261.498211052345
94284,14265.526095506599
94285,21171.49320179935
94286,9504.02699673019
94287,21557.839625417746
94288,21610.51574127002
94289,25105.03597528594
94290,21835.445941360642
94291,28466.3972902421
94292,25290.27915133273
94293,5200.3378899150675
94294,29153.26748707553
94295,31704.912408307977
94296,15880.540502142601
94297,17001.026323189235
94298,19237.182780047908
94299,24547.983544339342
94300,19135.77751144035
94301,26550.48750414791
94302,22660.630640861993
94303,13949.921223835065
94304,16330.803646812921
94305,48395.39550476988
94306,16102.92813732339
94307,17796.57770376334
94308,23427.001625353925
94309,19407.51733250733
94310,19386.744344153194
94311,21211.335980485834
94312,16021.91470334121
94313,28607.828611784786
94314,20329.91135186062
94315,35887.581411289524
94316,37882.450487670016
94317,13455.514314409991
94318,17331.664826326254
94319,36080.30220845888
94320,18044.636484436138
94321,21177.15321128868
94322,23376.477838389714
94323,46634.05441780864
94324,29812.12492916085
94325,59606.74353762031
94326,11293.82674875254
94327,15142.479026728746
94328,17461.150480949353
94329,21557.823011056695
94330,23156.914584002327
94331,15511.534120621587
94332,27482.33397901803
94333,15320.152353662259
94334,11679.71835011344
94335,14689.58841274291
94336,11764.478290396995
94337,17714.29095892816
94338,23394.035788867535
94339,26120.342767750404
94340,18341.732625881148
94341,37401.80753712414
94342,15891.110040449646
94343,22015.345888967226
94344,15335.20123265491
94345,13577.699661304005
94346,12564.85030283383
94347,42631.51740853413
94348,23145.635180127603
94349,16947.05735597396
94350,19984.72168603555
94351,31526.162115513245
94352,20721.054681921556
94353,25802.45524277922
94354,29887.513694272235
94355,26317.515791278947
94356,2294.0060346602518
94357,18235.80558062419
94358,16512.265037886264
94359,11778.129041897691
94360,19653.01541492655
94361,43781.10587485076
94362,17951.645008507563
94363,7506.525924566911
94364,16291.703124543694
94365,19179.917043438465
94366,22891.95464322548
94367,25080.556796309913
94368,31402.127256562362
94369,16317.724854386886
94370,18822.42884985401
94371,27518.046015018183
94372,24076.403698898393
94373,19389.960485465832
94374,23353.999424941332
94375,19054.214652662504
94376,12323.34314098983
94377,29030.10387076432
94378,19977.8330073378
94379,26205.58715737308
94380,28305.66218578956
94381,44747.10855804104
94382,19770.103721980315
94383,33856.63774760205
94384,44950.83284171577
94385,19149.916566976564
94386,34996.67549488347
94387,15411.795454631983
94388,35996.36424359866
94389,14111.078379728968
94390,29823.803299528914
94391,36929.90757938945
94392,20739.328803749195
94393,42859.78223695552
94394,15806.96876367182
94395,21304.888945711977
94396,27033.320094563805
94397,20277.46890280379
94398,16374.220237068841
94399,14425.16983697021
94400,17301.77705609591
94401,28103.559965613164
94402,20343.327643323642
94403,19775.743033358398
94404,16592.026408899288
94405,30966.295032718215
94406,59772.89572634037
94407,18659.625746075733
94408,22861.5155732086
94409,20974.569065833177
94410,19883.772388390895
94411,20543.933262820563
94412,30640.714756177924
94413,18548.327765681788
94414,27266.569125263268
94415,14170.833962975094
94416,37993.751518009674
94417,57875.807069297734
94418,20866.03542886315
94419,23167.356192891184
94420,10288.923629616904
94421,21456.37834931054
94422,20869.16011481661
94423,29236.115040104174
94424,20309.16464930271
94425,23608.405668011434
94426,16730.523079417708
94427,24584.57809078927
94428,10580.376304736652
94429,22028.422100483782
94430,15906.82113383699
94431,44386.44531177989
94432,20227.577783037737
94433,24646.543314966286
94434,28584.86965572678
94435,19901.77163553077
94436,18715.58536319746
94437,15494.224540513414
94438,43704.382421893344
94439,26193.25342812792
94440,23080.032377319316
94441,15800.163012048497
94442,16487.21307555154
94443,21030.811418434358
94444,25473.20414284887
94445,30469.413779183215
94446,17143.761703084485
94447,17971.929898459126
94448,26349.717599077918
94449,34703.58004069279
94450,22084.191158315953
94451,19465.304040057035
94452,15182.398476761748
94453,20928.853836336322
94454,30756.20390517161
94455,25911.068885771998
94456,19068.120940125493
94457,13519.84613341424
94458,48976.8618698894
94459,13523.909303595314
94460,18210.98507161367
94461,21941.327552416373
94462,22111.71340297418
94463,16978.82528210457
94464,18784.806721437155
94465,16870.852868945887
94466,27069.87078463346
94467,8121.874010589525
94468,33102.05561425419
94469,29205.777741479527
94470,34990.36168530414
94471,19136.96288945766
94472,20988.33861940134
94473,21268.382852896993
94474,20404.489491497967
94475,18408.90732099112
94476,21973.949899222967
94477,38826.787469840085
94478,25695.380175344013
94479,25068.85552081488
94480,25370.40056451237
94481,13695.678303916984
94482,18026.351149209764
94483,19302.59654817939
94484,15439.293177632444
94485,40296.402730343085
94486,25767.59299263258
94487,22422.87642396557
94488,25300.5424031076
94489,31970.51526273619
94490,32289.639631800845
94491,15949.420095720547
94492,15559.853666835053
94493,37522.95569995421
94494,20370.861842737875
94495,19200.031111396293
94496,22588.172369793767
94497,31934.507673585627
94498,10932.194133972116
94499,29987.497523394828
94500,20376.33762905706
94501,25704.51733939963
94502,41408.171901890535
94503,49882.612873959486
94504,4505.8249930792745
94505,31548.42519839611
94506,13479.636211325238
94507,16165.423333538256
94508,14005.292590528556
94509,19486.383273676158
94510,41682.830041272624
94511,29531.470883012917
94512,20921.80255582864
94513,27956.900245530996
94514,42381.138166142395
94515,15981.892903285358
94516,20235.876393734237
94517,19440.087653728155
94518,18700.507629363645
94519,33284.8326317381
94520,16332.206683640363
94521,56202.68962447275
94522,21841.121323220166
94523,24965.07832003431
94524,15371.135179544295
94525,26319.0756713796
94526,22578.719217260656
94527,22133.243157719604
94528,18102.426825852162
94529,25982.39624049
94530,33164.60031423617
94531,18733.21385632223
94532,24540.376059186096
94533,14203.262711414267
94534,12875.738057605136
94535,14588.770930926697
94536,15763.371845576085
94537,19845.022028474086
94538,7765.2053614204
94539,22851.239291730173
94540,28297.045195916424
94541,49690.842181989356
94542,20897.259068406787
94543,24582.10948368929
94544,32089.637152816875
94545,28118.09037499271
94546,18051.339618165573
94547,13218.018528144743
94548,17604.595223695855
94549,17877.317619125017
94550,21876.45079981273
94551,43029.2380065049
94552,23917.48047289768
94553,10709.453023405416
94554,16800.648730677076
94555,34620.96835947723
94556,45535.56262006331
94557,18785.137291000407
94558,20476.345741653837
94559,55607.88679448574
94560,32054.768968981025
94561,15121.647115479027
94562,21920.252435645547
94563,20297.299685497157
94564,30904.428001121505
94565,15517.665918934606
94566,42406.75637893487
94567,16766.76270483041
94568,18785.06901869715
94569,29082.803182883294
94570,15565.398870366784
94571,31015.994077999854
94572,31002.926015801186
94573,19011.786512894327
94574,16299.889085604656
94575,31701.863397680812
94576,4298.948182811704
94577,31196.4822621403
94578,22986.48179687692
94579,25746.47565478415
94580,9705.158203059354
94581,110066.28000877345
94582,35312.36625438926
94583,17934.81871969587
94584,15356.0585552511
94585,16188.928300133422
94586,27919.770697536984
94587,16569.721194675967
94588,28732.346541390834
94589,35328.91734703395
94590,24156.644315193393
94591,27352.3453774105
94592,31093.036472957472
94593,18738.163482671946
94594,20624.839821118687
94595,20372.547212994166
94596,14868.005433249613
94597,20950.03581985373
94598,38697.54838393925
94599,25315.96125475071
94600,23808.251685972235
94601,23657.93655586064
94602,16593.65138057171
94603,21886.578781480606
94604,32762.500016310096
94605,24758.27650833254
94606,19178.6360857905
94607,25007.624069708683
94608,22607.920662348795
94609,14981.010403865577
94610,18479.037212234576
94611,19393.792829240254
94612,11358.180499175327
94613,20101.47395186398
94614,16582.47462391269
94615,30088.21310125595
94616,16309.626621557934
94617,20361.088023205728
94618,22074.93338844772
94619,47283.40404555648
94620,39667.15905013691
94621,41205.45246931492
94622,36806.7650454776
94623,22956.800422859178
94624,10295.80744323512
94625,21998.805140132026
94626,33937.41619796407
94627,2519.4521237821314
94628,21977.233298918123
94629,25117.9178271772
94630,7843.982177744104
94631,22503.593698541554
94632,13630.735116484373
94633,21085.35768043673
94634,16257.997894450918
94635,26767.59445109721
94636,10681.880863015165
94637,27048.76988824847
94638,14154.10138835658
94639,32116.809782458688
94640,15265.60974591082
94641,18927.686254134893
94642,16933.983013725203
94643,30828.609430238546
94644,18736.170176324216
94645,15116.309457076066
94646,29830.727121851887
94647,12321.439431393503
94648,38141.771520175396
94649,11059.287762860724
94650,16981.242297234974
94651,28061.49620982826
94652,28635.525390967083
94653,22060.15648752215
94654,17064.385118865277
94655,27808.64140307365
94656,28939.265560097952
94657,15779.367847542035
94658,26336.80924040156
94659,11577.737697203216
94660,23107.406746307566
94661,19793.595651309548
94662,24187.51687994075
94663,28602.921810930035
94664,23868.121649277644
94665,29332.554490516814
94666,28723.937500965458
94667,30505.727697851173
94668,22279.960885724657
94669,26229.55952338377
94670,12323.095543317177
94671,24608.253363517437
94672,21105.018452174605
94673,45187.90932402174
94674,21728.68111132387
94675,9480.484115514224
94676,26386.924347200373
94677,20483.07930285128
94678,15770.63295285806
94679,16100.583938677806
94680,22940.37937175225
94681,31726.75254405081
94682,40395.84877556273
94683,17958.76014098787
94684,34255.60172185321
94685,23878.657494549618
94686,24711.440953264504
94687,16259.007152344253
94688,21805.570227819004
94689,48637.57269336218
94690,24818.88626895336
94691,15521.212416926946
94692,21607.896313382174
94693,29339.015548371965
94694,23854.154203995
94695,39653.04968996737
94696,24704.843801389965
94697,24878.22648181002
94698,17424.153954393245
94699,38002.31395366974
94700,19895.80289196741
94701,20797.490070683805
94702,16934.568960192897
94703,25865.73039975818
94704,30582.612112686245
94705,48424.93735683359
94706,23421.30597482577
94707,26636.667295238625
94708,22006.913243590254
94709,22114.516390001983
94710,42821.089144521466
94711,19835.37075548895
94712,27123.775914770064
94713,12163.956537318327
94714,21182.098834330165
94715,19435.219220996205
94716,18959.72519517836
94717,22742.988869249886
94718,47084.16599566387
94719,25748.1835509069
94720,39624.199966108834
94721,29279.798791113
94722,32581.089334994234
94723,19172.79057687932
94724,50775.29948473418
94725,18872.61805514634
94726,17665.98570846769
94727,3834.049015127894
94728,22909.363873622227
94729,17027.03209221836
94730,17296.79578096879
94731,16368.501272099043
94732,37322.42776151037
94733,19907.98057124244
94734,18644.673582713167
94735,32950.859724943344
94736,43085.06211883118
94737,19636.359616116104
94738,26036.541117423796
94739,12390.308983838917
94740,34421.806756942904
94741,29497.05316982052
94742,30353.989372497068
94743,19543.633135949825
94744,20138.698102555176
94745,35377.797586895744
94746,11404.642565998742
94747,23439.280023889925
94748,20278.947492638265
94749,46390.59799930347
94750,19272.62910316118
94751,15065.134097673314
94752,14624.583267670016
94753,30407.206350882367
94754,22984.05831871829
94755,28276.87005069664
94756,23126.274440639292
94757,22714.41752957625
94758,19471.06182129619
94759,21894.100468863424
94760,21742.56140548778
94761,20784.28457012516
94762,16437.934806076515
94763,25748.596876577252
94764,28697.61171418033
94765,31851.81159107299
94766,25078.101605140346
94767,22207.389368784814
94768,43455.571573205496
94769,39518.998577821054
94770,29826.377026657352
94771,15748.6548365435
94772,24848.827914943453
94773,23096.784317962007
94774,14613.24367777384
94775,28472.475098674782
94776,26171.639975877093
94777,11837.339555256649
94778,25563.375001332082
94779,19746.930977778837
94780,11433.10261117297
94781,20787.725197613177
94782,10166.53441603755
94783,27271.8711937911
94784,16710.243399261577
94785,14921.804784879263
94786,29528.56435204712
94787,40083.27415542483
94788,21746.076549828245
94789,22747.415141983
94790,36970.84036671862
94791,17669.566622046095
94792,18925.139193364485
94793,22134.430783405136
94794,29936.132171926452
94795,19047.03967194275
94796,16425.98970935803
94797,26102.93778184947
94798,82343.22766653461
94799,26624.02174286731
94800,13048.695951428916
94801,18176.340721872173
94802,29164.17871980398
94803,52508.26406863618
94804,32513.768810155376
94805,25860.85604688185
94806,28534.60559916697
94807,19268.743038621975
94808,18382.48662724073
94809,24459.676389787066
94810,17284.867005816053
94811,18723.368938107124
94812,29734.37886357017
94813,20621.79215381164
94814,27198.39097875982
94815,14742.648259286085
94816,40883.53102328993
94817,23425.641988979718
94818,14128.948844459217
94819,31923.61342069923
94820,22601.66061650111
94821,49765.34225950786
94822,15128.911488973481
94823,34987.03285026108
94824,23881.69697647198
94825,36903.6932247773
94826,34746.464292102326
94827,23201.780408050854
94828,27115.064523743404
94829,25016.71829040244
94830,17656.87516304511
94831,24963.251574643473
94832,4842.724291215633
94833,16345.543909372202
94834,15244.840871036251
94835,23363.425882927488
94836,18415.65359118659
94837,31019.01871885044
94838,13842.90901312527
94839,14349.250247545653
94840,9307.894958425355
94841,25371.82347821279
94842,20486.238540919167
94843,22275.814919451128
94844,29686.384636702172
94845,16372.478438183529
94846,18632.349133709875
94847,12955.779400090216
94848,21924.31030356705
94849,31189.574909610626
94850,13960.016733383383
94851,25870.34624982773
94852,11080.81633137765
94853,18792.934951567928
94854,30538.4618342975
94855,32831.4736520207
94856,25008.170537949936
94857,19211.572025458336
94858,27062.797673206103
94859,28792.15917719877
94860,44352.61863485355
94861,15781.384893300796
94862,21759.81744743906
94863,18807.47304838277
94864,31847.001471385116
94865,14934.97209653186
94866,12169.805587606648
94867,18641.288839589717
94868,15561.322585611106
94869,33541.14933108865
94870,25027.050714886856
94871,19065.50297432741
94872,17832.610359088685
94873,29303.616330192697
94874,19768.801240221248
94875,32405.430994197584
94876,32705.24744706103
94877,17678.107325873614
94878,43973.34607860975
94879,16312.572242675215
94880,23810.352849306273
94881,10811.533168826329
94882,31995.39968499261
94883,17933.62204171677
94884,25332.543641354474
94885,27833.795290908834
94886,25247.675675588336
94887,22937.078403013737
94888,13775.577004785273
94889,21583.38441369258
94890,21456.855863918256
94891,11918.8817654663
94892,29283.08176378571
94893,21195.371402182664
94894,31702.58597512952
94895,14122.174075470946
94896,28539.239360176332
94897,44652.2623589827
94898,19950.317442531028
94899,29910.912228187386
94900,25597.40267409466
94901,19156.08853415365
94902,17293.81671926608
94903,24459.327541800772
94904,12761.367019954025
94905,20340.138342596085
94906,31077.321726560927
94907,24073.29094955761
94908,25564.788838407676
94909,22568.794550848772
94910,28156.21676813418
94911,16202.788048911547
94912,26747.87963978573
94913,19583.732383642004
94914,18829.027852479107
94915,28891.14619154943
94916,23189.011518932006
94917,18896.721233450407
94918,31708.378619820174
94919,25069.5634226246
94920,14022.916746717621
94921,28432.061218700142
94922,36816.31942171364
94923,20397.817834232603
94924,14788.091117579648
94925,18774.572831678925
94926,12842.455801288612
94927,23266.424265236026
94928,20617.508817214642
94929,28919.624764022843
94930,58989.24805548624
94931,14237.601273342516
94932,16682.713426209284
94933,24013.460054349576
94934,18031.00664177266
94935,20818.024090194172
94936,19391.22058650421
94937,14490.584235559409
94938,24544.304931501043
94939,17176.65811374842
94940,22757.32822572345
94941,11214.51219784906
94942,25038.436389287395
94943,23262.500538042415
94944,33520.19521265384
94945,54533.89042037355
94946,25908.028580428534
94947,19645.378942008825
94948,25411.78871950775
94949,22267.927740795803
94950,55914.772337167
94951,15133.449783839176
94952,51285.68057327362
94953,21063.916459561773
94954,20572.701430370984
94955,24814.61069592734
94956,20914.50126551771
94957,19986.371970621836
94958,22338.629421090358
94959,18097.50777180331
94960,9139.124351173316
94961,30433.644544367038
94962,25269.680599372987
94963,15586.60283543655
94964,18843.948443825957
94965,17639.67332454095
94966,20760.586954470815
94967,14762.52203252133
94968,20703.97752453823
94969,47632.2737821883
94970,28871.403431769002
94971,18155.170705876702
94972,30362.0243569674
94973,17036.503492679152
94974,15812.529461754475
94975,10456.592893699928
94976,16059.378709639204
94977,24141.78887447492
94978,22250.181930776
94979,20504.589126903047
94980,12405.343749155196
94981,21601.581259197195
94982,25810.361143802606
94983,100568.79654381286
94984,20460.209333958075
94985,12099.141065514086
94986,22435.417459721837
94987,25027.23504024539
94988,25157.736392733255
94989,10984.133658994926
94990,32056.544348493815
94991,19950.264465522905
94992,25428.43708198867
94993,22167.309341911772
94994,11653.949994143173
94995,32057.171866959074
94996,16028.134860989501
94997,25874.64100729281
94998,13521.234753110903
94999,11304.031886071793
95000,24189.552072274677
95001,16037.998323881526
95002,15134.426478542677
95003,15209.404597701823
95004,17535.80849951763
95005,16645.34449700662
95006,50020.263202832204
95007,21845.888451796254
95008,26782.541902786124
95009,37231.73382350402
95010,20156.30955500176
95011,25211.988345524867
95012,47786.82543161571
95013,27811.01722208131
95014,13900.932428124392
95015,61573.24916806595
95016,30452.61682414056
95017,24667.784442265616
95018,21851.012381156754
95019,12133.70605888897
95020,12784.985013953346
95021,23176.07650998039
95022,13834.64938231118
95023,8458.14317132417
95024,22690.25787653161
95025,30500.590941179038
95026,20948.71285520774
95027,24772.95707397344
95028,29970.924229571694
95029,5877.360193454352
95030,27063.18519681301
95031,28702.270429488348
95032,20820.330379051895
95033,27586.249518133245
95034,16897.32271509242
95035,33514.47598990218
95036,15453.813465998866
95037,32926.39447391864
95038,15358.817536344875
95039,24663.286177428705
95040,15214.056946933151
95041,33074.46695090322
95042,17797.109697179723
95043,24246.379633357912
95044,39745.47795772684
95045,22678.245751892984
95046,36617.48489469391
95047,48427.379349914045
95048,25168.594583695074
95049,22213.55196415974
95050,26208.004322099587
95051,15305.945965477786
95052,18939.172390107244
95053,45945.98345630045
95054,16287.413791186984
95055,17984.380293491155
95056,29020.45476715157
95057,19442.95915653532
95058,19989.140493997045
95059,33243.98329657375
95060,29604.60004717184
95061,22415.113861518712
95062,27990.548567179125
95063,21267.026132729578
95064,8267.205942732337
95065,37280.67011081745
95066,23698.324358528567
95067,17497.07372927431
95068,32328.944706629347
95069,23302.87244468287
95070,19312.108243758394
95071,20845.04168151563
95072,19321.539869417567
95073,23316.869697738985
95074,25557.966232849743
95075,13039.03452543863
95076,24887.08013471309
95077,27200.57058545274
95078,20784.21348025645
95079,42542.16298904819
95080,26402.88864982755
95081,10491.504981772554
95082,16258.247618723137
95083,56539.43245806111
95084,11332.666422300761
95085,25410.10567687102
95086,19735.46608468522
95087,28185.821291705688
95088,19711.057649810347
95089,50400.81932683575
95090,21105.890237963573
95091,21468.90675137243
95092,42732.89900908544
95093,25935.45360430672
95094,81423.55297535397
95095,18531.194221551792
95096,16450.991900243665
95097,26496.467597772942
95098,26818.261464798106
95099,29061.038223421598
95100,17370.254742154684
95101,24213.010261403684
95102,30641.048357236632
95103,20202.44285767595
95104,18804.18252073964
95105,17389.553127388685
95106,17565.47833653024
95107,15589.337550684346
95108,25566.53670643953
95109,21729.141297704235
95110,23998.58943009518
95111,19586.931149765926
95112,27456.701746119325
95113,20211.90668707605
95114,23477.144728631672
95115,23095.84420944464
95116,26652.1879072619
95117,33259.10968631527
95118,15677.978728557184
95119,25458.03137480322
95120,27511.953896309064
95121,20677.72430575563
95122,13030.896371588458
95123,13023.497694137946
95124,11058.365276562741
95125,26400.99104197991
95126,41491.5227967541
95127,34200.34214301398
95128,25406.1368672239
95129,26396.654748899615
95130,12131.867456307746
95131,18896.20394479425
95132,25584.826085988476
95133,13426.580514044324
95134,59369.16262856181
95135,10019.083472889224
95136,16994.878105827946
95137,44073.208120339244
95138,18617.380972677984
95139,18201.274099669787
95140,19954.85338472281
95141,27533.133713794257
95142,30404.174653479247
95143,18436.552062662944
95144,13506.627394485053
95145,16570.251775919158
95146,19842.58454818677
95147,28862.172906788976
95148,26950.97483253346
95149,23717.444079851062
95150,30460.77408413533
95151,37145.91107866863
95152,42159.26942236894
95153,18688.553775196848
95154,25664.60618793392
95155,14792.9788518605
95156,15942.538916236712
95157,27559.644223758478
95158,20950.5111328416
95159,29797.575708465476
95160,33788.63324923937
95161,44648.36277801927
95162,16573.900716582484
95163,18038.65944403652
95164,17160.824046606947
95165,15054.928279494383
95166,24909.07927080627
95167,32483.420528145107
95168,40945.57269651136
95169,16372.107880139314
95170,19326.310726717526
95171,20151.562751288537
95172,18915.679510978127
95173,23495.31933000066
95174,4542.800758387405
95175,24763.320555025257
95176,15067.939388294628
95177,40640.9746476555
95178,18257.90230628852
95179,35196.87662532282
95180,48800.881259202644
95181,13794.90439635014
95182,23142.266691754565
95183,18797.764119276937
95184,37206.20946763792
95185,21366.439001762654
95186,17931.885795237522
95187,10441.155990318286
95188,12150.19061630082
95189,28314.29620301215
95190,27137.796873260682
95191,21368.500435223046
95192,13144.64223290286
95193,18314.248353635754
95194,28033.742111238094
95195,20042.52345003318
95196,18453.123005724956
95197,32003.95974532239
95198,18555.535333563555
95199,21632.552793474064
95200,27437.532043497104
95201,12771.654581652852
95202,27375.375779630183
95203,15460.508039044473
95204,17333.09240104629
95205,8597.79784884173
95206,14600.19604319286
95207,10625.303667974607
95208,10180.204758647797
95209,19755.593505981466
95210,20759.494198907472
95211,30839.410446570408
95212,23111.0021306531
95213,14919.824105625989
95214,22240.8065178778
95215,21944.570758675247
95216,40774.75285819884
95217,20519.261267457357
95218,23960.310015866333
95219,15737.179735538248
95220,14776.98859987459
95221,13145.534599719753
95222,19669.56285813337
95223,47929.210188419784
95224,32790.02016361113
95225,16367.074946704595
95226,27912.59290216913
95227,29426.918618048647
95228,3395.2590431035833
95229,19321.344086901532
95230,31172.561071901342
95231,31931.03077881314
95232,15890.671559197392
95233,17607.25585570542
95234,22495.268507941993
95235,17684.776176855936
95236,27986.5297336065
95237,15282.715850073859
95238,25774.35878497028
95239,42441.13279230225
95240,20355.73013536469
95241,20260.711798703363
95242,14124.543749569217
95243,51541.977726823585
95244,35446.85268979375
95245,45163.95107691659
95246,28774.365647491744
95247,14138.99350036348
95248,30752.62985724742
95249,20511.035687592095
95250,15537.354592390522
95251,30762.572503199524
95252,21384.099533073517
95253,30313.985450200853
95254,19821.954638397652
95255,39856.50603719261
95256,25582.01000526667
95257,14968.20459059673
95258,25712.88507949408
95259,28430.331379294694
95260,17499.631759797187
95261,28554.636650053948
95262,18901.917688447687
95263,21920.369731175386
95264,28431.51520471225
95265,17002.757465619954
95266,16996.077129772104
95267,33375.982137811865
95268,26864.664581515462
95269,12113.006842055524
95270,14752.856656688853
95271,25896.35943586631
95272,28109.569199224505
95273,21108.51013372452
95274,22267.729114603695
95275,17987.17403315358
95276,38499.22193666244
95277,49969.152289375
95278,30713.544843131112
95279,48565.4680463393
95280,10865.512777016576
95281,16204.686046990882
95282,15778.064124971468
95283,21109.05105611001
95284,17199.316289442664
95285,23209.281783566377
95286,24441.2662687086
95287,17195.677071717895
95288,11993.688948772211
95289,16337.144523233359
95290,21028.973309931655
95291,28348.71387242474
95292,27518.603094358423
95293,30810.192812738267
95294,32033.13102604636
95295,13815.434156884761
95296,50814.77887181198
95297,21261.469511524392
95298,17552.399201570937
95299,18833.143303392906
95300,13613.359622546981
95301,18426.50416671808
95302,15665.646659448857
95303,13656.245951164554
95304,8475.287758535596
95305,19442.1114113552
95306,30455.317189187354
95307,23898.877396727483
95308,21583.886907832646
95309,19108.3005099323
95310,19921.383541570463
95311,18979.055039258998
95312,20425.562795792735
95313,39329.84476258956
95314,21150.156973380388
95315,22508.847204374688
95316,10609.788950513348
95317,25371.863913682093
95318,12504.872536119843
95319,49002.797076189294
95320,27854.150014560255
95321,23197.30723653895
95322,24748.82014547473
95323,29834.597367717004
95324,36934.84333071647
95325,20009.451542246563
95326,17791.169630909662
95327,27528.849051345303
95328,12705.910416323559
95329,25675.13184414234
95330,34410.68165430352
95331,16925.209130912222
95332,20676.99500591504
95333,25365.704554877946
95334,19462.800183209678
95335,22280.84599388485
95336,25835.99286882349
95337,25017.12407954158
95338,12227.720253319207
95339,41709.779934516286
95340,21739.368126388457
95341,27838.131147019103
95342,18540.64392954165
95343,59310.50791283063
95344,23250.01492487741
95345,14194.057258903382
95346,16254.096958344826
95347,21232.063394139066
95348,13874.289870528251
95349,18397.155552767716
95350,20108.053973172133
95351,25316.308515244295
95352,17512.28795383341
95353,25359.936434330368
95354,59508.49831389224
95355,10872.186179306302
95356,50131.40051143408
95357,14436.673923506296
95358,21997.190356241983
95359,16444.519579399577
95360,30744.88939658336
95361,15027.97775507426
95362,20411.579119500897
95363,16044.623944210962
95364,12862.333521412858
95365,15798.03596458344
95366,13691.126257799886
95367,28936.267036924914
95368,21381.451460503064
95369,15665.672414135897
95370,15131.475796059955
95371,16346.007372779475
95372,14859.330482163321
95373,15121.92199375222
95374,22282.1137804367
95375,20887.026650381988
95376,19495.639235826056
95377,21728.857011915312
95378,30629.404298278587
95379,26514.174829390573
95380,20934.817587299953
95381,39373.71750707623
95382,17132.395383971747
95383,18095.127467740156
95384,1727.042769686406
95385,14212.14714398941
95386,28171.1801044154
95387,17685.535815964377
95388,26652.83644244295
95389,22226.774325693987
95390,27039.313444332514
95391,20081.247484444564
95392,17944.840518119763
95393,19725.026603096885
95394,19797.938625491486
95395,18962.562777976033
95396,17254.42171685812
95397,26176.215817234348
95398,28284.427733739347
95399,91370.26721340852
95400,44782.948134504644
95401,13553.838065095377
95402,15559.901552681773
95403,24996.544019249755
95404,20680.777816223374
95405,16925.562174434253
95406,19005.279556748526
95407,22895.971222779433
95408,19650.83458464724
95409,25585.56563786887
95410,13446.188062836709
95411,31885.450085336975
95412,11234.378966733575
95413,12757.639877443768
95414,30126.75895466549
95415,23240.8897497394
95416,25042.78177847155
95417,26639.754127582764
95418,24376.11495276304
95419,9891.992869935044
95420,17392.688519564836
95421,23372.69119564005
95422,13160.210718603
95423,27022.86983847098
95424,42626.80928257431
95425,15179.943256991313
95426,53995.28261394724
95427,12545.859662960725
95428,29907.107515750566
95429,20379.51778266897
95430,15033.277575236163
95431,29572.371926523716
95432,27239.53446601502
95433,23552.48354486473
95434,20037.604186472123
95435,11627.326938581067
95436,26107.944101567085
95437,23555.27227947253
95438,19041.142365547294
95439,21865.09591408692
95440,25922.426787251425
95441,16640.749261348945
95442,26124.126216224104
95443,25865.280297840956
95444,23623.63390258399
95445,30232.638083127415
95446,27503.170239204585
95447,21972.82426409267
95448,26807.677842858833
95449,25556.41601664553
95450,14809.367608152485
95451,20204.06816374428
95452,13751.448169337553
95453,49697.0117640907
95454,17073.21942129017
95455,23966.074971421036
95456,25448.77678104419
95457,18496.29021956207
95458,13998.279197604928
95459,25137.675881850304
95460,18089.133079537405
95461,36109.52858464696
95462,15515.405786184005
95463,12335.050985730742
95464,11634.786385001233
95465,18264.102417360955
95466,22809.165001873684
95467,23040.354893075353
95468,36350.97488280068
95469,21681.97958169979
95470,31468.140249136613
95471,10338.631100276029
95472,34299.09241664167
95473,9767.50408123811
95474,25057.89858641421
95475,17743.787763036828
95476,27813.134925675993
95477,23777.625755453817
95478,28711.523788664636
95479,21692.68337691806
95480,48831.849470881156
95481,21779.794719919475
95482,49261.36429881962
95483,14134.591260714093
95484,41639.00542617218
95485,17800.615898315253
95486,18900.959242717807
95487,10663.98560769539
95488,32980.21308634349
95489,27645.138343988176
95490,28207.23300971638
95491,15970.83561485743
95492,26759.28491245915
95493,29209.949585889677
95494,30154.18217577444
95495,15531.824732070956
95496,29768.289044697514
95497,19074.285837203774
95498,16860.903941779845
95499,29113.836184399042
95500,17975.10170875964
95501,19655.186432360344
95502,40862.46365496176
95503,17457.336618132103
95504,3425.382793957009
95505,18035.26292384979
95506,14120.769996786747
95507,16874.333664914047
95508,40674.22629789403
95509,33494.114364274224
95510,13896.496488941471
95511,22980.7923760872
95512,35986.04146964389
95513,29835.915173866324
95514,15337.597400004164
95515,21383.71848690817
95516,14771.560917820316
95517,21879.64514958228
95518,20481.217801110073
95519,13298.867856786936
95520,19156.97806535454
95521,24676.274026683215
95522,13707.266806467891
95523,23220.77343053541
95524,19813.200282734066
95525,19095.523813266394
95526,21776.98694533932
95527,22565.87003845765
95528,18341.932274007875
95529,49635.229957616204
95530,49053.849129543174
95531,32637.804715276674
95532,14822.115295485188
95533,27573.291751489465
95534,17393.369249899908
95535,29685.633793586076
95536,46358.70170243933
95537,19364.001721180844
95538,49625.91023388517
95539,12045.072443619058
95540,14512.349921967849
95541,13609.205101492373
95542,17010.84033759605
95543,15991.82415098444
95544,30181.975613522576
95545,17031.86833769517
95546,41846.98761045171
95547,19065.42872070491
95548,12432.712808975024
95549,17815.348587752225
95550,40897.22502562996
95551,20000.882516970574
95552,14644.866970748695
95553,30403.752517107037
95554,15977.164545624124
95555,24132.558329324565
95556,26551.217619896895
95557,14802.965268124983
95558,18571.782778317935
95559,17645.69850485901
95560,14450.246302326117
95561,19619.307438925593
95562,29404.026502571025
95563,27425.869341153604
95564,23541.35468204747
95565,24625.83015779463
95566,20392.777192897687
95567,45425.14807226072
95568,32672.38769340611
95569,29447.288368137954
95570,30844.822421570494
95571,19946.799742219682
95572,19267.512521288525
95573,22540.352947921405
95574,26836.18585884436
95575,28894.71304363313
95576,25570.67712563123
95577,17053.478441747055
95578,4666.007439008348
95579,15653.599232468843
95580,40696.88463970691
95581,9536.345490307225
95582,22593.012049292276
95583,20231.934530453764
95584,26493.61338485222
95585,22316.224904812505
95586,12437.065868637654
95587,29953.286381124726
95588,17815.546449677076
95589,27639.652002586165
95590,23792.398422868595
95591,20328.928524134324
95592,30952.27319868522
95593,19299.85456212373
95594,29988.76149760042
95595,27214.81855188888
95596,18336.280587810066
95597,44665.89716091702
95598,14726.712624827433
95599,13933.03305730742
95600,19213.687012792176
95601,15522.2680759018
95602,30057.717749844534
95603,15689.154136875062
95604,30531.748408956664
95605,18776.12487147324
95606,14843.525768118776
95607,23712.232658452056
95608,28721.961835380353
95609,33978.87794296449
95610,25087.856032402768
95611,32150.45905771636
95612,23550.525862022892
95613,13942.252107360586
95614,13792.84635152758
95615,23366.18456591394
95616,28003.2866239067
95617,42085.98200520796
95618,19126.344842203634
95619,26322.749542145917
95620,33153.452376900845
95621,15945.719447570411
95622,34006.55649918024
95623,44180.12546265824
95624,15825.96794073749
95625,29443.16153728369
95626,17937.81492021875
95627,37703.15818643725
95628,22790.412041645897
95629,31647.414607610815
95630,23618.92169250831
95631,16837.899006050702
95632,25567.328584380208
95633,17342.290138479617
95634,34633.16438602673
95635,26507.28542081065
95636,30897.05070483519
95637,10533.668333393629
95638,12866.472040760143
95639,15273.910838794069
95640,15833.623062850007
95641,25434.850720187194
95642,31109.068522405854
95643,18376.542110930302
95644,35297.8794495099
95645,21018.3065599452
95646,18898.076426133666
95647,21114.487481646196
95648,34643.89512172254
95649,26135.988563650797
95650,22527.59156343433
95651,18649.234957470515
95652,30327.735204376815
95653,5901.9118141195995
95654,28349.593496677695
95655,22746.74538694448
95656,16511.513330757854
95657,27105.680193944834
95658,38335.72092495814
95659,23972.712439748826
95660,36306.3740165935
95661,26745.81432999186
95662,44963.91908514557
95663,21349.458929409677
95664,17099.78632708734
95665,56852.33436447692
95666,32383.131447909076
95667,16250.841780460994
95668,21747.75662365973
95669,28737.52176775984
95670,30702.486803528718
95671,21686.65142358929
95672,28717.807907047165
95673,14158.419401364406
95674,16221.370277003585
95675,26683.25434506693
95676,14789.982073798601
95677,13163.642368442994
95678,18600.162668369678
95679,28566.170702198946
95680,17774.100015032134
95681,14177.249473350921
95682,18040.73179054848
95683,16928.5641158076
95684,20252.90959337379
95685,22115.24816209738
95686,13986.9658899623
95687,17490.382712274
95688,21347.1377686012
95689,23217.97601007122
95690,32099.01478084545
95691,23713.63350677711
95692,28791.766229355653
95693,18302.177034547203
95694,24037.38491583749
95695,19962.092315676466
95696,29947.636490618912
95697,26376.94533290645
95698,16997.319524861483
95699,25591.553252737995
95700,23413.73107615259
95701,26534.57222554416
95702,32740.654907649627
95703,25854.267147157683
95704,15482.577139271118
95705,25722.561160549634
95706,32320.975249230916
95707,18381.46721848026
95708,18449.93767952474
95709,41709.51346651265
95710,28199.817073033664
95711,22750.766561691533
95712,44349.592532721916
95713,27335.735497209673
95714,9450.979708379235
95715,29472.205879486664
95716,15719.47309655399
95717,9557.446722020291
95718,18165.0305124654
95719,28418.065753658975
95720,35103.4060279252
95721,22919.67299523141
95722,26145.809714386047
95723,12398.265366306628
95724,19679.585782077378
95725,26217.22833569472
95726,25753.704699894217
95727,44668.60010634328
95728,15092.78732775785
95729,28441.9110619319
95730,25819.122015022407
95731,16448.271831334907
95732,11529.727808125148
95733,31260.104492299044
95734,21099.293269785943
95735,29608.043266756093
95736,15890.792591464602
95737,18853.890108139953
95738,31058.457778681128
95739,15959.59420969819
95740,23616.60414804107
95741,44992.079769407035
95742,28062.571833472764
95743,26134.64804174811
95744,19538.21807618141
95745,25338.943427568665
95746,24449.78499378522
95747,13924.631311518748
95748,18343.937527121812
95749,24536.447292194774
95750,9212.436090560737
95751,15955.418325742075
95752,33226.97487467536
95753,28363.620068079264
95754,32673.886988063823
95755,44001.273562167495
95756,19233.3474508935
95757,18791.68272399034
95758,19847.24715740504
95759,34439.11816634476
95760,15844.913005147908
95761,19982.969330362394
95762,11824.190994420305
95763,14821.568040087806
95764,23590.697047735674
95765,25876.33740335284
95766,20468.415224913155
95767,10298.124285380245
95768,40989.79004161311
95769,27783.083164534914
95770,22243.48581231445
95771,18917.648438778855
95772,26087.140691556124
95773,26706.968118304634
95774,41784.08593001063
95775,14775.99501877452
95776,53780.78786039137
95777,13670.452612933053
95778,21864.9242294075
95779,15571.722172423832
95780,28025.23084207731
95781,18666.72274988121
95782,26794.41567866793
95783,14304.267799952047
95784,22259.216098226956
95785,22779.39070605355
95786,25697.45753863176
95787,19457.617230197044
95788,17469.62403361441
95789,15371.292109215858
95790,12284.16795360921
95791,34797.16018241886
95792,34079.77189903422
95793,32073.382448039072
95794,25677.350662210763
95795,12610.138641954522
95796,16184.357699966598
95797,20316.19837350956
95798,29303.14517608896
95799,23688.114519329512
95800,12513.196194357875
95801,22247.913327518592
95802,11713.534792692744
95803,60942.10856778728
95804,35133.09188375099
95805,18500.5123173266
95806,30125.157535324804
95807,33124.763938490876
95808,25845.76587929472
95809,23042.131363114764
95810,12618.915447171275
95811,20241.565906901775
95812,23206.218715192834
95813,16576.422398916548
95814,15569.949952237876
95815,44790.61378947688
95816,18629.141980898792
95817,32262.246023482174
95818,27553.047476054286
95819,47480.858228372956
95820,40325.86358847388
95821,31544.888692875935
95822,18757.26343884378
95823,18621.044228535495
95824,16786.4373985445
95825,15603.306651735167
95826,43505.66471878058
95827,27267.047095076374
95828,11945.819474157206
95829,10935.4092724194
95830,22626.911638653128
95831,27781.690041074
95832,14647.414656109991
95833,22386.765662164355
95834,19277.175110958786
95835,17865.18458925386
95836,16366.840649015778
95837,26290.133459700188
95838,39355.388878655474
95839,28956.393934273055
95840,13871.665111576995
95841,15723.920504293092
95842,20169.196824846924
95843,31193.809039132422
95844,19639.283179745045
95845,27758.08577650064
95846,36892.86995885351
95847,21786.260025295884
95848,21958.204033645045
95849,45304.90686064109
95850,14472.180384592853
95851,12609.352472124672
95852,39424.192969793985
95853,30030.661746243695
95854,19468.41735153407
95855,39689.96123464167
95856,24557.65833973062
95857,23570.957283669042
95858,20112.05174961179
95859,25923.86731601656
95860,16028.465714493097
95861,18234.05471215092
95862,22177.680481420575
95863,23783.25808214759
95864,24627.627578267282
95865,34460.274383961914
95866,54175.06005633679
95867,27643.64280909891
95868,6789.404711903014
95869,27765.79853864701
95870,20341.01470186586
95871,33200.548406274356
95872,23283.25989699794
95873,24410.884729981037
95874,25960.540691333346
95875,14678.670438348749
95876,31075.428248865966
95877,13978.513066871148
95878,41762.57980465328
95879,16510.377149218926
95880,40046.30758267289
95881,18765.07763228714
95882,19915.942742310905
95883,10056.691930772098
95884,21871.37938469451
95885,30231.970727191303
95886,20123.131858572873
95887,21256.66980343311
95888,20623.42328597128
95889,30353.078201809334
95890,17607.411016082144
95891,22595.50144350221
95892,16297.380347741637
95893,26603.388406834092
95894,20948.34700518303
95895,25130.38702348482
95896,16158.904721603156
95897,27117.781722558426
95898,25549.543227334398
95899,27461.626916622277
95900,21374.70380291446
95901,32317.95163079363
95902,23284.963791770027
95903,27399.99912034202
95904,23730.43201513109
95905,13254.96611027369
95906,24239.08495854736
95907,49178.71020971772
95908,28740.490982467356
95909,19904.383981903044
95910,41388.026529111106
95911,27478.316702462165
95912,31189.06756072234
95913,41136.771453874164
95914,18995.76024208577
95915,28740.85072952113
95916,36521.09795208834
95917,31750.237896622515
95918,32515.511014507567
95919,17281.35863843097
95920,21065.380196346134
95921,20546.87671122995
95922,38802.38381275093
95923,20613.130603430312
95924,32467.267046995927
95925,17851.689500840883
95926,21359.56710006777
95927,19797.527896118674
95928,18152.86875637024
95929,14612.341774661894
95930,18813.176571278756
95931,26915.25424745335
95932,26997.347948068942
95933,20128.77613188504
95934,25227.386979188865
95935,17713.155593003663
95936,32925.30265881347
95937,28196.18287665019
95938,16823.248387279724
95939,21646.82332258977
95940,16185.342217076346
95941,15255.51516539777
95942,21875.037788570888
95943,42851.1708421438
95944,18604.944202437997
95945,14640.664751381084
95946,19268.720152162266
95947,38628.36137009119
95948,21724.992031474078
95949,19292.861161009598
95950,19080.08963337847
95951,22039.897040441196
95952,36370.18703463023
95953,19145.795256611953
95954,16792.572640857572
95955,19449.675630932412
95956,21627.317813172467
95957,18169.676690894223
95958,9641.772174097034
95959,21925.8973929816
95960,29853.975242617187
95961,22281.568860742547
95962,29117.7039083382
95963,18284.812565848937
95964,32999.743228445615
95965,33461.057856124506
95966,36295.13631904369
95967,19440.501972066708
95968,16072.10212423862
95969,32191.177593389162
95970,21443.24759461947
95971,27178.944448316648
95972,45340.47407909078
95973,25848.228731566218
95974,24211.90913574313
95975,17404.844923062792
95976,33494.69429073012
95977,18630.532695969516
95978,15667.948768972316
95979,22674.76697125909
95980,16817.542199948133
95981,25136.30805009436
95982,19615.96328126069
95983,41449.87552783844
95984,31366.063027620567
95985,15309.585700971083
95986,15570.066334241843
95987,10457.163888529167
95988,15387.866591788648
95989,21571.731248313514
95990,53688.66853553422
95991,19205.467800944112
95992,27150.617208759777
95993,20117.140860355794
95994,21354.23043846094
95995,18363.047130952502
95996,25580.016090682337
95997,23725.728172973842
95998,24124.776624621805
95999,11184.815586782945
96000,15087.916484769235
96001,16517.180815730022
96002,24163.796623951486
96003,8840.157298566952
96004,13796.158671909227
96005,10441.986326434502
96006,9866.766821385056
96007,12036.66845085299
96008,9145.062369785039
96009,14301.373038766378
96010,21685.447960558136
96011,9296.355205812983
96012,12622.277690624614
96013,9207.217160979662
96014,10056.55340027966
96015,25971.9298816686
96016,19373.50060993397
96017,24615.436621974506
96018,8187.005941207243
96019,18767.123881140782
96020,16195.723457998249
96021,19080.835034932436
96022,20371.5862171825
96023,9522.687278843567
96024,18467.63204075992
96025,20984.603356935073
96026,6765.95184466255
96027,10273.418358479586
96028,21762.80203006162
96029,23308.095619583524
96030,30436.698275132407
96031,24212.855917990833
96032,19913.943538640266
96033,19784.72315223301
96034,18842.1533203234
96035,10900.357733738954
96036,16946.74981593958
96037,19075.63903138035
96038,17283.79350925046
96039,9788.218643425109
96040,8384.01467966536
96041,24716.704222734625
96042,15438.034634097616
96043,7785.312907505144
96044,16938.80994436634
96045,20659.92495695205
96046,14854.564962405442
96047,13139.208577201258
96048,9913.97844011883
96049,6442.4220044249405
96050,18849.06715387001
96051,13845.947976111354
96052,5098.580687436196
96053,8341.920891198755
96054,12774.18654123101
96055,8699.100613551973
96056,21843.315479307574
96057,10093.106220972806
96058,15037.743149103639
96059,10420.50150278123
96060,7652.494454350031
96061,11407.239009098437
96062,10926.742177638915
96063,22504.17692117316
96064,10283.656894009078
96065,25460.055111280086
96066,9526.633252498696
96067,8880.986932152973
96068,12549.953144661147
96069,9624.264659302602
96070,23840.69288268379
96071,12484.86024505444
96072,7364.930500438574
96073,8806.217112676699
96074,27012.681185867277
96075,15310.048797173948
96076,4873.8774121756
96077,14052.415831628392
96078,18015.584074835147
96079,29127.686753776827
96080,10568.123261547795
96081,7456.470978931334
96082,7799.920827255886
96083,9194.771720816763
96084,7524.390532320164
96085,7506.778522214658
96086,15073.926786046995
96087,6678.011984531992
96088,6464.772978301658
96089,12302.466452371276
96090,17157.269595480775
96091,10531.112789209405
96092,18809.992809993004
96093,10614.98199868186
96094,5144.228793972652
96095,20563.20728106226
96096,13071.906244342224
96097,27247.31625981441
96098,24098.29014902849
96099,17850.065746193162
96100,10555.872670578654
96101,12363.59375325991
96102,16707.63846804838
96103,28226.541128932888
96104,28923.844092207055
96105,13273.480198623303
96106,8930.440798090573
96107,11261.650368228282
96108,12434.213008338911
96109,7439.841644135429
96110,9033.505861077303
96111,13106.308768324212
96112,19862.717985957024
96113,12713.906989570927
96114,6484.9471747744965
96115,8859.200553435618
96116,12558.423586473282
96117,21744.683324834048
96118,10590.295032231737
96119,11995.93909423132
96120,14731.65938166587
96121,19983.243352545713
96122,24368.784654379986
96123,8389.87460676396
96124,7560.502613352001
96125,14738.924559778314
96126,9044.942728310702
96127,18661.846309545195
96128,16540.106140133663
96129,16190.786113162356
96130,14610.159424420945
96131,11100.384083212555
96132,17104.194003953977
96133,17870.63733391643
96134,8852.434122258092
96135,10383.574958289266
96136,12472.224718323465
96137,12595.127411750338
96138,17969.852521476587
96139,18152.769922699375
96140,26440.55100335796
96141,11762.685970321372
96142,30069.469327910705
96143,18667.17157393268
96144,7013.804368101453
96145,8956.73304161105
96146,18291.771851357054
96147,15798.91741204554
96148,11973.039684089852
96149,21717.57942717789
96150,25031.20476453951
96151,16362.94430688474
96152,23870.98932966157
96153,17474.62644982186
96154,16478.409179099737
96155,14693.220199114669
96156,14786.433940350245
96157,12777.219640943522
96158,11450.220150218318
96159,8161.748208925496
96160,9612.622326952624
96161,8754.518057340934
96162,8183.467162234977
96163,23126.142722257322
96164,20310.079421628052
96165,8621.462962974721
96166,12266.079235295898
96167,13405.874504337158
96168,21246.08703588105
96169,9908.62961764468
96170,9312.703729264436
96171,13026.87204576433
96172,7224.197220519272
96173,14423.560408726064
96174,25109.391751832747
96175,17027.103189911373
96176,13531.545370301155
96177,8972.584740787244
96178,14123.825850485417
96179,10143.549671298217
96180,12713.05544108096
96181,16694.774367497597
96182,25070.906698358845
96183,14813.957316423597
96184,8225.64930449155
96185,10867.665223143635
96186,10535.854966969315
96187,22305.277112821095
96188,9348.796877715506
96189,13586.50597655957
96190,19819.445476831945
96191,7669.223998660985
96192,8866.042607866051
96193,11507.025402903253
96194,21858.45024891852
96195,13127.232168688743
96196,6382.697859231314
96197,7842.246703777717
96198,9025.813969341812
96199,20851.425217596046
96200,13231.726495243256
96201,13959.326034388774
96202,14230.554817587432
96203,9181.116194249096
96204,25413.301773181578
96205,7311.078947270063
96206,19139.284652034436
96207,15361.845062421778
96208,17837.49598280343
96209,8363.687364550135
96210,17332.134886068296
96211,10757.857778727155
96212,21372.99783970459
96213,22092.505493245873
96214,32268.14636232162
96215,14926.930889715106
96216,13030.115887390279
96217,15880.015641801778
96218,28455.852541839417
96219,19888.555002341764
96220,10128.09792703067
96221,7953.2805195826595
96222,15857.749053331525
96223,7837.280880938071
96224,13816.074674758662
96225,20478.148138006014
96226,7620.541904682683
96227,26934.131053289504
96228,13378.902462784426
96229,16034.038412820297
96230,18696.403359007647
96231,9513.699483421446
96232,8436.52756551308
96233,10098.69534277862
96234,13385.381455240778
96235,15961.69054126944
96236,9522.687278843567
96237,13673.063431959108
96238,18178.64477972699
96239,10333.954198230842
96240,16710.943796579828
96241,17572.023181656834
96242,12546.702451118168
96243,14649.762667886449
96244,10332.328190791732
96245,16998.340848155825
96246,23748.3795072609
96247,20831.91837212359
96248,7966.741629832637
96249,18615.162447666768
96250,17471.369461527695
96251,11584.69706917551
96252,19827.522585025992
96253,13157.453816797211
96254,23678.645503597774
96255,9179.285141671042
96256,14454.967891644712
96257,14054.880033721161
96258,14219.313854178741
96259,12297.286163406481
96260,7690.192250502977
96261,21132.87820712454
96262,14067.137765575935
96263,13147.280766904789
96264,16844.880010145276
96265,24040.000641833645
96266,23941.978681510653
96267,22413.353747384852
96268,25788.03042369951
96269,7319.028730775985
96270,11717.503888749785
96271,9027.069703827297
96272,8232.195893327933
96273,9611.435631814482
96274,17249.35260447698
96275,11170.470305872755
96276,8344.622376877202
96277,17637.449063529468
96278,17671.896569698547
96279,9469.677620699586
96280,18210.639475698365
96281,9405.45326785903
96282,4749.696472257073
96283,10197.039506904335
96284,7620.177673049263
96285,9285.636611429705
96286,27259.979635159587
96287,19683.057683742572
96288,22422.61917529556
96289,20135.164394477666
96290,13862.700233839583
96291,15621.152727671846
96292,13325.069019319017
96293,15456.83184833764
96294,28362.44108767118
96295,23054.09822590575
96296,13838.893582175446
96297,13763.768273374684
96298,19838.798353396338
96299,8828.451681600409
96300,31651.275585278207
96301,5098.580687436196
96302,13290.005166122712
96303,11670.715023115043
96304,9180.152122654215
96305,16017.42985396387
96306,32222.916248790094
96307,11016.689221666526
96308,12763.791207829607
96309,9114.783353912468
96310,20186.662087917906
96311,17074.132294760282
96312,9664.801072964387
96313,17033.750434299767
96314,13330.6345728675
96315,15964.152492619189
96316,10997.227018461273
96317,13276.345715144314
96318,9107.704899998085
96319,9419.31320687656
96320,30999.932139281125
96321,8333.482801733362
96322,7131.34701128346
96323,8528.935704524183
96324,9447.44168151192
96325,11824.59688222397
96326,20573.713926282373
96327,8047.339054056204
96328,21477.86963637241
96329,26852.83673755309
96330,19277.441553264765
96331,14837.850393202345
96332,11370.679174208986
96333,7794.438496767713
96334,13104.05309430435
96335,22749.914185609076
96336,8226.852037239738
96337,7992.096359392622
96338,8556.850948896974
96339,6991.920111307808
96340,13442.497654634146
96341,7626.262717909405
96342,27988.842340046507
96343,9358.773302432153
96344,19677.29167826066
96345,20117.54746603505
96346,13239.964037939588
96347,11018.698637079939
96348,20519.691997441812
96349,14467.925234098579
96350,18892.155787497624
96351,7244.382525238877
96352,14199.828636768736
96353,27250.863972357427
96354,7873.027958840989
96355,11136.149975717102
96356,12649.226307468502
96357,9057.949105595082
96358,6530.718382201567
96359,11919.14718810233
96360,11686.129937458745
96361,12004.79463947451
96362,31320.584367879554
96363,9869.261540000032
96364,13260.022207017773
96365,13552.954691853494
96366,17948.417356988546
96367,29357.310882802707
96368,20898.351908236495
96369,15339.55453334566
96370,14071.733150527554
96371,14479.449361095612
96372,7235.650786000142
96373,10802.744755120979
96374,2021.595076254546
96375,7365.7695806677075
96376,2188.626576294015
96377,7976.736740414599
96378,8400.375708192525
96379,14467.925234098579
96380,13531.951314786513
96381,20026.648054313882
96382,13231.574462003742
96383,10021.84972478115
96384,21220.252023291378
96385,12931.06381294225
96386,9291.145423187172
96387,11043.350358164307
96388,13208.067712250642
96389,22177.50597806741
96390,7629.536503571298
96391,15772.983924782444
96392,14796.348939822603
96393,24698.30272376361
96394,10023.700819204461
96395,10180.427999668595
96396,6712.877408359797
96397,17069.992033387458
96398,22687.311599855035
96399,19541.817224796854
96400,15794.300547171193
96401,12673.929631887202
96402,14821.132185347298
96403,19443.399521019994
96404,12076.000679150982
96405,10563.446927457177
96406,8573.596771073555
96407,11957.31871312612
96408,26669.592037332088
96409,13075.538821554514
96410,21738.346554276566
96411,13474.746403770365
96412,26200.57588895895
96413,12422.413316404189
96414,12504.939041365891
96415,12405.168592894412
96416,17636.85740845258
96417,23691.88761561062
96418,29080.328636505146
96419,24969.336433340246
96420,11049.411012768325
96421,10546.46411189867
96422,13631.323304334135
96423,6461.862184731311
96424,12382.138580081059
96425,14080.45913475728
96426,15808.124589340621
96427,21606.84761934298
96428,32049.382491771805
96429,11581.856666158543
96430,23357.962122428577
96431,8436.631242696814
96432,28655.466893688772
96433,10895.740298688781
96434,7861.360739817347
96435,6287.1691511827985
96436,9823.578782404082
96437,21324.226354777842
96438,17443.23994405588
96439,17920.626059399518
96440,21720.495461992905
96441,9473.106950910884
96442,20250.856777526544
96443,10002.428997531344
96444,5902.862041928027
96445,21138.324327413953
96446,20600.30413854378
96447,20136.183887587013
96448,12356.983781706263
96449,10429.481690292718
96450,9505.755429139199
96451,9356.17921220351
96452,6547.968373252628
96453,13277.622810920737
96454,10056.603583979795
96455,18076.378822905805
96456,12450.79049983813
96457,11761.15679599212
96458,17329.4604307884
96459,9897.95750209227
96460,6778.586256329707
96461,24261.642866151124
96462,19542.86569628064
96463,29243.8456651156
96464,22830.83684779362
96465,11836.321172270827
96466,25706.581097052233
96467,11576.402583179604
96468,12016.905545056306
96469,9041.238880017443
96470,10406.473104215487
96471,14040.728646342897
96472,26055.590424055466
96473,13062.817324015752
96474,29960.03024303909
96475,14998.170480639594
96476,12452.211707119652
96477,29930.742075761034
96478,12182.575136067275
96479,19385.71143634892
96480,10711.023158560722
96481,22525.42493329853
96482,16744.7701318333
96483,8868.624976541227
96484,12838.433535905428
96485,21536.898825818673
96486,31689.5212804654
96487,11003.766358041741
96488,8241.11549339612
96489,8756.513449448203
96490,8881.430049045894
96491,30754.078001515823
96492,5200.836210986423
96493,11831.191206608562
96494,10718.874917102074
96495,11939.326701986329
96496,11195.477494468223
96497,10877.37213350539
96498,33466.63146960454
96499,13571.030609916546
96500,8137.571509593862
96501,20690.76728486505
96502,8232.714548005415
96503,13032.54711491659
96504,16622.56285516709
96505,16798.43386294535
96506,12696.385621872103
96507,13128.805087236213
96508,9405.45326785903
96509,28214.714596326077
96510,14697.503110597585
96511,12628.841166728633
96512,17896.842864662005
96513,11393.016478078916
96514,11173.026560706958
96515,10236.388645218325
96516,6020.929654914442
96517,13241.065001366278
96518,14595.195289550824
96519,17319.26727582995
96520,8956.610403097377
96521,26004.55666701269
96522,30680.26254352885
96523,12982.16002745129
96524,18683.072225796386
96525,17022.92847420302
96526,21378.777995915825
96527,15888.790857788334
96528,13542.136361032139
96529,13979.058305033739
96530,19061.69927560969
96531,11539.92905962804
96532,13957.513752592331
96533,23864.767723766177
96534,13533.927486361152
96535,16342.088669832658
96536,13148.803936216087
96537,9368.670806071454
96538,10152.11515546564
96539,8131.35200893548
96540,13892.114659702314
96541,10266.038225298198
96542,11574.182678065114
96543,15431.736031982195
96544,8248.47536350006
96545,21881.50275125162
96546,12873.958459099633
96547,10327.278342323756
96548,31772.82680443695
96549,11177.212509717181
96550,15733.567189171376
96551,8787.585745666976
96552,5929.9335797646845
96553,18613.287232589857
96554,9115.554239127687
96555,13128.33912569523
96556,9250.497218624889
96557,22369.324294366186
96558,13855.472151037751
96559,12334.624905430412
96560,15191.25421532872
96561,12800.19774597804
96562,7711.212416689865
96563,7997.2200092136345
96564,12768.25260972801
96565,11737.898297077687
96566,12411.029951135492
96567,10388.755955490771
96568,9345.058064034763
96569,19273.391021215015
96570,2194.127469910142
96571,25051.787819204597
96572,9522.438340644208
96573,20381.6284640011
96574,7444.924103493721
96575,28525.611376918372
96576,7381.013993529241
96577,9504.159290331583
96578,10233.198832983633
96579,12536.142912108897
96580,24871.342269883764
96581,13054.305291771101
96582,11790.976215348584
96583,16812.84302683917
96584,13587.203133826739
96585,10196.57203578614
96586,6634.311043108417
96587,11593.286095103256
96588,23504.699344197852
96589,8689.73540114803
96590,11169.721296700887
96591,7841.656303527863
96592,15784.79617324516
96593,10146.950435107046
96594,8098.166946944275
96595,17520.825629125902
96596,12863.815720640721
96597,30865.696064630294
96598,11225.185659931982
96599,10013.673716587318
96600,9720.689613831428
96601,12176.222215422456
96602,6636.160837993037
96603,8871.405813623034
96604,15261.94701259881
96605,24334.839000235766
96606,10086.415427667493
96607,9508.388242128849
96608,9256.492131711848
96609,13537.171913947654
96610,11791.216434500599
96611,12133.216624640669
96612,14848.393509256004
96613,13177.842048327526
96614,8545.439708649146
96615,13470.734409110986
96616,14715.333617995826
96617,13157.83189579093
96618,31652.75770943997
96619,6344.941622841494
96620,22168.800660366654
96621,11570.704628966127
96622,23536.51108399648
96623,11259.867179741535
96624,13611.912369141024
96625,25439.51962295556
96626,17597.817563446315
96627,11489.052033609634
96628,14332.257254822738
96629,13667.383860832937
96630,16889.85222543744
96631,13883.57489295566
96632,9456.862751629233
96633,16032.545669162959
96634,9039.830758680046
96635,28391.069128964282
96636,10994.56478512476
96637,11345.513790433615
96638,18980.010378793173
96639,17661.88394175503
96640,7943.519178484397
96641,9315.416169853845
96642,15267.370364774599
96643,9356.827551063245
96644,12314.195053129242
96645,14661.678486484418
96646,8937.90560749178
96647,7514.8418602570955
96648,6461.709659281393
96649,15601.845656876663
96650,13082.987294635739
96651,9548.776635143178
96652,20047.534596586433
96653,12033.106689767179
96654,32124.763700290277
96655,12343.575710653955
96656,10831.47223916489
96657,16308.290062514407
96658,12489.587455146422
96659,6558.628995672922
96660,18353.52367698918
96661,12514.932256295799
96662,15509.860528904015
96663,11014.52139843153
96664,14403.673582703886
96665,6675.001594611288
96666,7761.014725377429
96667,16474.69401746224
96668,13313.94211946351
96669,24693.418556659384
96670,8984.006825084023
96671,12004.153417248759
96672,24202.616034225975
96673,10153.948779270682
96674,10169.415433490345
96675,24283.87599947906
96676,6781.8520593968415
96677,12319.44533899104
96678,10191.764876642234
96679,12305.020898693352
96680,9315.257383572303
96681,11637.068056301765
96682,26669.592037332088
96683,15457.785344414868
96684,5657.235535721923
96685,28226.21167730103
96686,21642.938515707574
96687,13364.629106996756
96688,8853.229786953214
96689,21877.225116391597
96690,17005.512454673797
96691,6710.732699654363
96692,12787.333884201273
96693,10537.618893921213
96694,15029.8780465691
96695,7312.425312139465
96696,10699.071222628158
96697,8624.937633810223
96698,7209.76349426817
96699,13561.914614703424
96700,16981.00853656145
96701,11923.27713875401
96702,20744.857177101912
96703,26738.147452134122
96704,8656.314626418576
96705,11914.688125973407
96706,8509.847334669716
96707,9918.977367430329
96708,15207.63629089256
96709,11865.78757320165
96710,6439.650974926297
96711,16791.083131464507
96712,15394.7435079346
96713,15929.692779377787
96714,11351.190162487936
96715,13812.896463859497
96716,17937.856691897243
96717,9764.685452953254
96718,25703.47802957161
96719,17541.782225141575
96720,19067.50909938793
96721,20101.020256189167
96722,18094.22932251245
96723,18568.367907964588
96724,12256.42312262145
96725,9180.681524067528
96726,7088.241318152941
96727,8449.664824218702
96728,19823.545884702304
96729,8810.108692469948
96730,12354.370432190597
96731,8475.944868649753
96732,11856.563716541428
96733,8994.085702210145
96734,6330.995339112728
96735,12046.571242750648
96736,8987.881176531566
96737,23905.796041382215
96738,12860.356017212423
96739,16562.623137593924
96740,14581.480703696616
96741,10315.304524600677
96742,7631.651878213891
96743,13473.468432122409
96744,12715.815418321212
96745,7473.0617590952415
96746,8132.895457615371
96747,14099.808839177267
96748,4874.460372499465
96749,6892.720403300839
96750,5338.160240140338
96751,10391.192344579165
96752,7774.885768002268
96753,15191.25421532872
96754,21892.46901080949
96755,6316.150988527679
96756,20010.096864519903
96757,9883.276540517558
96758,14454.134689320492
96759,17573.65439208277
96760,32019.174631067912
96761,9877.438305313843
96762,12260.693742091133
96763,3738.064231964291
96764,17898.150816098336
96765,12619.346022612317
96766,20691.40573854583
96767,23681.101590225262
96768,19741.567310707742
96769,11205.350421581175
96770,9748.379279095554
96771,13177.642734541174
96772,14963.214925814373
96773,18186.45614049266
96774,21919.03232401411
96775,15135.911436128705
96776,25319.776692616662
96777,10690.650738614328
96778,12716.198932227204
96779,22755.298847171973
96780,26822.05772578415
96781,31535.997016507095
96782,20194.13956413457
96783,30711.307453392543
96784,8610.222545995553
96785,18275.445640897113
96786,8491.93132370393
96787,13566.424069326582
96788,7647.063869532683
96789,10151.521240172993
96790,6595.2978322302515
96791,14659.192367291811
96792,7969.389987304944
96793,10148.414311909894
96794,13599.732506835287
96795,11953.80035725406
96796,12279.494202710393
96797,4914.629622667194
96798,30293.879516890873
96799,11721.51167709556
96800,10495.77852768728
96801,13339.163790404915
96802,15687.678451941345
96803,20778.102378643693
96804,13260.261242290408
96805,12864.581072589022
96806,26517.469889287127
96807,17736.523113087755
96808,18720.674293798016
96809,12287.36319786793
96810,1827.5892997434955
96811,32441.367833932127
96812,11567.495764708869
96813,13921.090171281165
96814,23097.176957835512
96815,9525.562989837385
96816,12738.384826139416
96817,11270.359012565601
96818,13113.188125910712
96819,29318.792782666012
96820,9757.666871799931
96821,23623.655380068147
96822,12454.214573912832
96823,26670.2444288165
96824,6216.007642720256
96825,5975.802010365254
96826,13966.260991035035
96827,20298.997407473144
96828,11203.389067004402
96829,11416.800359224493
96830,14025.081386691072
96831,5413.636610350301
96832,8970.264464070284
96833,18302.077471948847
96834,13847.927967995016
96835,20399.46486859614
96836,15374.69481815119
96837,6315.914716417119
96838,24111.328894277
96839,14910.169616677165
96840,9970.404937452044
96841,6481.262535772484
96842,12136.812419539729
96843,6196.845086197924
96844,11086.952372110898
96845,18720.002057024023
96846,21561.318721403986
96847,11660.757408021564
96848,4571.689131514958
96849,13343.739050919263
96850,22459.376046106427
96851,8611.369571162502
96852,8024.922750626754
96853,18937.714317799582
96854,11361.68554491047
96855,11225.020776795436
96856,9695.180446931196
96857,9123.483590663258
96858,6676.363004058776
96859,7572.164672960065
96860,24894.89410782966
96861,16650.156421992062
96862,8341.890270922138
96863,11136.033601863457
96864,9447.947832459431
96865,13402.626452551422
96866,25261.191655654726
96867,8195.966274833381
96868,19700.294459935012
96869,7726.536606850593
96870,9707.278195292272
96871,16752.37236011969
96872,13513.594251941708
96873,12012.20656081686
96874,5506.557727092297
96875,13700.40371873507
96876,24290.261373554386
96877,9759.406349901588
96878,19898.059685937733
96879,19538.843001253048
96880,19992.63621787176
96881,7522.730157348247
96882,6623.060401553479
96883,21694.8390982186
96884,17182.2911520792
96885,17137.721602073325
96886,14166.949478036364
96887,15552.154837893755
96888,9352.916053518476
96889,17958.675729655704
96890,4069.6040314238508
96891,15130.718979244099
96892,25376.820236349195
96893,7777.7223690764185
96894,8815.436724147798
96895,12530.504380869645
96896,11832.778625811017
96897,9832.772360188646
96898,30999.25515125566
96899,7735.526040860252
96900,13944.46832036009
96901,25188.67696245221
96902,22293.427669358647
96903,17077.265473579657
96904,5818.399045894227
96905,17561.627488783764
96906,12724.52869778958
96907,11689.863974905933
96908,12148.125600371137
96909,13596.275779610254
96910,14033.966365475317
96911,30571.146213825188
96912,12039.679965224104
96913,16735.83607167251
96914,7427.2537859414015
96915,28726.916552895294
96916,13400.842942299167
96917,10927.81189853174
96918,18553.54877348482
96919,7324.742523950206
96920,17959.816817963678
96921,7711.420135979186
96922,14908.89625144399
96923,9861.371002850026
96924,27305.056038385927
96925,14436.99915690148
96926,32226.697305627167
96927,8861.425345472131
96928,23881.317917420278
96929,12462.192894159645
96930,13579.95253309858
96931,17599.986908688465
96932,29421.37611168917
96933,9460.114029376397
96934,8188.278916838383
96935,21961.98390648818
96936,25557.70020305754
96937,11939.912389524843
96938,15815.007860000847
96939,19655.5881079464
96940,9207.94072800374
96941,8514.593565322062
96942,18511.8746077279
96943,10561.468808520558
96944,12784.39039666178
96945,10345.386226722296
96946,16883.57099468303
96947,8244.837566272536
96948,8144.957430220764
96949,18813.04953489482
96950,12314.548344785497
96951,19099.778111518815
96952,6892.939492222149
96953,18739.612119755508
96954,24466.241415904533
96955,12177.77482127716
96956,9185.577761594654
96957,23032.38220215995
96958,13749.225965534002
96959,12872.429999575917
96960,23535.40395661139
96961,21846.675382220976
96962,11557.747230254505
96963,11637.543362593791
96964,6475.359068553395
96965,9031.687864342955
96966,6022.543588501967
96967,12957.88394029825
96968,16454.824943444808
96969,9210.378064098764
96970,8951.147777108914
96971,14500.002112943837
96972,9179.658750639004
96973,15714.059614691389
96974,9177.076570178268
96975,12529.875911346136
96976,13141.392287875777
96977,21072.65422163713
96978,8321.205842978652
96979,20073.288522090294
96980,8649.800769241416
96981,9099.813862746752
96982,17648.911426350856
96983,17878.509407360743
96984,17667.04194648785
96985,13451.09343029664
96986,11516.88052891996
96987,7115.7932700652955
96988,6919.958012534363
96989,13215.51728089243
96990,22126.824562595884
96991,9205.699426724213
96992,11242.815410942503
96993,16991.604325501576
96994,1824.664166833042
96995,13299.983424587948
96996,16948.203196010403
96997,29785.119944668953
96998,13541.425922887058
96999,8390.643015676427
97000,20173.16665626539
97001,8876.780539884381
97002,16883.323484762466
97003,7456.488519277582
97004,13675.29842016758
97005,20137.5528776747
97006,11930.750086298285
97007,18772.430341446594
97008,11964.132715465985
97009,21748.42130845272
97010,14460.61773589804
97011,12406.596826501594
97012,12705.158226137672
97013,8073.290064343833
97014,5076.155247816258
97015,25074.636701898628
97016,11021.668763465783
97017,6228.547591678545
97018,13310.818330796037
97019,18948.190846013284
97020,12769.473999635782
97021,25387.94603750548
97022,21638.973264099674
97023,15664.965101640695
97024,17834.68977942582
97025,13005.632806837913
97026,12229.725689228218
97027,10130.396453444133
97028,9219.57735722776
97029,12604.849130385304
97030,7683.086411972508
97031,9776.537441315832
97032,5679.592073718208
97033,9008.434856081227
97034,12041.591042041127
97035,8171.167098069489
97036,9592.463974747368
97037,13815.676636798447
97038,12442.60938503639
97039,20175.865659397008
97040,8264.015442803844
97041,11029.92467323017
97042,9373.54901680544
97043,11550.054036227095
97044,9858.530653104799
97045,5310.4127251310665
97046,17160.888762897364
97047,11101.553966551985
97048,8854.365391312343
97049,6707.530288340367
97050,11151.716686956717
97051,7510.2251977440355
97052,12000.175171123927
97053,13697.927843500473
97054,10926.849842164642
97055,22918.78189397344
97056,21966.373227076536
97057,9962.21589192019
97058,23727.70932533203
97059,13036.87819532143
97060,13462.644196556927
97061,2550.548921964795
97062,15371.901367120909
97063,18022.771127451044
97064,4305.615262226709
97065,6792.071435869712
97066,13256.437051981524
97067,27858.349711355822
97068,18435.49226010849
97069,25526.141648324425
97070,12143.532121650733
97071,7729.815236888758
97072,13477.580326008037
97073,9714.108547745287
97074,18612.776705137352
97075,18595.087728080554
97076,18995.4282203308
97077,11778.43088697382
97078,16738.546166468634
97079,12749.100711024936
97080,21276.65549055667
97081,11690.472676003048
97082,27796.834270191852
97083,12320.720995066204
97084,9723.88603784752
97085,5515.387145547219
97086,13980.461259573638
97087,13266.480158349768
97088,16346.379948438098
97089,16543.618410541127
97090,14973.1197092932
97091,10989.064501334671
97092,9379.341151867153
97093,25478.254019865784
97094,12981.221791504791
97095,20252.381531375057
97096,12389.613876909985
97097,7570.637491269534
97098,18794.87003513146
97099,6703.329353917491
97100,8711.731317924596
97101,32083.69298980747
97102,14744.55300390783
97103,31707.22545890594
97104,8710.79330816349
97105,13099.887381772023
97106,15171.753507174419
97107,20809.033946640626
97108,17901.80560402683
97109,7962.313627529253
97110,15037.10990762253
97111,10066.641317549542
97112,12964.309450644192
97113,14417.430974465207
97114,21222.690186351327
97115,6340.924753901122
97116,7557.341568130996
97117,14563.42777736884
97118,13689.00193877642
97119,17938.97429447166
97120,13314.226913781307
97121,16681.293612258476
97122,12130.56872481364
97123,11478.286305496382
97124,8355.659764492111
97125,6707.711757895461
97126,10045.146214021877
97127,4806.182561498259
97128,6583.779020545629
97129,15780.877176137548
97130,21870.012142809752
97131,12195.012709438584
97132,5778.341848402771
97133,9485.40708609069
97134,26779.373476936464
97135,12473.486230022916
97136,10940.156473825804
97137,7889.765515217114
97138,10962.3032665195
97139,12171.166265644828
97140,12638.815587743533
97141,19748.776719894122
97142,21664.705695216246
97143,26535.162663806248
97144,10457.393611652184
97145,7104.114491313881
97146,15308.019822814229
97147,28297.068655550847
97148,22010.11459748392
97149,8891.824696295285
97150,14012.830561408397
97151,20124.74728714434
97152,21836.684680384522
97153,9719.673895180664
97154,14667.352317588733
97155,8750.34021932219
97156,7826.305816939706
97157,14556.811987426752
97158,11850.11555663059
97159,17509.92901428165
97160,29530.097398414862
97161,20287.52790019538
97162,7050.676857064098
97163,10531.193057490469
97164,20205.797929045628
97165,4598.513827236368
97166,13805.88211244894
97167,13634.504770413416
97168,8391.33157947727
97169,7896.244723491721
97170,7914.637959874852
97171,21733.862937386348
97172,12554.76861958147
97173,11882.490138277077
97174,11385.450288536897
97175,11744.276164018911
97176,19445.584177479494
97177,8791.495530330294
97178,8998.066185803915
97179,15665.29399279924
97180,30791.925830799155
97181,13112.773404792139
97182,11964.974153107245
97183,17511.625035399178
97184,6559.202052400061
97185,14733.461942010843
97186,9972.479240438619
97187,9346.8266780856
97188,21161.18035788061
97189,11850.213134351292
97190,7837.284032356823
97191,16162.441444907121
97192,10063.87758621693
97193,9239.594383786709
97194,11695.75607931944
97195,26169.23355949956
97196,13847.929854960974
97197,14505.677652903027
97198,8735.362561115258
97199,12341.965868519084
97200,8429.067989198524
97201,10670.20704377808
97202,24506.229091217796
97203,13190.684056991133
97204,28755.120301555842
97205,4178.195102717864
97206,6638.989664239439
97207,11742.855144948104
97208,13527.786059239425
97209,6625.89927772595
97210,18147.705069480195
97211,20202.72235095407
97212,22174.98056665595
97213,23977.45330194007
97214,14290.597027745933
97215,18750.57973396367
97216,23988.70635739201
97217,18276.225488019427
97218,8913.914114869385
97219,9522.924511045927
97220,15891.264251232846
97221,9105.466484395984
97222,17748.16272910949
97223,12750.69694492679
97224,14868.349146007617
97225,17952.902951406715
97226,12925.908386416955
97227,17161.717258976772
97228,11821.376474501962
97229,11733.125643500398
97230,17282.78555991677
97231,6559.199237085882
97232,9625.249112069403
97233,26062.728181005692
97234,13399.213570927364
97235,11922.920293110321
97236,7789.025222182374
97237,8225.859470585403
97238,4951.874444004932
97239,23293.527180210716
97240,11451.568834425092
97241,7797.979083894833
97242,10411.360157301444
97243,11096.600752536879
97244,26195.425928594308
97245,28834.41328174636
97246,11635.65037886736
97247,12621.275108449345
97248,11745.181159262798
97249,8418.25528643635
97250,16555.86615017303
97251,15899.228466144732
97252,14078.989934093364
97253,8564.688177906666
97254,21750.327816818823
97255,8625.503292027333
97256,13444.544916441315
97257,25720.53355747265
97258,17306.06947185856
97259,15364.425900045018
97260,12744.975041411815
97261,11803.790618273557
97262,9711.076100637023
97263,12836.533398013038
97264,6918.668696296644
97265,18448.582141460123
97266,10893.073856320276
97267,21756.28052592115
97268,13509.762891696682
97269,9474.090640194534
97270,6359.07100659737
97271,6696.225586128149
97272,21397.931264705927
97273,30630.14585847237
97274,12113.491565883442
97275,6605.366876615382
97276,6877.883291456789
97277,20483.59086844687
97278,8637.788038696752
97279,13026.805247989661
97280,14780.69927010262
97281,9133.488086175174
97282,19137.50306732385
97283,24736.82752374528
97284,2795.6244539415306
97285,8986.211105412398
97286,28246.07068592039
97287,8890.66018869004
97288,9065.514853350043
97289,12606.86241896862
97290,30182.241265313838
97291,9967.018296446307
97292,12079.502830175183
97293,10230.927341035887
97294,8232.775349879461
97295,10174.842164760865
97296,6080.271053693111
97297,25750.29401136958
97298,12300.190002410738
97299,13577.913666015147
97300,8124.711966499504
97301,13037.997450692697
97302,6725.763401435828
97303,31053.19230097407
97304,19038.79010240752
97305,12306.988963958413
97306,10109.381770533017
97307,11041.297773785342
97308,10572.934979241816
97309,8300.159168378428
97310,7616.598778060151
97311,10758.55707154824
97312,13117.494140532102
97313,18016.742443473813
97314,9718.975082137362
97315,16735.316431319803
97316,8657.75113834615
97317,9375.686369966614
97318,8437.003135786983
97319,10965.032279089633
97320,12078.487369609536
97321,17269.386795447786
97322,8598.663972573208
97323,23027.3506263117
97324,5330.194043919898
97325,8735.936220756294
97326,8188.0440181759695
97327,12390.067039754002
97328,12103.992546511841
97329,6318.975650335222
97330,10427.402316232201
97331,16316.47774693479
97332,16068.13508003953
97333,17207.962735979494
97334,9193.541694880263
97335,21677.837335931727
97336,9698.025509912024
97337,9495.242572363457
97338,7579.76975152015
97339,31060.042274901356
97340,6834.571593303139
97341,14474.603734447457
97342,10797.965007840396
97343,25185.296999879778
97344,6420.211251661061
97345,26031.270467055318
97346,8909.349716496428
97347,14029.622282394266
97348,11049.439276926787
97349,6327.500233130636
97350,23328.468723629572
97351,11277.88888368189
97352,12843.275617786016
97353,10823.720541236897
97354,8176.2617968599925
97355,16366.646807901225
97356,9450.759937842877
97357,6962.297002679927
97358,8360.834886477196
97359,8591.321433652469
97360,8005.194552534753
97361,7693.2742449141315
97362,13987.43164659301
97363,11212.570651408962
97364,12499.374873885134
97365,15581.593397610572
97366,12877.034519520734
97367,10388.085578070342
97368,9433.808876966443
97369,25889.086197318513
97370,19902.27693560529
97371,13015.2655864122
97372,13201.755905369466
97373,20525.981940402195
97374,14396.101681089065
97375,10836.936043010779
97376,7380.865605077961
97377,15392.5066996357
97378,21297.649450221004
97379,24377.58782132771
97380,15926.171376987224
97381,11705.242483841886
97382,15750.244369854003
97383,13340.293655795678
97384,12046.571242750648
97385,9505.66537054255
97386,16699.13864053381
97387,10119.434190970034
97388,8765.3278531062
97389,27490.025032208305
97390,28867.444810823647
97391,14579.861445426819
97392,26014.432226543267
97393,7983.800046032118
97394,13204.01011320917
97395,13360.766756268426
97396,6558.551963005351
97397,8987.942045872025
97398,11281.76241033108
97399,12521.831498938302
97400,11144.103620302165
97401,7753.358047471504
97402,9624.156550771117
97403,13767.218217516302
97404,14035.905523609994
97405,10979.618658119578
97406,6495.646039832692
97407,12836.533398013038
97408,19663.049006302386
97409,10085.898973642692
97410,10095.218386144663
97411,6674.354442348915
97412,10150.462335035023
97413,10881.852632462946
97414,30399.099509544303
97415,11510.405961098
97416,14889.515418115994
97417,13288.516416936505
97418,20926.780586534183
97419,7298.474393097037
97420,14379.462431917427
97421,13177.003972013792
97422,12877.034519520734
97423,14507.958106462389
97424,19690.539967610257
97425,11947.592866106366
97426,7827.87527909821
97427,18010.671518328036
97428,16904.036052092386
97429,8486.393194841436
97430,13151.33840983419
97431,20092.152848734357
97432,15923.419295697482
97433,9855.275544147735
97434,21290.060579856447
97435,8405.42028389931
97436,5733.871737616144
97437,13207.220574741437
97438,10534.652467186566
97439,14637.313596292559
97440,12578.414107403809
97441,29440.503582439513
97442,6206.187622972042
97443,25285.061763702364
97444,8665.537943825668
97445,18975.805213578613
97446,24132.45172032715
97447,28254.233718861182
97448,8904.020009766831
97449,12904.395740706754
97450,8241.354253553678
97451,8606.8391734378
97452,8244.219393622709
97453,14555.172206916526
97454,16572.92796277347
97455,11655.635409256156
97456,26312.606144762347
97457,20179.03727838997
97458,15764.936198954654
97459,7836.85636593754
97460,9078.36662338888
97461,14737.050136872811
97462,17572.66178628025
97463,9762.976828128463
97464,11702.24519498762
97465,12526.069921046894
97466,10155.403913999593
97467,22872.362418622488
97468,25747.245754271113
97469,18026.881976354573
97470,14792.663568681564
97471,19339.554637497036
97472,6590.111972880128
97473,9155.10978717985
97474,14681.671094022757
97475,11849.717042489961
97476,23189.015358363056
97477,12981.673444465925
97478,13175.344627461924
97479,26563.63439255316
97480,29710.06371343594
97481,8321.032472045184
97482,7590.215002532619
97483,6558.268875798309
97484,11969.002433534086
97485,28178.405588158657
97486,13036.27052844118
97487,25035.57934100299
97488,21732.89228571238
97489,10157.803394734672
97490,7637.996347061126
97491,8820.66726581689
97492,19580.59168909961
97493,17952.03790947636
97494,17170.331693483924
97495,12371.75326351537
97496,13078.815959234025
97497,6257.418828377967
97498,10395.258403402804
97499,8428.935208537017
97500,25046.85954474578
97501,9307.170495104843
97502,8896.54133775924
97503,15708.244276078613
97504,20039.804582166555
97505,14360.237508714517
97506,8861.700739411699
97507,7983.501419544012
97508,8972.472167565902
97509,19947.038510369555
97510,17606.712593609616
97511,11924.563552737813
97512,19388.43013129246
97513,17911.51680026591
97514,12696.385621872103
97515,15786.090935660015
97516,8287.647325475898
97517,24640.9683829564
97518,13331.944006501093
97519,20209.081689492796
97520,21488.682158143878
97521,6861.469215476329
97522,12705.351870155786
97523,19054.53744405642
97524,6848.798425848306
97525,8796.194879969958
97526,18419.277982899926
97527,4607.874822776515
97528,8243.14234307753
97529,20331.045868032663
97530,8568.0018006885
97531,29141.19667877768
97532,10267.979034760896
97533,25739.38535499461
97534,7310.782772186763
97535,31123.970079966704
97536,14983.58996294262
97537,14102.93506351366
97538,16875.23234830581
97539,7959.633392514973
97540,12378.936944116997
97541,9763.363553980047
97542,11967.421978936425
97543,10762.995683463412
97544,12218.283314372738
97545,9965.869459251047
97546,13766.994710749734
97547,9429.379356188994
97548,15296.955580777114
97549,18429.336439772436
97550,10672.575344849723
97551,21961.900178858905
97552,9418.195025759785
97553,18440.970265539738
97554,4076.1976312832476
97555,12253.767232065886
97556,13978.345675901044
97557,11252.30787064921
97558,17810.496274299163
97559,12386.976098510466
97560,6003.507754914885
97561,19633.174010734
97562,13300.968412035394
97563,19664.59181466506
97564,11742.09691969897
97565,24979.095603357036
97566,9290.011099929006
97567,8180.867364748272
97568,14654.46414097582
97569,12823.360773305752
97570,8272.639024045826
97571,25590.690492494865
97572,10262.658398406436
97573,11776.9997495693
97574,8141.162065524854
97575,10051.376437075245
97576,11638.264275292779
97577,7620.289938055058
97578,7800.286163681023
97579,8214.00877836514
97580,25667.50507261473
97581,21251.54032444894
97582,22551.667946778
97583,9468.404262991413
97584,7070.834918177765
97585,25461.644684504896
97586,19593.233693802187
97587,9870.420947165567
97588,8442.682155424087
97589,26061.857962216895
97590,14092.74267640672
97591,19083.756034145325
97592,19347.295148613062
97593,20704.266971869878
97594,14266.31699888431
97595,7027.55829895832
97596,22771.54629355789
97597,9482.961649681407
97598,22539.779089041527
97599,8988.409886302332
97600,18433.450752632823
97601,10194.1428699597
97602,22051.00274384273
97603,14172.784221061782
97604,10244.810688189738
97605,16576.612242956802
97606,5343.288996484012
97607,17938.741728280515
97608,10557.247765344782
97609,6513.622357006726
97610,28903.14294684088
97611,16812.51765106355
97612,11578.283313773178
97613,14529.478802455651
97614,8485.711084707687
97615,14445.813590796028
97616,13364.147220714847
97617,12987.95113356143
97618,8777.871772329785
97619,30901.247923524752
97620,6724.116055129963
97621,20748.073593417073
97622,19910.129761903
97623,8727.714845116001
97624,11676.114907064366
97625,11180.334388831237
97626,6541.783696795578
97627,20439.8748462427
97628,20289.50343484403
97629,25077.309364272165
97630,18448.52235219558
97631,15537.299822770321
97632,10743.45445554271
97633,11412.882347553621
97634,12576.261225083104
97635,27135.239374542554
97636,13759.82602740788
97637,11227.06960172814
97638,7711.793171309774
97639,11926.360627223972
97640,32128.544167639877
97641,6313.634667578152
97642,17474.72238646215
97643,7847.341280303783
97644,6875.757838385038
97645,12810.922235912654
97646,14516.447360507314
97647,7990.612935083627
97648,7314.378617945904
97649,11281.690880721873
97650,18589.628613003653
97651,8277.18485340627
97652,20121.639559130574
97653,16016.300991226231
97654,6408.197686013336
97655,16001.678568559653
97656,16744.709777622575
97657,28240.438006970602
97658,11447.230925325099
97659,7123.774215187029
97660,10384.747369712686
97661,10663.315372038423
97662,8666.021760822248
97663,18958.26753957291
97664,24725.901721176997
97665,8155.816903498884
97666,12878.542570137006
97667,11473.279356820127
97668,19522.463706681814
97669,22311.639586985515
97670,21055.26897778503
97671,12121.042495872467
97672,22751.8863638995
97673,12625.66912544499
97674,9243.862344951835
97675,8803.898528576718
97676,6939.165533797994
97677,14515.711995067577
97678,7455.685881886269
97679,12101.793059334783
97680,11569.382091841577
97681,6285.603408186976
97682,22167.72377714413
97683,13549.137461706876
97684,10362.385827803402
97685,7562.256539885552
97686,14052.48566984315
97687,10744.135328162041
97688,6429.522866192967
97689,8434.70740869012
97690,18096.55647503119
97691,17690.986444082715
97692,19794.569056067423
97693,15303.94608968759
97694,12704.784686140301
97695,11708.938667635932
97696,9420.642624837306
97697,13784.757220609996
97698,5360.826149839789
97699,6762.853043501997
97700,23359.76943865461
97701,15986.688706327186
97702,7147.915237376044
97703,12997.28164141688
97704,7949.913691794411
97705,25264.351761494694
97706,17428.562058703956
97707,6345.7956695263
97708,13435.592012516168
97709,9644.898727154246
97710,14361.07791056207
97711,9646.74393373535
97712,14921.450445132292
97713,13776.571471851299
97714,16842.62023682824
97715,8504.965334761413
97716,15498.042000648022
97717,21869.598024398532
97718,9891.200315980854
97719,22882.73490418534
97720,8039.233607720156
97721,16750.2537778192
97722,16049.802904131533
97723,7666.457455831638
97724,9380.754837606883
97725,26477.7601623025
97726,2097.5720868078993
97727,8537.978379779659
97728,13677.017534884213
97729,12177.705543751865
97730,11340.664342418166
97731,18701.403460380414
97732,13171.30830503184
97733,22322.708825863905
97734,11572.588505264954
97735,12613.370161092469
97736,8320.572801522785
97737,18901.695068290315
97738,6925.82159945427
97739,12578.148066625768
97740,27002.59674783587
97741,17618.824253546227
97742,9431.68013156462
97743,11982.781880972023
97744,17085.12699493188
97745,18269.0508921667
97746,7735.556204114013
97747,6214.726916351051
97748,12595.46549827234
97749,12417.491497348079
97750,32131.186562345567
97751,6648.96392261067
97752,6620.325658041547
97753,9788.586193797948
97754,15448.894570347362
97755,12428.163650674
97756,11138.896271287622
97757,16024.405218666143
97758,10791.13243140691
97759,18658.55446874276
97760,16979.999474016466
97761,19362.41756799141
97762,9032.198223346379
97763,7076.118823117972
97764,13466.883841108363
97765,10884.521856740359
97766,20729.868023564766
97767,26896.63005717851
97768,18978.968145845432
97769,8822.069351903054
97770,9916.383930046872
97771,8483.58185572325
97772,17533.377358318106
97773,25268.59340545515
97774,22907.92816021462
97775,10686.986864104983
97776,12990.121111773842
97777,24525.398909027757
97778,10216.544075809134
97779,9016.38389664117
97780,27500.935874515104
97781,10647.011543927765
97782,20832.04423240821
97783,7649.909505495576
97784,19590.366278616635
97785,8038.85276930894
97786,16562.902665552596
97787,21466.761369016916
97788,9540.931980629402
97789,11721.242884435165
97790,13309.498135359292
97791,13066.31896784455
97792,17585.414188898703
97793,12515.039772408389
97794,5152.0822394635425
97795,13980.81981728096
97796,10530.493130959008
97797,13308.239806785763
97798,8932.133527433836
97799,13510.328020520326
97800,9945.933728865453
97801,8680.47277025733
97802,10736.072808127594
97803,7208.101745237571
97804,17825.279660780205
97805,6711.677716961653
97806,21643.53655030746
97807,12265.88160486719
97808,13369.697975210267
97809,8990.245169981024
97810,9826.485131031402
97811,26560.399306480267
97812,30874.973016661177
97813,12331.433246458308
97814,15439.771196734344
97815,7465.757510059417
97816,16094.0400064377
97817,23897.015773517167
97818,13093.929378334387
97819,3827.7800883671644
97820,18591.207364420967
97821,14371.432554744037
97822,9848.624927909616
97823,19151.16092467328
97824,9417.633925698568
97825,16934.380575552867
97826,30728.309177629806
97827,16768.926734231376
97828,13271.443977255998
97829,22997.674478409837
97830,9711.019999974553
97831,14589.531445286788
97832,14934.391939727051
97833,21286.78960604718
97834,10535.876598422166
97835,9171.607692695201
97836,4436.02285180956
97837,12492.013028138259
97838,13962.19454495128
97839,27065.095227834987
97840,11872.564964469479
97841,14696.317447920004
97842,6185.190821450172
97843,8545.734085865239
97844,19185.963646700842
97845,9395.03772206031
97846,24741.87213418679
97847,22167.58409909927
97848,14972.894341731791
97849,8240.098297860111
97850,14490.879029460843
97851,13591.61826334615
97852,10392.54512623951
97853,7875.138810621638
97854,28585.31905059754
97855,28034.228472481365
97856,12178.314542535782
97857,9751.942538228042
97858,13638.7429227969
97859,12974.458619498453
97860,8934.029749064965
97861,6767.279481784987
97862,9381.772601246661
97863,9168.86021921642
97864,13220.594919221494
97865,14596.07075774001
97866,25194.285591338237
97867,17323.125913547305
97868,27257.876708602795
97869,13564.825425282168
97870,9093.376677014112
97871,6589.414901742344
97872,7819.708074817318
97873,12721.95244817265
97874,12326.591561899033
97875,21468.44422938429
97876,11135.855344509286
97877,12831.958649924321
97878,13139.169485088622
97879,15674.94062894376
97880,33772.31695532245
97881,3684.1504242134797
97882,12099.583461415876
97883,11520.255715431678
97884,10018.306848619708
97885,11177.54828265712
97886,11690.280312905317
97887,11609.062503034627
97888,20000.453313609836
97889,10965.6073751887
97890,12236.512412694956
97891,13367.396626310014
97892,9990.878050327912
97893,14836.509736348245
97894,7260.944184116928
97895,13367.821834850938
97896,14217.91994669165
97897,13289.786043113374
97898,11505.856820472833
97899,8697.568591053001
97900,7540.000341347806
97901,7971.216065441709
97902,19571.758914807546
97903,11616.972573445706
97904,21093.216754466295
97905,9390.798865308534
97906,19449.753427763357
97907,7203.547558591037
97908,11981.668845028322
97909,19606.33186936202
97910,8347.629908815232
97911,12161.036292323332
97912,5327.656109697527
97913,19900.45999551598
97914,10194.775143962448
97915,15382.228806795232
97916,6089.471025994545
97917,11664.79246674607
97918,23509.270880301297
97919,7771.680844106329
97920,8779.786860905979
97921,13352.057079910652
97922,13030.05557550083
97923,12381.678736192613
97924,11737.44764547643
97925,3818.9348479125933
97926,9988.102485758862
97927,6598.637997412661
97928,7075.829750759057
97929,19856.2707603324
97930,7010.900672988809
97931,10946.922192604137
97932,11948.425130335034
97933,24297.585226591415
97934,19786.278382135246
97935,9527.342946157514
97936,13649.860694622434
97937,8810.10755698117
97938,6192.325400040307
97939,16346.831694118038
97940,9967.190061719852
97941,10152.130292742107
97942,24810.002850714107
97943,23565.0683052381
97944,23848.0594643769
97945,9130.543747377375
97946,20226.49277215613
97947,10323.576327694744
97948,8800.044273717529
97949,8852.73379652935
97950,17893.385234614114
97951,16809.430546683834
97952,13477.783383267995
97953,7539.315195472361
97954,5870.224114379447
97955,12134.169042799887
97956,8050.4273824948905
97957,10776.204421687722
97958,20011.49340224817
97959,18113.26249871029
97960,7115.534896782394
97961,12647.208315642401
97962,14990.41916980767
97963,5980.110225076561
97964,12164.927349571582
97965,13453.549829262922
97966,19378.555375642594
97967,15972.463473233089
97968,6856.175273513423
97969,24323.56390084839
97970,6734.490698118886
97971,51575.15458568523
97972,9071.79662952592
97973,8883.99308519344
97974,7610.969895607873
97975,7648.343764041007
97976,11985.509082453787
97977,11437.501793016329
97978,10401.040794361232
97979,11950.534832593794
97980,20332.94321481638
97981,9098.773968541236
97982,14911.351867521298
97983,11002.67246016804
97984,28016.561463427817
97985,6128.518189381951
97986,16987.412791847728
97987,11747.551984323884
97988,10678.644661322724
97989,17407.765832739107
97990,7645.189626426169
97991,8894.44576267003
97992,6899.294133053637
97993,9191.543422414426
97994,8913.311477654801
97995,13854.13875295137
97996,24354.135314962085
97997,14463.41953563086
97998,9590.72285241919
97999,10379.643181638417
98000,11498.861205023983
98001,18327.530687751958
98002,9290.155512234382
98003,21744.793056000362
98004,23333.557768477876
98005,13202.227915421867
98006,8006.269422551065
98007,14831.933149182438
98008,13577.306458946341
98009,11947.283617637157
98010,8074.571259225586
98011,8710.468749518894
98012,9773.38279792158
98013,6231.337352136322
98014,6281.35050561196
98015,7714.6918234369505
98016,14620.577587647957
98017,21506.971627751176
98018,6593.197663362909
98019,9636.53219583682
98020,19276.31267343224
98021,23889.717627051723
98022,20588.75961288018
98023,32471.25294894401
98024,9791.5442332509
98025,17738.110307856812
98026,9380.836516646472
98027,1810.3539340806897
98028,9929.999285004837
98029,8064.791352920065
98030,21458.727823167388
98031,14923.029351429539
98032,7622.965093449893
98033,6062.766238910498
98034,14846.092674343065
98035,10873.148044011668
98036,12382.821514762789
98037,20990.359763424804
98038,25335.00165597838
98039,13435.283963052014
98040,9043.8216446692
98041,6062.766238910498
98042,18457.746859482293
98043,14914.276660007723
98044,8144.658476603092
98045,18618.777951868255
98046,14694.153405725894
98047,11935.758130856022
98048,15431.320785655389
98049,12535.775314917204
98050,12491.79761387724
98051,15885.846611158187
98052,6741.280495246945
98053,11915.554978467977
98054,8919.75407190421
98055,11644.569432392644
98056,25730.359702492126
98057,17210.527944919533
98058,6735.7245013455895
98059,9237.190620077898
98060,11510.87405928473
98061,8479.593709030385
98062,12890.272538774745
98063,11704.26690143025
98064,7817.255961218289
98065,9653.879258598221
98066,4777.78880082756
98067,5138.229925492474
98068,13933.855954921046
98069,22526.987558230867
98070,8896.575720850804
98071,25554.861668277914
98072,7433.03280397046
98073,10851.029280555987
98074,19545.880124375115
98075,21506.971627751176
98076,6511.110805100313
98077,11240.59597524988
98078,29615.289004492293
98079,13480.229579690618
98080,7531.97486078976
98081,11220.98717205186
98082,8739.315315638672
98083,22650.853731256666
98084,12160.786451202275
98085,9947.878401300686
98086,11693.758753982249
98087,6790.107627945477
98088,27514.428857767354
98089,8967.905607131994
98090,2831.144349439028
98091,18166.26228099232
98092,8735.176927096823
98093,14218.15956367296
98094,22392.68979079955
98095,6410.376825814526
98096,7109.913096014144
98097,9474.967961045888
98098,11932.390950747973
98099,9986.91717456854
98100,19964.186403033415
98101,18532.58048442408
98102,10145.503187896713
98103,7304.065892363332
98104,12021.112376490219
98105,13157.095589999395
98106,6871.783127207831
98107,8630.770877982255
98108,13035.796138881306
98109,23804.160502265986
98110,11124.036761267735
98111,7662.6527638458765
98112,11053.610158485724
98113,8466.113480417212
98114,12334.698979817113
98115,10873.148044011668
98116,7550.737523455073
98117,22117.300724887646
98118,8823.869244740281
98119,14133.043195969763
98120,11379.580233493683
98121,8476.342643324582
98122,13845.466403544358
98123,15521.382640387676
98124,7302.775859887397
98125,6545.1780481534215
98126,19652.750425796243
98127,10651.987280683885
98128,24281.982612212603
98129,12031.258768226013
98130,14779.559081338863
98131,11964.855517807588
98132,10866.537563407719
98133,13455.340055965522
98134,10482.179328898894
98135,11917.136055809542
98136,12938.1724426641
98137,10612.170570882461
98138,11144.006772672503
98139,21421.447523373485
98140,10287.412008023906
98141,14279.497563337607
98142,3179.4575245103847
98143,10662.91587511041
98144,17757.367779570628
98145,15656.612543635192
98146,9343.799431166872
98147,9015.2892582529
98148,12943.45522867424
98149,2082.5050948392936
98150,7676.733832306265
98151,6561.936593315705
98152,11925.421120250006
98153,7163.511579548661
98154,8457.867361478111
98155,6494.306422081033
98156,11398.716749132518
98157,13165.558910209893
98158,14631.026193303755
98159,6467.734646555687
98160,18748.581892094335
98161,9119.727332977378
98162,7433.914205861934
98163,9047.86615679301
98164,4648.325906910007
98165,10005.817529025404
98166,19805.95422455288
98167,15796.350277620793
98168,19121.105382568294
98169,16242.598195363946
98170,7060.47701749899
98171,17520.186779476353
98172,7662.555844296884
98173,16499.08824307926
98174,13059.512226983808
98175,11814.976543790293
98176,5716.307549913523
98177,8097.667786011011
98178,7788.660756429938
98179,21030.068693218265
98180,13016.144273465507
98181,11955.934577900627
98182,2590.340679486248
98183,5484.395800021006
98184,6220.966685476101
98185,11005.277691160227
98186,5530.488780893315
98187,11919.444866845526
98188,12391.840239636173
98189,8938.991575928376
98190,6515.543967204233
98191,13031.3175477167
98192,12207.703302145599
98193,49413.715905631165
98194,11060.842930514265
98195,7006.422588183304
98196,10149.63039855579
98197,19031.821204230982
98198,11435.725929628486
98199,7742.489196897308
98200,10011.097925199383
98201,36280.698442480534
98202,10414.484063885668
98203,7135.8972721995915
98204,9249.410574314994
98205,4038.376423786376
98206,11950.534832593794
98207,8771.115457815227
98208,16247.539109759005
98209,12646.088301548145
98210,14156.009936171655
98211,12859.974441555456
98212,6337.380749866297
98213,17154.567369745135
98214,11018.598804645328
98215,10422.562041656534
98216,9737.335925196783
98217,14311.322165969783
98218,16771.64310756493
98219,11652.164198260012
98220,22044.15965242495
98221,9672.203272551555
98222,6759.044176993442
98223,4101.396348318971
98224,19776.329425023094
98225,9132.663829692377
98226,12333.98539260316
98227,16875.294864938125
98228,7837.728176899476
98229,11609.763628773564
98230,12031.301895447355
98231,24156.013140731917
98232,9915.710019229824
98233,9292.105550473649
98234,14713.414843916851
98235,22486.96431062937
98236,20714.93904016596
98237,9976.038482383086
98238,9372.281792806158
98239,8758.013464613296
98240,7651.087812169474
98241,12729.147702241129
98242,15359.91985194751
98243,17608.435882366168
98244,6548.062288710815
98245,23402.370414281926
98246,6977.923302339148
98247,9740.054039526605
98248,7030.867303709152
98249,15459.68656150904
98250,14128.230837473111
98251,18682.73658079139
98252,9009.998149126222
98253,10341.125690743957
98254,7269.701287361811
98255,10693.845607074243
98256,13245.49966893548
98257,8718.68528800104
98258,6034.671913643295
98259,9968.033510315268
98260,9852.229500517715
98261,21935.963802589158
98262,21861.777326902844
98263,20196.625813260536
98264,11370.952655002997
98265,4735.0315557897275
98266,11153.221362814496
98267,19154.49951922916
98268,10694.964458302742
98269,9131.722236372365
98270,10545.119822335631
98271,7306.6875849028465
98272,13667.112749247794
98273,9336.777897259817
98274,2609.293048258252
98275,9193.652647096294
98276,9514.50486359309
98277,3125.9685117193358
98278,11117.806640994215
98279,20702.198861776615
98280,8961.62657381162
98281,19752.163967434255
98282,11049.57373225923
98283,6861.878959760441
98284,21183.55890124484
98285,19807.222135963664
98286,6070.615568860885
98287,10170.27479729787
98288,12611.633267541636
98289,25892.011111943604
98290,14075.494175103286
98291,11750.645760444075
98292,7325.377073107431
98293,8712.268164812413
98294,8284.189956131411
98295,12940.0971792183
98296,9689.91019941061
98297,9270.552995213531
98298,11773.066262649521
98299,16699.305519799218
98300,16987.412791847728
98301,31476.41107459539
98302,7373.635950547572
98303,24330.639803584516
98304,20207.07511070402
98305,13174.975660129096
98306,8636.18076602508
98307,6832.06874795157
98308,17492.44151235893
98309,8753.344150048277
98310,17066.214973432565
98311,13006.103536418965
98312,6496.617347126511
98313,7682.7493684461615
98314,10407.328270649656
98315,5112.842822130377
98316,9223.248677675369
98317,20267.440700063937
98318,10403.814691744461
98319,12440.450457879038
98320,13338.320172320391
98321,8923.56756911084
98322,30690.528769413773
98323,11218.78615812623
98324,8102.797396596159
98325,6715.612365514834
98326,50925.8232100032
98327,10698.449434321776
98328,9055.249422166828
98329,6047.315725308093
98330,6260.811427765622
98331,7367.475303784623
98332,7972.427553292873
98333,12447.190248845942
98334,40858.22839111339
98335,9036.115357652241
98336,9414.899566485956
98337,9538.1532552145
98338,7711.031144293447
98339,7706.396094129245
98340,12626.745439845703
98341,10220.041713600278
98342,17731.87073879348
98343,12392.269211115863
98344,3394.026122057356
98345,7995.685457713045
98346,10125.757632852314
98347,6912.830978650043
98348,14569.106353508754
98349,11863.446171291598
98350,11977.709731476278
98351,8652.94986268179
98352,10806.20210824481
98353,14473.10730594474
98354,13337.077317005687
98355,6196.949691972051
98356,10787.534561054978
98357,9683.361484410341
98358,6766.956124742227
98359,11754.344189990055
98360,7161.991671611421
98361,13056.50665799245
98362,2520.168433600883
98363,11014.849987847763
98364,10325.89814340933
98365,9267.074586021447
98366,9954.074335826323
98367,16139.444033751386
98368,6556.062007910925
98369,8725.041737960022
98370,17901.423736766472
98371,13642.777704805068
98372,3977.2980381653133
98373,8543.282114238185
98374,23480.78217751412
98375,20842.627772479216
98376,14681.740059083948
98377,10111.818033944577
98378,7792.371217623348
98379,6457.435211878884
98380,10502.943415092126
98381,19141.040935577676
98382,9926.960907238104
98383,51402.3681367947
98384,8205.733938068512
98385,15073.221468457838
98386,16194.344354506213
98387,18684.46999776413
98388,14998.992907238051
98389,6751.162153180459
98390,14710.960266802778
98391,6318.383287947973
98392,9347.777254655693
98393,7336.661933732149
98394,19335.953274682568
98395,23062.838196652414
98396,7310.112356370018
98397,20250.717923671713
98398,7727.946115321095
98399,22802.853200630336
98400,9762.332206528801
98401,8250.1538048919
98402,7168.968145707869
98403,9260.828974414628
98404,10123.122759799711
98405,19307.83764281579
98406,18356.972195009792
98407,3445.8618401733092
98408,3858.7708129294438
98409,7571.774924098975
98410,16979.471163400223
98411,8003.576252607627
98412,8775.37546363958
98413,17671.357750581312
98414,7431.766813795551
98415,12336.176418047822
98416,8327.76961964439
98417,7976.315628935732
98418,6228.021778316011
98419,10007.2839651089
98420,8530.381176366507
98421,13034.05448865526
98422,7460.099668492156
98423,13269.59933943029
98424,9068.744839211766
98425,14329.955301013424
98426,8326.995909658033
98427,9284.77042856738
98428,17245.85217146618
98429,13247.66439413018
98430,9830.202503551469
98431,10244.4810739894
98432,14215.061990270402
98433,20417.48685543049
98434,11622.386932999007
98435,13323.674030709413
98436,22759.1337895022
98437,9745.096611239947
98438,7701.102372591926
98439,8987.839633487692
98440,15693.521358468794
98441,12607.63716848839
98442,21681.76946798231
98443,19112.339966317686
98444,22756.11338715122
98445,11495.283482746614
98446,9359.503081728937
98447,7132.132186110425
98448,19451.558304177277
98449,13862.585515221172
98450,9982.985247224675
98451,8772.810526125868
98452,24240.943661183
98453,8149.2269285248
98454,9824.445480582292
98455,11845.84995057674
98456,23747.29891025868
98457,11027.375313656106
98458,12595.348474711565
98459,8448.844234411252
98460,9053.336985095559
98461,23850.579041457346
98462,11522.686154071489
98463,22040.790591364577
98464,13679.392793647685
98465,9245.40613986972
98466,15459.049224383589
98467,7675.245321305665
98468,9272.848129001708
98469,18758.154332951144
98470,10627.6358592685
98471,18467.665937411726
98472,11190.744324052906
98473,11712.970684129501
98474,6377.231033602748
98475,7149.061497448948
98476,7994.151736959687
98477,10187.889321552282
98478,9151.505646736352
98479,6562.893167434724
98480,10727.724075588729
98481,5857.816468082293
98482,9840.366384982795
98483,23963.65006384974
98484,23964.459246558985
98485,9373.584980178313
98486,9753.821676066333
98487,13279.30609110676
98488,9941.720445372035
98489,11396.115342046056
98490,9959.262624026609
98491,21437.827176181032
98492,6365.983286954349
98493,13953.414297250905
98494,9234.08474646794
98495,11237.822655275058
98496,8128.306413351259
98497,15238.00022593898
98498,7725.869536107248
98499,9434.780278239003
98500,7869.111560465083
98501,9043.586151071351
98502,5662.398974022753
98503,7477.7009506372015
98504,22478.72872591865
98505,22592.85473602977
98506,7366.531654249216
98507,8232.10111359083
98508,10353.576545357604
98509,6733.384063344541
98510,10750.777108612372
98511,16991.875869264906
98512,6818.923654750387
98513,16543.011760920064
98514,11451.55726473254
98515,22526.932320935204
98516,15386.14628203479
98517,21647.48825427345
98518,14265.818562697274
98519,7032.610828147142
98520,13003.00953491145
98521,11107.231935858408
98522,10033.912102861015
98523,25149.73585042039
98524,8790.732611437417
98525,6562.893167434724
98526,13435.283963052014
98527,9692.393718882557
98528,8682.58907882589
98529,20949.62651351754
98530,8716.833773093429
98531,12665.518069852113
98532,12642.94959677264
98533,12272.803138531162
98534,10664.76716237317
98535,4402.835466721058
98536,6858.337702387544
98537,16001.391909843967
98538,8773.90355049202
98539,17787.21744605655
98540,6412.420613351733
98541,26341.778399295054
98542,9325.946216222803
98543,15492.81161437025
98544,11724.622827396322
98545,10085.37240894012
98546,7875.442008211912
98547,18698.049376187628
98548,3240.957937302924
98549,4885.001676142019
98550,12565.50403896255
98551,26579.261361375815
98552,13789.466507201672
98553,9736.749600036395
98554,2078.098304001347
98555,19386.707836564914
98556,12414.144379092815
98557,9128.733131424193
98558,9323.993722463472
98559,9900.639001085468
98560,2444.2968787715295
98561,19379.021744338464
98562,9280.318167173746
98563,14199.821387549728
98564,7479.256060413343
98565,11162.807826562426
98566,18690.753833505223
98567,7647.812527760951
98568,7391.908494747004
98569,19122.875480130995
98570,12747.236694004092
98571,10123.563265908038
98572,25690.049568675222
98573,7340.547379205247
98574,25753.507694761793
98575,10881.115686338564
98576,8631.751309892968
98577,9499.1872002619
98578,13301.631471564428
98579,8206.599392347307
98580,6237.929169202668
98581,9397.854950791509
98582,7931.995321859357
98583,13495.555012591327
98584,23115.280705931986
98585,7388.003145447003
98586,12052.06530081327
98587,5908.039679502465
98588,7511.934971554548
98589,20582.1604485186
98590,12840.398898560057
98591,9520.449994685127
98592,23379.43602333482
98593,10033.912102861015
98594,10001.96785280332
98595,13159.755544466709
98596,7720.345933798715
98597,6150.654407241348
98598,19586.4410692092
98599,21959.60270499032
98600,3109.772182205879
98601,11074.164816400404
98602,13998.499938800012
98603,14507.661455389625
98604,8730.295008758574
98605,26258.745296094217
98606,15226.803361965307
98607,6859.732263491934
98608,7512.38524532561
98609,14903.20977529735
98610,9775.991947148274
98611,4511.598296924521
98612,11392.383384236244
98613,5995.087482601969
98614,9108.599947295279
98615,10006.467005992545
98616,8289.17484826276
98617,10796.865854973707
98618,22946.171361633358
98619,17780.457829087758
98620,7847.195727486434
98621,8507.748883482416
98622,11303.220142895454
98623,10579.980094411407
98624,6176.80115928528
98625,6767.997522997479
98626,8594.243700524603
98627,18583.081626222585
98628,11584.202181589513
98629,14546.403514828899
98630,5993.957258681778
98631,15640.77216029118
98632,24559.44429567068
98633,8289.599863020472
98634,8708.968403828218
98635,13999.54128418019
98636,11623.972941601502
98637,10876.344526917786
98638,9583.603946499237
98639,7488.833549643089
98640,9447.054517790019
98641,22601.98686630386
98642,15216.262883638534
98643,13374.471347293153
98644,8934.196225354113
98645,21813.545819412928
98646,13184.235425512117
98647,8688.835301335597
98648,9487.06121138864
98649,9666.920085288051
98650,5761.88442859641
98651,6994.753549417086
98652,14245.855677645703
98653,7505.061383007614
98654,7539.221803846357
98655,10934.118058136812
98656,15779.20394367823
98657,9331.993331573653
98658,7170.319214745843
98659,7757.265448163306
98660,10777.706868788104
98661,9659.483747258355
98662,12773.790995863796
98663,9645.07825621772
98664,22121.108110157813
98665,12381.420322114109
98666,9408.061087614691
98667,9596.723363703217
98668,19579.746035070788
98669,9216.492084023175
98670,14331.674200803176
98671,15643.538214588341
98672,5841.6723625153845
98673,9660.00286301195
98674,13251.65647364331
98675,23333.859692237977
98676,11681.670992496318
98677,25624.41564148428
98678,9444.275936586164
98679,7342.603698755965
98680,51706.70058885141
98681,10693.44913793941
98682,10579.322761639927
98683,12000.314552224612
98684,20719.951476468108
98685,10742.090765801056
98686,25043.099217846167
98687,7977.5072219909025
98688,9311.02275580099
98689,11975.408302029417
98690,9320.003001364183
98691,7697.197620833333
98692,20130.13090439061
98693,7404.26709842208
98694,14695.492044320525
98695,15612.506044982538
98696,14015.10966082009
98697,15604.488905712207
98698,11964.855517807588
98699,11598.706340144607
98700,16735.484205725297
98701,18467.665937411726
98702,9696.268191529303
98703,9085.455370778767
98704,22420.40076141428
98705,9839.313606427178
98706,17859.07738434042
98707,24066.822003711826
98708,11318.265987810852
98709,9229.272165596565
98710,9243.288516343802
98711,14664.745818864785
98712,22049.80380872207
98713,9690.887001129246
98714,10443.06322948843
98715,7696.110410717584
98716,10815.961531848003
98717,18204.727987710092
98718,13046.454929522206
98719,10624.065623847442
98720,8686.423313581898
98721,18968.765939147812
98722,4364.799180486282
98723,9133.761812386203
98724,14332.195510775327
98725,25387.15280871249
98726,12262.787269822167
98727,10956.242560733413
98728,10804.837661727599
98729,22176.096703062136
98730,13423.84798634355
98731,7946.2210354445115
98732,14179.334534466916
98733,14829.29763338163
98734,6675.602447937184
98735,13895.761508101552
98736,14654.772653729297
98737,22494.92536182316
98738,12402.333513109814
98739,7377.234481437682
98740,6779.1488403927
98741,22526.932320935204
98742,12233.53938183584
98743,11038.656152278545
98744,13244.368371653803
98745,19285.023201356944
98746,11798.994715249202
98747,10748.779900963953
98748,21892.92103307576
98749,14492.096011846837
98750,9671.704449959652
98751,25057.655641885485
98752,25234.518115709954
98753,7701.102372591926
98754,25112.18245174365
98755,8346.059786161644
98756,9875.951337105584
98757,18985.32069638857
98758,13929.328042664067
98759,9219.751454979942
98760,13242.5655152986
98761,2143.894643077241
98762,6731.05384364416
98763,4864.563356870406
98764,9599.780603241416
98765,5037.212506533251
98766,17596.951082314088
98767,8363.107317578451
98768,3405.8996360118213
98769,12862.592598490959
98770,25335.803706186165
98771,21771.35688679087
98772,9942.2598799452
98773,5847.016981501839
98774,11715.230896640738
98775,8284.138928710263
98776,7512.928934148507
98777,15496.411074318228
98778,18204.347330178116
98779,16542.89541874603
98780,20272.809888056196
98781,23806.559882515096
98782,9533.352876551988
98783,11904.95046704535
98784,8880.164391677956
98785,7514.257858681683
98786,1753.3805060768345
98787,10489.765128873174
98788,14086.737155531857
98789,13968.713635976665
98790,14086.286967403605
98791,12020.058058555376
98792,12330.901510166224
98793,8429.22220649677
98794,8362.631510898604
98795,13691.038575745455
98796,11638.328677288597
98797,7320.698155872667
98798,15887.97330154868
98799,3242.0822598994987
98800,16412.26922355139
98801,14925.407227191845
98802,20263.534071108053
98803,11293.993748474342
98804,13642.758168089724
98805,9388.807826869928
98806,7070.988801541937
98807,9456.185258690983
98808,22150.325797254907
98809,14652.745895318474
98810,22433.685238457438
98811,28983.746613609743
98812,12625.836891479346
98813,13075.549876646206
98814,2686.266851863511
98815,10424.834715051
98816,6850.487413778639
98817,13272.819784230825
98818,24986.13452751795
98819,17439.277516022314
98820,18620.7530811869
98821,11498.492297975085
98822,11145.195280826076
98823,14999.367283022802
98824,7636.910271647661
98825,5702.9063795353495
98826,9522.400235660563
98827,11753.450730641316
98828,22258.113129446214
98829,13195.471116670082
98830,31215.672200385976
98831,7492.731276929782
98832,18620.7530811869
98833,7315.944741895938
98834,22566.336322268464
98835,24543.40046390343
98836,10031.467075759161
98837,6517.90983487698
98838,2217.1604026506184
98839,20599.18170277667
98840,21134.80739708148
98841,10032.796471187272
98842,10027.981713700341
98843,10372.083808008783
98844,7571.871929998929
98845,17926.460774516258
98846,24555.56746141248
98847,10855.39129661332
98848,11915.970704059662
98849,8423.381934885763
98850,14143.402469123996
98851,17878.090799813326
98852,23476.56141184064
98853,23647.76267927974
98854,50260.38173195648
98855,9989.480448998274
98856,15113.773474088895
98857,27447.78881628208
98858,10402.42511384435
98859,21751.340216868983
98860,11948.388023640426
98861,19991.331347931402
98862,7152.71844950018
98863,9558.750316407706
98864,11988.693524187045
98865,24461.02570240399
98866,12000.314552224612
98867,8019.744636663804
98868,6024.083231181027
98869,12323.686086837215
98870,6721.520650537365
98871,10541.32808550862
98872,12954.405127896685
98873,8163.719501657635
98874,6330.620961114266
98875,28029.01627434818
98876,4834.95741503365
98877,21446.003716514824
98878,12392.341835029076
98879,12421.721057499006
98880,8842.095766223309
98881,7340.519290602879
98882,22398.384336439096
98883,7377.82656927453
98884,8675.271402109494
98885,7787.345004091991
98886,22359.39945892311
98887,7065.331090919601
98888,10939.055528640418
98889,8328.474348244912
98890,17470.98538451433
98891,20721.66166643681
98892,14464.09174848662
98893,9264.598903737999
98894,7651.878339479535
98895,2782.3165065190638
98896,6024.830229037376
98897,8142.981579071656
98898,7104.384680385307
98899,13198.410089608162
98900,21856.463050082628
98901,10091.158389674461
98902,11361.67968911433
98903,10893.934563306108
98904,10828.963573368965
98905,13129.182416397016
98906,7091.125993653903
98907,25064.358006701776
98908,9206.97731275145
98909,21274.68472815356
98910,7727.753524078225
98911,52134.2840710678
98912,18591.632985832923
98913,6847.459727733057
98914,8152.891559026664
98915,12821.38987762901
98916,8374.95316729813
98917,24839.853612134964
98918,17274.89573428957
98919,11681.670992496318
98920,10585.446707737245
98921,12844.168549383066
98922,6918.971038051025
98923,9588.487860733569
98924,6585.050487658052
98925,14819.999382618153
98926,10170.27479729787
98927,9121.99749306681
98928,21521.486158423966
98929,9297.536189556966
98930,7394.6303060746095
98931,7106.979511534204
98932,24517.59346531223
98933,11209.402460857516
98934,15974.749685777057
98935,17090.481977118503
98936,10108.285310167264
98937,6498.430508331973
98938,13180.401267978928
98939,18722.442392630343
98940,9711.653290490625
98941,14176.167280673284
98942,20467.92676683944
98943,11345.47126405292
98944,11431.411935397738
98945,5530.219441959181
98946,11857.218857243524
98947,19273.02435114563
98948,17919.235303027228
98949,12513.323885470876
98950,7099.241607959629
98951,25474.857418480296
98952,10157.748052954734
98953,6560.161720997132
98954,9200.145352191368
98955,16849.205970057734
98956,19677.487361182877
98957,7210.5465404884535
98958,7649.955481617456
98959,6785.61772730995
98960,11003.618688302762
98961,9248.808957900255
98962,5542.003553579573
98963,2107.195650359911
98964,6956.3513228290285
98965,9308.607539972825
98966,12657.291008820792
98967,8891.819120625732
98968,16976.615724258216
98969,7374.740259426088
98970,11425.803888642291
98971,8150.510196678522
98972,19502.960037129054
98973,17206.052680569614
98974,11411.696159349225
98975,23580.510351492398
98976,11817.872970979572
98977,32395.638997619568
98978,19298.512928669534
98979,13041.984995784424
98980,20956.594469419946
98981,20365.8431521716
98982,12176.513363041855
98983,10089.201134526817
98984,25481.88311908635
98985,19604.022782582764
98986,9239.440707174404
98987,19825.36870000687
98988,18208.80698427454
98989,7013.138434463566
98990,9489.544762583973
98991,10245.567199943658
98992,8135.111890075508
98993,21154.216798591126
98994,9702.812607667023
98995,24981.702235019657
98996,9328.094957315865
98997,16452.14563832315
98998,7633.764828214802
98999,8760.234797950474
99000,12995.577103564523
99001,10651.987280683885
99002,11043.656572353268
99003,7807.042594817872
99004,11992.421872379005
99005,13572.201102631396
99006,26574.78131454417
99007,23032.666872820188
99008,7701.102372591926
99009,32395.638997619568
99010,8683.151241030386
99011,12633.8048147237
99012,13715.033984345695
99013,8717.807283991948
99014,27569.601641967707
99015,20899.4529721052
99016,14914.276660007723
99017,5587.059575486435
99018,10426.052323757776
99019,9156.097376283184
99020,7010.439358995272
99021,25352.36456177178
99022,11529.739839252521
99023,24488.97170315984
99024,8588.613964306345
99025,6165.789768033815
99026,15701.092472225198
99027,16896.16278311399
99028,9315.215878220382
99029,15262.094815232536
99030,8638.40784342382
99031,25225.34958736245
99032,6015.155150021421
99033,9316.640975260261
99034,12172.62606573089
99035,11940.758745173773
99036,24717.946686915726
99037,17355.918385800353
99038,21533.382096600333
99039,10789.545326668498
99040,17050.614054124202
99041,7839.594844975138
99042,9988.102485758862
99043,17549.2388813339
99044,15274.742910621979
99045,24884.955339759952
99046,7432.032958831747
99047,7162.623287325672
99048,8925.507693096884
99049,9320.808635041589
99050,9941.064857773194
99051,7070.644292825685
99052,9491.820011151744
99053,9549.597388415956
99054,21955.277828762126
99055,8847.194049127052
99056,9304.567916135162
99057,13118.691792987736
99058,27365.8257980749
99059,9214.01481569617
99060,12358.97375547761
99061,15453.510619283923
99062,6004.105300887118
99063,8689.478415902473
99064,24747.748147281844
99065,10341.610659788817
99066,9320.423462432329
99067,19100.561036265754
99068,12419.30302297928
99069,6897.3765078801325
99070,8492.530152646292
99071,11305.66135869139
99072,14785.541116564495
99073,14276.285009947122
99074,8206.599392347307
99075,15325.93294793203
99076,24619.482628626378
99077,12700.582375685924
99078,25867.402134046413
99079,15593.462865177517
99080,7196.609257670199
99081,9194.852555737043
99082,13048.832702122276
99083,9481.928350365972
99084,13412.982966650903
99085,7142.80264265312
99086,8401.877456721453
99087,7638.137549326536
99088,10196.447272550464
99089,12393.89477268142
99090,6818.9274199082365
99091,15726.537202230576
99092,16537.654564834535
99093,9378.985981144622
99094,24534.076299371143
99095,10352.607368444444
99096,12078.782131120308
99097,11363.930272177613
99098,22598.60066813797
99099,10585.455913550279
99100,5950.490494071474
99101,8937.39286150427
99102,10786.951278782535
99103,6361.588306953321
99104,12890.965107550015
99105,6424.405465283053
99106,19714.303984943646
99107,13178.098407789728
99108,14096.241677686217
99109,12303.084461890223
99110,19094.371736808378
99111,7375.070499869097
99112,11946.89539275755
99113,13489.160586203858
99114,6224.252632828701
99115,10287.412008023906
99116,7112.998203984525
99117,4725.293964235569
99118,22113.40998917141
99119,13293.055827023962
99120,6294.825340049152
99121,11505.177431236254
99122,8888.107544930323
99123,8998.881505534031
99124,7725.967519474759
99125,12447.14782894161
99126,7702.764179800264
99127,4423.419558407086
99128,7347.46135456529
99129,3433.2821547526387
99130,10425.534437263192
99131,18323.01187070272
99132,7398.227016451451
99133,7166.042676192131
99134,22565.149166018815
99135,19069.917780182383
99136,10727.498574915326
99137,6150.537647779217
99138,20739.905619499867
99139,12898.170516120543
99140,8297.210661105391
99141,21842.873412614783
99142,11049.289611184997
99143,7119.257632511743
99144,9442.141877026885
99145,27924.593144429586
99146,19010.201748125117
99147,10976.314230311535
99148,10202.790435650293
99149,8382.610782794198
99150,46679.45273312656
99151,10806.20210824481
99152,8819.323055842213
99153,17279.085179801357
99154,7486.093337638304
99155,11766.125705805154
99156,8382.415509854023
99157,10965.094314385875
99158,17147.36852331885
99159,21703.848604824707
99160,3348.4283502722174
99161,12778.884055382077
99162,10714.383568501715
99163,6728.276389889389
99164,17425.0866513524
99165,15366.640541140097
99166,7866.5226812994115
99167,7584.150619311349
99168,9194.806794412467
99169,14136.786886813845
99170,5915.717474962446
99171,12940.944224643928
99172,9545.012375111766
99173,11137.079085602743
99174,13158.195557865754
99175,7703.855987425686
99176,12388.154806934133
99177,7199.280999470431
99178,10854.263345442188
99179,9459.087056325507
99180,10801.790900939577
99181,7496.833421679957
99182,18249.052082270275
99183,4786.954717559533
99184,11856.52973947088
99185,6837.250338701342
99186,10923.703424777339
99187,8508.208580260214
99188,4354.945274294308
99189,15082.288791673027
99190,9667.939964785004
99191,14831.062692269046
99192,22328.83649576309
99193,13141.220514908353
99194,13210.392112247046
99195,2438.6077989320347
99196,7119.022569050842
99197,8089.914466065156
99198,22084.551254023812
99199,26683.164398913752
99200,10125.757632852314
99201,29615.289004492293
99202,13325.140117036515
99203,9014.070185027278
99204,14614.549618859928
99205,20134.166871087476
99206,11327.742815807105
99207,11321.18496362107
99208,10434.799216189027
99209,19085.679132759466
99210,7030.946974060974
99211,7374.734401370874
99212,23658.0603249548
99213,8190.561733047821
99214,11434.64579885227
99215,11111.83043872688
99216,10203.87041302484
99217,11577.540039044892
99218,8391.952061029848
99219,12857.01002933547
99220,7984.774309573245
99221,9401.327503000044
99222,12867.794601563171
99223,8842.095766223309
99224,7468.419471224311
99225,10561.09736068801
99226,9048.196589219713
99227,8825.511349712404
99228,11475.855792303992
99229,11920.515053621926
99230,17157.416054804267
99231,17812.842735014223
99232,11894.044355905504
99233,6461.5197763411115
99234,20695.191766013442
99235,25720.507438283083
99236,9186.672233037978
99237,6538.807814711646
99238,11743.870601047753
99239,12086.746252607158
99240,20396.730669273267
99241,4948.80226378435
99242,7824.020475888734
99243,19797.71003693607
99244,9552.516685995532
99245,17630.74516264403
99246,13489.10674361385
99247,9285.919713093583
99248,9167.253865792078
99249,9988.826795182302
99250,9641.861896002769
99251,13119.930436604902
99252,20221.940389641833
99253,9399.398900955584
99254,23950.312400631938
99255,19978.42122868618
99256,20402.682736576728
99257,8681.655560689116
99258,15735.531023493057
99259,7740.276286620059
99260,17046.74474187142
99261,12401.584126761612
99262,11025.702568933755
99263,6475.50191072277
99264,19189.86690523287
99265,11761.85622937653
99266,10107.083959578022
99267,19285.023201356944
99268,10414.866413350672
99269,8708.98969023327
99270,9231.518925865148
99271,7679.818460206556
99272,14024.198994969885
99273,23349.64551981032
99274,3792.3711784293378
99275,14736.883609314478
99276,10953.809598306692
99277,9388.807826869928
99278,11180.931880617785
99279,5285.543303085015
99280,22439.014576517082
99281,14451.492784999436
99282,10107.120446339604
99283,2693.262746698592
99284,7911.113812835431
99285,24675.332902277965
99286,7489.454960596096
99287,11854.945792546556
99288,20240.942800078814
99289,17279.99217335494
99290,7348.76767647784
99291,6322.847013635081
99292,17252.460586660643
99293,11698.577793685423
99294,21660.898352287975
99295,14362.730800752503
99296,14802.028706944346
99297,6080.167111915518
99298,7271.1478521283825
99299,9691.817937016536
99300,33803.1285103715
99301,6934.991113949449
99302,7842.103955874797
99303,13187.429928257632
99304,10219.561891719437
99305,6074.004517442882
99306,8475.164405861673
99307,12867.734020082029
99308,10672.067657256779
99309,12720.42442000894
99310,6342.352107352392
99311,19328.92170272115
99312,7690.457004431831
99313,7604.326208452508
99314,20611.27715063713
99315,9328.094957315865
99316,13391.06813606215
99317,21210.853203941402
99318,11236.905792735957
99319,15067.54157894687
99320,7649.288275096811
99321,10165.65468421742
99322,21876.395950577364
99323,6671.069078181951
99324,8012.864152117958
99325,11819.106401279414
99326,7463.018474777144
99327,3548.992316155205
99328,21113.843356604713
99329,7827.7534000380265
99330,6620.324087672648
99331,8183.765730985648
99332,9526.359185779824
99333,13035.636276201725
99334,12859.974441555456
99335,17555.75948952872
99336,7303.923079409569
99337,24878.214036591875
99338,8788.365927475836
99339,14823.391599296174
99340,10625.92536459327
99341,10076.526346289791
99342,23206.99568797235
99343,11884.565537827493
99344,7255.593407924982
99345,14192.546848575288
99346,13577.306458946341
99347,9744.222563280828
99348,24559.849915755065
99349,22752.458439384674
99350,16052.255364797262
99351,13342.225461517612
99352,9515.017276194032
99353,14355.731447781094
99354,8228.06040978059
99355,8931.22438631989
99356,8508.22910514402
99357,12406.540047633704
99358,6263.124870866802
99359,7479.770906327748
99360,14638.997774435871
99361,8791.751310139625
99362,11967.61621427365
99363,10793.481596029993
99364,11841.147535789547
99365,11825.147411047972
99366,9199.336491300803
99367,15671.838480631053
99368,15563.933630672138
99369,9949.49766868436
99370,21702.081794242695
99371,14159.250626678562
99372,13444.33725592691
99373,7038.8284722545695
99374,12548.932434854645
99375,11840.63733376926
99376,22189.438027633754
99377,11078.251826129632
99378,7672.979653890156
99379,24403.34739556669
99380,5201.388668894745
99381,3432.4785735554337
99382,20702.133408843416
99383,9477.684376112173
99384,8997.871970397662
99385,25089.100968114086
99386,13181.854087504697
99387,30951.453013186252
99388,11395.878331192183
99389,22667.272216221645
99390,28789.905547615126
99391,11070.236271179589
99392,10111.818033944577
99393,11063.06800060895
99394,9913.923293807975
99395,7174.413006039457
99396,12466.029883455634
99397,10747.411832564318
99398,8621.012963039318
99399,8793.435523476233
99400,8616.569607602958
99401,25504.776687209956
99402,3029.698743326237
99403,27711.336224198814
99404,13423.340760019897
99405,13298.83299235694
99406,9812.503168927286
99407,17739.260898220793
99408,12858.986454798383
99409,8531.776523788674
99410,6629.649013929515
99411,7054.77145479214
99412,10335.562518047094
99413,7576.999349970714
99414,19954.769008097504
99415,10712.349621159585
99416,11799.112133306617
99417,10241.530965257462
99418,11099.300551126873
99419,13816.85243753919
99420,3664.4666608447924
99421,11815.781646607653
99422,19067.786942645347
99423,20073.12562173563
99424,6964.62203740549
99425,13588.031175695072
99426,10076.249951885802
99427,7512.437790986121
99428,5418.261092343153
99429,7443.174636103114
99430,10372.112357111759
99431,9379.627723911219
99432,10769.69808462381
99433,7501.348417278802
99434,14499.21576084032
99435,17759.828304475486
99436,10389.050483075414
99437,12356.93095603746
99438,8048.782699553514
99439,17606.408196845303
99440,21779.210794058163
99441,13792.710268462883
99442,7413.688205488908
99443,16935.42065540704
99444,5611.37305859081
99445,12169.252771107918
99446,17568.046427203557
99447,9140.281987563541
99448,11689.343897221277
99449,6413.643503853248
99450,6578.7548945888975
99451,7799.522537315819
99452,23328.063325724303
99453,23377.08609991496
99454,22174.128610705793
99455,9218.970562590606
99456,10363.372711691905
99457,10318.771559947194
99458,8020.6842751952445
99459,13436.14769850454
99460,7088.973809123064
99461,9644.899631390623
99462,10629.997274528236
99463,14573.363213420853
99464,11911.180232607578
99465,13911.997737922138
99466,9546.708380902275
99467,7509.2069329686765
99468,3839.4856868576617
99469,16286.135452173403
99470,9755.573250375932
99471,7109.084852559748
99472,5515.025249047363
99473,12772.1535508529
99474,11446.101112108254
99475,3804.8486746421904
99476,9442.141877026885
99477,9923.919434839456
99478,11224.343543301913
99479,6105.947375509075
99480,7340.135502321013
99481,29315.526690132876
99482,17168.993106468733
99483,7475.621314755973
99484,4315.0601428187865
99485,7692.712378795676
99486,8725.413271296517
99487,27695.529995157005
99488,8750.4826315686
99489,7050.101343911292
99490,7677.278735245734
99491,19749.04884627442
99492,20932.91527739673
99493,10231.627716275772
99494,6711.546707225837
99495,6934.499914151572
99496,9487.026527816646
99497,11442.944213551269
99498,9413.627783148007
99499,6344.59245366722
99500,6357.785909081114
99501,8787.86042857651
99502,6142.685115159611
99503,12282.980392100528
99504,9562.686897975953
99505,19009.074779315546
99506,9225.22455635813
99507,19247.797347573727
99508,7286.787303501088
99509,24130.179369354995
99510,5063.2845377974645
99511,9434.912352421721
99512,16735.484205725297
99513,13811.482105347666
99514,9652.274083524973
99515,10095.715627379435
99516,11605.151120252174
99517,8638.40784342382
99518,11736.294087739545
99519,6573.0126714584785
99520,8268.47677227019
99521,16090.721632794774
99522,11658.585428013084
99523,11013.384384968193
99524,22924.593497804963
99525,10379.199791322622
99526,12077.697992459012
99527,13543.003052844222
99528,16244.200283439974
99529,11693.758753982249
99530,7606.286210947861
99531,11366.901221556218
99532,6549.6913664263775
99533,10144.744910992342
99534,6595.872257398735
99535,7902.502984076125
99536,18590.6426199119
99537,10502.895770334786
99538,14315.229079042207
99539,6929.349478036148
99540,11689.372474177719
99541,10144.149037966252
99542,13023.7447101504
99543,8712.545478483835
99544,20854.829756628726
99545,19802.479346664317
99546,11262.127577994252
99547,17482.954303339364
99548,22114.71990923413
99549,11097.816811154047
99550,10113.518530350178
99551,5873.990231657985
99552,25001.43414722873
99553,12365.056691169182
99554,7562.7449232415
99555,22419.62092417397
99556,8467.032763901801
99557,9669.643056630783
99558,7550.7817368526985
99559,9655.599140479075
99560,7731.85114634122
99561,9470.937184652961
99562,7624.752649897601
99563,9272.307508519165
99564,16535.72836321277
99565,13759.494756617854
99566,9958.475859976234
99567,11420.66203763065
99568,7197.8069633558935
99569,25205.63810855842
99570,8225.48007038924
99571,10483.991215604807
99572,20589.04802430745
99573,9331.499941700236
99574,6240.680407808865
99575,10466.254409040199
99576,6276.295193744089
99577,17476.028380593467
99578,17891.57852727311
99579,19574.056964571366
99580,10641.147587067117
99581,8109.103646711762
99582,16447.626620408926
99583,9239.694240723775
99584,12267.03392873835
99585,17837.176562171837
99586,11713.419713997215
99587,10957.389865834604
99588,9011.42228265438
99589,6682.203810110238
99590,11859.874557263038
99591,12729.466508560758
99592,8465.46251607074
99593,10643.57568408852
99594,13006.319929595933
99595,29776.22664068714
99596,19500.223291010127
99597,10957.889279935092
99598,10078.954477270156
99599,15389.878172501303
99600,10101.57440541248
99601,21674.79001422667
99602,18444.65587570694
99603,9527.342946157514
99604,6617.967399061962
99605,14150.068438760343
99606,18443.93626408727
99607,9173.75680395365
99608,11747.551984323884
99609,7299.674918953172
99610,10971.023002409876
99611,7515.536182979429
99612,10085.271316381793
99613,21643.99264578872
99614,13011.683151890287
99615,6276.961669029219
99616,8965.447322504217
99617,7244.273992806624
99618,14998.992907238051
99619,6990.03532162171
99620,12346.607065783006
99621,3041.449800187008
99622,6917.457687914441
99623,13203.562365375854
99624,21863.047396195325
99625,11306.479870632347
99626,24522.874176520672
99627,11218.448946798462
99628,15163.383202865285
99629,7697.4984293868165
99630,9656.626272629956
99631,22055.970954989356
99632,18569.74983341339
99633,14492.096011846837
99634,11627.935182082843
99635,11354.56793803178
99636,7338.0243343667025
99637,13415.915323942969
99638,14394.892243290598
99639,8959.554367790613
99640,15133.448747951272
99641,6832.644352202885
99642,11484.10635240922
99643,17544.045229937314
99644,11857.218857243524
99645,11406.239537081265
99646,4113.722904694916
99647,30652.49937845523
99648,16735.484205725297
99649,17443.95122353767
99650,8997.842298569672
99651,27844.144989136734
99652,16849.322089942245
99653,8518.989099217059
99654,13493.244452305316
99655,7917.149318130981
99656,7907.766444843267
99657,12807.727827673352
99658,24213.22327259096
99659,7884.175599972267
99660,12440.108030213429
99661,9271.910336198158
99662,11820.340622908221
99663,6686.764637844901
99664,19737.212465013174
99665,22365.245878475278
99666,14118.35243559942
99667,6420.508408949892
99668,21114.141560271957
99669,18557.590545076255
99670,9653.452008638278
99671,10219.467797578201
99672,7731.934596313018
99673,18778.35719170065
99674,3307.6662794777144
99675,6648.816580039657
99676,11718.892688017755
99677,5386.646127270549
99678,6932.020893201636
99679,7789.597421181623
99680,8721.20076206068
99681,14185.225963067422
99682,6892.5780022479275
99683,11989.658808606693
99684,11994.729070660209
99685,14426.267417736794
99686,13925.425286070551
99687,9439.921957979841
99688,11988.813476873936
99689,11060.877352675658
99690,11486.250585589087
99691,11676.203753128444
99692,19902.716149626056
99693,7494.857333901425
99694,15568.840213047348
99695,7815.3243037773545
99696,13144.844924759553
99697,8675.271402109494
99698,11536.932014315573
99699,11000.748227990178
99700,15147.196232034381
99701,9071.66387362976
99702,7876.398284574674
99703,20221.00711441376
99704,14856.17530801126
99705,8030.258102841896
99706,21556.573228352398
99707,13079.455904099474
99708,19523.163351755346
99709,11205.528961806043
99710,13182.61368751378
99711,8035.303448935222
99712,13851.641208146268
99713,17346.20126220544
99714,15776.98455265922
99715,16106.437916371458
99716,9098.773968541236
99717,13685.914717672174
99718,21033.04999546159
99719,8372.100839722902
99720,11005.277691160227
99721,6386.555048575794
99722,13070.592370387116
99723,11760.783310949302
99724,9989.480448998274
99725,11603.148790074209
99726,8689.823736882807
99727,14154.992913986045
99728,51479.908777051765
99729,13217.875896878222
99730,12215.8993904513
99731,12813.656921524602
99732,11198.195943708914
99733,8804.922053419908
99734,12968.711288729695
99735,14205.751346513507
99736,28641.885633108257
99737,22459.244921354813
99738,12628.623167079832
99739,9126.852117137361
99740,20853.12139746573
99741,17851.72043550032
99742,20532.12837027555
99743,6710.4353268921095
99744,8195.685459977785
99745,8709.823822489676
99746,11179.957468587552
99747,8557.13742936429
99748,2568.3896917299194
99749,14836.10984741986
99750,18468.10605402561
99751,13577.335867747577
99752,7293.351534931336
99753,7353.966795733598
99754,13343.745887928182
99755,11901.572367488734
99756,6670.132903583877
99757,12186.076802580292
99758,7786.661816390645
99759,6551.803148226893
99760,9613.896466846312
99761,16319.324633183713
99762,8661.531181663448
99763,9810.807488556375
99764,7587.039372481661
99765,9683.890170984785
99766,9793.6168427247
99767,8491.094450085366
99768,14968.23964908887
99769,12710.673068956252
99770,14831.062692269046
99771,8930.043193051382
99772,15228.811374061701
99773,12902.468401615719
99774,24660.50163416586
99775,11607.36442646618
99776,6521.7288028468365
99777,6546.8637431731695
99778,13414.61838711766
99779,14075.494175103286
99780,20198.305269448516
99781,3574.1990827157247
99782,4554.24357896256
99783,10480.861894234182
99784,11838.330666020507
99785,9775.875781385832
99786,12496.637591228395
99787,20059.513888662634
99788,11195.279126453952
99789,8297.081726925768
99790,14075.494175103286
99791,22852.818345451484
99792,6945.081805495686
99793,15345.747124096728
99794,5713.734269590149
99795,10074.580835949037
99796,12996.034077665134
99797,6095.384625486982
99798,5857.816468082293
99799,6198.639424109603
99800,9124.286243971621
99801,10988.247599810325
99802,9231.675782458948
99803,24921.42660789335
99804,7825.465324071003
99805,11609.041096107809
99806,22117.17511420235
99807,16073.451244130598
99808,20158.448794180167
99809,18590.6426199119
99810,16436.981055065447
99811,20073.134413695385
99812,11584.202181589513
99813,9140.71105323959
99814,11235.156808777268
99815,11969.53349402722
99816,8317.115148566798
99817,20627.86061332947
99818,33112.67236638383
99819,22050.84695554967
99820,7334.104180711717
99821,18858.243731862265
99822,7055.28252091647
99823,8584.493311202708
99824,8120.825017612597
99825,8264.294736632814
99826,13917.667062068942
99827,14144.321744913726
99828,13110.342501096204
99829,6399.685017953608
99830,9447.447517168726
99831,11631.757880283449
99832,12017.080244484236
99833,12898.425347850596
99834,8689.823736882807
99835,17548.484526809312
99836,13729.577530295423
99837,19235.32967171796
99838,11606.32620161509
99839,9158.5609023666
99840,6291.613401240279
99841,10694.946115574794
99842,6904.710594010987
99843,7688.707946555514
99844,9197.268188968652
99845,17115.344641106058
99846,7762.485057116229
99847,9819.253351233623
99848,13504.062804942005
99849,6556.062007910925
99850,13407.844723018203
99851,19508.688756986357
99852,8559.683828904055
99853,10918.784448961544
99854,10476.335065437315
99855,9907.895961128868
99856,20861.911978056778
99857,7609.10273973147
99858,11810.07932546412
99859,19659.85036560149
99860,1928.2248475467536
99861,14091.144184654304
99862,6914.879960524126
99863,14127.95144582571
99864,12964.853058912226
99865,9630.556086691584
99866,22425.222957114045
99867,13525.791999139119
99868,4935.8261974851575
99869,17394.263648876164
99870,11652.554933606722
99871,14696.514525842611
99872,7518.64463511512
99873,10588.126665944843
99874,11673.734480524872
99875,51100.81446739971
99876,19017.785861332806
99877,9213.57413476977
99878,13368.655931944446
99879,12769.49884691809
99880,7587.039372481661
99881,13781.043227466265
99882,18672.726734271113
99883,24640.7966457733
99884,7599.650995968911
99885,12620.588144123525
99886,10364.432938433565
99887,6872.94060370383
99888,22582.676104973052
99889,12742.926487034036
99890,7646.919833372697
99891,12444.631710924226
99892,9386.362659654911
99893,7811.265599502864
99894,25562.000189423674
99895,6460.355822613166
99896,10309.865029634184
99897,6801.100661684103
99898,11753.455166790787
99899,7724.07606846317
99900,10945.67476628758
99901,11787.333268186234
99902,11626.57917417119
99903,9779.274433088596
99904,9637.640612365583
99905,10663.550590116824
99906,16202.26705719106
99907,11583.00084620454
99908,5732.012515158515
99909,14110.105881341122
99910,9416.672094032108
99911,15296.350908870223
99912,9680.672431573368
99913,18478.76204652675
99914,7464.440805927639
99915,11270.143319033705
99916,13105.119794497601
99917,15317.018591797714
99918,2388.5100849720625
99919,7549.422281785088
99920,14112.398816727613
99921,3906.9403495972056
99922,9023.778760990575
99923,12219.208201595184
99924,10297.245144543658
99925,8291.858422852958
99926,10027.434193575778
99927,6048.81748144588
99928,7351.046007161412
99929,13882.284123743077
99930,14443.29125008915
99931,14809.956634210954
99932,15513.505148513716
99933,2499.247778407931
99934,6650.695240577601
99935,8139.434313522768
99936,8942.797310188986
99937,13772.385677864584
99938,9596.24725695546
99939,9639.524170570745
99940,9539.972084367895
99941,8964.025704351727
99942,12745.945140044767
99943,14773.186141766197
99944,9781.689620080371
99945,11978.01089212567
99946,7518.548810956435
99947,13334.448853928116
99948,7611.306388422709
99949,10781.07425214415
99950,7455.557286610035
99951,13006.860683999665
99952,10843.622417136767
99953,12967.796436168319
99954,10337.182748260682
99955,7982.131422857534
99956,13063.332572940157
99957,15584.57351424195
99958,12716.897630269541
99959,10904.175747499634
99960,8725.138937713737
99961,13624.898318852927
99962,19556.46183451578
99963,11412.095214489475
99964,7214.47147649309
99965,10562.179482583533
99966,5409.960649039763
99967,4951.877291910226
99968,6877.955985610325
99969,7026.481839375755
99970,9418.233827637034
99971,5355.673935399371
99972,12866.944100641394
99973,6844.85931129596
99974,9645.821345906876
99975,6997.388624728826
99976,20549.65484581635
99977,13091.442525278979
99978,14414.066048386529
99979,12712.290192335264
99980,7905.368479076841
99981,9551.13052725463
99982,11677.715257664335
99983,6455.28745098464
99984,14822.18162128852
99985,14584.182187312064
99986,16038.45476246325
99987,7568.67243945474
99988,7158.5131529052705
99989,10432.196640391268
99990,14316.89704786002
99991,15124.369147612297
99992,16672.420070374013
99993,10928.526553757065
99994,8155.529220165183
99995,10024.364003022196
99996,14754.349352165242
99997,6755.976584415078
99998,11199.931450518618
99999,8191.855579701036
100000,15599.882630864302
100001,6843.070738017967
100002,12779.42079688686
100003,2886.604381231913
100004,10962.308646954667
100005,7463.2438782974605
100006,11162.14113878693
100007,10803.447378162493
100008,15358.074549108525
100009,10733.19231711399
100010,12590.576262541841
100011,10969.919570634987
100012,8076.818255890565
100013,12776.95120978091
100014,14394.175113061974
100015,10293.553632231997
100016,7965.838097669061
100017,9294.880600448729
100018,8129.300468828143
100019,8605.899743731667
100020,8053.618336491312
100021,4778.650932222261
100022,9199.296759246905
100023,7928.038436938094
100024,7817.463282999705
100025,12324.757855143325
100026,9708.195124540509
100027,8784.441434136
100028,9976.554901712003
100029,14765.126338865006
100030,11900.99083870191
100031,8020.45599206485
100032,15761.169960356408
100033,10990.878036132566
100034,17019.86181666006
100035,4655.535672714506
100036,8287.69314650583
100037,6248.451405942144
100038,9283.542388671252
100039,10251.382321758712
100040,7041.10837996595
100041,11722.634930055772
100042,7730.5319984383905
100043,10177.338441960392
100044,7624.491173953528
100045,11052.006167361611
100046,5618.834664063571
100047,10693.271277567703
100048,12678.49993107384
100049,9459.268911993038
100050,13682.45360488105
100051,8711.481902407875
100052,10562.179482583533
100053,12602.433873636604
100054,11153.278574728065
100055,8653.966692828639
100056,10235.974268226111
100057,12759.172476689171
100058,6171.40383273236
100059,6615.992731776664
100060,8311.126156078893
100061,10727.130575233541
100062,9571.913391189633
100063,7601.5076298568865
100064,10945.127747314442
100065,11576.001719774384
100066,10126.301708361629
100067,5888.98669719586
100068,6733.088908964961
100069,15259.621188394885
100070,6417.818046092804
100071,9642.990702273213
100072,9317.784401638768
100073,14779.98385521317
100074,9216.526312533706
100075,6986.089883505467
100076,13632.009616559906
100077,6351.890113192698
100078,10618.877843499282
100079,19417.483462905937
100080,13169.317457158837
100081,7983.284889159194
100082,9850.767440673219
100083,13107.013549017722
100084,11687.437662654158
100085,10893.003778428229
100086,9918.571451172107
100087,6329.145206980746
100088,6146.663040443248
100089,6116.203567788194
100090,16408.056221589766
100091,11302.432032420897
100092,16092.532222815684
100093,7724.955177245223
100094,15358.074549108525
100095,17057.308181073964
100096,12001.834635516803
100097,10233.112622570454
100098,10562.179482583533
100099,11274.119250361917
100100,17971.389048166133
100101,8861.922989439761
100102,7211.8028554349285
100103,16038.45476246325
100104,10765.356897992257
100105,11004.84149776221
100106,11758.131494044717
100107,17176.520785972098
100108,11199.931450518618
100109,9471.611257938283
100110,7454.586954318206
100111,14879.635614127772
100112,10574.971081558926
100113,10659.609929814447
100114,13053.789588462967
100115,15718.559791439122
100116,8657.404042789214
100117,12077.354969993696
100118,13508.879473039584
100119,10378.65232132055
100120,10700.724973701239
100121,13811.616613887934
100122,6283.136342113248
100123,10562.179482583533
100124,12243.522035423157
100125,6379.929820280687
100126,8329.911470816869
100127,13005.601120432893
100128,8914.503407126867
100129,7812.492808881335
100130,10720.334189906871
100131,11659.048823056204
100132,11628.624961498328
100133,9648.114287689485
100134,8571.23658638212
100135,9943.796038779301
100136,11222.732316290785
100137,20588.15642168525
100138,11558.494552279632
100139,11699.041461055336
100140,9852.420807830134
100141,11125.754819801336
100142,11593.324537024106
100143,15358.074549108525
100144,6954.062803214285
100145,15542.85674230565
100146,9705.906326899218
100147,5958.6297635146275
100148,7874.352627239516
100149,17081.61903409617
100150,5325.924024543401
100151,12480.929099610104
100152,11181.279152707068
100153,8717.277421984503
100154,7728.474742188096
100155,15515.408394256123
100156,8308.035227871527
100157,12990.188431297445
100158,11270.274122807954
100159,10038.676533215368
100160,10345.662833453038
100161,12633.51198455235
100162,12976.843522552635
100163,13942.018171059288
100164,15358.074549108525
100165,7402.567981857632
100166,16015.950133884382
100167,14771.833464863754
100168,7087.7698366635
100169,10562.179482583533
100170,13946.184204890722
100171,5492.694182908002
100172,9355.716058079066
100173,7771.572680387025
100174,16933.3395175166
100175,13845.230170420504
100176,15123.132515128547
100177,7198.735440618749
100178,9631.49496432569
100179,12641.334265117986
100180,10191.46486167742
100181,11470.524653539314
100182,13697.049537030314
100183,13690.46604514766
100184,16045.710687120722
100185,6335.552058004402
100186,9246.57732940662
100187,9214.797923209288
100188,11213.856528582908
100189,15984.403961913944
100190,15671.802700691052
100191,6410.501285266492
100192,7700.968110405888
100193,8812.87008642296
100194,2120.812826228096
100195,7129.508248853055
100196,18776.70644451039
100197,14761.442407941073
100198,8908.452286957574
100199,10865.950272824823
100200,8159.364804019234
100201,8391.082645300712
100202,13139.200164275548
100203,5890.414227879078
100204,9916.14505978986
100205,7223.247142083169
100206,11583.822502029116
100207,14218.971638361516
100208,14289.528195344394
100209,16057.820744151475
100210,12093.042307562766
100211,11012.352202735297
100212,7390.498311629418
100213,9244.304745585336
100214,4889.263142404574
100215,8366.231802482907
100216,8822.36903476374
100217,4651.6718909649235
100218,13368.109878857975
100219,8475.951370828996
100220,6073.556630372944
100221,11152.271415414494
100222,7738.692228826565
100223,5228.233376630855
100224,12360.224636744704
100225,7160.909761569306
100226,9765.021249109946
100227,1276.9618623497183
100228,7630.792951339072
100229,6307.141489480838
100230,9914.85928216468
100231,11433.72443842731
100232,10805.132320142806
100233,7827.044797013357
100234,6160.493454494981
100235,9789.109385608039
100236,9971.596877017233
100237,10963.90908287183
100238,10052.578974875907
100239,11381.69197130358
100240,10467.272265713093
100241,10862.18718092745
100242,15998.131622023559
100243,7904.934393950068
100244,9561.899338382576
100245,17570.127915529596
100246,3108.0805802178893
100247,7900.72279358474
100248,12531.468615966358
100249,7580.0769023659495
100250,15494.247113515772
100251,14776.185044325413
100252,8237.611035043212
100253,10617.8440006864
100254,11081.452440091804
100255,7502.0106294374145
100256,17176.520785972098
100257,6368.110927991326
100258,8802.795850548313
100259,10947.032856375192
100260,18577.08533637777
100261,9976.160371987107
100262,4729.5819948998615
100263,10287.047221377901
100264,10037.070543521051
100265,12513.173572351485
100266,13528.682040202624
100267,11746.930356321767
100268,3284.499111368172
100269,7351.843963410943
100270,10849.689203584843
100271,11688.283706261633
100272,8115.736717276185
100273,9931.337838177458
100274,9146.457995862944
100275,10033.474320709147
100276,11157.875524215833
100277,6858.900343963009
100278,15414.746912130151
100279,8728.416530413797
100280,7900.348357208847
100281,7981.620261792229
100282,8516.206111635742
100283,11300.20111878812
100284,7647.99940255966
100285,20748.96977993255
100286,6433.073494821467
100287,7007.43540600578
100288,10802.570060149004
100289,14631.428652755289
100290,4001.8224582053886
100291,8042.0413264608715
100292,13969.21816307195
100293,9372.991854902704
100294,14395.344545335662
100295,8832.557269336394
100296,8948.45870576842
100297,7104.066382668907
100298,11998.33294747529
100299,9632.494915855475
100300,7437.5177340735445
100301,8730.080600439529
100302,14404.444794642914
100303,12629.281735969855
100304,13825.11624290154
100305,10397.83733292079
100306,10878.396628409966
100307,12020.175122021818
100308,7346.311291104571
100309,15941.819863576842
100310,15088.772129286408
100311,12588.223113276897
100312,17312.079810671738
100313,9300.206224074565
100314,9999.81957950363
100315,21016.70242305038
100316,11125.300159329461
100317,6747.481029798823
100318,14875.725880378362
100319,10000.670372452225
100320,16935.400793580287
100321,8012.678414527868
100322,11629.756267734578
100323,10562.179482583533
100324,5878.738265313846
100325,8802.795850548313
100326,10521.162916796166
100327,14109.62905295505
100328,14184.500606040578
100329,13948.482211049528
100330,10996.093896671937
100331,12535.772590516392
100332,11922.395744828336
100333,5597.91197009799
100334,10851.465521404654
100335,15652.812972231042
100336,16977.353383915965
100337,7202.924004723801
100338,7263.457705037719
100339,5941.12435545143
100340,14068.121276864675
100341,10909.940266109896
100342,6142.113135528775
100343,8378.10812251896
100344,14412.791588739969
100345,12127.36819705555
100346,6174.900737750471
100347,13994.789899539523
100348,16120.893751135918
100349,10435.716717460948
100350,6299.7835213989865
100351,10079.05813728696
100352,15990.02523894801
100353,10037.2275452501
100354,8807.294358889347
100355,13539.999484763624
100356,7986.282160292516
100357,7517.240373602426
100358,11742.844770830854
100359,7340.361651928864
100360,9881.419573459627
100361,10003.727768678846
100362,7219.914717506098
100363,10412.714999995538
100364,12835.965328338794
100365,10757.693193631796
100366,10569.772498859962
100367,7876.584724810399
100368,17653.151065191934
100369,10591.185550914624
100370,9783.164269753543
100371,13119.695498772579
100372,6132.730697305886
100373,9631.8860171665
100374,10137.773699774652
100375,1963.090974763118
100376,10769.394438626134
100377,7376.054556562623
100378,11539.792536972527
100379,11443.629282979546
100380,13347.333625110838
100381,15153.61700999311
100382,10143.030349560715
100383,11878.77298582165
100384,10284.428989497877
100385,11260.73166812063
100386,10071.145651927169
100387,13549.617702256663
100388,10617.84802535485
100389,11261.809973530313
100390,7872.263193657368
100391,6849.137620217894
100392,7425.525460858784
100393,15149.655683926363
100394,7720.002549731277
100395,9119.459921376978
100396,12600.774941881227
100397,10997.795992077552
100398,10559.29953168238
100399,9502.318189903608
100400,9966.229582994385
100401,11468.856607576563
100402,9707.41322034558
100403,9470.044077342212
100404,13371.681485574412
100405,12534.617461881115
100406,13523.292489908727
100407,5525.537986393846
100408,6540.06372507882
100409,6855.817337846774
100410,19214.7203664845
100411,7132.878168226478
100412,11403.90729873225
100413,11573.16759127057
100414,4339.052150219191
100415,11681.387324686337
100416,10673.18084496349
100417,9117.040915893902
100418,3362.856831512262
100419,14986.540680439975
100420,8317.634583578225
100421,10751.32267027615
100422,6869.575613537775
100423,11437.01648071557
100424,8689.861196587588
100425,9397.619443432173
100426,14360.493103929562
100427,10874.43121070756
100428,14135.273706240252
100429,12009.558640975241
100430,7517.095548351025
100431,15358.074549108525
100432,11024.110787881016
100433,9898.857952035403
100434,10589.14630968144
100435,7505.993879278008
100436,10199.2423176586
100437,10892.504102291472
100438,13039.746485041605
100439,7655.947869289972
100440,10975.85449185356
100441,5981.142915868649
100442,11181.204337780726
100443,10361.501733435067
100444,11903.883240299047
100445,5578.1326331511045
100446,11855.196676921305
100447,8794.353424364494
100448,11199.931450518618
100449,11264.927792878148
100450,12161.23852459011
100451,11223.714916234721
100452,10562.179482583533
100453,7291.415390951638
100454,7213.030497229861
100455,10631.091337217535
100456,7107.388479733322
100457,11395.080485423141
100458,8575.765741923607
100459,7302.348102690552
100460,14112.398816727613
100461,15440.561243816386
100462,10248.70755735053
100463,9939.186649801188
100464,6081.569253055245
100465,11454.385331530028
100466,9246.540046642014
100467,11591.896941355943
100468,6074.549781465582
100469,11923.862918718982
100470,5544.848706984009
100471,11911.808352566226
100472,16244.420831764102
100473,10226.762775586649
100474,10753.765084834053
100475,7364.992107399977
100476,8723.626458757342
100477,9643.644604889376
100478,16137.554488836107
100479,13360.825171045139
100480,7769.221094173732
100481,7170.433119135721
100482,8429.973646892378
100483,6287.699831687664
100484,10072.73342675474
100485,8499.112564423938
100486,7187.393755403169
100487,18179.941584452397
100488,7753.734326728727
100489,8022.7760292709345
100490,14236.382232060336
100491,7063.181607682154
100492,10775.696048452037
100493,13277.079956261956
100494,7786.088574382954
100495,7891.634101956129
100496,10440.287018707999
100497,12094.926960471721
100498,6339.142854941847
100499,7183.996186204599
100500,7116.049355580778
100501,15125.907973434378
100502,4181.2529125021
100503,6841.0612715016205
100504,10224.858723394775
100505,11103.839687074564
100506,11280.391159170953
100507,12726.270945428627
100508,10225.787937783205
100509,14795.737948527127
100510,16157.47679458361
100511,7213.030497229861
100512,7683.220319662752
100513,8965.614581997754
100514,7594.928670174074
100515,8957.467437889154
100516,6128.050661588093
100517,14846.338253625825
100518,10087.946343326677
100519,8959.049183748926
100520,14102.235049082352
100521,10908.65161966241
100522,11751.475675034728
100523,6388.543763899694
100524,10346.546619065726
100525,9581.497894568904
100526,16360.340877550114
100527,4875.400111389496
100528,7771.0488298256505
100529,9703.815570497878
100530,18701.302653502767
100531,9668.161056504081
100532,12917.927329386537
100533,10494.39204688608
100534,11475.825798166194
100535,7247.571830672501
100536,8910.67240263932
100537,13846.609376323815
100538,10651.32958094063
100539,12922.904034131607
100540,7737.322418260989
100541,16971.05713981752
100542,15857.221797863176
100543,8406.931516759585
100544,14117.003211402696
100545,12796.632270649969
100546,6642.436590008977
100547,6926.2504094365595
100548,15153.61700999311
100549,18285.62419582595
100550,10051.244990524445
100551,9319.167172282032
100552,11995.199592981322
100553,10516.616684094699
100554,18809.130074056116
100555,9405.192507406264
100556,4803.932595518345
100557,14827.349073600308
100558,7294.530746350351
100559,7505.791336507986
100560,11915.89840854846
100561,13298.02822508973
100562,7160.136591322391
100563,6666.618443928091
100564,7682.597813125153
100565,13525.228545437632
100566,10444.825661009214
100567,3220.1342175121176
100568,6907.729150420572
100569,14742.62522185157
100570,8018.739920473757
100571,5686.738716638737
100572,12192.241798479905
100573,7651.892268406528
100574,9361.456409553544
100575,6842.606037612899
100576,14103.011907240265
100577,18050.932315610597
100578,11161.45357933625
100579,1039.9362983431076
100580,8761.497963523205
100581,7410.742035881299
100582,10638.81920484126
100583,10347.588769166134
100584,5783.537701402174
100585,5536.33171647305
100586,17322.3607090332
100587,1957.05198921604
100588,10744.353431966712
100589,13526.78047863762
100590,8828.711552453224
100591,6949.553868354992
100592,9966.2729556895
100593,10616.129877190526
100594,15441.441200322824
100595,10688.867919352506
100596,16739.219226819896
100597,17172.795233826026
100598,8541.60862100761
100599,11854.223311414844
100600,15917.547541743104
100601,10562.179482583533
100602,12120.193978367148
100603,8485.988137250873
100604,6638.7279024717
100605,8230.483226031023
100606,8719.897740448652
100607,15279.773909636102
100608,13153.148265516598
100609,9055.905375880968
100610,7003.645500766039
100611,15397.401048826969
100612,13067.401697308953
100613,15490.740643114324
100614,9219.068662122236
100615,10302.256169390794
100616,12212.07855021816
100617,10495.705593851702
100618,13747.178281422737
100619,4061.4918571473386
100620,14654.698090836666
100621,9546.158162553997
100622,8053.951159695965
100623,8502.770317727907
100624,10551.933483760624
100625,12014.153965331103
100626,18782.738931730073
100627,8802.486050152474
100628,10313.904546618895
100629,6715.777028779987
100630,6044.0016893032225
100631,10827.783730160709
100632,11795.712027724952
100633,9977.194630698981
100634,9247.213476358853
100635,13150.55294500177
100636,10907.15454901818
100637,14775.280958108176
100638,11620.987185936896
100639,11116.15960239008
100640,15643.428852621844
100641,7675.868897395055
100642,15358.074549108525
100643,11655.357920094591
100644,14642.183405030084
100645,12014.834364106731
100646,7190.814706832337
100647,1874.90073669113
100648,13928.202784988249
100649,5840.419367072309
100650,8303.558228384647
100651,8312.727706737925
100652,10760.990556770677
100653,10600.746834000658
100654,13423.194468251044
100655,8978.795767303402
100656,7717.302023461812
100657,5314.014945545195
100658,13511.730531905341
100659,12696.123698897172
100660,10157.39030243775
100661,10585.130637808781
100662,9680.167261874785
100663,3374.863642150222
100664,12981.562359567386
100665,10753.765084834053
100666,14053.071918412901
100667,15941.675495068379
100668,6832.017443596336
100669,9619.032440157223
100670,7476.359424980644
100671,9121.326202692011
100672,9958.439086824508
100673,11378.038535497784
100674,18068.669441497415
100675,12482.701999598721
100676,7959.617799156311
100677,3078.2314154468963
100678,6253.054446125577
100679,6961.285385341964
100680,14086.056449597218
100681,20636.451368823524
100682,10531.877955324255
100683,10953.274567574525
100684,7683.286749226351
100685,8701.640859954521
100686,7764.607853507112
100687,8945.934190903403
100688,8537.334200862002
100689,7239.23309045053
100690,9166.916297649677
100691,12871.073428060077
100692,8090.49753416305
100693,11374.049133737524
100694,15634.103169763863
100695,12492.867611713655
100696,10409.316480553476
100697,8208.091813216999
100698,13795.826447858954
100699,6099.295961824811
100700,9220.47358301548
100701,13417.328772476985
100702,7733.448200261535
100703,15733.161322338889
100704,15184.39665174221
100705,5959.580474079103
100706,5327.749614950638
100707,10482.578871901398
100708,11517.91166577686
100709,12014.259141299193
100710,13753.011826788274
100711,5916.998239974433
100712,17322.3607090332
100713,8188.6152317344795
100714,7572.338990801776
100715,8757.699801475266
100716,9323.270270310131
100717,11084.109521143802
100718,13548.720529945382
100719,9453.855300910958
100720,15961.68823584552
100721,12735.190831651309
100722,9382.040441986708
100723,7688.444767434159
100724,11188.490927020493
100725,11052.885715738223
100726,10770.931572976058
100727,14309.098693469894
100728,11043.526413127936
100729,9610.598164605113
100730,7589.119860711506
100731,10286.696733794037
100732,8314.496703270477
100733,10657.06125332582
100734,7765.394072023283
100735,9443.015105771565
100736,15358.074549108525
100737,7746.9033174981205
100738,11191.202844613277
100739,9933.757792484093
100740,10972.793674997345
100741,12178.34292020502
100742,12126.217638899872
100743,9524.904112167274
100744,7113.610939777684
100745,14872.603725537541
100746,13274.451825439333
100747,7028.76257879558
100748,17531.84355307074
100749,15961.68823584552
100750,14632.894575650234
100751,10278.031751669494
100752,7723.161566281899
100753,13944.59923524272
100754,8660.975570526529
100755,7831.777801755246
100756,17197.645045454214
100757,8078.921345540474
100758,12986.782809165416
100759,10574.816405570587
100760,10164.993538523491
100761,9926.953961153531
100762,6696.331345249684
100763,8617.66592881923
100764,8363.595459079488
100765,13023.918496467366
100766,7536.14322424994
100767,10358.53144988554
100768,17306.877331297383
100769,10993.912508001864
100770,8950.445916683273
100771,13474.638888213258
100772,6369.161862119647
100773,9651.218226841893
100774,12940.58945624973
100775,6437.55047830165
100776,14030.149248156216
100777,9035.53110022297
100778,17175.056875799142
100779,13256.141073490156
100780,7507.566323102239
100781,14499.149566123577
100782,16227.169512234857
100783,6358.673065514944
100784,8039.435945860305
100785,7520.256349014013
100786,12064.668852404118
100787,8950.47097532434
100788,16195.943663501506
100789,17928.92902169445
100790,13276.190583741816
100791,12536.667996751796
100792,8252.762803263386
100793,6977.221657374679
100794,13805.587565645394
100795,10234.156754804702
100796,15270.805978657514
100797,15358.074549108525
100798,8668.589914861306
100799,7546.510989818746
100800,13332.309366255491
100801,10420.971504603936
100802,10806.560121943094
100803,11858.702941715557
100804,8782.900902819156
100805,8492.267337983118
100806,10760.775915216016
100807,16052.224952522607
100808,12173.626615060051
100809,12532.586394366024
100810,8100.306071104663
100811,13527.036676024129
100812,12139.070882580494
100813,11988.491521473159
100814,11185.221743181706
100815,7159.776866450431
100816,12710.58063513524
100817,8115.736717276185
100818,11246.441371101955
100819,7263.50104276312
100820,7116.764625136503
100821,10188.051262917927
100822,11074.426058052366
100823,6000.263783762292
100824,11145.534687381887
100825,8801.232058222151
100826,13905.080555435883
100827,12104.954217332324
100828,10124.517577696712
100829,7581.889329296469
100830,7417.831234727098
100831,9675.363940392437
100832,14040.599351092182
100833,15001.626047465837
100834,15209.580449959012
100835,7186.665766567469
100836,10330.477792376429
100837,7151.375901824246
100838,4341.098250099929
100839,5049.217690961958
100840,9125.59809798408
100841,8236.901569505075
100842,7831.285575279016
100843,7242.2981806699545
100844,6137.618048830796
100845,10506.726596348813
100846,13917.902682016393
100847,10283.981015442923
100848,11028.46045665709
100849,11496.23128184023
100850,9071.246939534705
100851,11143.871663448643
100852,6771.995139305637
100853,10675.490871825436
100854,13124.201559526862
100855,2539.9124613213467
100856,10626.44919353659
100857,8008.505303394543
100858,10037.2275452501
100859,9619.445503480852
100860,10613.996054136654
100861,11057.295166993435
100862,6325.368452136406
100863,10065.594754165759
100864,8979.745198382212
100865,12723.375247626383
100866,6842.164375620688
100867,12242.162620753224
100868,7941.260266326848
100869,10307.437991636827
100870,15095.837472854753
100871,14604.612524034335
100872,9064.18758281613
100873,5040.621506683822
100874,7753.261015182866
100875,8266.3422437821
100876,13623.26084306246
100877,13530.251267886306
100878,5387.96407487208
100879,6027.421350415208
100880,14549.276787617571
100881,8845.876226735947
100882,12161.003912192964
100883,2343.9737441913976
100884,10576.823501647257
100885,7891.25165941045
100886,10911.947834222772
100887,17137.215528432844
100888,10430.29971868768
100889,10057.489524772163
100890,13992.941438028094
100891,12093.361302788366
100892,6116.37428005454
100893,15358.074549108525
100894,12492.088691975236
100895,10488.428116944257
100896,8122.803974367178
100897,10463.897340226464
100898,10758.5716680523
100899,4941.48284008737
100900,9908.093450580092
100901,9407.019138976879
100902,12628.16851464295
100903,8000.870960101121
100904,14942.307160554807
100905,8828.711552453224
100906,10898.6365471468
100907,6027.325567377261
100908,4118.61179216686
100909,6191.218828077587
100910,7359.376176960526
100911,12026.319058386633
100912,16052.224952522607
100913,5860.630470829048
100914,8163.904704742451
100915,8554.53394715887
100916,9709.982918801803
100917,10566.047525835947
100918,10032.041145946003
100919,12852.240267354446
100920,7560.89710950582
100921,10659.607893334567
100922,7178.985036869611
100923,10825.780818913989
100924,14018.129214105997
100925,4784.927455885699
100926,14079.364826955894
100927,7500.3549373160795
100928,14156.274592203901
100929,7160.136591322391
100930,16408.056221589766
100931,13544.202108472085
100932,6925.411175636642
100933,10921.664486197158
100934,8011.0767833483205
100935,10128.34628983727
100936,4536.187632522657
100937,10919.887242953282
100938,16304.608948988178
100939,10508.503981791746
100940,11824.793550160208
100941,8332.8743903032
100942,14030.350539979949
100943,10876.115358456627
100944,9294.95453535538
100945,9713.50844461101
100946,5688.19534634611
100947,9625.413883271058
100948,20146.5557925195
100949,9937.467147428226
100950,7843.431862016314
100951,13052.374080222677
100952,6188.922886204863
100953,7791.424693440271
100954,7613.992774348064
100955,12062.474892328519
100956,15303.67313377915
100957,12128.202025147155
100958,6642.291703748862
100959,9266.096073786
100960,15836.611327497256
100961,10686.026416471797
100962,13324.995913766714
100963,11049.158653851307
100964,10817.204075700736
100965,2612.113696972333
100966,8027.641778868659
100967,6216.661635309054
100968,10110.174470421496
100969,5605.470532794321
100970,12238.562308378501
100971,9778.906027598814
100972,6871.5095400362925
100973,11635.044290206562
100974,12388.392916974419
100975,5858.704468020895
100976,15961.68823584552
100977,10727.130575233541
100978,9230.095294266195
100979,11477.187892794815
100980,7464.120187040617
100981,6010.181724488634
100982,14170.077988715093
100983,11776.612241204004
100984,12504.827775494068
100985,11454.199197310814
100986,14855.004565502964
100987,10209.670158226394
100988,14253.106178311884
100989,10618.810058410456
100990,12089.95653377545
100991,12793.477536570808
100992,13345.543052922849
100993,9712.363123746474
100994,11873.553535009356
100995,9381.685293596882
100996,9827.116999861075
100997,14607.139919725932
100998,8176.347206918706
100999,8552.93854666663
101000,8291.133780679664
101001,13841.264326111996
101002,10310.807211593845
101003,14440.048032768447
101004,9190.783465784321
101005,14591.694340728618
101006,14073.144912534688
101007,8452.128932462108
101008,10701.190695988875
101009,7347.916895872332
101010,10689.23672376255
101011,10623.497171465051
101012,16847.669079255716
101013,12546.283635054948
101014,7832.563187207371
101015,13790.690680691616
101016,15469.856347682438
101017,9692.975058258306
101018,8204.225995951958
101019,13134.977402969473
101020,9699.620926731071
101021,8664.020208709113
101022,10204.710912123493
101023,9960.435906419225
101024,7842.051205420984
101025,13381.697622188838
101026,13949.359811882872
101027,14510.909056419034
101028,10116.099618288972
101029,12990.838306334781
101030,7887.561035656849
101031,5385.1787023062
101032,16408.056221589766
101033,8384.178383833098
101034,10329.595069984798
101035,14923.517432963787
101036,12187.967319073769
101037,9520.70238283858
101038,9353.716583733536
101039,10483.130706519703
101040,12683.022106108758
101041,4331.953391040197
101042,12848.62721312997
101043,12128.384672463479
101044,5200.920875888997
101045,12912.451856571242
101046,6699.645398743085
101047,14109.62905295505
101048,8460.826679534584
101049,12946.387305486533
101050,9604.76092156233
101051,12878.2089520704
101052,14113.674332548322
101053,9732.330551952049
101054,14726.918234306293
101055,12742.722307900242
101056,7563.022469999636
101057,9375.513953167163
101058,16073.47142877055
101059,8893.039920436757
101060,7517.5006619610485
101061,13362.732658745539
101062,10339.12427592808
101063,12506.850468868934
101064,13098.745072428757
101065,14850.916242414925
101066,11255.678710103486
101067,5000.7760735439515
101068,13521.767792458853
101069,9292.39701659808
101070,12787.302810979903
101071,15279.988370978244
101072,3908.533318808791
101073,12958.38759599823
101074,7806.671046154729
101075,15590.718391966788
101076,8002.047820347991
101077,12707.590498960963
101078,11841.811389724737
101079,14670.544167890748
101080,7136.456514594949
101081,8602.120691625376
101082,6349.6007140177635
101083,8616.481603747223
101084,9385.05369805236
101085,5431.356642881201
101086,13322.892935438476
101087,14276.797577098661
101088,8528.47196101321
101089,7731.492305765775
101090,12848.703312645512
101091,9656.200666965746
101092,19731.554510668007
101093,6835.357540422957
101094,11087.272477843579
101095,13520.694178183041
101096,7060.738003122028
101097,9590.391470721743
101098,10484.433919449642
101099,15493.982305820995
101100,7900.1021103742705
101101,8931.130487778473
101102,9596.030532749859
101103,8049.219837314726
101104,11272.92174932541
101105,9037.634553821232
101106,16249.604125644659
101107,16414.3851131912
101108,7499.521100608349
101109,10953.466645963219
101110,16786.136219481235
101111,13431.672104979714
101112,7972.615504719499
101113,10864.060724123761
101114,7462.9426693983905
101115,15422.101658795495
101116,8580.010739079955
101117,9678.655211594136
101118,13020.433576001402
101119,6839.222119264574
101120,8220.311081103468
101121,15857.221797863176
101122,13649.590221780567
101123,9915.954233597844
101124,5396.058046835949
101125,11042.9966196659
101126,6670.3513167761785
101127,10743.833607055412
101128,13569.913845158115
101129,8476.755243023334
101130,9676.158261099128
101131,10666.126761997904
101132,6988.558074242919
101133,9892.116687283196
101134,11129.296878886105
101135,9759.51241693055
101136,9443.905069137923
101137,13637.424657485377
101138,10976.206473038852
101139,6681.585513226035
101140,6967.434637016244
101141,11267.854831101058
101142,15742.841991966556
101143,8503.307747666286
101144,7915.124641265043
101145,7840.6273500026
101146,10226.934307713014
101147,14047.646864810496
101148,10578.772451815314
101149,7335.358407069736
101150,10022.656018781614
101151,13130.553036714555
101152,7944.514085984787
101153,10042.696739826068
101154,8038.028802732075
101155,8778.682605745456
101156,7526.867651498286
101157,14898.943490725136
101158,7532.915644317171
101159,7296.287611359737
101160,10418.379352769907
101161,11595.920883208752
101162,11416.456374457613
101163,8583.487398334533
101164,11215.965845083136
101165,12698.33028450446
101166,6908.743318564321
101167,10893.139313305095
101168,8985.325568087246
101169,14103.872477533916
101170,4125.018642642291
101171,7930.423677856896
101172,5623.719549837703
101173,8397.072349810005
101174,8524.552262080068
101175,7158.869939079935
101176,11745.211990086369
101177,11665.23423519714
101178,6505.854258026643
101179,10921.16496954575
101180,13868.799189236393
101181,5529.7114772619325
101182,7879.169815266843
101183,7954.351845675792
101184,8777.880681605911
101185,5502.52171993259
101186,7893.4039900713115
101187,7884.884098727818
101188,15092.827432342285
101189,8084.14846758255
101190,7118.761718319284
101191,9293.514317740524
101192,14365.367636701629
101193,6743.573921283065
101194,14641.774110173397
101195,10338.787096631584
101196,12017.59253275407
101197,4744.559576843974
101198,6729.345057679891
101199,10562.179482583533
101200,12917.632510859414
101201,16333.053360465388
101202,10427.852055482022
101203,10276.1530515519
101204,6783.538004253934
101205,10562.179482583533
101206,7307.853391237046
101207,14183.287337977266
101208,11550.018112162059
101209,6075.368160796888
101210,7952.752269162853
101211,10365.704700484685
101212,10913.696970688672
101213,6944.419369823495
101214,7517.375429129838
101215,8090.923207971972
101216,12845.385000971144
101217,8260.299897970126
101218,10471.97573199263
101219,17060.64835274957
101220,12018.149955567964
101221,8664.020208709113
101222,13976.89804255943
101223,7187.92036659108
101224,14224.1121944782
101225,12313.818146096946
101226,6777.917441862147
101227,7894.003092508425
101228,9212.877620178431
101229,9242.274710631451
101230,11075.755784365901
101231,11151.647834134244
101232,10103.623069461642
101233,10834.355501638305
101234,15793.851268747667
101235,10009.73935747266
101236,7503.646009868556
101237,14292.730822575899
101238,9819.74931456033
101239,14182.103243850424
101240,6715.8938521446025
101241,13541.425778284729
101242,13799.803019481757
101243,4488.04542938123
101244,9328.211666354728
101245,16494.951582466918
101246,7902.738924754128
101247,10884.068192016335
101248,8531.73157129263
101249,17560.96944088981
101250,8060.484205572236
101251,8147.615190434099
101252,9334.241559638675
101253,9006.370832508666
101254,11452.938652077582
101255,8104.946882629386
101256,8272.432531907649
101257,16228.61574237728
101258,9334.91539504975
101259,10162.180222966936
101260,10825.969284700688
101261,10184.355653019487
101262,9674.825413732044
101263,12822.483418755097
101264,7654.2165153079595
101265,16408.056221589766
101266,12339.421014971023
101267,9738.629333445484
101268,6364.532974484805
101269,10201.059509078901
101270,9896.642155839978
101271,9192.744527999566
101272,19304.767635090415
101273,7660.016203807333
101274,11574.817519426464
101275,7643.376381689097
101276,9470.482561866009
101277,6605.103186061781
101278,8527.078001831345
101279,10711.228985274749
101280,7710.221437561425
101281,12278.583416632293
101282,10498.477024044569
101283,7995.322183552055
101284,10437.61377272946
101285,13544.202108472085
101286,15533.994413241408
101287,14909.29400393194
101288,6920.66918421145
101289,14408.413582127996
101290,8507.27497417424
101291,12187.143100212339
101292,10370.346797701966
101293,3779.473933226781
101294,8173.853674689899
101295,10224.520405277693
101296,9084.14732744405
101297,8180.4252126470155
101298,16299.841447215214
101299,11505.354919191237
101300,11385.513932830543
101301,15448.16020037922
101302,13301.46888162843
101303,6305.537872134516
101304,11374.867353921356
101305,12236.086721305757
101306,12153.842711602374
101307,9272.868583528369
101308,6347.11861556502
101309,8467.19376296738
101310,8932.736293698012
101311,9142.485959206879
101312,14791.6866537155
101313,8856.388518660406
101314,12205.505910148442
101315,12520.18434086052
101316,8383.08635925095
101317,11205.707719921123
101318,13408.230288335639
101319,7408.307215258637
101320,10064.622580708306
101321,5979.838261209456
101322,10785.803302738204
101323,13946.014936278
101324,12221.47804669605
101325,15414.224382334321
101326,7742.533330660296
101327,9928.31156394548
101328,11468.17499722285
101329,14195.11243803703
101330,7387.634547218319
101331,7104.285559231368
101332,17228.69115682975
101333,11501.313476136578
101334,6977.968624240975
101335,15914.612241737597
101336,9999.013438727337
101337,12694.911405417628
101338,11739.686417446072
101339,10904.175747499634
101340,6038.8777110811
101341,6869.348783153012
101342,12199.00180430367
101343,14969.523133935698
101344,7732.123227385152
101345,10827.58739114848
101346,7860.9735371074685
101347,10976.682909115108
101348,10806.01926475611
101349,4483.082531018737
101350,17632.964451899712
101351,10503.21099771832
101352,6682.879304179354
101353,5834.324143939137
101354,8019.2625787778525
101355,11095.16153623101
101356,12071.43439313822
101357,13544.202108472085
101358,8917.41114978713
101359,11232.475384694353
101360,14586.480252780777
101361,12954.17559401988
101362,16408.056221589766
101363,10917.305283259904
101364,3827.4116629582213
101365,6664.541152474154
101366,6987.679497881212
101367,10392.798526018847
101368,9964.054388945127
101369,6190.082722616267
101370,10252.766397202462
101371,18277.240067859067
101372,9066.484751259115
101373,11488.664547707887
101374,7166.433589784108
101375,12886.915053085455
101376,14478.097549322172
101377,10141.153260906105
101378,10945.788501530893
101379,8400.46184670614
101380,9475.914590174021
101381,9502.006830855438
101382,8164.732508960761
101383,10712.98257967154
101384,10605.501971911388
101385,12079.945970181436
101386,9822.695759516328
101387,13697.34766737356
101388,11500.337866400045
101389,11029.283081571473
101390,5626.69772919037
101391,10627.140326302417
101392,11933.920290355134
101393,9081.110474114412
101394,12880.788367084107
101395,14497.967946054834
101396,16038.45476246325
101397,9236.809080173109
101398,6483.740044059808
101399,10464.712599188355
101400,14708.006289807183
101401,8489.41463179492
101402,6165.365732040301
101403,7580.046459020619
101404,8196.904309033916
101405,13029.600905884168
101406,12922.811467820466
101407,8521.962163305354
101408,7286.395689959505
101409,19190.483209291917
101410,6325.839785313852
101411,11786.70938579782
101412,10189.659420554312
101413,7146.042258022626
101414,14442.298054447245
101415,8988.159301252768
101416,11601.338383650176
101417,18922.031784741477
101418,7026.006565435849
101419,6060.471456824383
101420,8522.029030262276
101421,10574.791076987158
101422,12239.151905001285
101423,10330.08021524027
101424,10610.372499263014
101425,7269.529814910745
101426,10664.265479423048
101427,12934.735984214556
101428,6157.186475190462
101429,10131.710699649988
101430,7295.6921460547255
101431,7548.700443883672
101432,10604.621535861486
101433,12008.403943137231
101434,15358.074549108525
101435,13186.994013290368
101436,16882.853484730986
101437,6751.714527069589
101438,16873.22716915587
101439,8156.695381394266
101440,11452.638738619486
101441,11418.8314467361
101442,12157.26230129628
101443,8740.98277916054
101444,10913.961789818944
101445,9292.456523870362
101446,14749.440360418546
101447,11151.572128856533
101448,6846.108773782021
101449,15200.644880464995
101450,8974.957924397535
101451,12927.88499822604
101452,13956.141730109894
101453,7775.910161446864
101454,10224.4880758755
101455,9486.686857327282
101456,14714.262131811398
101457,10686.689266214911
101458,17183.667027448926
101459,10009.313812917107
101460,5391.770873939855
101461,8057.472803580293
101462,6973.863595208749
101463,11998.33294747529
101464,11670.061390323748
101465,13792.831463056385
101466,15426.277004635333
101467,9122.32309464954
101468,13482.479766615425
101469,6304.4554687417885
101470,9219.573203129567
101471,9747.919535601726
101472,5575.199581306357
101473,13573.353632139879
101474,10424.503066916994
101475,11185.042268319668
101476,10395.468982628063
101477,9647.05707021739
101478,7325.817912608376
101479,11073.275973580585
101480,4751.200832173474
101481,10050.824967817063
101482,11215.759480863831
101483,7871.74320496681
101484,7011.952714808323
101485,9129.432518726644
101486,14812.470796144631
101487,12332.130330129155
101488,14112.956533234046
101489,7093.696006365812
101490,5078.897183027285
101491,12631.305916454561
101492,10984.641164850073
101493,15943.445635219177
101494,9890.534271676093
101495,8623.432030068427
101496,5582.535089631152
101497,7035.307474583642
101498,11355.17720573568
101499,5998.422503425053
101500,9456.99973668867
101501,19767.245586239624
101502,12627.378313756042
101503,9917.735261899734
101504,9822.454553198753
101505,13366.376978484364
101506,10140.09897277689
101507,12553.338542189906
101508,18615.64835475459
101509,17141.75809503716
101510,14959.308192056522
101511,7660.1284765018745
101512,6535.480414249734
101513,6926.746920792652
101514,8884.694981909093
101515,8063.230573426744
101516,7002.495267656388
101517,9635.63291009843
101518,8210.02505076584
101519,17692.10345279633
101520,10193.479974438123
101521,11503.875331810408
101522,15358.074549108525
101523,11622.312738250223
101524,10120.433654893015
101525,12340.90570995096
101526,13364.239093627391
101527,8926.16131542608
101528,6079.875258904979
101529,7735.367891745234
101530,12938.597634530795
101531,14349.597665522311
101532,6630.085024776668
101533,4549.239684556272
101534,12706.625155805476
101535,5691.990213337782
101536,10190.349563651846
101537,7411.008906591149
101538,8668.0799213012
101539,14303.478487933333
101540,10917.305283259904
101541,9142.441836284152
101542,13362.559520123903
101543,14117.50840472448
101544,3632.920910956699
101545,11192.80519220215
101546,6342.68717536912
101547,15998.131622023559
101548,12678.781987516759
101549,10616.129877190526
101550,9528.024674776276
101551,9611.584588781654
101552,7875.373823288847
101553,9517.188721165003
101554,7919.705827801203
101555,3143.933256002289
101556,10154.507473576037
101557,15543.149768628624
101558,12715.729899090082
101559,8236.315154320782
101560,7143.825329316061
101561,10036.339256415937
101562,9782.480363077902
101563,17741.45701111107
101564,9088.040316058084
101565,10233.715687338887
101566,12446.967298169273
101567,9521.333802428793
101568,8471.196514552033
101569,14055.031138825247
101570,8435.594434461455
101571,11910.896565587906
101572,6430.173652237692
101573,6170.3954574614245
101574,12739.890044793812
101575,9971.529208478129
101576,13946.184204890722
101577,10603.344929194249
101578,16360.340877550114
101579,10297.40712129486
101580,8454.536614005981
101581,5488.583390786979
101582,6112.30434282022
101583,7950.592215866512
101584,9228.498404022259
101585,10953.01872960069
101586,6451.353506779447
101587,13034.881220999883
101588,6819.108433744041
101589,9689.344168595566
101590,9397.317254999172
101591,11511.16158558465
101592,12824.872381468254
101593,11169.645580439987
101594,11880.20976284446
101595,13969.100033571243
101596,12063.891661620222
101597,10336.338719437523
101598,19261.506500674972
101599,10562.179482583533
101600,14010.738646953549
101601,10397.392246552996
101602,6357.653999546563
101603,10963.524057289978
101604,10813.869200702262
101605,13118.190187960194
101606,12066.919254547856
101607,10003.689853343421
101608,6571.764486777126
101609,14063.976196811722
101610,11338.946955870788
101611,5519.994535381178
101612,7217.597307401187
101613,7825.010349736355
101614,7563.012285396901
101615,15998.131622023559
101616,5488.979941473498
101617,8137.743377273906
101618,6111.510057732738
101619,9332.282895514638
101620,11481.622623845464
101621,7284.5706091714155
101622,9735.670087996323
101623,14963.500249690138
101624,8054.489335735169
101625,15358.074549108525
101626,9847.620449440506
101627,10957.296028149725
101628,14929.224323763121
101629,10763.670091321119
101630,4780.339477858551
101631,7250.604661008501
101632,7434.073843409704
101633,16719.092116896594
101634,10582.492198651727
101635,22215.57981566954
101636,7307.853391237046
101637,8907.716611155805
101638,8314.213376040909
101639,3497.9406782588026
101640,9899.839243155675
101641,12644.555158915939
101642,9409.413337743928
101643,5171.7284158700695
101644,8325.897084135637
101645,11012.194276385184
101646,11172.148218410019
101647,7774.814500681098
101648,12018.766840496284
101649,9613.61996709719
101650,12579.534571876344
101651,14578.725012095021
101652,15915.944440617386
101653,17032.753528246394
101654,7324.538112523138
101655,12314.886412044089
101656,7742.018537822661
101657,13301.644517440753
101658,16825.109217937526
101659,9324.36293103494
101660,10562.179482583533
101661,10336.338719437523
101662,7203.645380677966
101663,7551.720136042371
101664,11817.14680875881
101665,9016.65047573066
101666,8332.996262212031
101667,11942.439405904937
101668,8339.806656692468
101669,10676.218249373333
101670,14113.674332548322
101671,8002.417599514427
101672,11304.047861711282
101673,7004.315479967456
101674,8762.096478425063
101675,11771.857969192673
101676,8790.329691579169
101677,14576.817573042577
101678,10461.485480097916
101679,7765.031744258467
101680,10518.469255391028
101681,14025.504571874364
101682,6977.653394582694
101683,10760.828954237417
101684,10686.6419903961
101685,7563.63618532128
101686,11458.348580819616
101687,5734.662106047637
101688,9521.949263020244
101689,10358.396645819179
101690,9654.050077861144
101691,11413.05574971766
101692,7867.464610261908
101693,5136.01098339191
101694,12698.233406365804
101695,4805.969215695616
101696,8636.455005497006
101697,12929.67498758187
101698,9442.171248747532
101699,8628.357683053564
101700,10213.451594523784
101701,11475.992023694032
101702,11746.1951334746
101703,10350.0275600241
101704,12621.641338782501
101705,12150.181084853773
101706,9584.06658798531
101707,8555.03280458721
101708,10999.06766450437
101709,9175.971653970819
101710,7557.598925275072
101711,5919.369521263723
101712,9589.500303231625
101713,10966.606302956314
101714,10341.808002891052
101715,7782.654586052689
101716,10004.596917850362
101717,5483.262829442974
101718,12092.933971045624
101719,7372.453037947351
101720,9070.100953025083
101721,7415.144597460012
101722,7730.883352053452
101723,14515.930214018701
101724,9949.70870700719
101725,13433.766726129134
101726,4862.161941314927
101727,16057.820744151475
101728,13006.477723945283
101729,10509.756936083239
101730,14802.995225965085
101731,13577.638139848814
101732,12035.135069886812
101733,6137.177539530661
101734,9987.904198254664
101735,9349.868376660568
101736,14291.104685809089
101737,12436.962946903279
101738,13072.675815048298
101739,11322.995519993008
101740,11583.916440690475
101741,14937.61482265126
101742,8297.122803656077
101743,7074.672116090207
101744,8473.133636106508
101745,11736.825767425815
101746,14834.368058377822
101747,17825.015735543384
101748,9708.732574561916
101749,6445.992916095278
101750,10173.782001801863
101751,15358.074549108525
101752,13276.190583741816
101753,8419.954577995459
101754,6924.948971457469
101755,9670.652841831112
101756,7874.100710005977
101757,6064.461077262242
101758,12331.378067069601
101759,14522.85207729384
101760,16408.056221589766
101761,15962.603474260275
101762,12375.879167658695
101763,7162.263791563715
101764,8719.32194569869
101765,7496.2169887792315
101766,11169.24555838918
101767,15734.738499260355
101768,17971.389048166133
101769,5868.724988168841
101770,2258.360718212667
101771,7286.934909049886
101772,7707.908069080746
101773,4034.85404060296
101774,8260.501412805183
101775,7620.39375680046
101776,12161.699461176804
101777,9258.617877369188
101778,17193.49603712933
101779,11303.87704038755
101780,8686.261545581234
101781,15089.74623559607
101782,14051.786221592047
101783,10970.580312170596
101784,10325.625284343596
101785,10362.77048423352
101786,13441.627957708635
101787,6443.5810317976475
101788,10330.456583934407
101789,4864.940610546572
101790,10157.292434233566
101791,11702.87860425447
101792,18240.277912037513
101793,9200.075199759345
101794,9409.059300069435
101795,8235.776944801688
101796,14824.409107429692
101797,1501.6426574536144
101798,13799.803019481757
101799,9911.65793914267
101800,11143.45050990764
101801,11473.635496000927
101802,9032.255613756988
101803,7247.685508638552
101804,11519.44533288156
101805,11277.315676271772
101806,9516.324765154424
101807,15870.024285883801
101808,5448.626304662188
101809,8540.573617492699
101810,7714.0079868341
101811,9720.394669167645
101812,9019.513960563714
101813,14117.003211402696
101814,8503.767430638018
101815,13486.571106422698
101816,9934.111267171413
101817,9752.021010768598
101818,4121.130935690043
101819,8472.422454802714
101820,5848.923783468594
101821,10524.587997632278
101822,10671.035819985307
101823,15998.131622023559
101824,14353.843370083263
101825,15715.920765024943
101826,10869.039222446772
101827,13039.746485041605
101828,7901.516107099724
101829,12098.878836176229
101830,9708.195124540509
101831,13027.222686815205
101832,6668.738448227645
101833,12539.298344363733
101834,17800.759917712145
101835,7844.920474732848
101836,9402.746014324779
101837,3772.874511134855
101838,6310.145945945001
101839,16692.94873785436
101840,7454.288109622904
101841,5985.4500775216675
101842,15086.814124350021
101843,7787.532827867291
101844,10115.829672760883
101845,4434.319472581495
101846,8732.02412892458
101847,11294.96238542161
101848,8889.259832696225
101849,15358.074549108525
101850,15131.548092328929
101851,9625.965048644506
101852,14630.228455783485
101853,7592.800641288241
101854,11067.603953089085
101855,11882.13244715511
101856,8220.311081103468
101857,10562.179482583533
101858,9335.590499046471
101859,7113.371707863558
101860,14880.0387778843
101861,9218.477387722394
101862,15153.036256406871
101863,10699.732067080708
101864,7179.011329070324
101865,10103.686607824919
101866,16137.554488836107
101867,10241.41252834133
101868,7720.002549731277
101869,11443.336632246115
101870,16777.495106595095
101871,7400.509251857394
101872,10363.046142311647
101873,14053.750217922941
101874,15092.827432342285
101875,10494.736563422059
101876,12417.454687723859
101877,16523.75828037126
101878,7850.625043761994
101879,10468.79606901604
101880,6766.789439951629
101881,9535.37832197586
101882,8493.499005312291
101883,8499.596905402359
101884,9652.215776388375
101885,8537.709448078333
101886,6917.413024601388
101887,13127.908544928801
101888,5702.60108817571
101889,8374.373585504667
101890,13571.871327582277
101891,14744.47977361274
101892,14840.906910250313
101893,12458.55303990655
101894,8867.610627633365
101895,12522.54987388737
101896,6088.322456117924
101897,4500.219488811491
101898,12594.463475074921
101899,11072.962643580559
101900,12704.240780740298
101901,13829.568206835838
101902,16520.84448088575
101903,7148.029668047218
101904,11432.686274838192
101905,15005.787625746638
101906,6458.324593692528
101907,16343.515989391626
101908,13640.238390558947
101909,9282.901047378753
101910,14075.681409081177
101911,20870.233371793995
101912,8290.825985205967
101913,9124.87421580395
101914,11707.799905895414
101915,11015.259237278244
101916,8231.203909268803
101917,10209.751545771667
101918,11652.019816676106
101919,11679.661575649714
101920,10165.230612297588
101921,6787.7432522449735
101922,12884.597480968805
101923,4871.4158800678215
101924,14803.087476131786
101925,6552.158279823961
101926,19887.042505433066
101927,13174.452226791675
101928,7261.649057053731
101929,12031.942078034566
101930,7842.2088587188755
101931,9751.3450007516
101932,9653.632322589361
101933,12598.003731580748
101934,13017.968474188467
101935,11338.406827380395
101936,12801.487730918243
101937,13596.352678652696
101938,5544.805270727997
101939,8558.965693506956
101940,8604.295527218212
101941,6999.982333606344
101942,20798.550305813504
101943,16180.809797752298
101944,7987.392054175127
101945,8555.803265719562
101946,11426.219610075319
101947,14183.789028531464
101948,7092.544422037941
101949,6413.690213021153
101950,12302.557003047566
101951,8635.25998074285
101952,8014.441046155064
101953,11412.452896037898
101954,14504.55146882467
101955,13595.691523736426
101956,8410.917084297113
101957,12823.199818847017
101958,9523.933368786527
101959,11873.645642798785
101960,13474.638888213258
101961,6487.489598273998
101962,9174.85778486947
101963,7051.5804893054365
101964,13941.243612280827
101965,14260.724090939086
101966,10633.225516691906
101967,7114.809575639206
101968,9846.406778814864
101969,6514.106986999994
101970,5548.832213541951
101971,7032.570933271477
101972,7695.485882771405
101973,2357.2004629063845
101974,5589.958530163022
101975,7770.0002271155845
101976,8112.846303937275
101977,11983.453404677746
101978,13727.692011900679
101979,9203.430712364257
101980,9168.950800521121
101981,5938.2076157808115
101982,7217.974076756978
101983,7427.396769452074
101984,10311.74242510901
101985,5816.824899655269
101986,7423.771284646683
101987,8535.806134107974
101988,15721.449310472484
101989,7475.145870181496
101990,10236.802547651747
101991,11728.154513883463
101992,9030.107155816526
101993,10205.054965789413
101994,10331.55281832689
101995,8791.244464799121
101996,14146.28266402996
101997,8055.962845720427
101998,9961.534488773876
101999,8859.13150481204
102000,7194.090638598684
102001,10831.029026107091
102002,8650.051065352673
102003,7213.030497229861
102004,15450.819078483499
102005,7647.9906720835725
102006,8769.337034221271
102007,12209.533437859161
102008,10002.493706098863
102009,9361.808030714321
102010,12922.904034131607
102011,13690.468546875827
102012,10730.798544932177
102013,9497.463362913155
102014,8176.433372117849
102015,9378.673060444102
102016,6921.270596061152
102017,10986.254521161172
102018,1106.8885261394478
102019,10562.179482583533
102020,8872.287680432408
102021,7969.634133039093
102022,10640.71081420872
102023,13544.827993156012
102024,12556.877642181485
102025,9524.29937652617
102026,9152.978500408528
102027,15502.493113990893
102028,8358.081134805996
102029,12592.265024217197
102030,7103.068620133329
102031,5872.414020591773
102032,12225.097644843572
102033,4223.599926547005
102034,20554.265553655103
102035,8803.54913253078
102036,6346.708730829118
102037,18711.307566765663
102038,10726.195103206343
102039,7156.0616323873655
102040,11429.416734294808
102041,11128.96664606448
102042,10562.107842858131
102043,10528.616256066836
102044,10339.12427592808
102045,7635.753634110103
102046,10126.301708361629
102047,10675.933282018079
102048,8847.814280981445
102049,11897.989804137851
102050,10309.001237324406
102051,8368.477409306743
102052,8391.101435273104
102053,6930.539000212549
102054,18719.207738337667
102055,8679.378148680798
102056,13915.202111520553
102057,7484.457003460404
102058,8788.58003671104
102059,12595.403057436963
102060,7573.731890430271
102061,9196.767448300156
102062,9979.386599927166
102063,9141.304213372974
102064,8159.949107469579
102065,10255.032288868939
102066,10972.793674997345
102067,6388.2715484376795
102068,15998.131622023559
102069,10974.801249375201
102070,14684.730855141202
102071,18214.19050772159
102072,12894.477958102452
102073,10105.332627544534
102074,14606.525473230031
102075,6968.052993356169
102076,9739.047065944556
102077,10713.938764208875
102078,7114.643812955511
102079,11997.32869028423
102080,7403.5633274515185
102081,8173.853674689899
102082,10618.385437405897
102083,6981.465462486426
102084,11482.443373731534
102085,14915.235039227151
102086,16137.554488836107
102087,17142.788515726686
102088,10433.641112994563
102089,9852.420807830134
102090,9044.608046265445
102091,12440.078689682927
102092,11833.13209536184
102093,14830.282141261416
102094,11037.341784908127
102095,7529.805520018007
102096,15060.347826664203
102097,10562.179482583533
102098,10221.83949991359
102099,15327.700090906163
102100,10968.923655339093
102101,8355.175367614294
102102,6131.984379406796
102103,9471.696135774404
102104,9171.118909961484
102105,11144.661186338313
102106,6458.754608392701
102107,7263.82967778258
102108,8587.114527340214
102109,10071.812763113065
102110,7943.544740052017
102111,10118.899560807984
102112,15857.221797863176
102113,16057.820744151475
102114,15397.401048826969
102115,9645.821345906876
102116,15281.212192989524
102117,16038.45476246325
102118,9916.24800508457
102119,10615.014857422162
102120,13500.191191187223
102121,8546.611245273372
102122,10517.476151370536
102123,13228.613592080326
102124,9520.70238283858
102125,12519.170898979984
102126,6010.75759333954
102127,9904.991520484937
102128,7391.642435851197
102129,10297.020297770512
102130,9801.62847030812
102131,11339.828859438421
102132,3589.6234091898204
102133,10333.959978774654
102134,15358.074549108525
102135,5970.952670832047
102136,8172.114411400209
102137,11627.537457442315
102138,12002.357265602468
102139,11652.72891235119
102140,8649.299424705883
102141,12736.021991724541
102142,11012.761502887011
102143,10335.788278016871
102144,5067.059800357757
102145,7764.827060318861
102146,10426.862584437302
102147,8752.95684536575
102148,7740.935131165925
102149,14695.20239129833
102150,8487.978756333443
102151,6525.225298702612
102152,10167.479861553731
102153,7773.708115235683
102154,10999.505227351863
102155,5939.854462891112
102156,7667.193577943938
102157,10656.100367237632
102158,9907.406616153738
102159,8520.028291721079
102160,9477.75450732924
102161,16408.056221589766
102162,12837.105375074436
102163,9155.218174355616
102164,7839.342323270419
102165,10199.768208002553
102166,7358.526754152915
102167,7346.453160949808
102168,6787.743093762447
102169,9699.90293935204
102170,8381.044514243948
102171,13372.292869966215
102172,13924.141981689096
102173,13302.106993610318
102174,17138.09334527853
102175,20383.15379981974
102176,5226.368946133958
102177,11083.762659318603
102178,6655.701095359309
102179,9157.298682324585
102180,6967.601919641717
102181,4718.75496663213
102182,10365.322287209126
102183,11161.43683679684
102184,11411.701090498786
102185,16330.9593828712
102186,14059.473306379004
102187,8188.937676549929
102188,13935.500870929149
102189,19618.24673146878
102190,15534.256468712796
102191,15497.315505824703
102192,11932.294979772305
102193,6932.824280086814
102194,9448.71882677629
102195,7859.383178309347
102196,8211.70445916861
102197,6851.326881254455
102198,7115.92310230284
102199,18402.491227604107
102200,8973.166317716146
102201,5534.129304323291
102202,10392.575374340295
102203,7620.796515008075
102204,7664.694663003002
102205,11275.419994205808
102206,9733.09156461959
102207,15177.3408755064
102208,10751.32267027615
102209,8396.624531834841
102210,12537.837130583552
102211,17329.42568256663
102212,14308.64571074111
102213,14508.097439571875
102214,6021.614788727107
102215,12185.46633240409
102216,8716.295234092284
102217,7724.669723044682
102218,13893.013742762267
102219,7389.346141857781
102220,13475.442588411595
102221,7094.1177223677605
102222,9638.867287544052
102223,15212.058698240757
102224,14258.6279665154
102225,14051.746071579944
102226,7629.231727288959
102227,6375.284119214694
102228,10165.508192450312
102229,13123.719893637339
102230,11504.6456212129
102231,10226.91786439467
102232,9799.127522535773
102233,6029.0076599862905
102234,10098.86967537257
102235,7606.185627144391
102236,7673.142423605019
102237,8681.20030886354
102238,16480.494865892215
102239,13269.532518736982
102240,9633.292453146769
102241,7898.668116380069
102242,10311.184399186994
102243,6628.837513940313
102244,9791.286369003325
102245,11613.20972795616
102246,8602.841852855488
102247,9887.822950789547
102248,11964.112226447061
102249,9644.493883403473
102250,7581.721366878751
102251,15893.855994205356
102252,6652.868291591071
102253,8755.244664063615
102254,9390.552920179509
102255,6781.367271492788
102256,9740.573446770397
102257,9745.518213284353
102258,15342.847026363166
102259,4134.444828146759
102260,10119.551556102653
102261,6762.595171927374
102262,13422.745879822707
102263,9023.778760990575
102264,11502.511379988606
102265,15358.074549108525
102266,6652.655955472424
102267,7772.036765144892
102268,13659.394916571402
102269,8283.098973081002
102270,8983.844769429184
102271,8783.587736983463
102272,10810.966634101078
102273,2232.360620457895
102274,6231.740694008956
102275,10323.97915311039
102276,10119.551556102653
102277,5183.197118265101
102278,8826.71247274386
102279,10243.603785174604
102280,10976.060599851
102281,7286.395689959505
102282,16137.554488836107
102283,8505.714530155503
102284,5534.465151000018
102285,9778.4752057714
102286,9916.153379776642
102287,9697.565923889833
102288,7838.875806152505
102289,9464.07069511772
102290,10427.647456362774
102291,8290.692256381742
102292,17899.645064649223
102293,16137.554488836107
102294,15358.074549108525
102295,9566.437991927765
102296,15729.484567965308
102297,10120.24711762373
102298,3948.583612629419
102299,12142.35124381516
102300,17469.368229197244
102301,9833.009687302074
102302,12565.201495771003
102303,10195.968580748042
102304,13346.876088802426
102305,7147.040211161587
102306,14686.868394363779
102307,8223.155493694056
102308,9592.410526825224
102309,10873.614851801964
102310,6715.922582847877
102311,7944.795770461812
102312,10183.052022902692
102313,6373.604264355792
102314,7817.658497047159
102315,7758.406622080746
102316,6253.296649088039
102317,7713.031672706026
102318,12066.840376391945
102319,14518.030995054836
102320,9714.687849954313
102321,15729.484567965308
102322,7773.133061029091
102323,7584.028685923089
102324,14348.596643051374
102325,8030.333743813804
102326,10175.62473080925
102327,18339.928118649572
102328,10573.16499369175
102329,9377.418293835046
102330,9752.087572136435
102331,12899.822555481578
102332,9910.488966560406
102333,8745.142350132446
102334,8658.64818655747
102335,8555.965742168311
102336,13623.697314565597
102337,10669.906256825021
102338,7740.780310992815
102339,12655.79022553402
102340,9879.252981770327
102341,7558.078360239125
102342,8210.561187507541
102343,7002.518112273164
102344,17971.389048166133
102345,5542.331359386814
102346,12839.768876088898
102347,13280.663257798768
102348,6462.219100611075
102349,10910.470013853137
102350,20169.935203950285
102351,8720.83567568734
102352,7766.632137699673
102353,6931.855857329581
102354,13920.117320099718
102355,12692.875086100214
102356,8802.421084904196
102357,2410.32432108569
102358,6658.0639913205305
102359,9852.075078832544
102360,7303.195352800936
102361,9764.286747844544
102362,10496.26240326298
102363,7507.726591168829
102364,8242.079597554142
102365,9685.319354564359
102366,9374.04774480156
102367,10734.953432110973
102368,9642.073003005413
102369,13709.118318429024
102370,8278.867806657929
102371,8076.043244265288
102372,7698.528866723513
102373,3738.3045762720667
102374,4635.994953997029
102375,10901.998450656025
102376,13232.249536942338
102377,15238.482634972243
102378,11544.786598792967
102379,3557.2948910352884
102380,11052.808362220585
102381,9309.674748846062
102382,10892.109524764557
102383,12824.861947874613
102384,9520.310549792666
102385,16531.662263994225
102386,12351.47342569075
102387,16342.33394816834
102388,10462.43357965685
102389,12726.245545587099
102390,7224.403288490956
102391,11296.03655686336
102392,10463.37820608009
102393,10619.12710762758
102394,3796.514275689454
102395,7831.1478149765635
102396,8667.284216833317
102397,12167.593050333047
102398,11237.059683000878
102399,7032.751047365784
102400,3819.504320540326
102401,9404.928488721524
102402,15087.732484500866
102403,11641.0680662514
102404,11505.354919191237
102405,10308.91401704083
102406,4726.683910772783
102407,9298.362671310308
102408,6132.610404107855
102409,12051.91220196025
102410,6944.669323506646
102411,19469.595958716513
102412,15494.178060818671
102413,10647.349913979078
102414,14250.3345839777
102415,13447.533662876916
102416,14048.28571918293
102417,10517.173236823552
102418,7727.827149887946
102419,11860.423563736498
102420,6206.42374598924
102421,12484.319070326805
102422,10924.3633783082
102423,7060.827768782942
102424,10329.628741610877
102425,11046.535285789994
102426,11145.301247937263
102427,8956.956896294323
102428,8293.952068228997
102429,4388.258198640472
102430,6370.558866055914
102431,6619.119787063423
102432,9653.095315374117
102433,10689.858313624725
102434,17183.667027448926
102435,7184.354535766202
102436,10329.45030116648
102437,11357.068294702616
102438,10995.576079239323
102439,6548.370158015234
102440,7970.391712553403
102441,13527.760173455305
102442,10274.598745759262
102443,8679.162286217414
102444,7879.879111231269
102445,6525.98267301703
102446,11536.986765797026
102447,3928.360940346366
102448,10222.481519676117
102449,9867.18662385612
102450,9630.61357610227
102451,6895.784061998896
102452,11768.509382089645
102453,8367.871887852534
102454,14488.206690944406
102455,13861.43368870541
102456,5374.135321954775
102457,7246.576158125874
102458,9933.062575409995
102459,7238.4151352201325
102460,13775.36154731121
102461,14745.139294510562
102462,13078.780649131559
102463,8373.465781985129
102464,7343.174911002309
102465,6435.804435593471
102466,6073.181772257806
102467,9650.134632137086
102468,11968.251398214548
102469,7518.610229961782
102470,12186.276937143473
102471,15025.855707015493
102472,16492.418571366765
102473,13690.468546875827
102474,10695.597430526619
102475,13313.401293799598
102476,9986.50110919647
102477,7874.796087539863
102478,8087.131664272507
102479,15358.074549108525
102480,10265.478959494947
102481,11199.931450518618
102482,11608.758207836443
102483,15358.074549108525
102484,13267.700009400593
102485,12908.284844556707
102486,15004.464019239991
102487,8016.609180806053
102488,7025.686961787086
102489,5832.339502482076
102490,9811.37478968638
102491,11466.394974152916
102492,6247.39379521341
102493,7677.649438762837
102494,8083.62584582035
102495,13926.987561664742
102496,7507.562451569107
102497,7296.3091254889605
102498,8042.135654188084
102499,11509.100169871479
102500,14109.466276689136
102501,10238.164526180572
102502,7526.083595240534
102503,10921.976176544864
102504,3983.6823836607023
102505,11474.499510129514
102506,6658.724737709369
102507,8183.282018241691
102508,6616.333984736307
102509,10126.179347856534
102510,6196.831308025206
102511,8344.163396365937
102512,10084.170556319239
102513,17566.168909333872
102514,11626.371826663319
102515,8725.555926680396
102516,13932.41607268354
102517,12364.848487312847
102518,11380.113855915402
102519,2127.306380866618
102520,12828.54933607959
102521,8458.6602356647
102522,7766.941687262647
102523,5441.993475671137
102524,9161.088657234402
102525,8088.419496966608
102526,6130.1724514278085
102527,8396.419044296683
102528,6304.5205772345535
102529,4427.854732820252
102530,11209.19787688679
102531,10130.003962521461
102532,8876.365294096051
102533,7060.088940725702
102534,8431.935910659931
102535,16057.820744151475
102536,5624.05747904209
102537,14191.959519659304
102538,6897.888013487154
102539,6296.743577892367
102540,11140.439798728827
102541,13477.843135503157
102542,10832.265605074343
102543,13146.833191077447
102544,14687.754034119753
102545,14199.887872565656
102546,7764.234672725309
102547,7559.955635136803
102548,15379.454169392744
102549,10972.75968851602
102550,14957.430590047998
102551,13443.463557039053
102552,8320.8950290858
102553,10439.775678364804
102554,12104.095813554348
102555,10638.81920484126
102556,6188.23121987386
102557,11466.558425534564
102558,14377.642954594125
102559,10381.709507965725
102560,17241.606968320135
102561,13869.546458745443
102562,3502.02619146513
102563,6943.537757282743
102564,9490.208424018485
102565,12434.960400218763
102566,9444.984484748133
102567,14295.935269346941
102568,8477.218739010788
102569,11773.966247469349
102570,8194.397058415076
102571,4854.6955650711925
102572,3236.2973027901476
102573,11875.197019189782
102574,9246.57732940662
102575,18707.4859144422
102576,8961.32395886801
102577,10910.807558497441
102578,16198.669403010781
102579,14500.946973163098
102580,4205.848176520885
102581,11428.957195396348
102582,12430.76776866779
102583,10752.690321250602
102584,7752.843177707814
102585,10185.233263817614
102586,9420.508697567675
102587,13773.92134205503
102588,10622.907413006187
102589,13468.868294203188
102590,9546.158162553997
102591,10913.696970688672
102592,17132.108356241144
102593,10911.112182259942
102594,8433.632109993516
102595,9929.307699315183
102596,6499.114601374095
102597,7822.622709392542
102598,9648.572370898648
102599,15028.655026453589
102600,15131.112810496878
102601,9262.410267084557
102602,9198.500609787665
102603,10466.09552879463
102604,2572.730994941457
102605,10559.177457827642
102606,15736.471418696055
102607,7315.557436476722
102608,9272.868583528369
102609,7246.576158125874
102610,7827.2244243848945
102611,14512.165590887887
102612,12930.447250134832
102613,10294.147758998155
102614,10122.65399711825
102615,7605.549476313187
102616,12612.396268460261
102617,6889.9402044460985
102618,14488.124462555734
102619,12924.0548846007
102620,9773.343995839741
102621,2257.9813610397127
102622,8290.709056443233
102623,14696.379164758702
102624,11823.220962725349
102625,15023.029786882213
102626,7329.844848541059
102627,7276.9811344610835
102628,5074.005456616615
102629,14469.479882790372
102630,15884.954829797583
102631,17067.564078346328
102632,7435.706313136158
102633,23041.65659609373
102634,8981.296273111539
102635,17058.114631699365
102636,1390.9784486420415
102637,15630.047749205329
102638,6777.917441862147
102639,8941.42883277414
102640,16137.554488836107
102641,14202.529965127365
102642,11925.62694654915
102643,10205.437645581793
102644,15667.449734431702
102645,9442.752100422358
102646,8049.463853903728
102647,17496.8697975462
102648,8069.24983417227
102649,12735.496814062892
102650,9935.800303900021
102651,11505.72920461123
102652,14282.196886527523
102653,7783.216484556991
102654,7031.261812337847
102655,8213.347871061325
102656,12188.387171011223
102657,20354.325187841092
102658,7994.624783782094
102659,7477.460525071838
102660,7259.33451748805
102661,10398.391894032913
102662,8080.006676948977
102663,11631.564563578393
102664,6569.762809951282
102665,9648.629956349594
102666,11345.082806146203
102667,13981.183609005564
102668,11986.695290896841
102669,2745.0039816401404
102670,10044.78966738862
102671,11584.480346808527
102672,16246.461402440087
102673,10154.319405935166
102674,12646.923408177698
102675,6478.587475716953
102676,11579.831070203658
102677,6630.085024776668
102678,9807.297777887467
102679,11303.87704038755
102680,9393.808974839385
102681,9320.253025173652
102682,11993.43898192922
102683,5378.179546082328
102684,6844.7340749342975
102685,9845.847884903282
102686,10779.019847824096
102687,13473.93295545307
102688,15153.61700999311
102689,17810.530347786807
102690,9382.9882469961
102691,6616.110062424575
102692,11843.465999533706
102693,10033.998006563763
102694,7568.393676106862
102695,9329.29120280943
102696,10378.449547085102
102697,13019.204913868984
102698,12555.041553926894
102699,4334.851659754233
102700,10500.295148137002
102701,10909.957782665297
102702,11956.942534970885
102703,10811.242568486972
102704,8943.446462367538
102705,8009.803694675324
102706,10369.833263124916
102707,12831.278553509828
102708,8769.430608004368
102709,11153.283713815705
102710,15317.018591797714
102711,10362.400357989089
102712,10966.997117093206
102713,4429.712324355439
102714,10562.179482583533
102715,11426.016411976383
102716,10368.55794560009
102717,9841.533644758569
102718,6832.450502057336
102719,14770.078106173827
102720,8207.588822346437
102721,6904.422109401694
102722,13336.943513096752
102723,8243.01067663055
102724,6164.751084422884
102725,7785.695656792756
102726,9916.844740118884
102727,8330.341798858608
102728,11779.757398958101
102729,9375.925363183806
102730,4808.976446884117
102731,3557.769497533382
102732,14960.58238797061
102733,13967.560163877111
102734,17469.368229197244
102735,17016.88582218742
102736,9406.763297377522
102737,9685.639764081532
102738,12903.944977807616
102739,10391.662917203997
102740,7579.268696694496
102741,14853.682362898588
102742,14109.62905295505
102743,18088.42241194153
102744,14425.429494746944
102745,7900.969465922441
102746,10541.925283330993
102747,11721.567694051244
102748,7589.725359502496
102749,10438.76736006352
102750,14895.16086518595
102751,8593.145239280659
102752,13336.027775462502
102753,11354.97615222363
102754,9213.85365186131
102755,12943.402309555939
102756,5362.907242741401
102757,5576.5711619900985
102758,6268.3003684390205
102759,4693.368274187938
102760,10693.19759510987
102761,10476.985793752276
102762,11412.822240259102
102763,8410.28564333911
102764,8537.67942985946
102765,6947.065540527047
102766,11219.93749911653
102767,14493.529425207236
102768,10463.058650838882
102769,9746.100355201146
102770,9833.583457621335
102771,12836.413483191414
102772,12454.456656840022
102773,15358.074549108525
102774,12168.050597211533
102775,13523.292489908727
102776,12662.791805316656
102777,9610.806240607306
102778,8309.280661808109
102779,15998.131622023559
102780,11562.161505713282
102781,17222.311455889987
102782,11050.77352785209
102783,11704.60378778882
102784,9911.720982216817
102785,7310.2403896826545
102786,15155.523322932253
102787,10545.46671683363
102788,14224.743104784015
102789,9716.138388799794
102790,9971.906818928705
102791,7061.068958102771
102792,14927.556853135073
102793,9832.661962357983
102794,10229.964044083104
102795,10562.179482583533
102796,10318.01176662323
102797,6822.646636651813
102798,10935.621171192723
102799,12067.779929341257
102800,12994.713887144706
102801,13876.004125607571
102802,9417.417966281091
102803,10305.469492001826
102804,7432.97078392821
102805,6266.171658099808
102806,8703.374187221818
102807,9889.447276044952
102808,7289.336091739829
102809,5963.726351978943
102810,7124.902798429455
102811,8685.940828850771
102812,6360.682777829296
102813,8226.354825587552
102814,9120.37462961428
102815,6754.83237927699
102816,9056.160283387533
102817,12590.832404289506
102818,10072.122169668077
102819,20140.299794327588
102820,11255.875314032453
102821,12134.568964206363
102822,11927.698383984789
102823,14110.03052984015
102824,10768.224508744537
102825,7805.303336685776
102826,10105.248124227526
102827,8948.420665916321
102828,10137.35406236875
102829,8094.171838358972
102830,11737.833838207964
102831,7294.865577945999
102832,10303.682311027977
102833,8178.8980045163335
102834,8614.041130493755
102835,6619.213149933863
102836,6427.401476807697
102837,10395.28976522086
102838,12884.334684703403
102839,9965.057799347282
102840,7053.891833548555
102841,4502.739542673041
102842,11840.48487121312
102843,8905.022891583174
102844,15359.622111185872
102845,14299.54792835288
102846,12706.488986704235
102847,12024.20675417483
102848,8242.079597554142
102849,5815.891638481983
102850,16130.02482948314
102851,11842.695124433616
102852,14407.653272259324
102853,14011.122260052049
102854,11337.35478287901
102855,12104.2429418146
102856,8474.19987782797
102857,5894.942897576861
102858,10811.848984983844
102859,19376.62483937186
102860,5176.8923901518765
102861,14083.697926458726
102862,11070.456857891859
102863,11706.90969766416
102864,10339.67698740479
102865,13703.355199968375
102866,10434.016962988999
102867,7691.9664449225265
102868,10562.11458878637
102869,17700.16524057129
102870,11043.430521354187
102871,16279.3151908338
102872,10420.386197924092
102873,8957.077082463808
102874,10718.015435172181
102875,19221.902887697768
102876,10773.201305765524
102877,14956.32893486493
102878,13395.758395815452
102879,11988.547873504394
102880,9663.257522287162
102881,14023.362142428365
102882,13608.585541147497
102883,8807.294358889347
102884,10521.036489165714
102885,7918.098183676109
102886,8477.218739010788
102887,9986.210314554828
102888,12350.270011687717
102889,12770.653747323582
102890,8525.082611095067
102891,10562.179482583533
102892,9741.68405687108
102893,6628.858838095798
102894,7493.246475894983
102895,5369.4501770139605
102896,11620.25020936811
102897,10607.357781027711
102898,11125.852413023003
102899,4548.096255995398
102900,8950.206451147033
102901,13543.205693040754
102902,8262.725365686209
102903,10387.193641441976
102904,11484.592555891179
102905,11485.693057041903
102906,12163.249487844436
102907,11403.325185282154
102908,11645.507643226714
102909,10973.239662485625
102910,7874.586436906791
102911,15349.026751925441
102912,11525.469657328213
102913,10329.42602228139
102914,2330.5624913904962
102915,11370.85771474842
102916,10091.596570621934
102917,6964.331589331033
102918,8055.894773942404
102919,5807.2899747151
102920,9341.148587158814
102921,8559.814759965078
102922,7416.0272548573475
102923,13264.117106272926
102924,8306.925808734524
102925,7290.4132211301285
102926,12504.069170821904
102927,14800.335241918443
102928,11229.902154248739
102929,7546.983871629418
102930,13944.508214930656
102931,9491.219144958848
102932,9586.350209103637
102933,7681.927509545486
102934,10015.213649122248
102935,7070.905239032101
102936,9805.784514906805
102937,11011.728882131722
102938,13976.89804255943
102939,10562.11458878637
102940,15113.710512313552
102941,12827.577724508496
102942,8942.410291588078
102943,13106.30168194128
102944,7063.551473801641
102945,10556.543232224923
102946,13272.97141617485
102947,10803.654545773892
102948,9789.482236051384
102949,10339.399407995214
102950,11018.877600187436
102951,12164.410489335909
102952,10479.928268080872
102953,9294.289419738489
102954,9314.839983915102
102955,10669.596455033801
102956,10839.507991288858
102957,13152.838497675284
102958,15027.308793964046
102959,8341.31701251074
102960,7295.948782281622
102961,3590.8901369964415
102962,12101.071960827403
102963,11594.237222930158
102964,10503.366141829389
102965,10308.64762377165
102966,13655.759611178462
102967,15642.094667723806
102968,14392.910240419964
102969,11430.141509888559
102970,12775.817226557085
102971,7833.517113185949
102972,10552.19786672457
102973,9393.29238804099
102974,12640.88769237576
102975,10428.044569923391
102976,8503.939517542829
102977,8048.139837959616
102978,5372.185285490296
102979,5538.181348126321
102980,9773.811954061992
102981,4492.629557529917
102982,10243.332105729176
102983,17118.163031298125
102984,13072.991800852631
102985,11322.689862355895
102986,19401.265041464583
102987,7228.337713695545
102988,12053.263674488426
102989,10365.62987599069
102990,3624.1845893967125
102991,12057.385855714903
102992,5639.662243574051
102993,11849.619738120107
102994,6335.27128576401
102995,6885.513850185306
102996,9666.048160217024
102997,9306.427063356872
102998,11293.435466887157
102999,4897.533729951738
103000,13128.89123636119
103001,6866.0227933533215
103002,18277.240067859067
103003,12273.721514879464
103004,11938.979402707278
103005,9271.426151914473
103006,14598.273215730933
103007,10345.75632655999
103008,11155.796790826716
103009,6499.861938088777
103010,4546.6689543350285
103011,2992.1783391407776
103012,15125.49568711015
103013,7413.77083514666
103014,9878.343939701173
103015,6401.590072735664
103016,9759.654823087267
103017,4106.206844500482
103018,15358.074549108525
103019,6639.414080052097
103020,9486.314270357945
103021,14533.226917857924
103022,13532.09132826456
103023,6137.5783481795315
103024,10730.512512314112
103025,9660.974191139705
103026,11514.358050084054
103027,14574.410899639814
103028,11339.220560995356
103029,13936.402392761665
103030,7514.46298290493
103031,10217.849463073462
103032,10536.578290111302
103033,6890.101818598189
103034,8079.81472471943
103035,11038.97682532345
103036,8533.636261609017
103037,16038.45476246325
103038,15358.074549108525
103039,11999.18608481416
103040,7096.192029512755
103041,11384.795059040483
103042,15031.240095888903
103043,10220.445871147016
103044,7833.517113185949
103045,14956.738063729385
103046,13319.024606242381
103047,5406.065396685316
103048,8229.647202770215
103049,15454.890599228826
103050,18724.830434900374
103051,5366.656537439814
103052,15941.819863576842
103053,8569.726259667399
103054,10911.261273368258
103055,10051.840854287451
103056,11519.630192487908
103057,13210.963811874944
103058,12818.84476220145
103059,8431.247698543628
103060,3780.3502563820825
103061,17971.389048166133
103062,7203.016724815887
103063,8211.746121886059
103064,4796.588800589899
103065,9876.365944982796
103066,10098.557753464034
103067,15443.648452640398
103068,6729.002123123721
103069,6546.979278819988
103070,9916.283034663236
103071,8341.608154718235
103072,17539.77731154945
103073,8173.367803402013
103074,11414.004055201298
103075,9934.225622299991
103076,11960.271994652436
103077,4649.263554853488
103078,16057.820744151475
103079,17441.19137899511
103080,7909.239950391616
103081,4445.6988085293515
103082,7369.4617818198585
103083,7280.85117479506
103084,10513.065973015575
103085,11488.32545332074
103086,7822.195745260809
103087,5293.963028583354
103088,13799.803019481757
103089,5902.0299863694
103090,9844.873062810695
103091,6977.695177298873
103092,9963.176269240164
103093,13574.608332305312
103094,8641.009635312734
103095,9984.731956695481
103096,8089.825030451875
103097,8989.562956453234
103098,8147.366556480688
103099,9184.165279426317
103100,9473.4986079196
103101,12906.393821492036
103102,8584.749021324731
103103,14117.003211402696
103104,7038.432278537892
103105,15604.15396055571
103106,14621.564177308934
103107,10857.483222298493
103108,18555.30134714248
103109,7074.600866700461
103110,12895.395158256239
103111,8918.930192705
103112,8998.339786794171
103113,5249.771452508898
103114,9815.159819121498
103115,7409.617960136307
103116,4848.772123417498
103117,9215.115520672975
103118,3767.9208739700452
103119,7845.373578238159
103120,7934.089955169689
103121,7045.805107948677
103122,6870.451299006048
103123,10661.65039321055
103124,13381.011164725795
103125,11947.885672176833
103126,7408.632413989538
103127,14295.448596272208
103128,10893.22930432374
103129,8167.837593191641
103130,9825.754544192147
103131,10386.112227669182
103132,15391.94493947876
103133,10493.241198174303
103134,11268.449573750628
103135,14112.398816727613
103136,9284.156942535094
103137,8253.4237598375
103138,11246.259530310574
103139,7973.841917533907
103140,4954.175676284563
103141,9612.984781340716
103142,10604.50393269161
103143,6908.755790429033
103144,8091.5259376589165
103145,11029.060780577805
103146,8447.060641493536
103147,7268.599040064473
103148,13923.906331333885
103149,15358.074549108525
103150,11930.144467839513
103151,12448.41950554338
103152,6798.169005829076
103153,9532.228367343218
103154,10308.9144304965
103155,7512.745813608964
103156,8232.28338549394
103157,18267.582853518856
103158,8335.55496074763
103159,15685.934829209404
103160,14541.733728058272
103161,13571.871327582277
103162,8747.760780813887
103163,9517.480811593801
103164,8880.638473502744
103165,7375.338441162093
103166,8997.34063729595
103167,16195.60659432572
103168,11597.195692811552
103169,10562.179482583533
103170,12487.587485517453
103171,8233.97729941235
103172,11075.394282468602
103173,12928.83732778156
103174,9702.454937025148
103175,11505.017595015162
103176,11787.27266367109
103177,10954.80132156659
103178,8498.72313747805
103179,8526.138660697714
103180,3038.830341741533
103181,10722.586140616148
103182,16261.090988453458
103183,8179.916291805125
103184,9884.91389422054
103185,10412.668529875531
103186,10003.727768678846
103187,9329.810508133327
103188,10315.168009363097
103189,7933.378228595311
103190,11844.413956531684
103191,7143.102486156723
103192,14072.27166603186
103193,9914.759998029323
103194,12075.779996571193
103195,12094.926960471721
103196,10745.39123970147
103197,9118.326778070224
103198,6631.202881570488
103199,6833.015877595662
103200,10943.562439428926
103201,11527.364853150215
103202,7219.1988730575595
103203,8726.417440455529
103204,6722.094544432188
103205,18161.285804350304
103206,15699.024217758626
103207,12657.393282482682
103208,6343.046873683584
103209,9915.311012251314
103210,7529.805520018007
103211,5489.289174032542
103212,9962.372697478351
103213,12826.094005677003
103214,9715.139876931938
103215,12812.21998561601
103216,7400.509251857394
103217,8338.229887991916
103218,12166.488012715408
103219,18285.771121500453
103220,10798.105459819304
103221,12175.829890848676
103222,8094.870681142361
103223,11985.286216120894
103224,7450.725491898932
103225,7039.904074061359
103226,13459.32361797971
103227,3812.3389201346013
103228,10854.78367079222
103229,14828.450341923794
103230,6948.644745533699
103231,11327.525743303651
103232,10320.674484604126
103233,14388.244343415012
103234,7483.067570448621
103235,3711.6222624894076
103236,15358.074549108525
103237,13794.813178229375
103238,10158.207741252552
103239,13578.738477247125
103240,7626.286373705175
103241,9704.311676955804
103242,10826.15084976961
103243,7091.963533249566
103244,16087.911829952916
103245,7452.817080836718
103246,10365.932347342201
103247,13420.435417061803
103248,6882.98396854971
103249,9393.90352140618
103250,8220.435414314192
103251,13631.64840972971
103252,9294.315088651047
103253,6635.458853430341
103254,11064.626881393113
103255,9691.867907462129
103256,11511.312164211857
103257,7181.787119695703
103258,13067.401697308953
103259,8096.2088673079215
103260,7976.306794041083
103261,9843.001533835048
103262,13625.555290510658
103263,8268.701288287173
103264,15358.074549108525
103265,9872.867271067309
103266,17091.570316949324
103267,6343.673641201602
103268,9950.836338338122
103269,16441.58094328363
103270,12018.882479681382
103271,3094.411610734635
103272,7478.484928579961
103273,9979.614489592674
103274,7054.617795021662
103275,11158.506777010365
103276,9347.315381743902
103277,11926.39760020992
103278,10960.746937267926
103279,12361.421410692903
103280,8335.593609146605
103281,7699.2969362414915
103282,13796.04030242226
103283,11199.931450518618
103284,8680.709647145115
103285,11064.379246703862
103286,10951.125780072389
103287,6633.87615991128
103288,7597.099032758884
103289,11981.204438152221
103290,12022.98172564862
103291,10233.38826699779
103292,10148.368706122565
103293,13560.58443569244
103294,18710.285841150508
103295,10562.179482583533
103296,2585.3178759073544
103297,6179.642747221113
103298,7922.489735235424
103299,10129.946935679338
103300,7688.429976928765
103301,9913.630339447518
103302,12438.81955822867
103303,17195.6953013054
103304,8840.835883511445
103305,8242.913927041152
103306,15358.074549108525
103307,5102.306429764391
103308,6951.649088981547
103309,6826.881876790026
103310,15896.139097027237
103311,4523.184960166583
103312,7539.224545381252
103313,10444.919319758103
103314,9655.768501999262
103315,5366.72175186632
103316,11173.632005842535
103317,10606.291845413223
103318,10932.358815553232
103319,11942.480718780504
103320,6217.192588394065
103321,15713.306607295835
103322,10886.78919575965
103323,9128.263692740657
103324,9466.209128924555
103325,7082.260952297359
103326,11941.385429664091
103327,7719.879654905416
103328,10534.431573601549
103329,10777.326919044643
103330,10297.0885759325
103331,12896.673701596568
103332,11451.428431777691
103333,13442.301147050259
103334,12512.539249291487
103335,15348.278119898667
103336,11023.017656864802
103337,8171.743304868555
103338,9034.385890467329
103339,6567.627695875948
103340,15747.075205072477
103341,6408.409623613806
103342,10201.459236609417
103343,9660.155193755594
103344,9554.244552414999
103345,10295.39819240625
103346,10787.824467212944
103347,14742.478797343085
103348,13838.49613541805
103349,10078.025512181439
103350,7429.280435371696
103351,10289.12908214916
103352,8412.18604959599
103353,5564.315410627642
103354,9940.524468737121
103355,7731.503159601912
103356,9896.034918532534
103357,7259.2671180495245
103358,13517.638943315613
103359,9171.128362213556
103360,4407.49353139605
103361,12741.344414849873
103362,6978.443665207554
103363,10622.660562537063
103364,11521.960529750448
103365,11709.5399982252
103366,14155.271411586435
103367,15745.096623625817
103368,12007.66736676432
103369,9007.511426677986
103370,12307.6149293103
103371,10140.51725445612
103372,11932.1650052765
103373,18277.240067859067
103374,16935.400793580287
103375,7324.860694345999
103376,6100.353934862944
103377,7908.203908851665
103378,8732.95572289475
103379,9871.57607333814
103380,6997.388624728826
103381,11178.104864153498
103382,9940.27619666673
103383,8122.027598645213
103384,10824.825068075319
103385,17462.699662666604
103386,7256.052165035748
103387,16290.852264480836
103388,9622.493558568
103389,9161.874303609153
103390,12634.450239886537
103391,9202.816939237224
103392,9206.556379964335
103393,12331.354836683697
103394,14244.116512886794
103395,11358.737237535901
103396,10304.3969171258
103397,7412.135771831182
103398,1679.587539304523
103399,8626.322571276243
103400,6908.743318564321
103401,14360.873267820352
103402,9329.999348741325
103403,8047.595820851362
103404,7842.41766451045
103405,12446.900401083909
103406,10785.86740678048
103407,14929.224323763121
103408,6180.813593577498
103409,10575.634783037234
103410,10986.914679629012
103411,7213.003825480199
103412,11543.882031908724
103413,7908.944430375509
103414,12244.764601874003
103415,8090.846675950393
103416,11995.251140569704
103417,5900.425715730566
103418,11890.066800071483
103419,7108.41370627275
103420,9142.488324994041
103421,10912.227180711296
103422,8525.505131926355
103423,15408.521426564468
103424,14073.50343883686
103425,8297.122803656077
103426,4755.643301786672
103427,7555.089432949733
103428,8041.924543305783
103429,15358.074549108525
103430,13333.525208428706
103431,9702.311594690265
103432,9499.853069888699
103433,10615.048334914885
103434,6526.7950645448445
103435,7513.701136508955
103436,6163.143993528959
103437,7708.910007651927
103438,11454.199197310814
103439,14055.864591645573
103440,9630.4369116521
103441,11993.733888795803
103442,6977.968624240975
103443,10145.68847820225
103444,7277.577026778228
103445,17033.620776336415
103446,10806.01926475611
103447,7841.893866103033
103448,13403.818239332124
103449,4606.762992703779
103450,10687.573129221662
103451,14496.15994563518
103452,10709.448893915109
103453,11369.992701903075
103454,15941.819863576842
103455,9666.116392548749
103456,9341.48215006988
103457,18770.270255315998
103458,8124.720281065363
103459,9794.38475563753
103460,7377.8837428011
103461,12911.316699382856
103462,7034.930145273001
103463,10562.179482583533
103464,10654.40404157474
103465,9641.238596729507
103466,14109.62905295505
103467,11922.56254584294
103468,11075.799894603662
103469,10502.869059894467
103470,11360.829758333528
103471,10384.814512468172
103472,7436.2583040693635
103473,7221.190482466977
103474,8567.56145041768
103475,12822.586400807126
103476,12493.024527923206
103477,13544.202108472085
103478,14605.128299769234
103479,19226.649354188732
103480,18941.061705164553
103481,8802.486050152474
103482,9587.957991009293
103483,10588.663698672422
103484,8974.046570156002
103485,8908.647134273815
103486,7793.6467390720145
103487,14404.49626762392
103488,11011.828955362158
103489,6566.681431110942
103490,13349.666961799085
103491,9956.342075265065
103492,8666.008978112695
103493,13414.455837328704
103494,14294.016090591474
103495,15694.029718574744
103496,10708.88300660336
103497,11030.761541380103
103498,14442.76363901345
103499,11276.807376856012
103500,10501.366711433004
103501,9571.001656596938
103502,8304.21773760254
103503,12331.354836683697
103504,15295.880985223643
103505,4556.330910831152
103506,7858.270036912934
103507,11979.142086814309
103508,15515.766371162134
103509,12275.600691115398
103510,10073.807471036327
103511,12955.403401159987
103512,5624.546849190548
103513,8306.55135120225
103514,9830.428894102804
103515,11562.437823195765
103516,11254.6451642441
103517,7281.5082820669
103518,8024.286643231109
103519,7701.750248087379
103520,5247.385693917842
103521,15389.258357040017
103522,16328.977718265878
103523,11991.226181661563
103524,8307.609757578017
103525,5825.064347309713
103526,7232.161038518725
103527,10728.703203904437
103528,4463.627974544105
103529,10184.656661875799
103530,13643.101602895535
103531,10976.682909115108
103532,11349.605927372757
103533,7683.244441935553
103534,11529.189644252054
103535,7884.662733067237
103536,11232.442131749945
103537,14789.394979304476
103538,12583.92633371176
103539,14363.736672270785
103540,6837.231357145275
103541,7532.880957929469
103542,10285.358752173943
103543,14517.666299608036
103544,7268.047749803842
103545,12314.886412044089
103546,14436.131085709032
103547,15600.08927844715
103548,8294.470391816836
103549,7045.987887810757
103550,12173.841476237141
103551,11893.654071661633
103552,11071.666995015043
103553,18645.595986681878
103554,8039.59636627758
103555,10736.712830672659
103556,10528.597860308093
103557,12654.611222006057
103558,8119.9476772306625
103559,7446.2844351236345
103560,6349.777127524842
103561,10427.36926102805
103562,16148.582135601178
103563,12867.642261206898
103564,12625.918654996083
103565,2635.6089004267674
103566,1891.9223816167935
103567,14000.095872058891
103568,13517.638943315613
103569,14608.671286504881
103570,7585.711045306516
103571,8318.172668777182
103572,6516.448254049743
103573,9264.604639027104
103574,14184.356681931104
103575,5399.254061678785
103576,16038.45476246325
103577,13067.400186248315
103578,4549.239684556272
103579,5614.4143858220905
103580,14752.764973386642
103581,11363.909099723065
103582,10092.147112143482
103583,16723.153988925846
103584,10191.504222141048
103585,9195.680796149463
103586,15713.306607295835
103587,6465.2650172858475
103588,8389.172163195593
103589,10685.34297527636
103590,10493.241198174303
103591,7170.384309481861
103592,6062.215937339073
103593,10081.859250230424
103594,10484.433919449642
103595,4261.760786248677
103596,13468.106468972237
103597,10316.113586412042
103598,13088.863478823432
103599,9404.915772326796
103600,15424.573352699159
103601,4136.855219492961
103602,11487.793850197942
103603,15358.825197164913
103604,6634.889945326147
103605,6247.667330468353
103606,10864.263650699464
103607,6863.780848485595
103608,9975.816193024322
103609,12522.035519143617
103610,12116.653933546853
103611,13573.353632139879
103612,2037.6523150740652
103613,12683.022106108758
103614,11001.947459032743
103615,10484.292613948037
103616,6103.783600427041
103617,11199.931450518618
103618,14109.62905295505
103619,15145.941659406564
103620,13100.087844571539
103621,8371.993743977748
103622,9910.230749876482
103623,10313.983233186946
103624,7905.150487782828
103625,14517.55679894722
103626,10979.055757479517
103627,10844.792304821201
103628,13719.453520869652
103629,21477.453991708135
103630,7630.805219833521
103631,2122.8297805202947
103632,14040.568984207313
103633,7992.958330123509
103634,9402.00253957788
103635,10404.34559919323
103636,2735.405930910851
103637,15358.074549108525
103638,9749.337139196905
103639,16935.50195049442
103640,5372.52766383028
103641,12362.194186371982
103642,7863.36665341936
103643,9754.380310106711
103644,9904.558256784892
103645,11233.043154184941
103646,7281.513376725524
103647,9837.17402307377
103648,9210.359404938661
103649,11975.52282022009
103650,11722.30140945557
103651,19274.749091470418
103652,9213.258553392978
103653,11624.04106592269
103654,13245.661024266974
103655,9374.12811850474
103656,10677.879596872837
103657,11679.950585612349
103658,6443.346524120121
103659,11476.287536000118
103660,9284.142831790965
103661,13350.475682656588
103662,11529.30868698283
103663,7360.541330292803
103664,11437.587182094961
103665,13230.451356448435
103666,7788.141207114153
103667,7316.51205368055
103668,6002.671074478333
103669,14489.143055413042
103670,15734.612957099202
103671,6859.799952992008
103672,10766.072878716272
103673,8408.454820097533
103674,7320.208393559941
103675,15393.449309256266
103676,8997.324230251557
103677,7381.019865295828
103678,5140.2989496513055
103679,8893.695459756756
103680,8077.933425275526
103681,13068.369131012523
103682,10751.32267027615
103683,11495.533403732934
103684,11671.943374505352
103685,8139.121961993454
103686,7766.941687262647
103687,7825.5342600435715
103688,20367.605817194686
103689,16191.207947226367
103690,8118.2021803242205
103691,6551.524324029842
103692,6549.488777903428
103693,9377.886357037682
103694,15998.131622023559
103695,12194.455761829213
103696,11225.275683045475
103697,7383.938939083858
103698,6728.68435473947
103699,12104.811211729973
103700,17172.441319095717
103701,17281.11653959106
103702,6771.223186323085
103703,13517.638943315613
103704,13990.084710056124
103705,18184.26820503517
103706,4042.826338781508
103707,8489.358053068167
103708,10116.765826753404
103709,11848.87458735551
103710,10239.416722091672
103711,9459.356456136236
103712,13478.051864313302
103713,9025.035345253369
103714,11020.178517323411
103715,11018.841008998315
103716,11351.104156050407
103717,16013.059319175822
103718,13962.851285105755
103719,11395.939654858099
103720,10290.790245860873
103721,9528.647593413652
103722,12491.936226367845
103723,9940.875309731086
103724,8290.410001691322
103725,14957.430590047998
103726,9445.329804188676
103727,9646.895003312611
103728,9870.950163120764
103729,15753.09166855521
103730,11053.327821205767
103731,13511.493069235148
103732,14706.63360181231
103733,10214.492425375818
103734,6478.903399903865
103735,17114.158221966023
103736,9198.492039460256
103737,13554.765458737838
103738,13655.164278580032
103739,16419.88996741052
103740,11502.450060705096
103741,11791.880044509353
103742,7532.0682059203555
103743,5003.665216482938
103744,9697.286561073839
103745,11733.000469611126
103746,5907.133825834363
103747,4916.703150826895
103748,7721.012174234151
103749,10979.76384288905
103750,11276.807376856012
103751,11758.082596184699
103752,16328.17024655536
103753,7113.580001046414
103754,10864.060724123761
103755,10098.78863063785
103756,7889.109550235883
103757,15114.163592627625
103758,8913.6519776975
103759,6551.550142438774
103760,11084.040393312753
103761,7960.9232849129
103762,7222.607218513783
103763,11138.016281090268
103764,16103.38840395027
103765,10170.839589901943
103766,8337.727227859703
103767,12671.306985684188
103768,12093.042307562766
103769,10927.519830511375
103770,7335.059726535018
103771,12930.447250134832
103772,12411.543640916218
103773,7483.379068615121
103774,15150.870464204718
103775,7138.306718898089
103776,8273.321397322485
103777,14109.62905295505
103778,6756.653857961599
103779,6881.552635806318
103780,20219.959261517288
103781,7391.275694838371
103782,8188.17496022168
103783,10274.387137949745
103784,12196.65386826202
103785,5695.49752661713
103786,11199.931450518618
103787,7257.859702993842
103788,11467.216963816374
103789,10398.848615444433
103790,7927.355167157215
103791,9967.12461560808
103792,17132.82841076362
103793,10888.889439341061
103794,14076.202448819777
103795,9692.581496232735
103796,13008.967976975824
103797,2104.7615567129365
103798,12101.93884202048
103799,5597.91197009799
103800,11158.834786959265
103801,10562.179482583533
103802,9802.195541579256
103803,10210.624706655808
103804,9100.99509896519
103805,7263.929773094978
103806,10414.14208581829
103807,10044.51291287303
103808,9662.458478298558
103809,12784.591539612798
103810,14508.526126030736
103811,10335.6596613992
103812,5473.167108476813
103813,5306.331825409639
103814,12115.712611735808
103815,8568.407067595754
103816,8055.466922585595
103817,10853.6478346761
103818,1923.2241608083632
103819,4267.499998974568
103820,5543.777908271558
103821,6737.788620816127
103822,10432.27445964608
103823,7217.620388042642
103824,11475.072428570438
103825,9567.937343779653
103826,6239.535387688733
103827,11373.629601378021
103828,8617.46113879175
103829,19539.261199724126
103830,11591.896941355943
103831,11171.128179848432
103832,11153.917539323089
103833,6513.284453880242
103834,10912.227180711296
103835,7121.615120442767
103836,14105.01198137983
103837,20219.959261517288
103838,10546.163093502126
103839,9345.68904414926
103840,11700.983744973168
103841,7546.772933089199
103842,14149.593230249046
103843,8283.08915614576
103844,9856.89919830246
103845,14779.899135322703
103846,11185.27005656861
103847,10196.131846656564
103848,10329.458768734841
103849,11699.628551642185
103850,13465.856582125029
103851,7977.6866236917795
103852,7860.088824740289
103853,5749.21451231328
103854,13848.863715341507
103855,13258.472533789714
103856,6754.821891160034
103857,8622.290611372027
103858,12232.890937255015
103859,4905.969006943584
103860,9978.641168240778
103861,14957.430590047998
103862,12093.858774584418
103863,12838.458051708076
103864,8323.41103103097
103865,10075.843535928147
103866,6789.738386600587
103867,10562.179482583533
103868,7194.126439429328
103869,7766.131319965116
103870,10323.816146806786
103871,7146.008165027015
103872,7845.038915772462
103873,7403.739449963968
103874,6064.034961690851
103875,10562.179482583533
103876,15106.021027898825
103877,13547.275155426647
103878,8685.660541701953
103879,10219.728744086102
103880,9862.969827310959
103881,15129.56927468713
103882,7892.507632607428
103883,11963.584461990953
103884,10624.215471251862
103885,11340.821910104127
103886,9959.308961048915
103887,10129.91279769455
103888,8193.776155610627
103889,10494.19521819081
103890,13201.296691963476
103891,11481.950132414784
103892,16697.15784054114
103893,5109.102872328105
103894,11758.486919649353
103895,8578.863338493644
103896,3248.2815161111407
103897,16284.412501810992
103898,12115.303729796804
103899,10024.364003022196
103900,7636.455016906638
103901,13859.63485802394
103902,10378.012159324835
103903,10517.456958490253
103904,11125.937829805398
103905,9413.034052481697
103906,6437.134163027131
103907,11514.575170156926
103908,7985.665427610618
103909,14635.813443890833
103910,11708.907220880299
103911,8264.630353059309
103912,15570.561146887085
103913,20136.94204905073
103914,10254.18522623505
103915,7750.034783745851
103916,15139.147838156416
103917,6377.063734856218
103918,12392.150024001241
103919,10423.958023463216
103920,7987.852819704132
103921,7735.924541168026
103922,16570.101255900623
103923,5000.131930140264
103924,10336.338719437523
103925,10024.677492850018
103926,6062.215937339073
103927,11070.715664808415
103928,9422.852610178707
103929,10144.446236744945
103930,6992.532128197902
103931,10680.44633825016
103932,7769.48276455031
103933,7873.610345834839
103934,10703.567670322223
103935,11201.094784757432
103936,10792.055532401864
103937,2340.0472322059923
103938,10895.345557447601
103939,7523.781613739688
103940,11446.924965724978
103941,17261.673354167837
103942,11487.234386716249
103943,7791.424693440271
103944,7784.900736716682
103945,6914.733441606796
103946,8294.930838963694
103947,16003.460484736146
103948,10935.526888992135
103949,11037.80779893956
103950,7781.257800444857
103951,7765.031744258467
103952,13693.018078600757
103953,11703.814796737932
103954,9553.897635347896
103955,8475.0716367677
103956,12170.198313970783
103957,6994.024625112799
103958,10456.4182541662
103959,7412.345450822494
103960,11201.112104748223
103961,11858.13670885955
103962,11079.038034601112
103963,12967.484424835731
103964,8930.84791232111
103965,6097.127304759313
103966,15712.237320264378
103967,8214.562537951371
103968,11510.534069478674
103969,9351.661851351122
103970,5689.395787722092
103971,11270.395249132613
103972,9771.347909271712
103973,6555.12508600542
103974,6408.42026494453
103975,10523.740938169321
103976,10678.006000181993
103977,13862.118692436108
103978,11300.335980079144
103979,13552.254274536675
103980,13100.087844571539
103981,9764.815519286285
103982,8679.165565477193
103983,14778.690361070456
103984,7105.405318574117
103985,8032.7965306786145
103986,11800.620752480525
103987,1738.2901429677502
103988,4721.92407070809
103989,8753.503274096738
103990,10285.480385952054
103991,7786.631596324032
103992,13811.436323651467
103993,24587.08223495037
103994,16197.527980638448
103995,9500.516520734924
103996,19418.298396266622
103997,24945.470254758853
103998,30736.526641984485
103999,24942.702903038382
104000,10545.336854398938
104001,18949.529355290513
104002,27486.985113966828
104003,9545.42648113833
104004,10282.987114957328
104005,19328.182754560003
104006,12653.638252083829
104007,20004.979855439895
104008,19573.137104811267
104009,9720.99962899136
104010,9198.482066672908
104011,13734.609716170287
104012,19853.544838333004
104013,20783.48103559856
104014,18739.048079104214
104015,13630.339186408179
104016,9915.583605139098
104017,29531.261074663722
104018,44803.17524236872
104019,11577.969548434383
104020,22246.94494581288
104021,28100.264714144472
104022,22479.077997093726
104023,12552.94137037465
104024,31596.807707266446
104025,7377.523223388789
104026,9959.508705621822
104027,18767.958689665124
104028,23175.773398208494
104029,16334.617238064435
104030,14462.74225267858
104031,19858.224625402454
104032,20458.02081049895
104033,14387.73091058372
104034,27748.73407544631
104035,20932.039774899036
104036,12114.224301011775
104037,14987.216819644622
104038,8978.877490796815
104039,6229.104384392695
104040,10521.617800050646
104041,11666.053995975759
104042,23290.059637469483
104043,14685.019694184273
104044,19019.91918656382
104045,19957.641952436014
104046,22619.082596572327
104047,27441.24508713068
104048,13335.421848733353
104049,18564.13130230153
104050,8838.292332964207
104051,7776.77790973907
104052,16792.434049982683
104053,10937.417085909728
104054,31036.408462752766
104055,14099.642252438094
104056,17328.62116987632
104057,9663.208888784733
104058,21893.07115377728
104059,12743.840039180153
104060,37538.8862337825
104061,13034.064014019194
104062,9388.80282493146
104063,9090.971981351913
104064,22293.132395254957
104065,26300.289876529514
104066,20370.18066500793
104067,11536.859519614118
104068,13471.154839629082
104069,10816.464661907705
104070,8382.168641688637
104071,22186.88640244586
104072,22575.2849032505
104073,12127.520159562004
104074,17069.679989533266
104075,13966.969385595286
104076,18533.395351233517
104077,7007.758937961082
104078,17730.127565953542
104079,14761.842647434549
104080,5046.9850445527845
104081,9876.094891336495
104082,7115.028693723445
104083,27846.44420053994
104084,18020.92569248884
104085,13185.967104109808
104086,20232.79793419211
104087,9584.757580837088
104088,13776.757640318587
104089,20714.900799216946
104090,11314.954291593185
104091,11250.48384496042
104092,31862.74718516664
104093,19672.999167363072
104094,6516.701776116141
104095,16762.60603637008
104096,15774.395599070258
104097,14130.635981526628
104098,8430.344381662117
104099,19975.75091235751
104100,20052.20131572206
104101,12732.310301571066
104102,10234.22254940814
104103,23067.494202200556
104104,30343.763010569706
104105,8733.883874951136
104106,28339.787765008514
104107,13294.439398830858
104108,10466.908926771886
104109,5663.456406756098
104110,15788.358802349834
104111,19452.541221889005
104112,15564.847260152066
104113,13112.49035651595
104114,17494.292470914334
104115,9797.273981077355
104116,21893.07115377728
104117,11207.065673876768
104118,17405.209718260943
104119,12276.833827255532
104120,10914.278151081151
104121,15695.408371431606
104122,5754.272514136952
104123,25616.28957327807
104124,12081.778800334134
104125,11686.4597497304
104126,29800.811054369144
104127,17538.452687356687
104128,20445.22859189692
104129,9577.311440751002
104130,6651.212768647195
104131,9925.521078217527
104132,15900.303015351552
104133,24517.525520762338
104134,10400.524712623024
104135,10036.26645611953
104136,19445.470951955318
104137,6394.996737021827
104138,19543.017179154216
104139,10505.687197315156
104140,8692.013803585907
104141,17236.559529850274
104142,25921.778809600895
104143,22906.933750971137
104144,30840.330746116113
104145,10685.174411411528
104146,13250.989436397962
104147,32365.84564000476
104148,15915.495612267914
104149,13187.438270703624
104150,18777.52080394084
104151,9986.628238044006
104152,18516.16102738411
104153,11401.098264726917
104154,2695.3096171852762
104155,12841.440830599004
104156,10441.401118755182
104157,43801.03192759801
104158,10090.481479186827
104159,9421.072583533713
104160,11362.893995943961
104161,24677.23066740706
104162,9841.516346296223
104163,10113.91940824549
104164,8909.605179157052
104165,17882.728673002
104166,20756.02888448883
104167,13503.33288817779
104168,28334.57694159954
104169,30106.53170629268
104170,9347.47120492241
104171,10438.259677589336
104172,21656.12220915235
104173,16159.849124100478
104174,25081.170279751495
104175,29327.03633035993
104176,10941.686418211779
104177,7993.112212719872
104178,14346.090960162894
104179,19892.076432199578
104180,31382.617194399587
104181,21083.069071419468
104182,44883.95821447223
104183,13484.37400528181
104184,29712.686586594617
104185,12756.338647124881
104186,14945.423348007087
104187,21178.049583475706
104188,10098.63078613607
104189,15295.645189519966
104190,29894.38849854965
104191,18273.922879182075
104192,9668.395531201957
104193,9591.15746244328
104194,24630.543275437074
104195,7536.551043229097
104196,12829.36814294737
104197,10789.877548209433
104198,7741.069750211413
104199,10912.816258806622
104200,25119.074130608966
104201,11886.505111141596
104202,22140.127726179682
104203,16449.648629758492
104204,16631.78523076019
104205,8884.823877581053
104206,24483.85613907569
104207,15114.03753939713
104208,17700.22287592574
104209,18668.150290204954
104210,17567.614627483425
104211,15278.94933796267
104212,19662.563815453366
104213,10000.56313707408
104214,20256.261375355865
104215,25076.476846387337
104216,14750.131134634132
104217,14956.012355956436
104218,15909.60397153649
104219,12358.537850268951
104220,8948.362553124802
104221,10021.684017303889
104222,19916.13347922833
104223,11257.570163934963
104224,16162.093055369698
104225,27753.35930347109
104226,6532.050174340063
104227,24034.55630737035
104228,13122.919961690362
104229,27218.147884216323
104230,25197.93230565507
104231,11369.130184992726
104232,25604.44118251864
104233,19879.502757767605
104234,8650.979749951917
104235,23257.461339401212
104236,9587.151513335048
104237,30711.90223660729
104238,8955.050661788995
104239,9028.646744570786
104240,17215.44016449379
104241,34111.83972028077
104242,7041.637615813744
104243,20028.92085963822
104244,11964.726734943593
104245,21688.670584007043
104246,17593.869151120976
104247,23234.142905625875
104248,21027.751868018662
104249,16407.447635411485
104250,14711.514776962735
104251,21452.072799231944
104252,11956.428274526717
104253,46080.399240007544
104254,21832.77981157931
104255,26223.459105636186
104256,21012.64702336742
104257,15114.03753939713
104258,4918.170728017846
104259,17713.68117255749
104260,9425.591660971979
104261,10504.724242667307
104262,25593.95779706022
104263,2689.738123373185
104264,16347.960603487609
104265,16312.378756665164
104266,19039.49476196327
104267,13410.150722647255
104268,9946.459126724283
104269,20039.048245026603
104270,16872.1749571614
104271,10347.830015291387
104272,17041.773659492446
104273,10580.188697569878
104274,9091.628385614687
104275,19152.835395583617
104276,11749.715313285937
104277,13346.840472061576
104278,11031.953908547413
104279,19451.212610082966
104280,20534.679999912845
104281,8423.961172725827
104282,9656.131065008834
104283,20395.325113554496
104284,15048.708982389868
104285,5681.825381211936
104286,40910.27850181753
104287,11689.87693133303
104288,18621.672571699844
104289,20884.77899731041
104290,18177.485355499706
104291,22644.15571884482
104292,19897.13988784724
104293,20408.856704346188
104294,36276.092390090336
104295,8998.278763878287
104296,25645.032029925555
104297,17399.821626737656
104298,17872.37213315277
104299,19470.90734438991
104300,13390.745069817307
104301,11257.268569089558
104302,9996.290910525691
104303,32258.235763065193
104304,10167.734421726032
104305,19766.297085286737
104306,10182.555584667278
104307,27721.3631588442
104308,25425.954474726954
104309,15739.446604972027
104310,7166.455447196024
104311,26532.3106079236
104312,9255.89979914866
104313,11461.01966314639
104314,12660.623844174226
104315,22780.339512992694
104316,7259.309623725321
104317,13200.852350638785
104318,9673.227792949303
104319,14961.947088869314
104320,12137.893713422349
104321,52742.64422851429
104322,16828.943582965443
104323,14544.844007310641
104324,15522.917392941168
104325,13653.02022650049
104326,27061.121197120574
104327,19504.58065113885
104328,29267.872489577727
104329,7738.340574392142
104330,12331.912412728716
104331,21840.997046259632
104332,22391.734071228824
104333,4302.98078024043
104334,17316.379784484452
104335,12928.915304153612
104336,12765.941390911175
104337,12436.090130270497
104338,15585.65614904998
104339,21873.970230858835
104340,13181.745233560698
104341,16323.020628066826
104342,14131.410138212395
104343,8618.486383998781
104344,31484.09663117265
104345,20711.634892414655
104346,12031.854256089338
104347,18154.525886742704
104348,13776.808246474597
104349,14631.996507642847
104350,20194.375834280214
104351,24015.532735363868
104352,8494.63643469327
104353,26722.605615539916
104354,8024.427425959916
104355,19719.70813762764
104356,12093.816573408647
104357,16325.650237038844
104358,26838.59637153899
104359,19242.03301886172
104360,15074.713081399008
104361,44829.103437322075
104362,25610.578051641998
104363,9408.20783275399
104364,7882.808220461404
104365,21662.881659451756
104366,20606.512939596534
104367,11967.2852460109
104368,23360.180734261015
104369,19544.827608127613
104370,8685.9026757594
104371,20178.949571826044
104372,7665.142273230146
104373,11117.342721458046
104374,9523.558925455778
104375,29270.82287614329
104376,19670.42356335887
104377,16238.789032042092
104378,16714.239939209485
104379,25542.37873158344
104380,9902.90712289711
104381,21160.26859168598
104382,19528.783943454837
104383,19215.433797644007
104384,23645.043988191366
104385,8961.07211408061
104386,29368.53654586079
104387,17910.094309549004
104388,10626.01312782623
104389,14573.372532842834
104390,14843.904004818698
104391,16822.31999406572
104392,9946.22536842812
104393,13107.614010763888
104394,24052.238477424413
104395,15092.021846375992
104396,22420.854002420252
104397,21331.972626027455
104398,49839.9731519631
104399,18276.890887282527
104400,30525.12696280333
104401,7144.259273849368
104402,18939.70224654038
104403,17661.7292480879
104404,20106.097430294474
104405,22728.939103723205
104406,15580.031183528006
104407,20770.794672912245
104408,13620.095950470559
104409,25432.559542701143
104410,19447.970123730924
104411,17877.49567956856
104412,4766.974565958866
104413,10984.289876661265
104414,23274.97751636134
104415,15625.126101494365
104416,18838.944724120793
104417,11664.536964899631
104418,14923.868332476814
104419,20244.01572922177
104420,28874.0084155006
104421,4217.277417946334
104422,21189.526529983075
104423,15470.418560516075
104424,28522.399004835723
104425,15473.465505255552
104426,17624.069985848924
104427,13550.548721902005
104428,23043.549436035675
104429,13230.918145618383
104430,16824.954088695446
104431,21555.951931001793
104432,23537.74200756435
104433,14780.191027253204
104434,18519.141107623404
104435,10278.218113246696
104436,9910.674311214963
104437,16091.342131720436
104438,13139.255723657256
104439,17281.73654652887
104440,12634.050049247948
104441,7543.051777602778
104442,11444.000990060878
104443,12114.688135849523
104444,14603.538460456111
104445,9546.869397261864
104446,32230.791417659068
104447,19979.79996139799
104448,7128.193981665187
104449,17389.60773998209
104450,23160.75417060804
104451,32143.329494953232
104452,24905.155099297175
104453,19548.770174422407
104454,13062.882652267715
104455,13011.39877148714
104456,8750.275614299466
104457,10995.375031906378
104458,7657.741456361766
104459,14750.131134634132
104460,16969.939470551515
104461,20662.773615010607
104462,6221.045125023653
104463,12445.116920285607
104464,12352.772432811906
104465,11878.112245336053
104466,12964.262588092766
104467,12047.682050148582
104468,28243.8318003269
104469,13574.01973743288
104470,10160.561683819318
104471,10398.59228602425
104472,27954.813357535604
104473,26817.888695234076
104474,31748.830894919163
104475,18186.250702242556
104476,12756.429026168871
104477,27661.952515419525
104478,7688.316496024234
104479,7202.582558959247
104480,11164.187791392975
104481,6661.099657760639
104482,20568.322742353765
104483,23268.72919719252
104484,12777.265350794989
104485,19455.603178110396
104486,23967.64000463611
104487,27336.343000178418
104488,17466.978166683744
104489,11311.149875525625
104490,8977.75896498355
104491,21520.523146234293
104492,11461.104920074606
104493,20361.600339289216
104494,30804.55732243372
104495,10719.495322353854
104496,17886.908893311
104497,24884.10765860879
104498,23570.048345414463
104499,30389.894095758544
104500,14684.112863937282
104501,25655.25704351595
104502,11148.649771440929
104503,28490.897778238905
104504,11251.957393580507
104505,29837.578616901425
104506,20541.894488243706
104507,27288.388274633562
104508,9154.607291471073
104509,14386.699192976237
104510,9664.561437460236
104511,20526.315981808264
104512,14637.913560939855
104513,12431.483640762583
104514,19259.871973986945
104515,9450.691152242029
104516,13250.162809039066
104517,8231.706488606525
104518,13397.374614723465
104519,17147.165698994348
104520,9728.255822216224
104521,9781.99975763618
104522,17223.157487749497
104523,10457.039795870216
104524,11904.304515620435
104525,7240.817956850723
104526,17301.35960810343
104527,22072.072483317268
104528,6997.850404422568
104529,20120.44398498156
104530,16141.931674244992
104531,12770.963133732226
104532,9087.499781588916
104533,12206.910985374841
104534,10090.876367706045
104535,8252.54331491374
104536,19577.60388433489
104537,10689.379056716585
104538,9370.878740953287
104539,18539.682760729615
104540,13879.954566627363
104541,10658.454624980057
104542,14381.659086148962
104543,21238.326320475557
104544,13201.97889371143
104545,9385.048199373234
104546,24162.814989727263
104547,10032.195212679457
104548,6083.334248082772
104549,15297.401641113263
104550,12475.306050790088
104551,18153.696978063475
104552,6704.52217685787
104553,20871.05256520652
104554,12271.832654093274
104555,13776.364460834195
104556,15697.935847808201
104557,9619.816010992372
104558,20564.655008288293
104559,24947.522467620165
104560,22367.498674592276
104561,7951.600110239596
104562,14119.204933616193
104563,10834.456983464228
104564,13178.177083683155
104565,7764.207037273386
104566,8994.414644113684
104567,20329.394646603647
104568,17752.453076723294
104569,4135.791855154447
104570,12241.506968472582
104571,9186.551818849757
104572,5269.697285604941
104573,10649.861207536762
104574,15437.654767342605
104575,15531.393231048582
104576,13486.166274067096
104577,9426.329100381317
104578,16948.53642505157
104579,9591.602020765053
104580,5618.396577143239
104581,9659.969425005964
104582,10303.150597551064
104583,19886.626402712205
104584,12308.114082217378
104585,24378.655579389255
104586,16401.882799711075
104587,16138.660515778416
104588,14783.572001317829
104589,30574.201712083166
104590,21819.124774732412
104591,5736.300035082693
104592,12390.72455853505
104593,18234.801176929577
104594,8723.426065164645
104595,11008.861683273039
104596,14553.676957715195
104597,32717.98490791416
104598,8795.028298189512
104599,12015.157341779286
104600,17667.577758268086
104601,9289.3017797555
104602,12802.408832799625
104603,13086.143320428264
104604,24885.992644484573
104605,18648.360002681187
104606,18771.728885087876
104607,12530.513910866544
104608,15855.69952009821
104609,6332.341503277639
104610,20443.942005483572
104611,12977.068705589169
104612,22443.00116668164
104613,15015.7854100729
104614,15606.295550943421
104615,23751.947576122806
104616,10413.555168702916
104617,7279.695678358645
104618,21884.379432843718
104619,13638.203762951689
104620,34316.07697811487
104621,19452.788876777613
104622,7287.3522489163415
104623,16749.679862294553
104624,19155.306682412513
104625,13886.343186290798
104626,10855.297486579486
104627,25870.181276468673
104628,14891.10980387222
104629,19394.85355626735
104630,13072.686236967234
104631,12916.917169385353
104632,24686.270161270404
104633,19461.35778839483
104634,22850.350606411328
104635,20084.529620589845
104636,14800.103479922087
104637,17141.741196137747
104638,10023.92712790471
104639,19759.36902193779
104640,7531.639951797411
104641,9594.731985411603
104642,32325.368339996094
104643,12808.876370660866
104644,25823.772238153928
104645,21444.284075017305
104646,13011.740593202798
104647,16364.210781857684
104648,16620.259810748168
104649,6779.484919562052
104650,8753.893898003576
104651,9571.735098945082
104652,7323.61963559934
104653,17950.825540373095
104654,24852.18523697785
104655,20887.877356451114
104656,32367.084685684036
104657,16869.25061783549
104658,20699.004397420715
104659,19255.13148779621
104660,12156.825855680312
104661,13344.634409836932
104662,17798.48459644098
104663,14204.04952064272
104664,9228.258748025617
104665,16966.55610152005
104666,9667.063885465153
104667,18910.93479345072
104668,28002.867658782365
104669,18615.53310375849
104670,24979.8990689317
104671,15695.408371431606
104672,12805.267645313232
104673,18297.61911482298
104674,24915.394551280904
104675,12421.004020026892
104676,14412.63932383349
104677,18082.55117272145
104678,12691.931942067611
104679,10036.077237678432
104680,5143.572589044888
104681,21689.13245865883
104682,21225.84585240381
104683,11515.904105711736
104684,22144.892288828894
104685,17111.253724029164
104686,12792.0508482718
104687,20629.190161587663
104688,8686.388068973194
104689,31299.28288758697
104690,11842.913183136621
104691,22456.70153991802
104692,25640.10785263701
104693,30771.628172954333
104694,9273.647183437499
104695,15555.897345560454
104696,12089.421815792884
104697,11003.390048139003
104698,14411.866152739263
104699,21603.21663832945
104700,26023.256940590236
104701,16648.325412309958
104702,22304.512618295998
104703,14479.037130674156
104704,26227.77203743813
104705,17454.66063652972
104706,16645.716726704177
104707,26720.629361085925
104708,11201.554828634737
104709,24755.197334260913
104710,24944.0627049871
104711,12686.95841835535
104712,12391.457769732942
104713,19503.929579796157
104714,9627.68122504561
104715,27453.949546605505
104716,25815.089776143504
104717,17118.037970666806
104718,21847.812447657398
104719,10462.151528372782
104720,14178.21052627414
104721,9605.336264375472
104722,20122.216718518073
104723,14608.385186084348
104724,7396.604728317189
104725,26906.828691671082
104726,10109.329066685339
104727,25361.510614676237
104728,17219.953027371765
104729,15437.78055709708
104730,15686.518779464968
104731,20780.785025343735
104732,16070.869301206425
104733,10772.025889849394
104734,9896.69714263416
104735,12333.718791465875
104736,14978.006034305585
104737,18911.88293931932
104738,16148.000003443614
104739,13415.365815786687
104740,14819.861587457452
104741,6834.74673148275
104742,21804.530320473154
104743,7876.927281763111
104744,14766.70320331266
104745,9724.551349988451
104746,23425.796799613847
104747,14273.481820136976
104748,11058.64219703617
104749,8383.994877161116
104750,10508.962915328178
104751,14137.18737933115
104752,17701.937748949505
104753,25730.21944553552
104754,11273.802942218203
104755,14655.505760842629
104756,10523.110341419424
104757,12631.202334568205
104758,6389.541573740761
104759,12130.970698082852
104760,7065.514057142554
104761,10413.26564300936
104762,29602.85524112133
104763,10947.008363546636
104764,16449.151878769557
104765,12816.821658811508
104766,17147.596165338848
104767,10149.100488072398
104768,10706.094629103161
104769,12680.390514237331
104770,28512.305601917968
104771,9194.575396090308
104772,25270.101415968304
104773,17805.714068818397
104774,7659.2125366173805
104775,13798.948915889789
104776,8548.471511304277
104777,11474.613502489034
104778,4087.724321560645
104779,12488.69182350699
104780,17793.791376249854
104781,29202.880469622196
104782,9600.936818009193
104783,7624.1531505394
104784,26002.06331314822
104785,12345.491717178793
104786,28169.514425610047
104787,10765.585467011795
104788,20059.970401530783
104789,21480.102592970397
104790,10422.130569362365
104791,21633.2949984746
104792,8999.387220439898
104793,36155.63265838882
104794,19754.14017871009
104795,14784.073148076073
104796,10504.341256656799
104797,6473.286911097134
104798,19634.358282086723
104799,9198.938093026232
104800,16380.29158036773
104801,22311.681627723217
104802,25171.692712761236
104803,23031.43663699946
104804,10117.420213561054
104805,24333.328776265913
104806,11472.705820224477
104807,15998.130152811582
104808,11279.194334692465
104809,10008.40140165917
104810,37046.99081183775
104811,21549.583300908747
104812,10509.083390279226
104813,20947.66938994298
104814,15164.088676496227
104815,16848.982797727393
104816,20434.212495526317
104817,8965.0154411164
104818,23463.928183717726
104819,31459.8415648532
104820,8506.23598889931
104821,11624.54307228471
104822,25991.7949224785
104823,23678.138507168173
104824,6834.74673148275
104825,9099.63048952297
104826,12979.831687630316
104827,21993.503261096797
104828,15290.220038477632
104829,28122.06230698099
104830,13401.778071266403
104831,28833.027460401976
104832,7286.923086220248
104833,19214.849876663728
104834,11344.87517919375
104835,3595.2640699329145
104836,26226.534056485365
104837,12378.327275109104
104838,7712.771080882702
104839,28182.056532749186
104840,15104.651729560012
104841,7370.100351847177
104842,25830.466260086356
104843,9354.170451644657
104844,18234.801176929577
104845,11828.163679596722
104846,9267.470347039178
104847,19206.95402052181
104848,20570.285922341885
104849,19872.247220454123
104850,15725.300950192353
104851,26214.362704061292
104852,22412.637416117665
104853,7117.641723705719
104854,10184.28777912075
104855,5794.090344772705
104856,16058.538343821428
104857,16500.917361833126
104858,12024.474532796356
104859,11277.565468391635
104860,18835.133296074888
104861,18041.08988098324
104862,11746.319823816591
104863,21757.12885244315
104864,11937.266103567435
104865,11395.038346852429
104866,17546.442775676576
104867,13827.198722668438
104868,19426.904610841964
104869,13751.979964015738
104870,11916.46906839723
104871,21189.526529983075
104872,15531.393231048582
104873,22338.68108429356
104874,10594.057205885061
104875,20033.645135008963
104876,16514.07956458989
104877,10534.252537650356
104878,10423.914610648895
104879,20724.20780039532
104880,15931.940219681543
104881,21689.28293103923
104882,6122.768544923032
104883,18651.94991938041
104884,33189.700576118674
104885,12837.084562290345
104886,22906.525946526883
104887,9068.976359003622
104888,20474.993276567508
104889,7164.147222939855
104890,25299.722220193125
104891,25191.774819891354
104892,9479.573450769973
104893,9946.22536842812
104894,12295.827197374849
104895,12866.434963783617
104896,23984.119577163627
104897,7425.700645720598
104898,15458.880145495523
104899,29123.977129713803
104900,9440.296632496096
104901,15975.671702546559
104902,39009.8338070447
104903,15010.433317296412
104904,12097.484467218832
104905,20581.27643628642
104906,16988.33883703493
104907,11104.11063393233
104908,25619.315080471744
104909,19847.87825096367
104910,12517.81262828899
104911,18971.642533553437
104912,17457.51220171426
104913,12634.884247539334
104914,15758.282273273091
104915,18562.720541586215
104916,10382.790463684578
104917,7705.067295474391
104918,10159.612978145486
104919,3050.0044791436126
104920,22934.059000974747
104921,14762.640056859014
104922,23611.0337698715
104923,9608.83403707055
104924,23012.33836235249
104925,7897.426188204922
104926,8490.190605487549
104927,16176.740603985085
104928,7079.75566422637
104929,16549.92006030055
104930,17963.607213780153
104931,17237.77444281435
104932,6480.229679722456
104933,16089.525553952617
104934,15517.80815456042
104935,7018.731634620173
104936,7649.605051160449
104937,7248.553709007502
104938,16140.041466273187
104939,7768.9585343257895
104940,19888.140135397593
104941,10575.833751324943
104942,12292.344243811922
104943,20135.7334482113
104944,23432.35180973426
104945,20872.612469520267
104946,12892.44974710013
104947,10523.110341419424
104948,17456.775410792532
104949,21639.71597628578
104950,8481.116927762747
104951,13523.688736828899
104952,12010.295203809408
104953,13099.296978265558
104954,9271.501376528899
104955,11488.492350652927
104956,23235.91020370759
104957,42792.92717970134
104958,15176.87428157407
104959,16789.193723738677
104960,13208.8960253564
104961,13222.283016962223
104962,26960.92278635879
104963,15531.393231048582
104964,2460.100546643689
104965,17025.327042554054
104966,19067.878232385818
104967,16711.842744160258
104968,17003.795726618875
104969,20033.630155596722
104970,20216.368392819506
104971,9869.492641253877
104972,14244.463781011793
104973,20206.184062747743
104974,14286.215485496501
104975,27013.62063447549
104976,16452.87370403585
104977,21208.916381028346
104978,2418.7115970295667
104979,9435.560796238658
104980,23050.18944764477
104981,44655.263242707435
104982,20037.91866383285
104983,13385.477898728486
104984,6863.265388480345
104985,10609.384631956891
104986,14309.294508136674
104987,13947.577243178095
104988,13347.214416269315
104989,12381.313304166742
104990,21349.95630544281
104991,9581.79624403982
104992,21964.187597911052
104993,20318.498916821296
104994,13954.495451644076
104995,15129.820527872005
104996,15223.624004397157
104997,13565.224806148286
104998,44759.642472627515
104999,25326.978964275793
105000,8862.311560327385
105001,7212.63836122016
105002,10579.86282795056
105003,28489.19900604716
105004,24100.200694734158
105005,17396.346757082494
105006,8695.741233240436
105007,11499.06016411955
105008,10765.089993205967
105009,19900.49660401542
105010,16609.635810788935
105011,8488.83022945226
105012,10585.980164219107
105013,9007.12545442931
105014,22661.69238144295
105015,23788.82604028168
105016,18024.929708076703
105017,10074.51999824888
105018,9801.429352685656
105019,21008.34077136798
105020,18128.27365256345
105021,21519.898757439325
105022,19237.794479301832
105023,14617.409761791376
105024,22115.579724031213
105025,16403.25513708817
105026,23010.207634709375
105027,19775.69941819382
105028,13472.914823490513
105029,17581.28248046106
105030,15394.313014207599
105031,22368.38345305507
105032,17893.488693963045
105033,7499.382626794902
105034,20367.308262554645
105035,6114.780442634906
105036,13328.414803713506
105037,20820.245457266585
105038,19192.661585376758
105039,19867.37943896083
105040,8807.19039511971
105041,12184.833586430861
105042,20675.70281515972
105043,9499.899672134765
105044,9437.613966454783
105045,9920.348049487568
105046,13146.433073372462
105047,20495.837785806547
105048,6425.168620260709
105049,9990.053992496049
105050,23977.213951027745
105051,20052.987245550237
105052,18496.7973984118
105053,27638.870385245853
105054,23374.28169766174
105055,20425.237670881197
105056,30503.909699782063
105057,13713.464969679082
105058,8791.577731807587
105059,15701.659544311087
105060,20049.539422180627
105061,47750.1006760213
105062,16590.72544765296
105063,8770.052322277439
105064,10497.98312403581
105065,13226.335547208208
105066,9205.923995722987
105067,21992.522289194112
105068,10167.416091084244
105069,21071.876790185812
105070,9415.620046432485
105071,23638.32402043475
105072,28449.467271797417
105073,15507.28695077953
105074,17493.794260935694
105075,17457.28005905805
105076,11555.594231303765
105077,15179.642609971672
105078,16567.52971428801
105079,7906.633212020468
105080,7008.195043900587
105081,10149.87000298481
105082,11776.923059130942
105083,14263.93609254299
105084,23131.72049331272
105085,24565.227188685774
105086,11418.8130486727
105087,22167.310731444086
105088,8519.721549739665
105089,16495.087859980962
105090,9085.105189199496
105091,20575.93590668964
105092,4636.1402731363305
105093,7892.763467874306
105094,16450.420446315813
105095,15002.315205148763
105096,29899.090776135276
105097,13580.225019278068
105098,27597.93979243522
105099,8606.442718009883
105100,31834.27432210044
105101,42604.30839855766
105102,29550.147660032
105103,17703.017597224018
105104,7578.045299862356
105105,27967.284026859903
105106,9418.438470281251
105107,21324.951391163722
105108,11442.163778077904
105109,25460.630625256646
105110,19433.799318685116
105111,25380.57685988306
105112,10822.464814154853
105113,13729.469962385048
105114,10372.348868320552
105115,31047.13753715405
105116,9144.706912318863
105117,11402.464460796657
105118,10515.471080845131
105119,19206.95402052181
105120,27333.277285863875
105121,8929.578636561584
105122,9932.159235817882
105123,12995.262090490742
105124,9918.306662286828
105125,23746.414036252303
105126,7916.061726459068
105127,18441.142688587286
105128,17184.506870106827
105129,16590.540019026135
105130,15265.13512451416
105131,18850.679365676846
105132,33126.2226319283
105133,10972.721696823883
105134,12031.854256089338
105135,21728.712978505755
105136,56636.39033503488
105137,3082.5599510483644
105138,15746.252895649173
105139,24548.560416918
105140,29254.236334450343
105141,15341.630734045108
105142,11531.93296190647
105143,13985.4562494255
105144,26299.84778001544
105145,17811.669456447642
105146,11229.604281752787
105147,23181.365892591934
105148,5389.022981404224
105149,13683.059126248107
105150,13812.550290949166
105151,18412.14405349939
105152,17065.365643421414
105153,14036.925786793336
105154,13615.864993738176
105155,17690.345787353395
105156,20442.513722254105
105157,19127.673738572015
105158,8696.40830711831
105159,20174.88986077767
105160,30793.89323734676
105161,19547.68784030474
105162,16844.30100160659
105163,14242.904194140548
105164,31953.48669902479
105165,17409.866708941598
105166,9661.94583602722
105167,10225.294447202055
105168,14186.21926296566
105169,13052.668377127131
105170,25801.01244833456
105171,7701.884733177266
105172,10412.311370110989
105173,13176.873984942778
105174,14755.315165368855
105175,25399.60875304075
105176,13352.409260503384
105177,27819.224909019733
105178,18357.523320240587
105179,24725.911775548713
105180,14646.401229776158
105181,8617.852827396702
105182,8442.661217490593
105183,13036.344366875215
105184,26156.784194564327
105185,8689.970974792213
105186,10778.449350052944
105187,32104.985450334912
105188,16145.178662359709
105189,3162.9573007691415
105190,8707.015105358432
105191,13457.057733068257
105192,19147.280265399255
105193,17704.551202423136
105194,19542.927625663866
105195,9870.925958988897
105196,10162.895543557577
105197,40576.08253973148
105198,16033.23173079064
105199,24849.19439034899
105200,6863.183669941957
105201,14100.781574194298
105202,8962.414158151289
105203,25918.61831945623
105204,10457.001351754514
105205,24371.499879429775
105206,24775.944888876817
105207,25253.960348159122
105208,19928.824229082627
105209,12008.024284957777
105210,12440.240584387757
105211,8785.412099511375
105212,20133.72056915168
105213,9762.552062647046
105214,12231.33635049747
105215,12374.806865717803
105216,9424.557206852316
105217,33144.43503655385
105218,23806.405619755064
105219,17706.874779969836
105220,12224.232601106805
105221,11997.430211343379
105222,4826.715803271265
105223,10591.335925878691
105224,8693.634821150465
105225,15116.604544493552
105226,16425.499735101574
105227,19555.508462800266
105228,20960.98611515604
105229,22764.432003550588
105230,23516.526080828797
105231,13786.867103405268
105232,8389.001760985873
105233,12438.735810155786
105234,22431.329328417156
105235,13804.222968919457
105236,7682.172037385147
105237,12736.40062902357
105238,21685.752756228507
105239,12722.59040070243
105240,16847.792461464996
105241,16327.337690970278
105242,27799.846407321627
105243,17899.08454672652
105244,22242.227299927978
105245,10984.22325328729
105246,9805.388308223606
105247,15425.985302351433
105248,13084.687089014502
105249,19747.538983654347
105250,21526.239839292422
105251,22116.417467594798
105252,11832.628291885703
105253,21526.771660960603
105254,11618.057286352065
105255,9549.744092909194
105256,18662.747152794578
105257,10570.678341614424
105258,7938.280355157457
105259,7113.906065881407
105260,11690.78346920343
105261,20998.01775206635
105262,18570.73393587296
105263,10091.39986877974
105264,12805.164446490782
105265,15861.067673236139
105266,12836.226068689939
105267,26990.362015629456
105268,17126.679732859
105269,28601.113170639685
105270,20667.915036690738
105271,5990.655470627242
105272,16975.78718396669
105273,14092.807325989908
105274,4600.9910579101515
105275,11095.134250429279
105276,19927.98961356013
105277,9509.38723604101
105278,21381.723954110614
105279,19135.293920818807
105280,10159.628631890213
105281,30187.228304510456
105282,15363.155081111234
105283,14534.256711017813
105284,9340.699235182512
105285,23720.741785313287
105286,13704.519539426403
105287,14393.499920193768
105288,10007.759660241105
105289,27065.115994490643
105290,11001.154289916843
105291,42437.890899008285
105292,17487.554401810812
105293,9192.416311079001
105294,24869.383369787192
105295,26720.629361085925
105296,22726.92857689614
105297,19040.876957290333
105298,14318.262673724072
105299,9834.942526437473
105300,16105.05804989554
105301,10990.388236898816
105302,16511.661699862896
105303,7886.735887303355
105304,6623.734349030415
105305,35004.65160778221
105306,12849.317544579182
105307,12389.828410474913
105308,18493.37607618114
105309,20773.88719055579
105310,16040.895620636482
105311,8916.017049076376
105312,18572.609383679726
105313,18666.35881298839
105314,26862.547597720706
105315,31541.655822046785
105316,26236.832691732554
105317,17013.789979948244
105318,20042.35850859637
105319,14070.146681689872
105320,16151.729839263984
105321,10168.511711956242
105322,18309.077651900305
105323,11245.294251993357
105324,20287.272324473186
105325,7815.757156048591
105326,29359.777961902677
105327,25747.978028401576
105328,12653.963954146499
105329,8155.80654283259
105330,19152.137547972732
105331,20426.313050472032
105332,17647.660081298764
105333,13848.562555956567
105334,14880.458045879228
105335,22350.891685034778
105336,27955.512458136032
105337,12636.986907035218
105338,21499.841478029877
105339,10157.585192871305
105340,19832.70528493851
105341,6904.022615231464
105342,27926.607170856103
105343,11800.712689819455
105344,10199.87347280569
105345,14925.650122766769
105346,23652.40825668774
105347,17410.687042322086
105348,12108.885996080373
105349,10474.744354396855
105350,17702.328449721426
105351,14040.975564863465
105352,10565.13232388203
105353,25507.82233796499
105354,12803.104384627995
105355,6394.767375145345
105356,18547.92564316272
105357,11429.81216038337
105358,14185.118433592259
105359,8777.638659972357
105360,6757.557001506504
105361,9956.469624851612
105362,30737.515019067112
105363,10718.555072392677
105364,18080.25494682028
105365,25023.137707562928
105366,18594.117259963507
105367,10521.617800050646
105368,24604.749536569605
105369,18519.152536925958
105370,15047.153509158672
105371,12305.196467835096
105372,10148.444367957327
105373,25558.533260568554
105374,9425.591660971979
105375,12544.169819524484
105376,16925.71968362207
105377,10453.830673692986
105378,19513.167359271025
105379,5376.013651611722
105380,8953.501201124358
105381,20846.79696138074
105382,13213.599050021005
105383,20800.49690437545
105384,6100.829555321944
105385,15115.307469972582
105386,9791.474304034879
105387,12403.46931959881
105388,16307.289347895581
105389,21813.774358801536
105390,11859.479946264024
105391,19434.651454029812
105392,19110.360067004298
105393,12386.599287393181
105394,20257.20952525606
105395,18949.87074843381
105396,21734.54666317735
105397,11837.19809957745
105398,22006.420876566743
105399,13874.03517247289
105400,10412.529374423415
105401,8272.925381697056
105402,9785.92844895328
105403,14365.38709227295
105404,20099.824046510897
105405,18634.97901218979
105406,13470.289632567687
105407,14334.348122049185
105408,19069.471955203997
105409,10424.296132701244
105410,19598.05016559832
105411,9037.986060782008
105412,10605.458142617827
105413,15481.40555413776
105414,11610.602393383182
105415,27184.284750028484
105416,10542.57284157077
105417,19322.04870975634
105418,10216.404512078905
105419,9781.784095403467
105420,13555.395924767452
105421,17976.6016224687
105422,29425.792987871322
105423,10509.051812150683
105424,17019.441647158557
105425,10299.412733195733
105426,22059.48720100567
105427,12356.372149950987
105428,12330.919716564065
105429,38008.16558321604
105430,8399.512384621416
105431,15937.763073609898
105432,20634.276446628275
105433,16616.288133142796
105434,10438.916895671122
105435,11784.62528096248
105436,7467.007290931985
105437,24181.579654330115
105438,27938.56454846456
105439,18147.457787142543
105440,11835.095736873942
105441,10664.120681826857
105442,17669.69071132484
105443,32123.090622667376
105444,18705.852520131375
105445,15956.723816577842
105446,16159.905437162928
105447,9500.808732356789
105448,25459.191390083754
105449,17265.30855322993
105450,19529.83897608672
105451,12341.563867042723
105452,14600.308567641014
105453,15585.592725638071
105454,19851.7223269942
105455,11947.557258665613
105456,12711.789464620912
105457,11970.700577356629
105458,6407.07661277798
105459,7676.494519850082
105460,20697.55250268968
105461,20101.53737970358
105462,29580.142808019762
105463,21013.190579391587
105464,19454.89381173417
105465,19991.18153467189
105466,26176.365557192126
105467,18669.999143300814
105468,25685.247574010526
105469,7774.565286700388
105470,8427.45616158489
105471,12531.109290820734
105472,27910.590342618132
105473,10151.553794885695
105474,7729.973693080345
105475,13169.481044106336
105476,9932.484356826797
105477,13953.986415721338
105478,23115.843767661667
105479,18458.850927939107
105480,18475.993390418418
105481,11021.792013461727
105482,8133.91536939182
105483,10397.171042460357
105484,12219.725707327289
105485,11088.959056209658
105486,13908.376961807651
105487,16798.02377720269
105488,17312.40989570732
105489,17978.580381880955
105490,11785.66087823189
105491,23222.33403112696
105492,14119.204933616193
105493,8609.472438827956
105494,13125.833800895038
105495,16029.09618730553
105496,12388.641039816566
105497,24753.642460356397
105498,14231.106403709446
105499,7688.867485106104
105500,11684.940363542422
105501,12963.427448933928
105502,23782.352818301544
105503,14906.756540942368
105504,8870.495935425719
105505,8289.906244380958
105506,14337.581973178374
105507,20773.602121905344
105508,15604.869001131012
105509,7124.930634058506
105510,9990.770500143852
105511,19636.848271647275
105512,12715.611371691482
105513,9586.53200662916
105514,15756.685710497231
105515,34610.4504004656
105516,9595.960618034247
105517,12966.505329528974
105518,10256.954759211216
105519,10535.987102021867
105520,29609.84570450762
105521,22086.367788258765
105522,16997.0415725136
105523,6478.722287613201
105524,28846.414458545656
105525,21978.431741305074
105526,18624.208425910245
105527,12552.94137037465
105528,10119.458685385025
105529,25423.76951979023
105530,20667.6050337362
105531,14849.597348079256
105532,27085.16816722081
105533,31644.916876623258
105534,8328.257156386038
105535,8114.373959824598
105536,8160.77243997475
105537,12726.76651430405
105538,15390.388370965964
105539,12101.07757620047
105540,17703.6484664339
105541,16245.344326942295
105542,16176.64336758905
105543,11787.430323145953
105544,20843.905728620077
105545,9083.467678964207
105546,15468.65148666777
105547,13227.677943357134
105548,19084.1596860292
105549,19995.09381968014
105550,20140.292192651366
105551,10900.876222310535
105552,12118.312470093051
105553,9699.773231235376
105554,11843.676271614142
105555,31818.645982056805
105556,29766.663220615806
105557,10266.448533414818
105558,19830.304343701544
105559,44506.71893194431
105560,10239.303542170075
105561,21128.029728919773
105562,17568.13298254655
105563,17501.90520118442
105564,9355.019472257189
105565,10665.729902589186
105566,12513.574016381846
105567,15391.945759277594
105568,18106.733961380065
105569,15001.647902139628
105570,6997.862875026306
105571,11612.08218333561
105572,11785.66087823189
105573,32011.603554309113
105574,23704.20462612894
105575,13994.838451962905
105576,9637.124655574495
105577,24675.227750568854
105578,8407.026870641022
105579,25526.999689944376
105580,12953.129453141175
105581,7852.347369406873
105582,16919.16042579967
105583,10515.471080845131
105584,11100.003248855422
105585,19040.426032935575
105586,8234.149197955707
105587,17014.444638011613
105588,10851.747387859046
105589,20578.620862388507
105590,18800.53979060425
105591,24272.241485359104
105592,12350.092804408134
105593,17019.4666731241
105594,20418.762655569306
105595,22201.312716874923
105596,16371.598797527924
105597,10546.37859176527
105598,17404.765955929564
105599,10993.981709789856
105600,18768.95558742264
105601,10631.040306282317
105602,15316.869996674453
105603,14924.078199528643
105604,12229.793132262976
105605,9653.543873972783
105606,18929.944546409373
105607,19550.916490595366
105608,18265.626184395347
105609,7369.07561988899
105610,21145.045881481798
105611,10902.802240773648
105612,7658.143740441966
105613,18957.611019186694
105614,17994.383089507024
105615,17705.67682931768
105616,12276.403851352228
105617,23638.30654388214
105618,36187.88509632819
105619,9697.414437083398
105620,9190.046504924108
105621,23507.604323516916
105622,10955.968076365869
105623,13029.113844607113
105624,23549.447816618558
105625,43099.23819582041
105626,15499.54465275255
105627,20957.844934737044
105628,24085.775666625766
105629,26739.885697994
105630,18013.035390352517
105631,10420.673726589775
105632,22354.85217977885
105633,20592.340898755574
105634,8922.974989458487
105635,8177.31231533609
105636,24050.923713419765
105637,21928.23823967824
105638,9299.673684782949
105639,14751.998037741194
105640,14884.230540849716
105641,9913.335458522874
105642,20473.6367726212
105643,37608.79070303778
105644,13890.151113075406
105645,10182.961935693833
105646,11114.592727200043
105647,17918.824200638486
105648,7082.668495934125
105649,11196.835660800065
105650,12813.34193124513
105651,19171.714324177592
105652,14600.353078504748
105653,19719.761389890846
105654,19549.24901778554
105655,23637.309743376318
105656,19885.37221326244
105657,26006.805644533477
105658,9427.173905103584
105659,11931.185192045097
105660,17684.823043286855
105661,11914.439117737184
105662,13179.892474146061
105663,19933.480827976204
105664,22629.08352657002
105665,25109.14839306677
105666,9788.511990324527
105667,28795.576936308713
105668,12690.634719105497
105669,14613.723336936
105670,26872.387416808288
105671,9907.866461752854
105672,9941.222880874247
105673,13283.570974990856
105674,10657.28914280211
105675,21340.949125117455
105676,16543.490120157727
105677,7554.200617669252
105678,2831.1950788753993
105679,6861.258441399884
105680,8309.736801820081
105681,24911.078979833037
105682,29131.26452574517
105683,13723.1015581766
105684,23697.436940124404
105685,23933.671863098938
105686,9458.2512667879
105687,17221.75837725032
105688,27628.77916483328
105689,26176.61344574435
105690,25342.555099987356
105691,15066.544642244015
105692,30714.001799567457
105693,9405.526562484767
105694,30852.65716378612
105695,7377.865069282784
105696,12225.251665000213
105697,15003.476187328984
105698,14739.825709924113
105699,9509.662353537366
105700,8293.194196357485
105701,26439.231769458485
105702,20483.631111638326
105703,12294.020123836994
105704,15522.045154619484
105705,12925.021182785946
105706,32509.61138210445
105707,14084.436980522263
105708,28605.325781365915
105709,17080.098320945566
105710,6389.541573740761
105711,16169.872384658422
105712,28800.440314557734
105713,7484.423814485433
105714,5288.900838692689
105715,9451.69151377041
105716,14036.315015320117
105717,16596.815213424125
105718,8130.208485209722
105719,18232.000225258176
105720,12827.950251025526
105721,22303.017577327202
105722,19119.022851708247
105723,12642.590182367561
105724,21746.547257748887
105725,10979.163490038158
105726,9975.800031673525
105727,35324.57551540715
105728,16548.41326943638
105729,8237.749697461379
105730,12725.52057246796
105731,20809.218733294507
105732,26738.957245421738
105733,11617.098121817768
105734,15821.442046260792
105735,13505.229221122967
105736,14376.50747456377
105737,14628.848325451721
105738,13269.945928302886
105739,12720.772046231888
105740,10567.887490313127
105741,20031.710710542357
105742,15492.646875247841
105743,12544.25116022094
105744,7351.9916239569775
105745,16925.135602808154
105746,10497.98312403581
105747,18236.64603940493
105748,13463.733439305282
105749,15268.455248514196
105750,11214.944761315579
105751,11515.695516617092
105752,17291.175002957014
105753,19845.359759894614
105754,9023.655454230462
105755,18219.843063943477
105756,24987.63590333296
105757,21777.71854097059
105758,9979.37696809033
105759,12532.453214186666
105760,9598.099048081685
105761,17493.576278712993
105762,16991.8783121674
105763,14531.403636941332
105764,11066.293590014919
105765,14748.35916606831
105766,12984.120306745204
105767,12779.574452985462
105768,10161.071364911884
105769,7763.082522219289
105770,11227.582755031966
105771,20774.790257118482
105772,9094.428544773133
105773,26112.925700683812
105774,12684.118569822207
105775,16985.545387134833
105776,18023.317815582872
105777,14290.070788712634
105778,20917.022761430246
105779,12886.01471514865
105780,25050.781391914064
105781,17481.61230242631
105782,11194.027468429469
105783,12701.59553329434
105784,24704.635408635535
105785,42899.97699088934
105786,15614.775732240672
105787,12094.183733471456
105788,16281.9323391152
105789,26821.610671920527
105790,17602.779294837965
105791,19904.78546206717
105792,25982.778267043403
105793,22668.13355324702
105794,10208.844168286223
105795,6236.660891315726
105796,15754.858242172422
105797,20110.481927606128
105798,11590.632819819897
105799,11276.180330274987
105800,10686.549252168445
105801,13174.758581000237
105802,11872.806826109882
105803,8740.021868804904
105804,14613.49082749376
105805,20167.47657769583
105806,10393.64331732146
105807,21215.3936330922
105808,12867.679334890025
105809,9184.840944022262
105810,11407.630912611083
105811,9956.850395408746
105812,20702.995096245326
105813,13628.398993030642
105814,22203.1931881292
105815,31337.51949159627
105816,21072.6640619554
105817,12066.597618380849
105818,7344.976180718067
105819,15189.38408006317
105820,15914.080432569826
105821,20057.670349739747
105822,10776.351686554515
105823,7331.821966817334
105824,13272.762950506121
105825,10060.989580766907
105826,12259.797155657581
105827,19492.237193440214
105828,20224.791952786185
105829,16982.351415071007
105830,22447.924020851555
105831,17501.703925627484
105832,20058.508095819943
105833,10205.189349363665
105834,11711.572054918663
105835,14421.516813896407
105836,19932.22878995974
105837,21305.528232697186
105838,7165.200617730775
105839,22247.267647008677
105840,19995.044729184036
105841,27121.605389751974
105842,23029.675717688537
105843,24823.978256700884
105844,19411.515299166254
105845,7930.5820303718565
105846,27952.784945558178
105847,13319.771074728746
105848,9611.109499049531
105849,22275.357578994794
105850,13562.002659934842
105851,21585.25847604524
105852,21123.817539935568
105853,7118.132885787905
105854,13417.731791026345
105855,14362.556096474578
105856,16680.6130449957
105857,20540.361227533882
105858,11891.72029219891
105859,19264.93899809625
105860,5315.475761940986
105861,14073.851701234305
105862,2222.211192357549
105863,8882.342396487005
105864,21706.73685445845
105865,20045.255591646823
105866,40452.58716170401
105867,19233.168440465353
105868,15467.846595556719
105869,13426.738118811289
105870,26333.220415330925
105871,15166.381946466972
105872,20761.264379830922
105873,18914.99775795724
105874,11439.982202007686
105875,6878.466407649269
105876,8575.73472569607
105877,10039.805237975925
105878,13442.37259061276
105879,11059.807615713926
105880,32819.313979431696
105881,17624.268083895542
105882,9904.991203145337
105883,10685.888142088861
105884,22757.232451490814
105885,21261.136385779704
105886,26741.375100158126
105887,23330.15274535222
105888,21515.020562072743
105889,13104.999212544992
105890,10153.110458163661
105891,25091.210217228534
105892,11546.830740741721
105893,20063.4080810141
105894,16286.57872709591
105895,29370.376496629935
105896,17400.9591429399
105897,10446.428682210495
105898,11085.048200847314
105899,15439.71608655191
105900,14792.307612203713
105901,20290.466590068416
105902,5004.614470136079
105903,13322.213004742176
105904,20666.168586391166
105905,11053.992698267362
105906,8659.199968906154
105907,15323.061335710383
105908,22879.57143703518
105909,29170.113527545807
105910,11012.09738614843
105911,9009.345029562252
105912,7685.543590302795
105913,38488.801878261234
105914,26982.34075427192
105915,8788.733493624954
105916,10880.783801822347
105917,10022.61054991379
105918,26296.047770034755
105919,32820.002911359086
105920,17799.628037031394
105921,15180.051511783215
105922,27287.700966063458
105923,7615.469746882382
105924,14295.039051058047
105925,27108.748375427145
105926,6397.279456195524
105927,4332.587279074888
105928,16407.138304133154
105929,12276.0453311366
105930,11739.949475152845
105931,18837.74432539761
105932,14614.548463156925
105933,17409.334447350488
105934,9460.350584121006
105935,20115.522784925066
105936,16763.0629956267
105937,11799.159772748284
105938,10544.825487689393
105939,16339.57530768142
105940,9537.848126680112
105941,10981.88098132751
105942,12551.492959034344
105943,10547.770162064728
105944,14196.154470799767
105945,7804.856060221915
105946,22528.853605545766
105947,23716.216983385133
105948,9264.506071257043
105949,12026.778472076468
105950,9580.029984448587
105951,10229.097590219966
105952,12315.262270339532
105953,12244.744671273786
105954,16341.032551916618
105955,10286.185389092636
105956,10398.59228602425
105957,19848.422567884154
105958,20107.086439914965
105959,6172.207278351993
105960,20128.343623037017
105961,21195.112653618737
105962,12920.661208397101
105963,12382.389818602149
105964,17968.06307284791
105965,9999.973238664417
105966,13380.05692767217
105967,7689.551135329731
105968,12516.025441520636
105969,26726.2507644462
105970,55127.876598282455
105971,17303.40165847465
105972,9684.461161008088
105973,8443.389299787288
105974,11134.891749968732
105975,14665.591888998213
105976,20478.08950238769
105977,15082.327608104437
105978,9606.36618549546
105979,10715.65492581764
105980,9692.498340659891
105981,10068.201956428627
105982,17932.501579113068
105983,17136.822138827483
105984,14903.936448575023
105985,20084.529620589845
105986,14430.500204276355
105987,20770.04370721909
105988,9519.54115664208
105989,19619.822782916
105990,23472.06530958451
105991,7493.050882046557
105992,14596.912452314182
105993,22936.07739700075
105994,23749.2021495288
105995,25956.939871285213
105996,10191.469731258121
105997,12459.944682693305
105998,16778.488364062414
105999,8494.568604784308
106000,25014.103912736904
106001,18045.032409684703
106002,13518.619445038965
106003,12803.372908853276
106004,18823.330303180395
106005,29420.27675309843
106006,27152.33662502115
106007,27203.786414072798
106008,14126.321854935046
106009,13611.076302211934
106010,22367.498674592276
106011,27302.132059995158
106012,20469.630929038896
106013,12551.952052374578
106014,14719.191174291242
106015,9655.781697509172
106016,22910.141442283795
106017,27775.118006483397
106018,8719.368147217825
106019,25430.117763476122
106020,12160.444840662487
106021,34011.85380137429
106022,11063.30331627874
106023,11308.254340687232
106024,24457.408295055055
106025,15531.393231048582
106026,16101.519327121709
106027,17628.437584224168
106028,21565.273096879613
106029,15720.400356471382
106030,25424.648291066038
106031,16768.27613173673
106032,16652.71068531288
106033,19672.520971949656
106034,8405.167277387998
106035,9109.8624450074
106036,18911.390640291454
106037,11188.524517026119
106038,20180.278796355582
106039,13361.793758006432
106040,14825.710518258647
106041,31913.197085861077
106042,19599.725996605506
106043,9180.637694035251
106044,12514.629966149458
106045,23976.867570120747
106046,13718.093695200876
106047,17689.898411126233
106048,27053.889694051202
106049,22070.391365348893
106050,14485.496449967932
106051,12094.826545562995
106052,21409.9056435729
106053,9877.523760117376
106054,12536.512533070687
106055,7678.782406617029
106056,5835.270359890721
106057,11725.897671262856
106058,30456.521981612077
106059,21857.149270543505
106060,11056.656660370083
106061,41507.263398309886
106062,8998.938913924861
106063,15679.497990833792
106064,7729.973693080345
106065,31888.245005984933
106066,30034.32897322303
106067,20004.741600435264
106068,14849.787546452937
106069,21783.40492668143
106070,8944.286295138016
106071,10942.858273214471
106072,14467.988452837397
106073,15040.052120572342
106074,16525.39111016647
106075,21005.71564808304
106076,13819.415604328768
106077,17239.5351690049
106078,17566.970783506695
106079,41492.19150717891
106080,6370.784251686254
106081,17664.844853426865
106082,10781.574764312081
106083,30839.004486092228
106084,7667.338721710275
106085,8504.489649135088
106086,17585.577224597084
106087,15522.045154619484
106088,22661.34207372088
106089,7890.523022149397
106090,15256.743071544894
106091,13214.559439527084
106092,9527.31375402534
106093,17897.96676828084
106094,18837.41939429234
106095,11745.084613747755
106096,10047.873772938872
106097,21260.522594068767
106098,11971.688048635711
106099,25728.65159561539
106100,21568.738814418564
106101,19488.927471595485
106102,9244.748431717358
106103,19898.832810003685
106104,31455.601578565656
106105,12476.518205986862
106106,15995.87085689934
106107,21366.870722012078
106108,8496.794298489409
106109,11176.426215282112
106110,16776.73908911773
106111,17716.164936679692
106112,33935.97399761895
106113,29754.38911238213
106114,28476.404130095874
106115,19908.59790393729
106116,10438.020869153874
106117,4859.09532908472
106118,25315.69192863368
106119,20190.280553691955
106120,15775.277288010664
106121,6360.994048516319
106122,19778.95090174297
106123,18693.1434347838
106124,8201.268651347464
106125,16956.52844091572
106126,17781.16591611776
106127,16070.013158988342
106128,29978.36346195942
106129,12952.610756361946
106130,17456.429958934572
106131,19167.83352073805
106132,9026.30023394602
106133,27125.526417531833
106134,25438.686875867093
106135,14900.152027701255
106136,20047.713056606204
106137,21522.801692264227
106138,16310.150629416448
106139,17433.145145953295
106140,11123.779367880363
106141,9634.947231306585
106142,24030.518444440397
106143,11275.185169534432
106144,8571.882178700307
106145,9957.144839251816
106146,27896.58398760824
106147,9875.33439915369
106148,17886.846257373938
106149,13136.374509573046
106150,16085.228674185078
106151,18654.039218601185
106152,17394.365582728366
106153,13153.770927428965
106154,10166.442326660126
106155,13980.272233498945
106156,28187.571579266456
106157,13184.60240184629
106158,16406.701383677562
106159,18946.372550423544
106160,19196.28826978603
106161,10038.14324697891
106162,22256.722310344758
106163,17617.831461851747
106164,22632.892375706768
106165,6301.271197511029
106166,20845.214376666434
106167,25594.333362549205
106168,18432.583748701618
106169,11523.785572531002
106170,10086.14685465098
106171,32246.11149145472
106172,22326.08527429783
106173,6642.301565195762
106174,22813.120707783626
106175,9181.21050694518
106176,21108.087014896915
106177,27269.2029860203
106178,14179.408196787857
106179,6592.314689328589
106180,20714.260501450935
106181,15079.89819305096
106182,13063.988158850254
106183,24911.222447156415
106184,10971.794120650933
106185,23972.532234734408
106186,10950.176672960846
106187,10638.296096373899
106188,22307.09839499076
106189,13976.185600536566
106190,20025.37333724718
106191,11048.017278633542
106192,9951.459012277806
106193,10272.115700836915
106194,42386.76140046048
106195,10473.777382575625
106196,2313.8736048314927
106197,17509.788761792905
106198,7253.080538266873
106199,9799.982150709611
106200,5938.439321462542
106201,22349.265593557888
106202,17923.5452399099
106203,30069.03201769871
106204,21215.994188356854
106205,7940.158332041064
106206,25889.131156672516
106207,10650.289541490345
106208,22921.5539945987
106209,17635.30852763051
106210,29311.703992173127
106211,14472.41297341377
106212,25537.130427643297
106213,20552.068912744642
106214,28749.0042747637
106215,22301.08627193451
106216,8824.36333061752
106217,14220.783934924737
106218,10487.635746104137
106219,13900.515098751304
106220,9655.444996801316
106221,21140.866914913884
106222,5377.6585765469035
106223,11321.885362726993
106224,17771.279034825908
106225,17185.162043460135
106226,9371.034532826929
106227,25319.78369705562
106228,13263.907439761213
106229,8898.1709380664
106230,14859.265296984344
106231,20472.989281725633
106232,14750.131134634132
106233,15179.68411227094
106234,17805.227793531136
106235,22496.847783330923
106236,16192.913376306695
106237,9403.826997951024
106238,32161.185411957817
106239,11768.28609699459
106240,12568.484758316046
106241,17765.177386220537
106242,17696.289405304036
106243,9535.264580393725
106244,29831.215773011463
106245,13938.29393873583
106246,5407.847778197001
106247,12314.006064340896
106248,9759.441533144149
106249,13709.146019610893
106250,9346.654183590592
106251,20303.134211269975
106252,9100.721367349715
106253,17776.7710720557
106254,20930.740436405402
106255,11799.625086939792
106256,9023.49436495955
106257,29672.18727164257
106258,20738.652255065124
106259,34882.98580060776
106260,16279.20915564408
106261,14322.127174533596
106262,15492.08738413714
106263,7578.2950266723765
106264,8975.502548915576
106265,3206.907034454188
106266,16324.223960061117
106267,13570.391129188713
106268,33222.675603302916
106269,8768.681586802102
106270,17035.726115341175
106271,5644.94874952772
106272,30647.87864649951
106273,22277.58040989609
106274,7108.243720413532
106275,11387.938432956356
106276,13994.889447095235
106277,13296.04974433767
106278,24445.844406028747
106279,11480.12267834405
106280,20460.944405597667
106281,19972.546825501755
106282,9691.942754044305
106283,45005.56556092306
106284,13504.642955162579
106285,11693.40203606941
106286,16772.641359780024
106287,11200.552607826274
106288,16589.68079227874
106289,10903.34938068765
106290,12354.913351724768
106291,27198.190670142718
106292,25346.14064390929
106293,23755.86272553192
106294,27563.93845886707
106295,26158.602377106996
106296,15125.163158800484
106297,18251.6999595575
106298,12494.982944707188
106299,13291.917995907388
106300,28191.797325096537
106301,12736.741158306275
106302,25667.404201137444
106303,9784.69082707517
106304,10931.088714072464
106305,20189.422222498106
106306,12578.3538270262
106307,11500.829907523108
106308,14741.482659062474
106309,9348.724487387082
106310,17048.555037595816
106311,25029.306597096725
106312,23316.59653824528
106313,21255.076823797543
106314,22409.34818139216
106315,10450.63871178045
106316,7789.210533142666
106317,10229.097590219966
106318,14674.896792321866
106319,45492.608575690974
106320,5846.353177275938
106321,27973.11184070234
106322,27854.84721607999
106323,13265.9635897988
106324,21030.370649226243
106325,20568.031877466157
106326,11637.996965464521
106327,8945.705255473991
106328,45269.523496228685
106329,12745.039770317853
106330,9084.812817137443
106331,31298.636269433086
106332,21282.698208906837
106333,21713.812900860146
106334,9715.964725833235
106335,5782.456077230351
106336,25377.22847059955
106337,21070.330027738386
106338,11440.787765114064
106339,11116.118836967227
106340,17883.857050821298
106341,12224.008940164258
106342,11343.648193592722
106343,30714.001799567457
106344,11137.012996417845
106345,9657.118932597328
106346,12168.346932971175
106347,13438.719401713954
106348,21178.049583475706
106349,10283.99572338657
106350,26919.716449097417
106351,20474.993276567508
106352,21856.4288620114
106353,15361.36544001212
106354,23217.678426329734
106355,20469.949195101297
106356,10035.805251988071
106357,10179.244425794808
106358,12751.274654690591
106359,21055.592978300007
106360,31029.058755306247
106361,27548.203507881535
106362,14899.244914786095
106363,8325.802983423271
106364,9721.73480531779
106365,37014.715267891464
106366,18948.770421829213
106367,25128.810188032203
106368,11437.15459169991
106369,21661.9833638311
106370,10678.017235736368
106371,9074.074744680249
106372,12559.02425138219
106373,20053.996948636355
106374,45680.044743852166
106375,22846.449077101053
106376,7768.624672578332
106377,13525.1482942654
106378,14431.832619493152
106379,21157.151797096387
106380,13372.49816816412
106381,8796.003588894311
106382,8337.173657306332
106383,20938.54812334405
106384,4238.777801017292
106385,12010.198437018951
106386,25592.30827553243
106387,27182.49445615943
106388,26582.414888790256
106389,22517.08113557943
106390,10803.504528713374
106391,10719.271214061437
106392,19174.256837577403
106393,21632.249342994786
106394,20974.466438768282
106395,30003.419448087017
106396,18702.797665652593
106397,5316.783408811619
106398,24578.085909005807
106399,12122.827574867795
106400,25460.880803777138
106401,19101.435080261053
106402,12429.570094933397
106403,25117.430080983882
106404,10533.44956613753
106405,11971.746443795833
106406,18222.45093091578
106407,19397.635347681768
106408,12074.284736331732
106409,23446.692973767786
106410,10067.98754526052
106411,16070.101349961924
106412,19216.13948373837
106413,19678.789368967864
106414,25377.890510937013
106415,7305.941389844768
106416,19042.95226360607
106417,10398.59228602425
106418,18553.158737485563
106419,19711.716736247145
106420,9084.262736928544
106421,14352.523844351857
106422,9632.144475776882
106423,7684.2359762804645
106424,17688.513692196128
106425,12338.809596414414
106426,34012.97788714474
106427,12671.627294868485
106428,10310.533893345135
106429,8713.867534482459
106430,15951.403024174817
106431,15531.393231048582
106432,26430.998757562018
106433,9033.938759875155
106434,35132.71513474404
106435,16380.555000359456
106436,18917.34999362393
106437,13975.99496275697
106438,22374.529811086224
106439,17757.07038653517
106440,19348.635871676357
106441,12599.95541713425
106442,20407.914010690703
106443,20772.31635962346
106444,17135.88412514681
106445,18387.099054955288
106446,22932.92254947955
106447,20285.4153791585
106448,17232.893296957067
106449,21983.14359303543
106450,46146.21471622574
106451,9732.045611891055
106452,9422.751142515352
106453,20190.284286155496
106454,26183.938097220365
106455,24243.245188396548
106456,6101.291015015428
106457,11934.23005316317
106458,11109.36226474236
106459,22388.482994369693
106460,26135.490073280187
106461,12398.21105705212
106462,23577.931827232842
106463,10516.56895759988
106464,10730.327310788682
106465,44132.73860035689
106466,11287.534046529676
106467,7992.833426308937
106468,9185.988715453614
106469,14506.191669709722
106470,10637.76169499254
106471,11710.77677172191
106472,13170.420183250535
106473,11513.723419889347
106474,14196.791339882227
106475,27143.454534200177
106476,24655.876013394063
106477,8642.03562938789
106478,14131.341972614382
106479,19705.653079378775
106480,15717.962691074368
106481,9356.332796382805
106482,27589.247729840852
106483,8899.77228681338
106484,13402.870684920328
106485,12121.245640625719
106486,18974.395254300543
106487,25356.301720589025
106488,12960.58160933159
106489,9291.670225318274
106490,24770.459244011683
106491,20692.910957167805
106492,10764.210563779541
106493,32012.6632118081
106494,12112.59592731649
106495,12056.625392127526
106496,3282.3280079870133
106497,9781.00564355467
106498,14208.608669405166
106499,15265.230714490095
106500,31583.44017570486
106501,9820.126838050714
106502,19770.8212723637
106503,13396.29836732017
106504,27654.745107546263
106505,19683.79587767899
106506,10339.190132051228
106507,9482.222248520828
106508,15214.194074405666
106509,27402.907364148887
106510,28086.347167122956
106511,17880.92536835795
106512,20496.357985695697
106513,10122.495499473953
106514,29198.019078268244
106515,12841.440830599004
106516,14726.404151142586
106517,17450.68019647464
106518,32127.252002087454
106519,12163.835826101018
106520,8268.423607664598
106521,22075.790559832334
106522,22498.85932828601
106523,16163.005335244607
106524,7768.634746401798
106525,9820.670280736354
106526,10337.920057395484
106527,16703.916233059823
106528,9483.165572296526
106529,12801.213505079457
106530,18371.741111850104
106531,11700.917336540058
106532,13175.466607370001
106533,13573.474419796112
106534,8402.028704709186
106535,17444.441344712646
106536,16956.521423635644
106537,19952.014132714085
106538,14964.234605115123
106539,27944.39495417151
106540,12533.940311540022
106541,11910.574718628275
106542,21646.613835316617
106543,16352.267077039214
106544,7406.593460298381
106545,30795.51683505001
106546,20583.841657550038
106547,32749.492700312883
106548,9183.675564099547
106549,11371.663746013997
106550,14750.131134634132
106551,11425.027043802884
106552,18272.489491820626
106553,8607.485257503782
106554,13554.251087686733
106555,13863.286516176842
106556,22797.495647145402
106557,18297.7742178193
106558,7798.351220825173
106559,15773.930600106543
106560,26357.38603038262
106561,17825.582559580795
106562,8393.018733987812
106563,7274.702406510237
106564,20356.692408079598
106565,13238.738011753578
106566,46177.49481381432
106567,8243.768889581987
106568,14582.900655745412
106569,11187.801056876642
106570,33182.74648613435
106571,17141.032379904533
106572,19963.176418238745
106573,39506.95520393445
106574,16881.770153662434
106575,9284.78236497433
106576,22232.75091355968
106577,25589.79935115848
106578,11689.79997189169
106579,16945.806436363706
106580,13001.232567533574
106581,23692.674256817172
106582,12499.442254200152
106583,25438.686875867093
106584,21777.984938168316
106585,24444.702895704468
106586,10203.995335660056
106587,29134.221816813304
106588,9117.893137465971
106589,24980.816172458133
106590,14201.746849257433
106591,30841.205385087953
106592,7443.392811513389
106593,16387.20288018492
106594,5791.411813196968
106595,18560.25492460639
106596,12324.774447510435
106597,7618.723325823607
106598,11501.226630824223
106599,8971.20033353885
106600,8047.158111024383
106601,19226.17064528007
106602,34356.93877295841
106603,29637.43825461286
106604,25878.228985061774
106605,17641.573915705754
106606,9652.756907938036
106607,18373.928365291667
106608,6792.281672426842
106609,10886.980788552146
106610,19397.635347681768
106611,34374.552953310456
106612,23534.63814489258
106613,10713.129175707743
106614,8672.99466552039
106615,12632.846444616078
106616,11125.7184735804
106617,7776.0496789226245
106618,10804.502649321494
106619,9568.16712152199
106620,9326.073454724172
106621,16480.743419195263
106622,20983.786914121498
106623,22587.376030311294
106624,18782.15226014785
106625,25360.16387240635
106626,10489.231248387423
106627,41696.42561488484
106628,21994.26671713916
106629,13379.15528430641
106630,20820.63666069976
106631,27007.362349450694
106632,11699.633502147199
106633,13174.578335738865
106634,12722.69004054313
106635,21475.63000516887
106636,17258.675619586782
106637,43976.958639284334
106638,14637.848595453339
106639,17560.636019663907
106640,7178.304500268934
106641,19032.876239466335
106642,14371.53161956305
106643,15469.160832802658
106644,17472.158405661092
106645,19850.218321335215
106646,16517.825828963658
106647,11195.520787673457
106648,16255.875790655553
106649,12143.40033155177
106650,9179.695375118476
106651,12588.452201264996
106652,16844.32966643449
106653,9118.17509170763
106654,18110.341064217355
106655,11782.038614318064
106656,13806.34624242833
106657,20973.707417115787
106658,25516.034008567294
106659,12105.785862093628
106660,31692.85072800154
106661,13106.522477532306
106662,21244.79895360684
106663,9894.809733681177
106664,17416.67401034368
106665,14417.379754471598
106666,7840.569812405664
106667,12906.938760106637
106668,29089.595216025216
106669,22747.478955355462
106670,14528.240034052842
106671,37843.641048131474
106672,25115.538661709827
106673,5285.8004615372465
106674,17944.481499876027
106675,21170.89319386494
106676,17825.582559580795
106677,14102.598619073402
106678,14949.010232259603
106679,19634.610862338857
106680,15899.819667785696
106681,12894.672930397712
106682,16531.84696936388
106683,7537.2557747147075
106684,18119.076950217936
106685,11631.866031146657
106686,9681.656549809564
106687,17146.17999937634
106688,10361.033287913902
106689,20180.050245043138
106690,12767.239753857042
106691,21786.58772738617
106692,9586.0332126942
106693,22975.215917568174
106694,32086.17131573414
106695,12046.577710732974
106696,12490.68747934433
106697,26021.86009296766
106698,21791.820191837964
106699,14578.579413177953
106700,12675.294063374096
106701,12652.408041712639
106702,6095.866765481471
106703,9273.632664776585
106704,21463.094825499113
106705,13960.744001020197
106706,9118.735603881885
106707,15621.620445816845
106708,12494.455982493491
106709,15485.916610610411
106710,22643.184102300467
106711,22888.416695735636
106712,9817.254100058175
106713,17314.79978199127
106714,20760.866959095456
106715,17775.901719020025
106716,15393.28290291885
106717,9739.334892947047
106718,11763.232166654174
106719,12487.203774273989
106720,10051.995679854146
106721,8497.147613727893
106722,10421.720443271892
106723,6459.676263399634
106724,11762.698230083457
106725,10179.714258109
106726,14191.503904428975
106727,5634.340727457822
106728,13122.06904384523
106729,13428.430594500089
106730,17493.572112667713
106731,20726.359482665426
106732,20362.40052575103
106733,20662.245492223046
106734,22532.48444686444
106735,10891.740543645808
106736,20092.650896071744
106737,20887.714881585827
106738,9353.598917716821
106739,20180.20730703295
106740,12012.818467354118
106741,17778.44213137063
106742,17362.876768961647
106743,26163.059175842274
106744,19677.745278759874
106745,8416.442671991712
106746,45123.4650881667
106747,25812.182489095107
106748,19529.229569738676
106749,16428.881130938087
106750,10037.832743289275
106751,22764.076267700835
106752,22637.69684022806
106753,16868.568733766482
106754,40437.527469749315
106755,30322.068786794538
106756,10209.923229388975
106757,33044.67425359111
106758,2912.9638230024348
106759,10225.496608512483
106760,29850.74606305615
106761,5668.771031905877
106762,1963.6229921113206
106763,25327.774290637502
106764,26440.783667720632
106765,17441.63094101131
106766,10495.886027406343
106767,19141.912419644887
106768,9411.166544245754
106769,15128.933947740168
106770,22575.21828878059
106771,18473.14945520614
106772,32934.20316505027
106773,14254.230705819145
106774,18153.696978063475
106775,9389.332758375422
106776,17082.802652403214
106777,21776.14832769835
106778,14080.149906770783
106779,10046.675849351881
106780,19370.374520884394
106781,11160.131754904622
106782,21226.816689276275
106783,12673.099499969814
106784,10696.16431077535
106785,16214.217561999905
106786,10113.91940824549
106787,31528.33658145847
106788,21599.738627829563
106789,16353.403256264994
106790,32855.627672952265
106791,24422.602266963946
106792,16780.58470744695
106793,13388.025038747088
106794,19314.74348248254
106795,11417.219107860868
106796,18340.131810916548
106797,30936.614280426023
106798,15119.41470711653
106799,15609.163756982616
106800,10374.484479491433
106801,16360.792814437367
106802,20253.79512015341
106803,25687.558205179772
106804,10417.187457229371
106805,14605.570087724987
106806,13617.437815353214
106807,5643.911606365469
106808,15015.491865932237
106809,6920.169568115161
106810,9619.20432500786
106811,11587.243015840402
106812,35706.24088265878
106813,9635.354532986723
106814,11342.935672735657
106815,20968.22282953409
106816,26888.55678784554
106817,10178.822721781049
106818,8386.620771764183
106819,10077.57761137564
106820,9451.066865015157
106821,15402.707452062135
106822,13183.070423876943
106823,9726.690966674207
106824,19526.34806045461
106825,15468.824761418357
106826,31898.658425343372
106827,11540.70019346512
106828,17410.842343550186
106829,12485.638572988586
106830,13032.457745507149
106831,16073.771530938437
106832,10856.622476692019
106833,9099.976511575282
106834,8271.51131311196
106835,7119.795044487482
106836,21045.853998347637
106837,13047.579841620021
106838,31493.63475499184
106839,12576.395518632835
106840,22751.121386022132
106841,16952.381249005648
106842,4000.8361710167655
106843,12604.337501057822
106844,14042.371455868013
106845,13809.80434218624
106846,22948.558283325518
106847,11580.843851955306
106848,24074.44029699445
106849,21084.58789548236
106850,11697.354638741946
106851,11839.478688274072
106852,9552.28512733757
106853,28606.040223464574
106854,8341.026438786357
106855,14768.931775102614
106856,12622.753356818228
106857,10413.26564300936
106858,16514.516773889078
106859,11517.424138888138
106860,14364.794560380682
106861,21656.12220915235
106862,25418.426611257342
106863,15473.423736044551
106864,19925.81626125933
106865,17462.448643785614
106866,9245.951455354389
106867,12161.908251344476
106868,9607.886328861476
106869,9637.124655574495
106870,10045.313696745974
106871,13629.48806957163
106872,25698.113465432794
106873,16716.343527004217
106874,20268.006763851434
106875,12133.488575188936
106876,19875.408179398288
106877,5388.894536607166
106878,7228.627492063227
106879,17136.974308338544
106880,18328.015341640752
106881,10038.875967720825
106882,19248.286337360896
106883,20166.830644477737
106884,6754.24719425508
106885,9140.670075250826
106886,24981.673549173724
106887,10632.146941973871
106888,9486.323701231997
106889,7021.1155803731635
106890,31996.105130479897
106891,10427.280384571874
106892,20602.124939046273
106893,17418.000125740604
106894,5772.046345265891
106895,22096.457349858443
106896,21748.170251756255
106897,17522.785844141694
106898,9516.087116728833
106899,18986.831195321447
106900,17057.97318591164
106901,18917.45743689528
106902,11072.441306636776
106903,5339.670500277566
106904,12137.950908741961
106905,21202.93211638023
106906,9510.077638949684
106907,17618.38209719372
106908,10255.807263189961
106909,21511.886265723802
106910,18433.463268337513
106911,12865.923288833603
106912,14566.337965516093
106913,28083.09950118535
106914,16059.227819270522
106915,14289.941961388424
106916,31173.211892601004
106917,14488.202755181572
106918,18035.449336031783
106919,25252.984585538146
106920,12940.047633133718
106921,30647.87864649951
106922,9371.72279113236
106923,19093.130949800947
106924,29257.68896976143
106925,21639.732886472033
106926,9427.574998748238
106927,6408.422437031969
106928,11759.073657845514
106929,9395.797194708543
106930,20890.828044485857
106931,10501.964455886868
106932,11437.98950252729
106933,22499.4550857029
106934,7030.793652358348
106935,13449.592920506968
106936,16323.403214772341
106937,19459.32861023711
106938,23008.205163789906
106939,14266.580510987435
106940,16875.811513601144
106941,17803.827496439517
106942,9728.161505378393
106943,10756.434305287112
106944,18453.4119665327
106945,17716.668785155813
106946,11765.80254356188
106947,22725.950532633335
106948,9335.042440124456
106949,20783.88575931145
106950,10529.38116749175
106951,18585.483670918573
106952,12893.61139913674
106953,16426.715445242044
106954,20373.32439072052
106955,11154.166992132727
106956,21856.335922738373
106957,13615.228836818484
106958,28289.40495571817
106959,10977.201191251259
106960,6553.4150476686245
106961,24688.68492958991
106962,16589.87813809907
106963,10069.500388745111
106964,14349.838121076391
106965,13030.996595209012
106966,43788.158616537454
106967,20379.119146127374
106968,19664.571158440325
106969,14683.051256476017
106970,10585.980164219107
106971,10408.401130504708
106972,19091.4750626262
106973,10303.25697599239
106974,20361.88210758639
106975,10175.348201995865
106976,10043.103232479041
106977,12513.488818679887
106978,28934.408501215228
106979,6005.339269407674
106980,7226.916647719752
106981,29830.51134880491
106982,9363.559835551792
106983,16546.35694021803
106984,22525.49105914459
106985,21244.472804598947
106986,15862.450211255826
106987,16708.6624006954
106988,9816.133646744525
106989,10275.19067423103
106990,9027.325063175924
106991,14917.028353330563
106992,26646.096228187624
106993,15546.62786731808
106994,7186.914199759685
106995,44991.47676913328
106996,11939.777850663115
106997,19407.459446962108
106998,11265.29408658567
106999,12207.866204219687
107000,14409.530191104219
107001,27560.218324391364
107002,6479.213840965443
107003,39139.67287560283
107004,14378.916879688411
107005,9298.564509210612
107006,11630.713651171804
107007,12041.96550011268
107008,11794.305545190033
107009,9635.92502390132
107010,50340.82228226374
107011,8243.686251174593
107012,10133.300331388908
107013,9037.711838786807
107014,9750.401567619267
107015,16996.461500197263
107016,14030.013592249463
107017,9492.784220872698
107018,32397.454726442877
107019,16717.107596304548
107020,9943.003493637301
107021,9645.402196255205
107022,7108.851048805786
107023,7407.493677635748
107024,18319.884748134198
107025,8307.147581549623
107026,44991.68439822289
107027,11654.931536366674
107028,20553.420113753997
107029,17179.553270069904
107030,16446.073859921664
107031,12806.633881969557
107032,22893.436198141582
107033,15444.291045382868
107034,10250.175405638689
107035,26498.974171548558
107036,18959.583360720375
107037,41486.27501450695
107038,13764.799582910018
107039,10755.221672270778
107040,27544.229203060026
107041,17221.55506506899
107042,21288.739189071865
107043,14796.001139112059
107044,14469.89454134009
107045,7321.008289631978
107046,12000.856010720026
107047,26308.263879547823
107048,26302.926854897818
107049,7883.098822564278
107050,20325.066080522945
107051,16738.115096740443
107052,28897.467765036967
107053,3875.5154582810915
107054,19576.55585520427
107055,22120.254542815448
107056,24092.79035094832
107057,16114.658801771404
107058,17294.782854419314
107059,13122.272941624842
107060,9183.25261670673
107061,11530.715799182653
107062,8504.609174326244
107063,16557.934183772446
107064,20006.605545303886
107065,25332.140101302895
107066,30684.993655518887
107067,31085.39587362052
107068,20798.32588530679
107069,9932.181688011045
107070,24608.64692964949
107071,13734.642076828057
107072,8691.692221829919
107073,10951.994657423493
107074,35906.38111498999
107075,21650.72226588087
107076,22070.391365348893
107077,8811.395381896136
107078,25438.686875867093
107079,25633.552043207535
107080,9987.469263747795
107081,6993.670507923967
107082,25577.1072079836
107083,12052.198572793634
107084,19874.551779234927
107085,16501.034279920077
107086,13470.834315537173
107087,10780.331734988991
107088,15564.51905071502
107089,28413.11055449679
107090,30287.642160797157
107091,20025.37333724718
107092,14704.770935701905
107093,20550.896912965567
107094,28177.703754847324
107095,23450.45544588255
107096,10069.749555740624
107097,10622.341894875848
107098,16905.71450642169
107099,23849.253008647687
107100,18779.131123856703
107101,12332.827239063443
107102,10349.897057189102
107103,13837.041057892084
107104,13277.971820543757
107105,15248.502487682154
107106,21166.32266000541
107107,7996.6281737812815
107108,31021.03508059471
107109,26656.723251911437
107110,12146.205706293063
107111,23368.21031880949
107112,13448.487084712118
107113,9747.152406430325
107114,17237.13987338031
107115,30961.244149949132
107116,16637.78623478195
107117,23262.19351762382
107118,27725.253108155477
107119,10020.764863001355
107120,13849.420036712514
107121,29094.504129556284
107122,12436.507111147137
107123,15391.558370973817
107124,18086.25669942888
107125,10388.121988916178
107126,17415.611552844097
107127,12410.986592891624
107128,19453.328464766022
107129,11486.295616588886
107130,13209.093184016438
107131,22403.312860723636
107132,19646.149339677
107133,17630.91530661745
107134,9628.402858799707
107135,8817.339124457732
107136,10432.744179559353
107137,33923.600428968864
107138,29993.801886015597
107139,20810.756563450577
107140,15351.343271118323
107141,7376.11438820212
107142,6233.262949162205
107143,17782.451536109216
107144,20503.956450283727
107145,15357.730053790372
107146,20075.210357252963
107147,13916.984441050417
107148,20318.367227229774
107149,20337.504742405057
107150,18401.261653645724
107151,12424.872431230964
107152,13227.69614363602
107153,30211.91520061512
107154,22537.445993889665
107155,22969.22844871363
107156,19925.476960560438
107157,10127.12639653987
107158,21533.27862401424
107159,13184.60240184629
107160,10134.099749624103
107161,3566.9229467258183
107162,13572.493456016186
107163,12931.842594208145
107164,7901.515045110615
107165,22848.523113912477
107166,32045.606837243467
107167,10032.84947593703
107168,50837.36177712438
107169,17437.347682666983
107170,24877.242060946184
107171,20016.292378813017
107172,9904.991203145337
107173,21590.744716575613
107174,7530.345557676191
107175,24092.87745423221
107176,12193.641705514625
107177,16631.46167082518
107178,9357.364543582362
107179,17753.311751292546
107180,27569.684997801352
107181,31711.97083188502
107182,43702.94951498082
107183,16596.718000086934
107184,16788.24215751271
107185,14585.895082732455
107186,16510.575651929725
107187,20955.65625555921
107188,9146.281354477036
107189,8723.152408311596
107190,24033.46400331588
107191,8923.104806969799
107192,11175.429433877056
107193,8412.756091790323
107194,22479.345884400067
107195,39291.19565326105
107196,22535.08162797456
107197,23614.214184295844
107198,9888.499949202487
107199,9694.142727777871
107200,32398.8221788267
107201,8161.669579736318
107202,8801.142366590364
107203,11678.256269382462
107204,19595.977040138943
107205,31392.79662126612
107206,12797.69898263559
107207,21298.913541354417
107208,20734.953945131285
107209,18227.78511313596
107210,15818.764252082918
107211,15763.69176546053
107212,22561.996405542435
107213,10346.89612546108
107214,15549.344702372053
107215,19147.805975779927
107216,20857.484054035376
107217,21349.097639593718
107218,11999.989305105188
107219,24273.14417850309
107220,9549.4844509848
107221,13072.901638540485
107222,10921.829640818056
107223,17791.770812563555
107224,20135.7334482113
107225,15509.264201414224
107226,16212.068545486693
107227,14207.35608065483
107228,27385.81157424562
107229,6655.7672129839475
107230,10236.469875752959
107231,10225.294447202055
107232,14535.554129686472
107233,14128.357445040265
107234,14353.516587644013
107235,19043.745518558346
107236,9858.61646766787
107237,17662.487485708247
107238,7743.149743003162
107239,12676.850293442893
107240,22015.178268309486
107241,13831.260847899417
107242,15726.125458075589
107243,21827.35800609319
107244,6693.3166838869265
107245,13596.870137328619
107246,6333.6443782211145
107247,26822.557242731866
107248,17737.56928858259
107249,7316.853598360121
107250,21814.303186762387
107251,8235.688732150258
107252,13769.786894841325
107253,9413.317133258408
107254,12408.691966830378
107255,17085.235437802647
107256,24737.886485466806
107257,6421.865077201516
107258,18284.70585685231
107259,20324.321290115935
107260,25684.221259921982
107261,6572.686085555861
107262,12645.49062780353
107263,14971.603796367626
107264,21864.08878335704
107265,8776.934919875683
107266,13313.371568056815
107267,14345.165398789213
107268,24783.14772491295
107269,18332.277864581883
107270,8399.512384621416
107271,11391.007216938982
107272,14298.262812959294
107273,17570.083258782535
107274,10209.789423908238
107275,11462.9936983827
107276,22003.644721794648
107277,17207.873638871348
107278,10914.463610112192
107279,10960.872773029132
107280,12354.451768293373
107281,17467.857877782822
107282,9991.04941843432
107283,10363.5636458699
107284,17901.883435198448
107285,17836.420171385304
107286,16816.91394024503
107287,11660.500686584845
107288,10615.855265613289
107289,21338.80473649671
107290,17446.487072331223
107291,10070.793502096934
107292,25984.287202862568
107293,8813.871962444779
107294,24709.898958248035
107295,13478.71310628923
107296,11937.496027410154
107297,9992.817908423935
107298,14899.014688147785
107299,27011.153308170222
107300,20618.50137393982
107301,25382.225844542827
107302,22335.339984317412
107303,19954.498532597874
107304,19591.70786165513
107305,21189.526529983075
107306,12358.537850268951
107307,16897.723687334852
107308,7898.240541968865
107309,14020.244756412829
107310,38204.90232834482
107311,19020.821827770884
107312,14624.70399583433
107313,14665.490498806816
107314,25456.07449127303
107315,17619.53661512786
107316,18330.69420735732
107317,9424.343580973156
107318,22848.523113912477
107319,16409.14888313825
107320,14883.793319723129
107321,24456.386434180684
107322,31024.05420637453
107323,16604.59918155615
107324,20080.356355129552
107325,14815.023034912092
107326,10981.552305464882
107327,7006.639026026943
107328,2719.9518651408803
107329,23583.51940323037
107330,15401.007939321335
107331,16652.79102415993
107332,10447.645859994404
107333,9684.26724861485
107334,12028.001461491416
107335,18556.41373300403
107336,11500.734463887862
107337,15193.328776137647
107338,8483.571222586212
107339,10563.049035771908
107340,12519.01105494987
107341,13605.446341468762
107342,8445.273766398783
107343,20215.705256538917
107344,35393.24327212246
107345,21684.041183123532
107346,12782.331526507569
107347,21298.913541354417
107348,13188.356757388074
107349,14718.807544842502
107350,18994.398844378076
107351,14640.380460620547
107352,25572.335444581855
107353,36033.59290654527
107354,9145.105046249013
107355,29932.126037904745
107356,10234.81261657163
107357,13054.233400786328
107358,15708.1619402401
107359,18950.363568497418
107360,19117.322605491514
107361,24455.51402284391
107362,9167.894540467825
107363,29648.54334139657
107364,7309.5037656775185
107365,12332.827239063443
107366,11330.329348243024
107367,23815.475378758776
107368,8617.987028471909
107369,9020.337122244042
107370,9795.716082602852
107371,44803.54942079763
107372,17554.622020756073
107373,15456.66239696271
107374,6191.866216374412
107375,19994.89884091967
107376,20241.108025532398
107377,14966.219171174698
107378,20278.34971623731
107379,31215.518146077186
107380,9021.967865936835
107381,18948.770421829213
107382,8156.2665721845
107383,12175.268837514937
107384,15248.436866153339
107385,18874.444109278447
107386,13211.778821321686
107387,24975.04742863804
107388,12359.263646998867
107389,6555.213367889605
107390,24247.061776034447
107391,12423.441479009587
107392,8017.746962274419
107393,11021.606683450598
107394,8910.190077506722
107395,13023.015929311328
107396,7367.745456746426
107397,24672.39650859059
107398,25580.082985158995
107399,14620.291469256203
107400,25534.86859689046
107401,28693.774591336853
107402,25225.864216312293
107403,20288.01681135596
107404,16661.082224036698
107405,18803.73579716351
107406,10620.114731270138
107407,20568.993283023243
107408,20219.060745985793
107409,26055.46623344116
107410,21061.461647982887
107411,17091.214961831112
107412,26093.859796900488
107413,23865.616395851222
107414,9525.710533445954
107415,16940.83693504621
107416,12893.122690999046
107417,10198.32113016601
107418,12826.012343193108
107419,44329.7426468409
107420,10356.768276335246
107421,12379.088338467342
107422,10590.027019605011
107423,14611.674060400264
107424,20536.343950772778
107425,27122.79818291741
107426,11964.52383869817
107427,10978.400127343843
107428,14683.477880374123
107429,13824.512156523399
107430,22928.2877140587
107431,9961.021257271792
107432,9999.08627463443
107433,18907.54843109822
107434,25486.55410077011
107435,9828.05078417237
107436,10414.708002522624
107437,25585.087283408797
107438,14757.658199120537
107439,13606.1211393032
107440,9832.073252331798
107441,19472.767036846482
107442,9111.285624720607
107443,10557.678061338955
107444,17956.58613700649
107445,25641.364728318847
107446,9241.928574661395
107447,17483.64840822398
107448,7336.225945795254
107449,12976.868527880964
107450,16653.71306552342
107451,8277.247601553478
107452,14750.131134634132
107453,18309.78815404656
107454,17928.877026869475
107455,12348.428659226493
107456,22396.059461219706
107457,29550.147660032
107458,12154.22256253278
107459,9743.60615889823
107460,20183.71562086261
107461,27978.010801752396
107462,8134.046172468906
107463,26245.681128440017
107464,12922.195137008264
107465,25352.786448897852
107466,30182.818331466526
107467,21797.65319141024
107468,5508.237261398566
107469,17887.31420863619
107470,19907.90916596071
107471,12672.253455454473
107472,9497.22832553928
107473,9147.675083220274
107474,13090.812284023394
107475,11594.333251028676
107476,24589.7953670019
107477,14986.368257181737
107478,18035.149654597255
107479,17932.910253389797
107480,18848.914312019373
107481,16814.713486052737
107482,13696.110144235392
107483,19126.876423072266
107484,20404.75460501075
107485,13578.386627732276
107486,20850.604166379537
107487,23642.77353164812
107488,24689.557583371403
107489,44851.19073291095
107490,12810.48553241842
107491,16204.69551767756
107492,9051.72962156027
107493,8478.785526555468
107494,8904.846639943093
107495,22069.350629901666
107496,18219.398043897247
107497,8249.14560600825
107498,18771.339821168578
107499,19874.207123682896
107500,30831.908080041925
107501,14688.468612589419
107502,20117.46351940202
107503,19983.45386018867
107504,12493.360093065809
107505,21857.244548957693
107506,24125.845544628217
107507,10210.02494508129
107508,23523.66847283135
107509,19602.924827269708
107510,8828.653885190975
107511,28307.3258776435
107512,11645.65744641756
107513,22801.76934520677
107514,15116.55254268885
107515,16731.093514177664
107516,19518.347944424117
107517,16023.422444637263
107518,23086.486162538666
107519,9853.338947638855
107520,41187.165057720274
107521,17688.59128162376
107522,17738.48416958108
107523,11921.114374880219
107524,12271.6426956837
107525,15725.65456443361
107526,11253.169403020564
107527,16781.71344710984
107528,9816.770381598966
107529,14860.333268595274
107530,22358.528852550804
107531,20072.353646249216
107532,9762.552062647046
107533,16450.420446315813
107534,11680.465630355588
107535,15557.233672170509
107536,12216.342684962292
107537,11721.40849882546
107538,8999.655956893163
107539,11495.990801524757
107540,20143.145605126116
107541,16967.991888312616
107542,9287.744920990248
107543,16569.567045750417
107544,12002.25438277818
107545,30550.095234796525
107546,8337.173657306332
107547,29794.276877854405
107548,20644.790205545225
107549,19930.612237856152
107550,14316.488093763299
107551,18354.6974487204
107552,21952.292368422957
107553,15169.97801044927
107554,23430.028880491394
107555,20428.86946683601
107556,16473.590650923248
107557,5035.926046932979
107558,12034.10548564203
107559,11397.8453623352
107560,26472.983379698744
107561,20314.123521264966
107562,11685.883302937413
107563,19681.041962372867
107564,6417.929445904665
107565,10695.836804080815
107566,12433.98861160705
107567,22248.49060612816
107568,21670.914072560103
107569,11931.811526534108
107570,17212.155058845838
107571,9477.231748119839
107572,16339.567307707746
107573,14813.752146963405
107574,25704.821740886986
107575,10714.036172301512
107576,10667.53235900226
107577,22934.785302514018
107578,20319.78131056309
107579,15573.094858958064
107580,19424.07550310445
107581,12316.570744491002
107582,9999.08627463443
107583,10957.989838371857
107584,14931.831803911713
107585,18091.83812427662
107586,23800.829353361238
107587,28897.113095541503
107588,27559.900122929892
107589,15947.296332003112
107590,12876.502325233136
107591,19538.264986164035
107592,17721.02631351453
107593,9141.205887205522
107594,42777.11778139535
107595,23777.33944654026
107596,21670.590215074346
107597,11061.896849323775
107598,14221.572384567722
107599,16914.609466064874
107600,10462.800568774044
107601,23083.163508133854
107602,9824.693934918498
107603,13154.047833943196
107604,8657.729097628884
107605,25197.861622366476
107606,14048.849324505267
107607,26136.18275771679
107608,30479.818897478253
107609,10416.99254022093
107610,17692.350391902717
107611,17926.75591141962
107612,17443.196535810475
107613,13920.911286841869
107614,10016.59411649663
107615,12841.440830599004
107616,20481.66650957953
107617,11181.042054167061
107618,19665.48905162684
107619,9114.229852367447
107620,20268.303525414944
107621,9246.513169757178
107622,9828.436434954514
107623,11542.875723747957
107624,25291.286761722196
107625,2993.100114655168
107626,17606.219530195074
107627,13144.990291507556
107628,18230.733384530045
107629,25376.0153007014
107630,10459.270744395
107631,21030.291170052664
107632,18193.12523813109
107633,18036.70530779857
107634,12905.900605865789
107635,14514.528415700475
107636,14187.058811864936
107637,9734.695723546714
107638,12509.738516306523
107639,15293.45684940413
107640,12946.288897833125
107641,24092.87745423221
107642,13532.62221686548
107643,30303.931629440875
107644,19922.100030091984
107645,9743.253826196546
107646,17660.99644661061
107647,20907.297012864994
107648,40061.381762227786
107649,17683.3810732595
107650,18922.32066726282
107651,6380.803734504303
107652,7671.18108407076
107653,28880.226472703114
107654,17927.13714263537
107655,9183.498318171864
107656,20847.50269714894
107657,10328.265326497369
107658,10771.852612534762
107659,34669.27665509024
107660,20299.64844563051
107661,19063.957734056898
107662,19941.28827564769
107663,26820.05805676797
107664,21310.61917841813
107665,12843.282028049967
107666,22523.007829102968
107667,18943.24944332256
107668,16565.38996997754
107669,17452.18133950375
107670,19344.98502477797
107671,19794.493404905217
107672,25316.310072163153
107673,10421.604180328934
107674,27738.668700291255
107675,14186.948846609695
107676,12839.463400313593
107677,22731.163803449006
107678,10767.308349766021
107679,7310.597765482761
107680,21084.505843441235
107681,14709.74002802242
107682,21950.05421289206
107683,12028.308132999564
107684,7572.279647129845
107685,27858.01507909977
107686,6180.548680157688
107687,17435.412978539985
107688,11732.432199526995
107689,10052.761519986248
107690,17500.12911311436
107691,44855.63233114162
107692,31020.16412327731
107693,9047.287319575727
107694,25051.869982534656
107695,9473.8084650694
107696,29170.113527545807
107697,26267.60045214185
107698,11230.131445810226
107699,20483.94267889682
107700,9421.063553327125
107701,14854.983876181766
107702,25686.280517953954
107703,14793.427909278627
107704,10106.922187343176
107705,22738.892428981228
107706,15465.633732006785
107707,45505.067530048305
107708,24617.85225475898
107709,11796.728977821349
107710,13908.217790473527
107711,18605.500163367415
107712,14120.655970195474
107713,8414.929887296119
107714,15991.33513912228
107715,10052.761519986248
107716,14800.103479922087
107717,12919.732763873872
107718,22940.246729235005
107719,23309.060122300354
107720,13513.82121319369
107721,15570.99067099533
107722,14357.022155146908
107723,11218.00304296009
107724,22672.74104097405
107725,18829.24464668952
107726,13710.321475385008
107727,10181.701440541563
107728,7267.6770734499205
107729,10654.810870295194
107730,18559.747209892386
107731,16545.942795189876
107732,21185.16545313668
107733,20613.382141850514
107734,13140.246418583805
107735,13767.4587484505
107736,14729.212579957508
107737,14547.898984527263
107738,10023.92712790471
107739,23019.669067844377
107740,20233.014853826546
107741,2917.664231099602
107742,10630.881374429064
107743,12489.324566747466
107744,13863.78913788974
107745,22325.372555643236
107746,17162.74354631848
107747,11218.00304296009
107748,12122.714689190434
107749,24389.74524570454
107750,20208.92110515757
107751,36708.887704649474
107752,17324.808006055777
107753,18678.673755916552
107754,26676.53417938175
107755,10216.492283458661
107756,10443.578850398404
107757,9912.069931302658
107758,9657.905154443788
107759,21601.39418163614
107760,14567.627407697879
107761,41842.176866537244
107762,17410.069630011567
107763,16363.651482078303
107764,10447.712518647528
107765,31817.485242313945
107766,7551.540942623439
107767,17910.071491724313
107768,10398.715739572053
107769,21813.95323407014
107770,41697.82645702612
107771,15577.46994959531
107772,14578.148996864924
107773,9000.105447523305
107774,9997.760226432883
107775,16655.52407185586
107776,13838.832371634133
107777,27660.06282692457
107778,15407.25870025327
107779,18898.87421825678
107780,44862.03045916417
107781,19613.415953189404
107782,9163.334647777176
107783,21958.850684841076
107784,20882.11337309491
107785,19432.641155681904
107786,12634.33962466907
107787,7873.9372575417165
107788,31139.259040874585
107789,14935.029179618865
107790,16875.954524345852
107791,11325.45180291575
107792,47613.175465458444
107793,16409.140948178687
107794,11361.536623729458
107795,9579.842179241197
107796,20406.289109676243
107797,18160.77351323479
107798,38516.242742326875
107799,14259.080778521062
107800,13453.205382204325
107801,14878.186268093377
107802,22267.545398904585
107803,26011.081688566446
107804,15175.963372876382
107805,19695.793871170208
107806,16117.096879632532
107807,4138.224040478605
107808,20169.80583967251
107809,22531.877043595185
107810,22665.223751267073
107811,22065.127556818697
107812,12199.190312622228
107813,28196.89911774614
107814,13807.617577545116
107815,18377.655859893446
107816,22782.45233704696
107817,7376.961772337281
107818,23041.60360600342
107819,33966.92783260385
107820,12481.739744626197
107821,25478.712624044925
107822,13650.42185334155
107823,16242.497737359137
107824,13080.77102707459
107825,5230.598733236534
107826,21507.902823941015
107827,15595.52030705109
107828,22617.570025494828
107829,20006.562904616436
107830,14232.060172183887
107831,8896.957729523514
107832,27670.017085207066
107833,16903.1788369255
107834,13874.265865097097
107835,16939.01792401026
107836,14175.985169803234
107837,10385.962495722039
107838,16721.3888225538
107839,22642.054552677168
107840,10457.343578907505
107841,9431.14251836097
107842,9861.184334891557
107843,10163.056552635999
107844,16384.0792952288
107845,7772.042302856855
107846,12508.124590872845
107847,11107.000088157927
107848,11685.30026382875
107849,20310.3815483489
107850,29867.518966110263
107851,8544.134844278287
107852,13168.4235883446
107853,13033.945417513583
107854,9391.91067386755
107855,13185.785773340329
107856,14596.532103421185
107857,17114.91099419199
107858,13897.739891109097
107859,16345.749749042343
107860,11962.223395067247
107861,18819.764782216716
107862,11816.921867221114
107863,11625.214866876951
107864,17662.622969911263
107865,19748.98477045907
107866,19381.431389509005
107867,9078.670830816458
107868,23517.10712744566
107869,19132.587210143673
107870,9077.928407440106
107871,19337.087761797204
107872,14791.730422274544
107873,21544.848819009003
107874,21885.400095919587
107875,6884.802389254006
107876,27210.663233464093
107877,16473.86888946969
107878,25613.960970060914
107879,9568.445871914582
107880,9621.596812957709
107881,41374.42011846103
107882,10420.357752363432
107883,12197.666277075321
107884,24305.909603649412
107885,24463.020175893063
107886,12017.756439764995
107887,24521.040228102273
107888,13186.4033359007
107889,19930.89869019408
107890,11221.578984753316
107891,10254.018889862331
107892,13372.44099887988
107893,17407.392690673558
107894,9142.515226832704
107895,18916.8984105385
107896,24059.930254114974
107897,6486.922398197877
107898,8525.184766071048
107899,8539.086458368718
107900,36155.63265838882
107901,13102.917282585191
107902,10273.35506898154
107903,12298.427957809028
107904,15928.428131005578
107905,42557.52246107333
107906,21189.526529983075
107907,19753.51107163707
107908,20584.317134551202
107909,14307.035054725704
107910,10342.206508378333
107911,11356.003394733149
107912,22423.3638873271
107913,16381.697250615342
107914,11587.010061316565
107915,26460.983622841344
107916,22261.03213488142
107917,11840.982019638723
107918,10228.378663481957
107919,13109.717038631483
107920,4074.606944984542
107921,6837.526573131299
107922,14670.311052661695
107923,13173.582393219187
107924,11247.113939981276
107925,20141.651147507626
107926,7567.6158051383145
107927,24897.449937008045
107928,21540.367858711204
107929,14676.012839009869
107930,14156.232898432127
107931,31305.88845583406
107932,14048.908442219004
107933,11435.740813910526
107934,4940.442271799664
107935,7677.399133419868
107936,13362.797968771258
107937,10991.013127747408
107938,11315.486447045747
107939,20871.05256520652
107940,8668.696484649858
107941,12307.447432824645
107942,12399.645483561393
107943,10874.764574497112
107944,12008.024284957777
107945,13592.860010449722
107946,11096.526294408124
107947,22945.51344817369
107948,11525.705940142037
107949,11068.731558731186
107950,30909.203916890034
107951,9276.475334222336
107952,10276.453941856373
107953,32028.75049876546
107954,11196.696877015529
107955,8060.609140003723
107956,7725.232267741649
107957,24309.169556241864
107958,25360.642659476474
107959,20962.666932173794
107960,22809.296650492965
107961,15523.240872343762
107962,18971.375399162716
107963,26724.75688378892
107964,22393.501333626205
107965,14222.2156936635
107966,21055.141175965295
107967,7617.986141319392
107968,17001.751084211355
107969,11201.471836138438
107970,23228.889573580847
107971,10783.677158175446
107972,10452.741090258154
107973,9689.872496370384
107974,8196.938093872286
107975,18205.575055461166
107976,17575.11400431553
107977,13794.080948934863
107978,25429.512602824587
107979,10324.643402847347
107980,29730.146940549206
107981,17327.00417477504
107982,8413.772685077318
107983,21461.79076289721
107984,22421.339097599866
107985,27316.02594410051
107986,36006.244275037665
107987,15545.520738357294
107988,17855.935378169714
107989,14322.295141856075
107990,15376.1186301831
107991,5417.417257716367
107992,10374.849205684048
107993,13247.903423672651
107994,18857.80550951021
107995,16961.202489534477
107996,19909.678388963417
107997,18062.896088160483
107998,26554.802011650714
107999,9190.255580535259
108000,18638.20990229282
108001,12774.381683765982
108002,14000.194402856965
108003,32011.23760247808
108004,31347.191453180407
108005,10174.224319655714
108006,13914.90504479759
108007,10442.037237950493
108008,19468.210591708663
108009,4836.4031953088115
108010,5510.881537846986
108011,11144.271557534443
108012,12093.781229879569
108013,27332.60277039473
108014,12893.200867525156
108015,18190.846804373417
108016,26714.61634963503
108017,11323.971783747282
108018,8512.995445523302
108019,5778.110875528675
108020,5393.8779998814825
108021,6820.475227635152
108022,23360.90316997215
108023,22475.94852821496
108024,30365.973619051656
108025,13352.409260503384
108026,6949.272187928156
108027,20134.899267949622
108028,25718.935460805144
108029,14654.745938063865
108030,21391.427070670572
108031,5529.479284434588
108032,7819.127092857428
108033,26302.471095992492
108034,28425.495004685545
108035,20795.525774767244
108036,6358.501023960219
108037,11466.763796627793
108038,20160.266293991757
108039,9764.037819819121
108040,7888.630688011151
108041,11380.861546797394
108042,14791.854589158718
108043,14730.98089805552
108044,7729.973693080345
108045,28796.887588748425
108046,22896.556903907967
108047,30358.5891806344
108048,14762.999206528544
108049,9821.222456241898
108050,45854.023531673374
108051,24475.575068346632
108052,20113.48013343332
108053,26027.15204341952
108054,12689.726627953896
108055,19908.586469679693
108056,12937.062593689232
108057,9990.587908234684
108058,15722.753605115597
108059,13923.72437464216
108060,6957.915470530942
108061,23037.146665404453
108062,9974.468425328838
108063,14982.555570928253
108064,23660.068668008244
108065,30855.34675282427
108066,21016.82310801237
108067,21439.689014439085
108068,8420.060262006016
108069,17005.24427152437
108070,16603.580522368044
108071,14406.289774471741
108072,17086.842851855607
108073,24890.49708340187
108074,9820.593778092123
108075,8123.281958843579
108076,31782.634692383494
108077,16536.418081094795
108078,10705.324205626228
108079,12754.613455231363
108080,14460.529634252944
108081,13673.106253051505
108082,13713.776226859298
108083,14782.226541682441
108084,22350.891685034778
108085,16149.668210940821
108086,10421.704180777604
108087,9848.230353216271
108088,18223.004256970602
108089,9355.687716565373
108090,20279.97555940752
108091,10068.201956428627
108092,20934.30030898986
108093,9094.044168506003
108094,14642.994320237733
108095,21748.170251756255
108096,24541.173456911114
108097,11972.174155612714
108098,19143.65075923882
108099,25823.13893567581
108100,36099.83647155654
108101,23897.605435848796
108102,13229.690592370114
108103,17401.547830460117
108104,25870.74518145796
108105,10523.272602004627
108106,21876.287140136625
108107,7192.421935868348
108108,7926.90502303966
108109,12094.072408301347
108110,4805.460201752716
108111,34029.33891608251
108112,20756.628533915227
108113,18224.086197712502
108114,15432.342037762377
108115,11672.35731701525
108116,38187.09397693959
108117,19685.02584189352
108118,23614.096481288103
108119,13916.181546428756
108120,21757.62349495939
108121,13303.231325925648
108122,5475.933178539472
108123,10484.414555743406
108124,7131.3446437224975
108125,17110.531810145716
108126,19892.597161234597
108127,12326.068943449869
108128,10262.442474622398
108129,10023.92712790471
108130,7502.739203758518
108131,44728.24331419445
108132,10279.369943282207
108133,7739.906224430502
108134,8460.425546863775
108135,41001.02983129842
108136,17564.896657851827
108137,12577.379900433038
108138,18751.356469480226
108139,15034.794150130278
108140,32108.217527881385
108141,10348.397621752321
108142,21663.71543034204
108143,31312.211090560573
108144,17184.957911661422
108145,14211.522532298193
108146,9317.440311519646
108147,13298.858680502504
108148,12640.46043937479
108149,9623.5055714366
108150,6680.1181300014005
108151,12940.84692305864
108152,7582.107604599684
108153,26949.17245908307
108154,20486.13583770327
108155,22361.448679639056
108156,6496.6245560570005
108157,29993.847990066595
108158,10369.598187851521
108159,40940.36668888486
108160,10969.948810024047
108161,22927.5731270907
108162,8783.764652801692
108163,14091.690204683488
108164,11415.579045265513
108165,7579.853367374311
108166,22841.77034307592
108167,16553.137155950433
108168,16458.50215904379
108169,11191.252984858433
108170,15733.627638728261
108171,14750.131134634132
108172,10218.73770472767
108173,10221.869128864022
108174,9262.921561633926
108175,16181.391215641572
108176,11803.243974654482
108177,16338.349672849443
108178,10178.759346338891
108179,27752.319972682035
108180,21045.853998347637
108181,20396.976264532503
108182,19359.304128602347
108183,14297.67555849538
108184,14940.299627758643
108185,10886.657311294945
108186,12827.278907566602
108187,17427.19331359589
108188,13831.815962726545
108189,11823.910414849226
108190,9934.11361136886
108191,14223.916958845562
108192,31473.860677748307
108193,17700.564548956547
108194,23117.60346587713
108195,6623.409616641248
108196,13186.292364283487
108197,11013.859898664661
108198,6482.525756188465
108199,4745.648838535336
108200,25122.340384334897
108201,45097.32490269851
108202,2892.8557740257106
108203,14961.947088869314
108204,21714.511325182477
108205,20508.812049929704
108206,7348.838324112931
108207,7493.5629640580955
108208,11382.942322437217
108209,12168.467895440863
108210,7085.5998270712535
108211,19185.541047864288
108212,10985.3593135216
108213,15623.486589946628
108214,51250.459706924186
108215,25783.169326451283
108216,19563.41560310618
108217,25174.567258244162
108218,13461.88502027907
108219,22333.213788074634
108220,10683.385524411684
108221,45006.534561325556
108222,9424.36311345445
108223,13108.804853585738
108224,12360.149219317917
108225,32030.221327503186
108226,9110.728313095282
108227,9961.320958033491
108228,10289.580079677555
108229,21189.526529983075
108230,9753.894435108725
108231,21042.109308306543
108232,30039.0313308932
108233,9904.882718037612
108234,21268.263705512312
108235,10906.610389716961
108236,27264.55440440584
108237,12871.211646864356
108238,10080.453295790108
108239,10262.17694391607
108240,20439.46014266763
108241,14807.671136582423
108242,16450.420446315813
108243,30298.116703451942
108244,10287.971242572308
108245,16203.203332265306
108246,11604.701433127875
108247,25809.837535637187
108248,9886.496153918304
108249,16852.08809892823
108250,18525.919840964198
108251,12156.115934959682
108252,19986.798174260555
108253,9534.445405434626
108254,7767.186283429614
108255,17214.232128242205
108256,16277.096340158594
108257,33849.844806330264
108258,14391.064378724268
108259,20760.804086615673
108260,12419.260699668272
108261,21082.754993890343
108262,13543.54417709057
108263,26618.607846064577
108264,8106.501774730775
108265,9999.08627463443
108266,15302.72459476837
108267,7467.56906867567
108268,15207.514720532556
108269,18704.417768153184
108270,10000.569548565169
108271,10184.33364039784
108272,11351.121203418179
108273,18023.79654594896
108274,25543.62581924043
108275,24553.829155733347
108276,13495.965923974662
108277,23240.072755831083
108278,25820.986619776304
108279,23865.616395851222
108280,11380.512334054205
108281,5741.952941271775
108282,10532.482862858857
108283,22447.547915844934
108284,24090.386198314354
108285,25463.62575457062
108286,10467.277529249935
108287,22444.431357078665
108288,25508.173909870246
108289,25468.596147913348
108290,13739.841275590099
108291,9375.93851673373
108292,16766.60447621828
108293,10379.607636381796
108294,6836.419289966287
108295,13918.439976342555
108296,25687.558205179772
108297,10231.551613127902
108298,15079.693560326876
108299,11100.834483894467
108300,12326.012200580923
108301,9620.706904875382
108302,11915.335312769872
108303,15734.18756662276
108304,27181.003338986102
108305,15545.283241584872
108306,20414.363543455034
108307,14254.653809372925
108308,23611.199394556035
108309,17410.069630011567
108310,15271.394796687071
108311,15722.365524148912
108312,18689.014204393934
108313,11866.819679605936
108314,13144.933776359923
108315,14483.911530219686
108316,24371.184812723754
108317,13118.369731270916
108318,17732.6300289844
108319,47750.1006760213
108320,13599.322905692465
108321,15406.10581957053
108322,16593.538451163593
108323,44541.721488597555
108324,20872.1529807059
108325,13301.40496949713
108326,12884.075749725274
108327,17581.938284121035
108328,11834.609447374769
108329,10984.289876661265
108330,12273.948179056068
108331,8119.8813683535045
108332,15651.325893246498
108333,10965.090926137911
108334,10757.67304160186
108335,44656.66456301899
108336,9155.496160817467
108337,11311.794939827654
108338,22075.947560922847
108339,18815.054774840006
108340,9556.489661720565
108341,15523.139387310923
108342,20974.64631583107
108343,29092.016154132285
108344,11561.728422484113
108345,10536.301451224515
108346,32612.687836772107
108347,10027.134772353518
108348,19443.157421178817
108349,7317.67882278353
108350,19580.51231480162
108351,21098.634763548802
108352,20780.98716400998
108353,11046.119650770432
108354,9995.267917002206
108355,5778.785360790321
108356,27097.919919576896
108357,16901.66983398564
108358,10750.35985823259
108359,17026.0640110808
108360,11098.482670553074
108361,13665.279938935642
108362,11999.989305105188
108363,7786.2523509137045
108364,12196.782797375736
108365,9318.179525248908
108366,17919.05304349181
108367,10279.6061851972
108368,15591.470121075294
108369,22949.280381239645
108370,24185.07678785867
108371,16409.80953139667
108372,24660.430181874985
108373,19503.929579796157
108374,30613.033850706084
108375,10094.916562652543
108376,12948.438703664075
108377,20579.221764744634
108378,10991.364486378614
108379,13328.708884613896
108380,19690.342096104327
108381,15659.485267063523
108382,12145.650406855557
108383,20545.563845223784
108384,5852.826652261982
108385,41264.48987173795
108386,23835.48836687511
108387,22721.0013763587
108388,13442.46700863244
108389,11604.439715867486
108390,13960.400309615841
108391,8866.55680647274
108392,17605.551658701326
108393,21862.78816000828
108394,19047.613739704888
108395,22917.59074964794
108396,21246.57746999446
108397,27616.3782742346
108398,11729.130442266718
108399,13336.23018960963
108400,3079.587185645136
108401,9313.758680750087
108402,14850.486626529619
108403,16549.2143277408
108404,9971.752681294216
108405,7104.844382986724
108406,9649.837766364255
108407,9200.961236875171
108408,10230.965960744892
108409,13742.917531867159
108410,21461.79076289721
108411,15964.438421387318
108412,24477.151634302714
108413,17512.741734235173
108414,12106.333938072905
108415,9533.33345444435
108416,27658.475963308723
108417,7391.808877016064
108418,28347.645850163208
108419,14807.050941819674
108420,26657.39734509705
108421,22543.50055114454
108422,9854.613658435546
108423,13366.180427853646
108424,11240.008045990046
108425,19121.444982777786
108426,2448.3257577122085
108427,12086.079238002332
108428,16360.012973507834
108429,25378.074918220103
108430,32324.78754453799
108431,20052.20131572206
108432,14257.628212865071
108433,16674.615846308687
108434,5304.510233277517
108435,14362.673942242154
108436,14454.83541265682
108437,33755.28847590186
108438,18175.40250271364
108439,18229.10069460429
108440,10227.341537408198
108441,39380.32168821254
108442,11095.32183131237
108443,38234.81094899831
108444,13538.246776249922
108445,8768.370217390791
108446,12342.749336753068
108447,8860.565310497737
108448,10326.37467182971
108449,17452.290706290187
108450,9378.874850394062
108451,17434.920323387672
108452,49597.95869493528
108453,17771.279034825908
108454,19272.209098957195
108455,20019.37933737533
108456,28828.93685720916
108457,16401.803665076477
108458,11840.218370082655
108459,14966.115542747899
108460,12986.80206487382
108461,18167.826061395255
108462,16460.40769403853
108463,13793.254911010443
108464,22179.7602447808
108465,24111.195854113837
108466,17455.645656279972
108467,23530.837030428473
108468,16400.091743600766
108469,22168.87537311691
108470,11936.822332538872
108471,14923.31445739794
108472,21205.05655148292
108473,20425.48922276731
108474,24484.951715458657
108475,19245.02246123829
108476,9985.463466996762
108477,14322.009355052729
108478,16721.590814776297
108479,16687.000288724
108480,13938.175599310536
108481,10714.398781181266
108482,14776.651283354551
108483,18540.120019225407
108484,26227.69197582268
108485,7729.973693080345
108486,12836.699937538875
108487,18039.696529495322
108488,26707.800201113987
108489,8819.71920813182
108490,10732.330594996545
108491,7334.635680352104
108492,19977.00775499945
108493,29435.556658483085
108494,22671.544209795946
108495,10126.035354327649
108496,31724.47565503057
108497,21656.12220915235
108498,13751.87475590458
108499,12924.644365449427
108500,25546.960027373756
108501,23313.64830809448
108502,10532.275239812241
108503,17492.404926621894
108504,17470.84827089222
108505,14704.620757527175
108506,18176.269523834773
108507,25920.14705618595
108508,16851.202339503874
108509,11916.690283959098
108510,13335.127624084194
108511,14089.414649224726
108512,12103.70807794426
108513,31691.818529958597
108514,23166.27270296971
108515,20727.126796705106
108516,10799.35844269994
108517,12643.981412909252
108518,48347.73315883901
108519,25214.86926770906
108520,9194.541195229296
108521,13209.093184016438
108522,20199.03151387793
108523,26310.35804625383
108524,22485.896135631265
108525,12647.971965018978
108526,16516.752783070835
108527,13709.576615954746
108528,15391.058135628185
108529,19927.98961356013
108530,24625.880970859096
108531,16561.20641562913
108532,18193.47335714515
108533,19698.865382316577
108534,12268.247851139282
108535,12561.09306643397
108536,9733.001800768898
108537,18486.201262272367
108538,14918.02958297029
108539,8380.358305161388
