CarID,price
75973,9002.139236596495
75974,21574.521187629405
75975,29783.661610248208
75976,25604.06300339343
75977,15039.994428349593
75978,22631.486158884716
75979,34001.42660624798
75980,26525.44892996082
75981,15607.984489958824
75982,24618.526887541986
75983,35667.23017914305
75984,17010.108104347724
75985,31404.82241547078
75986,47346.20943152465
75987,15505.512783413564
75988,23357.549491176716
75989,16201.086304490513
75990,13088.486698882436
75991,18090.175091068893
75992,22778.673876463785
75993,56592.14768770082
75994,22290.518954795843
75995,12785.54486121851
75996,20775.38576698883
75997,10156.02103192199
75998,15036.429065657792
75999,17307.616700731032
76000,13364.123134543273
76001,12176.420545483612
76002,11881.860846228192
76003,13279.979766515256
76004,23675.350338519587
76005,28870.935734538227
76006,23252.07602068949
76007,16240.107208952268
76008,52185.488186069415
76009,17199.256179456726
76010,25788.013650781282
76011,31178.6403554488
76012,20471.72506109181
76013,27246.860967496996
76014,11683.089594808635
76015,32303.947529936293
76016,29418.60493816759
76017,23727.410845225877
76018,11206.140176866276
76019,11359.586247865343
76020,29932.47888362078
76021,19474.626149828444
76022,18674.208959930977
76023,16912.084253907233
76024,23751.03905054918
76025,20865.411914144614
76026,37515.161023794586
76027,11835.6745113413
76028,24052.575988252327
76029,12437.741516208662
76030,17013.332041626614
76031,9423.20103596839
76032,15055.233119987512
76033,25629.060961338386
76034,8344.689872981857
76035,21786.522757186794
76036,17995.867547698508
76037,35564.09915549832
76038,21598.872392536476
76039,14467.368552275319
76040,16442.94072015129
76041,21725.520505635497
76042,21973.66006502766
76043,19244.090769740516
76044,22011.926935698357
76045,12160.517322080468
76046,14445.880195073798
76047,11517.391318852382
76048,46913.21254636058
76049,21942.221513700864
76050,12807.769235628566
76051,22711.528056386458
76052,23310.85541138549
76053,18620.290391134557
76054,11832.903578813712
76055,19384.967896978484
76056,19672.81681131327
76057,25111.215246912332
76058,18646.797523369245
76059,13800.263434805218
76060,21266.485647477504
76061,20235.976276981466
76062,10295.099183420138
76063,33834.08664849611
76064,47063.57047227749
76065,17187.665349001825
76066,19963.42084811623
76067,19982.781794230443
76068,15523.371306970816
76069,29471.42198919624
76070,23116.25364362417
76071,16538.2203327664
76072,29579.995240109514
76073,19742.007299297096
76074,14853.075612117336
76075,33746.781699574494
76076,27633.42362101676
76077,17687.828609876073
76078,9549.069640662958
76079,20147.50248552383
76080,17601.981074500087
76081,24832.502246045882
76082,13459.217547931443
76083,26804.611749804328
76084,17172.36794722223
76085,17799.90290592573
76086,13592.336621511073
76087,10818.351159022153
76088,19718.675647054486
76089,26311.236528880756
76090,21026.51801918172
76091,22175.11059493675
76092,26963.582928548793
76093,33086.8439357815
76094,13882.122782430546
76095,20384.823076758377
76096,10509.313047034417
76097,18763.662671110127
76098,29382.575709861267
76099,46670.51754344895
76100,16578.632880764657
76101,23186.44945365594
76102,19458.12643274592
76103,22160.63034249872
76104,17781.10726061029
76105,18120.53038181825
76106,28103.60236206808
76107,33072.203163395396
76108,17356.352753646377
76109,9920.44235704164
76110,11193.019565726114
76111,19005.84294224332
76112,29580.960720611605
76113,20381.544014185558
76114,14096.944584730045
76115,22673.393371505255
76116,18356.276428926372
76117,14189.153748388111
76118,26528.53557368353
76119,23062.64175968784
76120,4521.547985843676
76121,18624.74458171268
76122,26739.570884514436
76123,28042.812644704514
76124,17932.494984926012
76125,21011.70824331566
76126,21402.405365039383
76127,16512.36626101245
76128,16640.855116717703
76129,27996.59862986052
76130,13530.493154869422
76131,17410.345203617566
76132,20714.631505686048
76133,18428.016443222783
76134,14411.444286521903
76135,17296.625450277443
76136,20812.618278047878
76137,11671.296372007371
76138,23015.937223189234
76139,17994.357164426052
76140,20028.636891037608
76141,17291.148486888505
76142,28350.244650538
76143,17905.33552535598
76144,15083.164954497057
76145,26171.655350244597
76146,16441.234089553844
76147,32140.232690280347
76148,25224.973153745632
76149,15230.578287328779
76150,36829.86197988868
76151,16164.45835602143
76152,29802.9619932325
76153,47657.03802627901
76154,30709.28767755338
76155,13049.408647903354
76156,37177.11602130825
76157,10459.51102403095
76158,13879.758510160747
76159,23739.505197622264
76160,31102.14045077249
76161,19452.792294174837
76162,33510.47248805325
76163,26005.1488267156
76164,33171.474375072634
76165,18741.28107947117
76166,13019.628654103359
76167,15607.583839016257
76168,31230.41718749633
76169,13191.985780730762
76170,18021.100687729042
76171,28366.058005479907
76172,42438.34698149575
76173,33010.73549853267
76174,35573.04396858979
76175,10435.219392062249
76176,16646.997699381587
76177,10792.612663924901
76178,19801.85693264837
76179,12778.278085195248
76180,44221.14491224862
76181,23465.783430592594
76182,31588.883536319598
76183,28605.003714527316
76184,4169.232550494198
76185,37885.926955177034
76186,13949.876145676008
76187,28694.823395463103
76188,35725.72398232881
76189,17933.607146920174
76190,11663.82785654187
76191,27188.504446955576
76192,16200.5814070809
76193,16886.696991477933
76194,12329.530930190464
76195,16032.165165365379
76196,10932.348978776336
76197,16149.946136270584
76198,15220.207879525024
76199,20007.741575164193
76200,17235.49393798225
76201,42418.73511838839
76202,16124.941487858974
76203,19588.59745853903
76204,14593.187347008086
76205,30280.49464690964
76206,53749.06951979035
76207,34990.746358773256
76208,14553.973992833493
76209,19885.320879424224
76210,26351.057970245565
76211,33582.422369085085
76212,18703.055804253694
76213,18380.395217866244
76214,22617.841072927302
76215,13104.504215065866
76216,32283.656607081997
76217,15592.553165021072
76218,56447.231101521975
76219,16390.461412040422
76220,11115.470247270629
76221,11156.629073729315
76222,25957.99558390346
76223,14280.55084421586
76224,16093.915512738451
76225,14322.398225228437
76226,21328.604431361782
76227,16519.014245448736
76228,22804.56572330699
76229,17304.60758792129
76230,18397.423652200305
76231,51075.09414285115
76232,12642.160627454734
76233,21109.910982018737
76234,20904.734232946408
76235,47817.33197727855
76236,28803.1294182238
76237,22796.29216391463
76238,33424.234222765255
76239,29803.63152501789
76240,20011.463580925483
76241,12734.80173691966
76242,13704.49429018433
76243,11873.871511614947
76244,31770.630093091517
76245,19930.15931804522
76246,27601.985477053917
76247,31266.742596014185
76248,24918.640378790413
76249,46174.493928311735
76250,31997.579397848527
76251,19310.549976095484
76252,14316.100663207731
76253,22386.46928541593
76254,17799.13648136014
76255,10983.464112794158
76256,29826.296494798764
76257,11361.862370024373
76258,25964.5185973521
76259,18777.794259963666
76260,37123.14546029393
76261,13309.894902747921
76262,33600.990602281745
76263,3376.4661463627476
76264,17611.511666006834
76265,26634.30526758515
76266,15435.337138986151
76267,31614.652664702895
76268,24130.29328198504
76269,25768.032481617327
76270,16885.559938830447
76271,12033.169021629687
76272,19585.5809577506
76273,15676.581734057352
76274,15607.370345686248
76275,32494.895532953997
76276,10938.591752162112
76277,22089.003146448267
76278,17562.68357934852
76279,26614.984174323778
76280,32055.428447450544
76281,10646.69772248544
76282,19401.01651985463
76283,19555.465185349552
76284,16436.232386806645
76285,20647.19372432056
76286,18657.174169881648
76287,13955.11287772592
76288,24928.93011153843
76289,29412.510028859295
76290,7967.1156735804225
76291,47611.46744179324
76292,20080.438922720015
76293,17651.660736126345
76294,22026.446132066107
76295,27943.381654808483
76296,19090.090558987722
76297,27957.26434890795
76298,12845.517829942328
76299,14263.782936644755
76300,40732.37538945793
76301,14307.809350079273
76302,21974.289092253937
76303,13379.833867083407
76304,26783.91567808806
76305,31454.39826656753
76306,22226.255427248638
76307,14350.614678561255
76308,45280.36135553775
76309,21083.50843062889
76310,33169.2303224894
76311,10538.624314110864
76312,17989.23161312739
76313,9614.632349448799
76314,18784.08649614767
76315,24074.432999950448
76316,18855.613998290384
76317,13580.066288407601
76318,20427.993670727075
76319,17668.099892301652
76320,16348.970787014228
76321,27894.700309461543
76322,57679.20231501857
76323,20363.486220741313
76324,20731.64523605321
76325,33371.51729335287
76326,50594.916008471366
76327,34693.06018687978
76328,49550.38907836954
76329,54659.01954319641
76330,14629.575756058352
76331,16445.17284614696
76332,30062.680878117106
76333,13797.984831602003
76334,22335.426093332768
76335,17680.544961792868
76336,31092.67912155501
76337,55725.25709536337
76338,24952.787943337535
76339,21743.41282258252
76340,20035.692136312224
76341,12537.57022324562
76342,17411.796960426313
76343,15278.136631066147
76344,15939.911354993013
76345,29664.098672568343
76346,10785.446406536854
76347,22841.447413602284
76348,8051.1101593953135
76349,54802.08523617002
76350,8735.558750966771
76351,22733.23141536436
76352,16899.68524031034
76353,36141.44542253361
76354,20689.98870378345
76355,21852.215026221864
76356,11270.956784950118
76357,25800.978201232825
76358,14085.010936518738
76359,24034.81565698532
76360,14164.245182226627
76361,19485.938955922335
76362,24319.272539727142
76363,19989.35932948178
76364,20506.69548015576
76365,17106.61175181193
76366,34931.05766247219
76367,7431.560732998936
76368,18193.323651020182
76369,15769.38681645651
76370,14675.72145884081
76371,17631.08745592776
76372,22709.163973567862
76373,20777.071011030723
76374,23980.307619213985
76375,20786.830988522812
76376,15043.24768725465
76377,19454.713952745384
76378,23807.098119982285
76379,21670.160818955374
76380,18991.14008385507
76381,19752.419463963008
76382,18653.831694796638
76383,14071.3976373333
76384,46936.41652378496
76385,14612.209588863623
76386,30066.923759250072
76387,12112.54266569775
76388,21677.12209524418
76389,19181.272866461717
76390,21521.97248245144
76391,43700.08018948465
76392,77916.51611757689
76393,29481.004218108123
76394,20997.856246381343
76395,21755.326532505424
76396,12781.19402662857
76397,21170.97864016278
76398,24171.17076294498
76399,23735.00576628284
76400,28103.720759116222
76401,15246.2791562028
76402,11072.922488004158
76403,16374.481403823294
76404,20644.327192869205
76405,21124.15073785914
76406,22787.994135887544
76407,22108.99370257034
76408,44329.0643557418
76409,22455.94977690508
76410,16891.145392424885
76411,18003.23059058465
76412,46314.68308714767
76413,8290.54449011297
76414,16847.49519166556
76415,17142.1336806884
76416,27824.912904039156
76417,27443.98781614777
76418,21369.750792016734
76419,23887.387549382038
76420,16397.630199623578
76421,15267.628513389729
76422,21135.393539167457
76423,21742.229095047707
76424,3508.8234544216225
76425,24426.159032305895
76426,14703.611849550018
76427,23991.31072675038
76428,18405.778892845512
76429,36844.09176748776
76430,19498.571259226228
76431,32191.251306501195
76432,17302.169006860262
76433,14890.597901662506
76434,19337.18124260744
76435,58053.526239533625
76436,13671.89403761719
76437,19484.379908222374
76438,27989.34146719308
76439,35412.4659921696
76440,21267.96031594191
76441,30345.751871597855
76442,32514.46824231326
76443,13241.898436028363
76444,31063.090071249568
76445,46936.41652378496
76446,50161.15606765963
76447,31337.53807980462
76448,23531.794492101202
76449,27129.892168582322
76450,54411.753285960025
76451,34473.794811484
76452,33898.52366001988
76453,24868.5710602848
76454,21917.25780031384
76455,21804.731764075103
76456,19055.26499148202
76457,19501.33040369868
76458,14717.091204470984
76459,33166.18304128934
76460,11053.968888595922
76461,32021.96882594772
76462,49126.495823499194
76463,28100.334376650175
76464,11863.645058767848
76465,16321.699016621515
76466,21767.739947740512
76467,12553.18921295342
76468,10200.908633638635
76469,4228.953760305209
76470,26976.149011034577
76471,25717.084916511747
76472,11309.587413599536
76473,16761.70101532414
76474,21645.37419220247
76475,10748.178023940422
76476,10334.341183540322
76477,10461.236633680071
76478,19468.012651809193
76479,17026.89331912595
76480,22496.03519872472
76481,12371.739660159397
76482,11823.654234352736
76483,32327.383075038524
76484,18757.41997527417
76485,19979.46535708849
76486,14849.554414792106
76487,10737.443715760786
76488,19009.069934339583
76489,14073.579049004078
76490,26995.79838867554
76491,17669.588798007702
76492,22105.57165036664
76493,15590.33768799721
76494,20544.311330607008
76495,24230.860550267527
76496,13034.65707652306
76497,50774.00276049996
76498,35918.82961401405
76499,16097.280349067629
76500,15164.305158940995
76501,21567.704361540367
76502,33529.241643326706
76503,17865.095835093463
76504,19884.83143644168
76505,14865.97155214581
76506,25490.993638518998
76507,15527.677038232534
76508,22778.799907323955
76509,33737.7320498161
76510,11891.20829249129
76511,20302.64312843866
76512,18671.08611892292
76513,18985.67560922128
76514,21061.13532790765
76515,15386.30356193376
76516,20166.373744366843
76517,14671.534743248327
76518,27037.954669555627
76519,35151.949494877575
76520,16879.799384397396
76521,25832.68029541526
76522,48991.73337282572
76523,21635.407353470262
76524,48252.553946015934
76525,11147.267779725396
76526,26399.238019436623
76527,13673.85471336126
76528,18679.41491490564
76529,20922.25969142898
76530,12365.781510601399
76531,15035.961324460153
76532,17411.363248410697
76533,11451.620288692578
76534,31522.835407524428
76535,11796.87577656054
76536,31645.423351912512
76537,11706.657821889356
76538,21754.189142427946
76539,9852.230992205643
76540,40076.494650492576
76541,16748.987954599263
76542,25335.70424661217
76543,27984.445679578734
76544,51052.51512486813
76545,17348.589048615344
76546,35573.04396858979
76547,48090.21230041004
76548,17058.206354620957
76549,4806.070138962819
76550,19951.199000864817
76551,48071.57267766418
76552,26317.640742477677
76553,17997.139721851825
76554,18759.84141567994
76555,29034.047114187568
76556,18812.466924215554
76557,21321.69866217186
76558,17932.42836939534
76559,20757.41597685346
76560,21732.559023972637
76561,20780.281537358504
76562,30078.07850369044
76563,11820.788947594805
76564,29331.015967541993
76565,31571.666419488098
76566,8655.273890872111
76567,31535.463386251547
76568,20038.23508874966
76569,29650.48691108308
76570,21288.377559784156
76571,21332.838242714723
76572,13981.33782806687
76573,14063.986703394043
76574,17865.720807425387
76575,28511.56538376412
76576,12910.667115550485
76577,25563.814409626757
76578,18784.11225025505
76579,22123.942098562336
76580,12895.529801719718
76581,32188.60631778288
76582,10113.249588504961
76583,11325.205310193822
76584,49457.77508483072
76585,21888.532576572972
76586,49973.387016700755
76587,29874.063609637247
76588,50661.807434900846
76589,12687.522575246905
76590,13895.749978648895
76591,15290.765033540287
76592,18470.33189370128
76593,16994.597612999652
76594,18312.726455625423
76595,15450.38254870729
76596,22690.311806060174
76597,33746.66711468459
76598,20588.25765177875
76599,18655.213370588353
76600,18378.13294084279
76601,28648.62392741051
76602,51145.33230180318
76603,17090.76474268483
76604,13502.010289183374
76605,17594.25686542783
76606,19467.499993147067
76607,31313.25992389225
76608,20550.190359425622
76609,25229.786387184085
76610,31621.13389606609
76611,25141.881299333494
76612,27198.657493011735
76613,30136.626521249687
76614,28928.584037506356
76615,12599.604826420855
76616,27824.912904039156
76617,24262.68077696576
76618,21620.66392185722
76619,22617.349234759844
76620,35230.7896555987
76621,21043.84641406638
76622,27554.696233715385
76623,16293.916443482889
76624,13491.620127793478
76625,26667.828816123336
76626,21090.506457705473
76627,19236.540126686414
76628,25245.343362565673
76629,27145.27560770851
76630,24117.35595601886
76631,22796.29216391463
76632,21721.28643167388
76633,27022.34761857907
76634,35156.93116986778
76635,17389.8385114459
76636,27319.097137184035
76637,16911.999621390663
76638,11977.612210546646
76639,22763.152392294713
76640,11734.036441675169
76641,20420.35188896762
76642,12718.053561453013
76643,15881.506987141285
76644,9152.255855786992
76645,18374.278483431444
76646,26010.55902747727
76647,9155.223819585568
76648,45512.936780307384
76649,12240.848178568203
76650,11671.532213996643
76651,19612.981286160648
76652,18566.953139963352
76653,96955.09592934776
76654,31173.966704601968
76655,44390.66517053357
76656,48848.803283350135
76657,15803.329327296502
76658,45546.009974692264
76659,52538.234531078895
76660,11587.654170385082
76661,19874.260485930572
76662,18412.198968713543
76663,50392.888350493566
76664,30498.92127808901
76665,25523.667103966145
76666,17600.08963308946
76667,38139.13415559435
76668,23574.692431816835
76669,27068.80055206131
76670,17101.541993199018
76671,16371.571797648941
76672,27958.768278753647
76673,18081.519253218226
76674,19876.819955780753
76675,27832.118410760515
76676,26018.917604829774
76677,49312.306529657144
76678,33169.2303224894
76679,31269.05617425254
76680,26120.448555923052
76681,13076.82467949524
76682,21152.577710058344
76683,32021.96882594772
76684,27510.17554657235
76685,12209.259413442569
76686,27815.80191339271
76687,52801.53527332288
76688,13704.85393856378
76689,19094.8105938989
76690,17406.81759783398
76691,12156.369218634765
76692,45690.16311502803
76693,18143.71025425305
76694,12592.197902838676
76695,15790.614518115894
76696,12012.81645693785
76697,20421.31390747558
76698,32194.993410977273
76699,17908.995118540373
76700,29552.198670975456
76701,9982.871462179697
76702,28165.963273218673
76703,21331.80189292523
76704,12546.468504001052
76705,21894.750949684858
76706,19097.371470906746
76707,23255.719397588487
76708,33656.96184093797
76709,9078.662958080233
76710,25353.758636184266
76711,21352.401127501565
76712,16998.243575054934
76713,23109.41082120771
76714,16456.358294394195
76715,22522.59008005081
76716,21222.489664068307
76717,28962.18526556444
76718,19976.534061742223
76719,16500.188687776343
76720,12172.899611655765
76721,15625.858833758144
76722,21254.785117392035
76723,10631.43142761397
76724,17481.875885119174
76725,24755.106839129076
76726,15693.210158345351
76727,30783.337253007572
76728,15818.567161353858
76729,34428.42226816746
76730,11777.322678670957
76731,36852.42932177881
76732,17707.390933364517
76733,17009.542619088286
76734,19275.722051901743
76735,21428.80939126927
76736,25670.39014592852
76737,16266.006336854593
76738,13631.735771604339
76739,20337.447088142984
76740,18463.944665086616
76741,36557.567104538335
76742,21426.663792713436
76743,32968.46230315121
76744,18630.28515177551
76745,15249.196461622876
76746,35470.983328364266
76747,18372.499942762774
76748,15295.826437352309
76749,29992.19258996666
76750,28920.863316925905
76751,12435.293620145498
76752,7482.558461633859
76753,33193.52713802465
76754,20390.287320125284
76755,9977.385782252712
76756,16799.8934332109
76757,16995.83164866528
76758,24541.700844024963
76759,25096.049476549233
76760,16023.267541668376
76761,16229.795596992612
76762,53254.106535353356
76763,22675.220328368225
76764,31376.24233094448
76765,13309.01975847343
76766,33598.3432759033
76767,20845.933323957637
76768,13404.274045749258
76769,41555.72303030617
76770,19532.49289619842
76771,31086.228638597477
76772,26719.764881790034
76773,17193.56404731492
76774,16723.03125420606
76775,27821.138312760086
76776,32472.83797677458
76777,14945.938414070157
76778,13466.592533885167
76779,27019.919498578198
76780,19774.86814549412
76781,12740.48643273125
76782,21232.083610233243
76783,19248.763831236174
76784,3352.2887400555574
76785,41209.86852009082
76786,10040.138541088123
76787,19297.888569782055
76788,27774.94592747037
76789,35799.98686906613
76790,10079.947127904652
76791,18199.91768623759
76792,35235.334068813754
76793,33227.92704468098
76794,17059.02171770433
76795,17289.964197864632
76796,30761.10315634794
76797,14111.308919369836
76798,28719.30890533558
76799,15985.578509617892
76800,12958.799460149601
76801,20403.536478217407
76802,31093.59853681283
76803,26335.852570872757
76804,135360.88387405808
76805,12765.990527071386
76806,20853.27521433727
76807,18051.721705919626
76808,20654.065707399262
76809,11259.47411651382
76810,19497.307083936474
76811,22247.689309529254
76812,26360.10789165788
76813,27586.137242924837
76814,13797.021956884457
76815,14404.315899541743
76816,33561.6430138143
76817,22757.398541502043
76818,21620.501677875607
76819,26060.47923025121
76820,29513.016034335633
76821,19482.067777541553
76822,12837.115007031722
76823,10779.799923588507
76824,9524.37498343414
76825,29792.32660355938
76826,19868.689677581882
76827,10731.22343463788
76828,20473.909801391317
76829,17345.941227695388
76830,37882.0988999377
76831,18371.047999176088
76832,21509.471693872118
76833,34741.080167471635
76834,52374.0165790321
76835,35132.10941440801
76836,22553.84462219837
76837,21036.253223136275
76838,119337.38697951159
76839,19186.63622144916
76840,7083.822142037076
76841,19297.300215840834
76842,22946.75585104881
76843,8520.694223228376
76844,13613.622477193821
76845,13223.799052465198
76846,17838.09427650549
76847,11217.593408548688
76848,17684.423458723304
76849,35267.37106190929
76850,25812.259401241277
76851,33335.17493638548
76852,12124.715554257546
76853,31207.620874428598
76854,14381.373906179997
76855,27493.022191348962
76856,30914.147131508464
76857,30080.75538128089
76858,22843.21541799124
76859,14196.49098058357
76860,13088.269136414881
76861,21868.679975994895
76862,30152.91427511444
76863,11850.654966418197
76864,23998.570006666523
76865,11776.620117132015
76866,36930.999298042545
76867,25859.75770887285
76868,30901.303872823988
76869,17014.10567273471
76870,19301.64128329795
76871,17221.52101812105
76872,20447.90629087425
76873,16443.843944135133
76874,14699.728633530125
76875,12343.030332807906
76876,23640.4584048932
76877,13679.866915324355
76878,13475.633139664063
76879,21657.981861038304
76880,23772.10498577868
76881,15829.992918727985
76882,12236.08636371911
76883,17202.14737088178
76884,17495.431593525136
76885,11186.28640214174
76886,14945.305961183252
76887,34630.2472722377
76888,44124.36495323316
76889,17462.32850123549
76890,12643.61075660124
76891,28033.783236191026
76892,16252.247746840087
76893,17500.861179876076
76894,35654.79993476768
76895,29132.339389781442
76896,32659.261782850248
76897,24351.812626495856
76898,14601.968256078553
76899,20125.539565622734
76900,13166.113918400973
76901,22145.844368494814
76902,24627.994567268826
76903,34575.92849745486
76904,21559.390883508837
76905,43891.32591886015
76906,25070.554582173376
76907,20017.175969461598
76908,20618.28561810436
76909,28019.19798634929
76910,16755.535363464856
76911,21438.174906464203
76912,12724.87518698828
76913,43574.00184278157
76914,32394.434877113825
76915,16312.91002982693
76916,31359.973399398295
76917,16133.442369712462
76918,33226.5758396985
76919,39273.80635584971
76920,22778.799907323955
76921,8702.840160077018
76922,28973.574130944333
76923,24434.039778533253
76924,19563.348966569934
76925,24445.09594120465
76926,13887.401905375067
76927,49539.142940508114
76928,24375.457279851085
76929,43617.21204547031
76930,16680.77027057964
76931,34582.903854972246
76932,11887.36387913421
76933,6578.132423639804
76934,34217.785590817584
76935,15664.073838974095
76936,21256.345422456856
76937,20250.91931950087
76938,29190.27436751856
76939,13397.886078175
76940,15442.568166681813
76941,10722.144755580077
76942,11225.832414101696
76943,19149.329871805036
76944,35249.25730786371
76945,11182.320168684833
76946,36992.07231129623
76947,14733.090486229717
76948,17424.81697875254
76949,10903.50487802896
76950,27978.68825284047
76951,28034.205645623857
76952,32230.47333582153
76953,18649.68015864514
76954,18372.003402188195
76955,14239.28344859032
76956,13805.918955895133
76957,37898.72261101412
76958,13188.907056913238
76959,17507.748328465794
76960,36470.06117243174
76961,30780.096582833685
76962,19911.9432492316
76963,15588.707684190913
76964,17989.23161312739
76965,39172.7229484047
76966,19457.789619995354
76967,26614.502556764033
76968,18129.58638085571
76969,33274.56142870029
76970,20702.97007015479
76971,20881.249168214585
76972,27091.755950446728
76973,12011.623887501404
76974,53780.89302813432
76975,22538.688075920298
76976,10076.879300616656
76977,13588.667366759328
76978,30218.48473858037
76979,18438.00754926604
76980,17234.646329955693
76981,10983.67788184446
76982,17003.115058011612
76983,35312.54677372828
76984,21836.53337878895
76985,22278.537098707457
76986,21777.30560261159
76987,11823.78773306516
76988,24609.31220295927
76989,55725.25709536337
76990,8468.51828224017
76991,49069.22720902781
76992,28791.306866593946
76993,27099.399134844287
76994,15405.531679878572
76995,13107.706895961885
76996,8451.62333127904
76997,13581.337135586093
76998,10508.542476225764
76999,23634.170141551273
77000,28559.923588269405
77001,18349.62069462955
77002,13035.355948257245
77003,19188.609916571615
77004,19267.40539762794
77005,16739.163420245746
77006,14664.171768512964
77007,21132.52841608671
77008,26436.60681932306
77009,18810.011296070068
77010,19550.757972569514
77011,16412.42833730168
77012,37628.75991953637
77013,19185.366364787922
77014,24173.95656885427
77015,15602.30501028186
77016,45214.937446620504
77017,13155.173020643142
77018,12757.628791363326
77019,28957.744669358974
77020,19133.167544025167
77021,48252.553946015934
77022,14417.932893612768
77023,53770.65158115519
77024,11788.13213684129
77025,13446.31254711919
77026,17561.84692130681
77027,24276.64925474114
77028,52326.5791998881
77029,29587.625804972908
77030,16965.10638877409
77031,19490.518179015282
77032,7520.24652640281
77033,7154.401469325014
77034,17328.498241297337
77035,12051.77587434699
77036,13512.952208413377
77037,32177.845745413157
77038,17422.331892706105
77039,22884.99262500982
77040,12997.61013031715
77041,27096.95573227895
77042,12497.883048785434
77043,11118.874978306168
77044,11407.70281494774
77045,30937.514795817435
77046,79370.93612931283
77047,19546.930622815693
77048,18369.12464005535
77049,19308.046607766613
77050,31086.12217400335
77051,32025.077658461956
77052,17398.339682026457
77053,28034.1315117044
77054,17983.26068023264
77055,21012.081946953193
77056,18111.005756581133
77057,22782.05146220031
77058,14651.03133420814
77059,35510.581503653855
77060,19292.353919439563
77061,37934.0845209802
77062,30418.596991869075
77063,26773.609000739605
77064,11513.896306566394
77065,23787.307992641272
77066,9095.017233785404
77067,11877.618671365371
77068,18591.845948246737
77069,18942.891263001646
77070,18507.89861929582
77071,28795.7351580752
77072,18634.479903935295
77073,28037.05294134526
77074,11972.626250347437
77075,18634.510096573795
77076,12026.634691695675
77077,18797.97804518119
77078,9925.416445434643
77079,15098.996459744261
77080,21582.05939084918
77081,28026.06205587469
77082,35030.709494461415
77083,20850.797505291295
77084,11257.47926373534
77085,28963.339995026618
77086,32803.97052403215
77087,15465.059948816004
77088,37018.083232125646
77089,18141.23354917013
77090,19982.586742938758
77091,15465.981024075449
77092,21804.928480810624
77093,10118.705199945007
77094,13691.01340252702
77095,46963.931674879
77096,16001.191794141392
77097,26134.963331444793
77098,16917.606103919636
77099,31424.998244021022
77100,23787.764514253817
77101,16230.689396687765
77102,21243.06583522317
77103,12545.145303861624
77104,21722.281618347726
77105,20621.970508191396
77106,21755.57122718093
77107,30736.86455414549
77108,12565.978782236438
77109,13502.133424013131
77110,11886.65710353618
77111,21655.558846300155
77112,25190.580053704318
77113,51263.10160526717
77114,16020.204622369645
77115,7653.064698586068
77116,9761.35100656253
77117,43317.95230560859
77118,30091.435858850193
77119,13087.531581334662
77120,49504.645338171395
77121,16072.856477509646
77122,31821.88775465668
77123,27160.09683113719
77124,21988.08308945197
77125,20268.53692643221
77126,10270.42682055976
77127,23387.65298368298
77128,23479.22967622189
77129,13064.46555010063
77130,28336.599887939934
77131,46556.37685378108
77132,30655.97148924128
77133,11893.974341595665
77134,18412.14459280936
77135,21559.08985416101
77136,30073.887711047773
77137,29654.58715066855
77138,78213.75960980912
77139,27817.87552115955
77140,14178.168050648128
77141,18458.422431166277
77142,23751.753002532874
77143,29825.060244253993
77144,28550.275366888007
77145,16135.122256182025
77146,32268.553207921133
77147,18507.789719361404
77148,5791.370349792944
77149,24377.238156863194
77150,10958.086149017954
77151,23669.128886613173
77152,8811.964781554794
77153,49262.39966515947
77154,28786.272992833914
77155,23953.554771415606
77156,9929.391074024807
77157,12782.444612056239
77158,25860.4858236421
77159,44812.975998932336
77160,13749.185210251919
77161,15420.317429292314
77162,16605.448262071037
77163,18376.20398598015
77164,9404.241401796444
77165,21408.241395314442
77166,30569.62771971664
77167,16292.290647642227
77168,51890.54387841356
77169,31094.26219282564
77170,22726.150044130147
77171,18154.92234474357
77172,19672.904486877418
77173,45323.78688333651
77174,10359.831703492488
77175,45184.37109068092
77176,16949.704935113557
77177,32387.705348624015
77178,18036.722625540548
77179,18541.209251889002
77180,29034.047114187568
77181,17570.075942396477
77182,18225.769387140746
77183,20779.444671064288
77184,19064.19192289158
77185,22894.195508204168
77186,25839.57339340167
77187,15227.150722454619
77188,15846.088926713292
77189,23624.984043547942
77190,26106.16881134709
77191,21358.27005442037
77192,10113.890085024763
77193,57021.001283358906
77194,16573.251723751164
77195,80906.09680055162
77196,4472.393585776666
77197,8971.208004650272
77198,9849.712526707954
77199,27082.56439672766
77200,20809.80653330042
77201,10744.200386712415
77202,7912.976368785468
77203,18782.447700048724
77204,16428.967611261516
77205,20408.151821205436
77206,13269.0520251724
77207,31071.77650618287
77208,12173.126382119326
77209,3238.7356573642874
77210,22789.902777409952
77211,24310.68732702399
77212,30222.736396748733
77213,19647.72684801201
77214,22681.03573389733
77215,10870.44738534672
77216,27312.0714047481
77217,21510.450756846123
77218,16339.819662875623
77219,11953.582767936305
77220,11751.073475489105
77221,26919.54403100707
77222,10261.134307851835
77223,53705.89040707204
77224,11194.17284284707
77225,17490.361128781387
77226,19375.329631885674
77227,21575.544059268275
77228,16524.853334118514
77229,17224.951879443724
77230,39916.59811707899
77231,42275.729425636746
77232,28299.060736015592
77233,49498.35122909535
77234,49162.957815870264
77235,24202.00200179385
77236,27346.72317532982
77237,34137.32555095205
77238,11986.244924267095
77239,8914.729051246373
77240,24689.21207141632
77241,14005.425783248658
77242,30771.3034659899
77243,44835.53346224711
77244,53457.9349660654
77245,24756.483035934594
77246,35206.51558901725
77247,9886.59333430355
77248,18145.398908252493
77249,17760.835377172465
77250,17312.880733945167
77251,40331.33461459145
77252,46407.87138470802
77253,11018.230418262843
77254,20461.59110606434
77255,9668.13165165201
77256,28348.345663765795
77257,19386.095679265083
77258,35208.45850763743
77259,13517.332362942907
77260,48700.152123277476
77261,56119.63226870468
77262,36876.21966532602
77263,8217.339320104777
77264,21150.363656932393
77265,25125.163378042416
77266,13168.572189606934
77267,24403.815991207855
77268,17868.544428835165
77269,25676.446158607127
77270,18115.339900734733
77271,20105.556016365343
77272,20076.774047347953
77273,21174.634115344572
77274,35383.94016912425
77275,21729.484916745176
77276,16959.131737696385
77277,22256.765509307937
77278,35416.743046991105
77279,29213.05844791268
77280,31079.802532445647
77281,9899.01703532581
77282,19890.4236155047
77283,32125.896272887054
77284,43306.27038430875
77285,31822.028996077443
77286,24371.22233742084
77287,7930.361108053736
77288,19809.21680566484
77289,19329.134842619227
77290,34540.653287523855
77291,29517.8006652755
77292,10208.346894911982
77293,45229.92289409409
77294,13918.926632443243
77295,28142.042552615618
77296,13123.867965809346
77297,20780.99682444316
77298,23661.64206196056
77299,17468.88579761806
77300,54799.38018274744
77301,22863.34121604453
77302,14545.182839579596
77303,10728.094485964493
77304,23680.783514531693
77305,13017.595537369076
77306,14556.323272779888
77307,30480.55429529308
77308,15308.369680747215
77309,13738.547716293073
77310,23647.99712541408
77311,13099.571917387715
77312,14191.912492431431
77313,17618.40339372166
77314,18462.466799066686
77315,11960.453180511171
77316,19335.29670261244
77317,27750.20507875841
77318,26808.362243061507
77319,32969.01997526192
77320,16730.684528040772
77321,17282.60773433002
77322,15927.130090064806
77323,23964.783792063165
77324,14215.397787078186
77325,11580.815636737083
77326,24153.314667447827
77327,33118.26977792364
77328,28551.788205519013
77329,26483.766566403116
77330,51248.712069993744
77331,25893.071244419316
77332,15254.713518324781
77333,9684.989581534432
77334,35081.78558975179
77335,21930.987323397654
77336,12573.621046355896
77337,24350.02927466929
77338,29690.626997979987
77339,13998.114476587943
77340,25989.799924995477
77341,13608.110929420676
77342,32434.15652936272
77343,27015.927758274665
77344,31207.399403894175
77345,14482.632102818212
77346,28786.99357865491
77347,16465.49081367095
77348,27564.445477616362
77349,18176.35025573322
77350,10808.5422006477
77351,11950.12826226294
77352,31094.26219282564
77353,11255.858423801703
77354,29156.513796039588
77355,23334.38538615664
77356,32349.063528286628
77357,18307.631968760143
77358,21734.57246953164
77359,16786.594381747127
77360,25148.696279714008
77361,27438.03099744636
77362,20993.05467700918
77363,29961.1560273348
77364,20371.699727712014
77365,22443.702802164647
77366,32307.782285918565
77367,15406.860019789145
77368,24452.54411326468
77369,33364.629452314206
77370,26266.643320513285
77371,28644.824254272637
77372,29814.841368187306
77373,18589.93523003572
77374,26488.160068037556
77375,12186.495993784658
77376,11503.409684257047
77377,10475.82612397354
77378,21046.715663794486
77379,8288.352317180372
77380,22640.951296961786
77381,15617.890429268424
77382,17862.10894656393
77383,11451.366438116736
77384,35766.661049372764
77385,34816.58150910233
77386,40143.034265213835
77387,14814.09368634305
77388,43411.25080056292
77389,77620.83890680691
77390,23152.20540762825
77391,10887.676383456695
77392,5161.262283288833
77393,48271.49013509298
77394,33946.54473466726
77395,11851.54892885112
77396,17295.941483422524
77397,34661.73983121755
77398,48753.1154789216
77399,17276.47326383162
77400,12010.015093013531
77401,34534.24802834358
77402,21662.40223792899
77403,22264.720356356003
77404,8938.973123718313
77405,49097.48529788169
77406,14963.216050779341
77407,20115.426339721424
77408,13173.47161101547
77409,8383.498990996908
77410,11919.064165188789
77411,22761.343272733473
77412,30241.851494599403
77413,18924.604026556306
77414,59644.342307833766
77415,16870.31492506584
77416,27209.483040390347
77417,16687.96659945605
77418,26829.37425077239
77419,19126.26125575077
77420,15163.887624030984
77421,14745.153848047976
77422,32021.96882594772
77423,20457.817243382422
77424,14895.325952560017
77425,11559.39800974313
77426,11597.58676907773
77427,11829.375217792189
77428,26066.399293740174
77429,24451.465818030185
77430,26953.711545276805
77431,10509.874564106294
77432,27889.33829568201
77433,21317.629287423573
77434,17880.48270258608
77435,15207.341766703754
77436,20197.497091647536
77437,26652.860761768105
77438,20912.080039849636
77439,16080.585241750261
77440,15060.092231198249
77441,13710.169836531688
77442,11131.510447521236
77443,41562.11686985582
77444,17419.47983186074
77445,17712.60284003305
77446,15245.416495498815
77447,9156.808546114227
77448,36359.03491603965
77449,21058.935220516723
77450,21898.337956118048
77451,16624.337006035108
77452,28348.06266986984
77453,25139.54994707032
77454,15270.87021102101
77455,25111.7395385076
77456,31330.74570275272
77457,16494.985586204857
77458,21402.405365039383
77459,24372.146789060233
77460,31079.802532445647
77461,11638.215305178344
77462,11109.560443066064
77463,37326.328071132404
77464,30456.019468615443
77465,19719.60597481981
77466,17674.739625018785
77467,25830.932695485906
77468,18885.43173088226
77469,12123.799146007103
77470,17644.52348078265
77471,31945.519964426865
77472,34411.93687017354
77473,18791.22768449335
77474,21061.89172557125
77475,27483.64538553128
77476,13841.660341312741
77477,49447.755186845825
77478,17417.3979414317
77479,9771.4289690854
77480,11525.12967300355
77481,17237.030947515308
77482,26539.310198366613
77483,19677.889424358396
77484,9584.363134063735
77485,18577.80875409238
77486,32533.134110667022
77487,20105.556016365343
77488,12246.807855367098
77489,28916.159855799153
77490,20366.817548249935
77491,46437.73230415827
77492,19029.35191865552
77493,31830.599132837982
77494,28571.24352895347
77495,16493.829766912066
77496,16162.516255112729
77497,13414.74884285247
77498,26646.511652090143
77499,12927.496774177167
77500,25756.39669488005
77501,16196.650997955057
77502,20885.346455556086
77503,21404.967786782632
77504,16623.620501449463
77505,18149.945958735036
77506,26201.642316361667
77507,41860.15059840851
77508,34830.39120500161
77509,25801.19389116452
77510,9308.440434573728
77511,10874.041393226586
77512,20941.03163093536
77513,23093.39763663306
77514,17723.055887727918
77515,32131.408813674618
77516,8915.372696110813
77517,21893.536040977535
77518,18166.481081048027
77519,20827.174564154087
77520,19303.002333965298
77521,16380.082076420707
77522,27052.20414466878
77523,21845.049831155942
77524,28384.54189645821
77525,21727.75063790782
77526,21286.34432477767
77527,11303.389593642089
77528,19182.79401614482
77529,15963.57126973242
77530,35573.04396858979
77531,11204.803236089672
77532,14977.836482871218
77533,22120.251080584836
77534,10736.379112989478
77535,24144.819570863496
77536,13813.778951882523
77537,11157.51040505847
77538,26607.755829744274
77539,11213.365735043222
77540,15415.469495856072
77541,13385.59315825459
77542,11350.059281306336
77543,20123.624013207474
77544,31970.308881182667
77545,49252.11375635703
77546,34478.39511561683
77547,12780.597751403642
77548,30030.934767267972
77549,32322.879842484894
77550,13060.837442614664
77551,26985.652708898713
77552,27525.830676449696
77553,22122.350469310575
77554,34444.85556229533
77555,18797.186587388183
77556,30999.793027977525
77557,27362.37596271229
77558,35052.86726372825
77559,10254.32428978673
77560,17278.227014885575
77561,16619.873303557728
77562,32357.442689160463
77563,108321.74470243294
77564,17413.500193825254
77565,19889.65911057742
77566,21731.673162779014
77567,68332.21061874593
77568,17680.82269196533
77569,26670.23913036217
77570,55856.80066990655
77571,22512.553774392218
77572,4957.671933491112
77573,21588.846355829664
77574,37413.461276076516
77575,18789.20841757881
77576,13607.090503536325
77577,17415.8534696626
77578,7905.9527903234075
77579,26063.166915129645
77580,31817.79548871055
77581,31492.11204027773
77582,23162.929141492663
77583,14059.911191169807
77584,28959.725204931037
77585,22075.908051451024
77586,26399.584253569847
77587,17065.712041806393
77588,25110.14185569823
77589,16983.75008227775
77590,29297.97415693985
77591,21431.18234496362
77592,11035.011089035805
77593,12987.983331541194
77594,13218.714533397022
77595,55344.22519732976
77596,21865.418406399796
77597,16793.956367723687
77598,17499.190799529544
77599,20393.795870803267
77600,15250.12850178176
77601,22779.033731756947
77602,16439.543622341247
77603,16813.549988946128
77604,22396.762267751732
77605,45479.64800942148
77606,28390.600580339116
77607,31489.417914842037
77608,57735.691594803815
77609,29680.769511256658
77610,14934.741963142427
77611,16310.05519520371
77612,11876.447070922715
77613,21368.979314707267
77614,21279.06641684169
77615,13374.189662416902
77616,17033.707575373464
77617,29032.905052429014
77618,28385.04714202616
77619,32350.22889910826
77620,10892.992897362263
77621,35712.41335610369
77622,34751.24025142786
77623,14272.684518944021
77624,19996.908879019313
77625,17332.533606735018
77626,14409.852948804888
77627,25255.065533311325
77628,29160.100587426154
77629,18210.38206037868
77630,18328.23539021347
77631,19883.634955012898
77632,33069.31846580088
77633,12176.412790261387
77634,60520.927974282764
77635,17321.24417841836
77636,8404.838905562563
77637,19393.486843862236
77638,17680.624900361094
77639,40037.10943274759
77640,27965.768419799067
77641,14460.161868067731
77642,16967.832455725576
77643,27689.713926185657
77644,13582.38523924481
77645,29358.535119837845
77646,57288.147370700506
77647,27124.363460220768
77648,14795.623807207015
77649,29544.59813869732
77650,35613.35297815567
77651,38269.25326757195
77652,19660.163172304787
77653,18202.03583248209
77654,14222.292074651228
77655,16437.31113659445
77656,13044.927405446057
77657,48200.744365899416
77658,21797.986311550558
77659,32894.85531715356
77660,24744.259945570244
77661,26507.40207168933
77662,12439.539150013614
77663,24863.316644386832
77664,39438.40370630383
77665,15201.79571488751
77666,18487.309773014633
77667,7271.029966330019
77668,20123.644944060266
77669,18281.866878680652
77670,2402.083700783606
77671,9575.535213001538
77672,50240.6064829997
77673,52604.17140185345
77674,17793.42025136864
77675,8449.28437046849
77676,16550.296733935542
77677,14115.631316374565
77678,31279.898365298453
77679,25666.187377841256
77680,22963.428709151296
77681,14629.340260679037
77682,120141.8067339102
77683,26030.62202365634
77684,12683.490631817549
77685,21882.204347956744
77686,30078.072754592973
77687,12012.364561965998
77688,17926.38750218057
77689,22867.275966360452
77690,11747.072063466388
77691,17333.28085323139
77692,16588.881031354576
77693,21045.728842619304
77694,25767.39100936134
77695,36924.46826125492
77696,35013.21700337457
77697,11974.30034292905
77698,23747.613907956344
77699,9960.784775085289
77700,11972.374426532946
77701,15822.001013838342
77702,53354.86427319156
77703,21765.833488034346
77704,26508.28090877022
77705,17849.73509470948
77706,30525.465383392748
77707,25625.942029511676
77708,27111.697627901478
77709,11117.197842156322
77710,27452.72478137434
77711,19716.489546333007
77712,17826.894197794303
77713,13477.890404579372
77714,22477.55303110447
77715,24245.37299711691
77716,37328.09327672732
77717,3491.090564960691
77718,19058.797320964914
77719,22816.19421394905
77720,32995.322496399145
77721,12901.165190243584
77722,22485.06569406432
77723,37052.26652088326
77724,11709.78637573012
77725,10521.607150955948
77726,16182.869076298986
77727,20927.98198396983
77728,19489.93463855557
77729,26699.22112146118
77730,55583.1582939036
77731,12365.864647655222
77732,16842.45923065085
77733,21043.787160027423
77734,20119.62663041921
77735,27323.144906843027
77736,31094.26219282564
77737,13831.379996211519
77738,21656.21736267426
77739,9156.808546114227
77740,27454.886467841796
77741,16024.202948997301
77742,36666.68172346566
77743,18323.625015073394
77744,11704.551716564867
77745,30781.185340745236
77746,22152.713574795045
77747,23455.954083651995
77748,33728.43722943833
77749,26773.609000739605
77750,31384.776647640276
77751,13294.52043555434
77752,18672.462045629705
77753,12063.504513232592
77754,23656.871606140034
77755,21743.41282258252
77756,12854.273565122556
77757,30202.914680619062
77758,6171.026873872568
77759,22818.8859103387
77760,16980.360354203272
77761,14505.53962214417
77762,17445.53486669924
77763,25789.00187476264
77764,18456.255667115325
77765,19343.08910767045
77766,54524.551493839754
77767,17490.57978824916
77768,33186.56441483311
77769,14216.556384883408
77770,18393.366743346967
77771,20813.27193349176
77772,23693.297214757964
77773,15552.031529971446
77774,31553.78696174673
77775,21738.81677784254
77776,28621.663581051478
77777,23193.962690138258
77778,39462.88199839773
77779,11548.353650249886
77780,24363.326444677885
77781,13325.77520015509
77782,11080.227550929048
77783,16166.224773033067
77784,19492.971170394412
77785,30403.46044378746
77786,21529.14064843541
77787,20649.6789226805
77788,24306.397304668397
77789,13648.282501136198
77790,19530.238725196927
77791,19313.655532397403
77792,34858.9214481122
77793,4601.858642016596
77794,11792.171603876479
77795,13147.043989722744
77796,27021.365974926146
77797,19633.492044429946
77798,35036.21566862534
77799,16165.830751412775
77800,24854.379499621424
77801,16629.695950461883
77802,16329.309999022986
77803,20901.434262674098
77804,16454.75772576767
77805,18614.146914312856
77806,13006.279094765127
77807,10524.988416141936
77808,36259.44150112476
77809,12689.937883879153
77810,14917.310656209393
77811,14526.730829236496
77812,30341.900494060603
77813,8664.171145997807
77814,22742.167625155264
77815,44211.63651205001
77816,14859.415870039182
77817,21573.18274386099
77818,42181.65106012404
77819,33364.709253185676
77820,53742.6049355197
77821,12537.386271424304
77822,19596.61056254802
77823,20611.393569480293
77824,22722.13504248052
77825,45938.182051114825
77826,23327.184965034452
77827,28242.515450773044
77828,16648.447321437776
77829,31362.930737757044
77830,14250.524733097433
77831,42706.86347371909
77832,21451.14136682487
77833,11817.413857428171
77834,44634.51389405693
77835,22375.754212308264
77836,7528.778461519362
77837,18931.122072303326
77838,12085.70968139865
77839,36936.33033811605
77840,15575.763606506413
77841,16340.43175146816
77842,15274.478027632707
77843,9365.187693900058
77844,22859.423000440576
77845,8173.234596481944
77846,17139.84502418674
77847,9165.337249196553
77848,17121.01767856264
77849,16903.56420749326
77850,10796.943003851859
77851,31198.52026030056
77852,18749.101666219354
77853,25157.24069495358
77854,19014.77825059402
77855,20105.556016365343
77856,19325.25126563804
77857,25480.867683715856
77858,22856.353674931153
77859,11438.822900852836
77860,15228.476621293741
77861,10771.149339839838
77862,16901.43669693818
77863,47266.49840465311
77864,28130.246489096793
77865,42669.63335986384
77866,15194.757295259507
77867,12266.689355943521
77868,22901.804224585794
77869,12693.646083420083
77870,11612.847094516292
77871,17784.71478467404
77872,19782.43997459792
77873,15894.976521754428
77874,18892.99038681336
77875,17066.93985034598
77876,18407.721494244128
77877,22185.274257430654
77878,31035.568870487037
77879,13359.919128613503
77880,33598.3432759033
77881,8419.780956540957
77882,28464.15579366656
77883,13204.426773842839
77884,31626.57873067037
77885,60354.38566059459
77886,11047.904281290423
77887,35412.4659921696
77888,31484.188358181418
77889,32338.441856681915
77890,22059.242163474224
77891,8674.773423722005
77892,11698.524170138342
77893,7498.539379441263
77894,46686.58377105527
77895,23550.33163165576
77896,29182.613014393028
77897,11024.199842295748
77898,29354.562465891147
77899,37092.258174831164
77900,21581.290435772273
77901,13378.416592965274
77902,14946.211213284576
77903,22698.732829445635
77904,22132.641135666003
77905,44824.96900337619
77906,26533.88699161601
77907,35018.545879221485
77908,10790.047402681888
77909,25754.802945130672
77910,16902.033174628174
77911,30402.934030241027
77912,24357.87670986106
77913,53127.455810030486
77914,28167.91728833862
77915,28180.121837447943
77916,14280.208458584575
77917,22572.72208395134
77918,30493.22601041182
77919,29679.224657534833
77920,12757.389952733443
77921,14951.485526780278
77922,25018.451097024175
77923,17301.02455313688
77924,22274.59272595957
77925,74227.8756053065
77926,15594.854359856832
77927,47727.93074322381
77928,10073.618574423966
77929,28867.150056355225
77930,16753.94450398404
77931,20676.917578356784
77932,14200.882431377413
77933,12138.158204883399
77934,48870.7434073996
77935,16811.41325230611
77936,29132.21905946036
77937,19405.47900999076
77938,16856.281374143506
77939,35949.32035705081
77940,11867.438434494514
77941,24931.154917134427
77942,26436.60681932306
77943,20345.571206794128
77944,8664.898805212053
77945,10997.636010620949
77946,54702.83711080895
77947,31230.623170606934
77948,10966.742551850462
77949,30975.40418361313
77950,37899.52484825156
77951,18380.845236772475
77952,13615.424581115678
77953,23136.933582989994
77954,24264.71277928383
77955,28416.016915488988
77956,16801.325325038357
77957,11234.833193470946
77958,14736.31945903195
77959,50140.207513612535
77960,16792.27519950881
77961,20949.630763832414
77962,13738.178090376377
77963,16419.325616140948
77964,21677.83843165837
77965,13599.611925766014
77966,12181.198245998372
77967,19895.66916402241
77968,18474.535168915783
77969,7580.025074505303
77970,21582.15259521328
77971,23518.118167344368
77972,11343.224366676328
77973,40990.48638353334
77974,23057.507090681866
77975,17677.961666073956
77976,10217.606342859854
77977,43489.51075209821
77978,26645.610745019156
77979,14397.848008739704
77980,21777.529246894934
77981,10381.615109968803
77982,31900.048780541005
77983,18161.623916913144
77984,18551.475412923315
77985,25741.52710482363
77986,55817.47534502562
77987,10349.736954578082
77988,26939.887073525053
77989,17465.68882276635
77990,11486.137590656926
77991,29150.214302638327
77992,18260.792328015836
77993,29495.644272828915
77994,34781.06679248479
77995,16330.507624174032
77996,34183.046092500255
77997,19366.356008624287
77998,24277.362843463474
77999,22857.520943440883
78000,19438.87645495274
78001,33837.20204026779
78002,12480.513058544399
78003,14526.93822735685
78004,30541.002259025132
78005,21498.480329928876
78006,21621.11635883117
78007,37776.70673601452
78008,35417.98180387095
78009,14476.104416102411
78010,17743.98113255254
78011,41137.114311895275
78012,23894.783005658657
78013,31366.82876836032
78014,31013.976991692507
78015,20748.231451205393
78016,50886.759360916876
78017,21950.301055364827
78018,11639.242164184507
78019,16221.899632719458
78020,11186.114212185304
78021,15127.60048901103
78022,15964.091349935808
78023,15236.839327585929
78024,21788.624667137323
78025,20838.481852686826
78026,29496.208108998213
78027,31401.634421576113
78028,30081.858851052075
78029,52109.003203974324
78030,16593.25568003513
78031,20499.964789620295
78032,12035.19988030205
78033,15171.729167828922
78034,10973.501280893815
78035,28347.798307175413
78036,22842.386205022434
78037,36688.79870518075
78038,12662.753468899515
78039,14367.459923266273
78040,15964.395553899634
78041,22935.75633586236
78042,19129.711583325865
78043,31207.877844029834
78044,25876.842498165835
78045,14782.505708404395
78046,23948.968202866905
78047,27314.948769207716
78048,21377.090380456382
78049,7321.308548994425
78050,21569.42159676752
78051,36129.62390929551
78052,24259.298479296645
78053,37727.99248753454
78054,12826.903517069433
78055,24994.04400772656
78056,31451.419281355047
78057,14613.750938550496
78058,48807.732602798686
78059,8840.825646828152
78060,13278.247695520555
78061,37890.87388741285
78062,15806.969900670207
78063,49507.979684620645
78064,56795.868738054734
78065,20088.139599491966
78066,49447.755186845825
78067,29047.02423028886
78068,20105.556016365343
78069,15188.159712740051
78070,25886.43282170798
78071,28348.64913245173
78072,25112.201541497703
78073,15494.170392217537
78074,31547.941487628435
78075,34637.83362159313
78076,19222.61839585187
78077,25170.04158224416
78078,29320.81762877672
78079,26544.293744900053
78080,27115.243263678123
78081,20568.566351908303
78082,53424.591973911214
78083,26797.884076574654
78084,18625.48361390746
78085,22124.90824482672
78086,18493.898388767513
78087,73162.2256861742
78088,20639.669808730087
78089,46382.2089765288
78090,68714.71355224247
78091,10510.040833753827
78092,27597.12023202775
78093,12520.761809200787
78094,24035.26242607196
78095,22743.81082534446
78096,30231.30006383672
78097,15981.994191591764
78098,14256.874728572853
78099,8849.398764662068
78100,9098.385552887974
78101,13461.274380679033
78102,31435.560204560257
78103,15103.982050355193
78104,18275.458209329205
78105,21549.517118779964
78106,11057.493767840471
78107,21649.428957431002
78108,12563.405677771525
78109,29548.397822770698
78110,10081.993195886284
78111,22257.25786756362
78112,29085.076353002514
78113,20641.668577359345
78114,16130.076894693348
78115,46996.643424545095
78116,17556.58152201084
78117,18346.94408876596
78118,18431.9352361642
78119,17804.094239836493
78120,11523.327865558575
78121,53424.591973911214
78122,23153.78212549784
78123,3391.77955087222
78124,19835.279740246624
78125,20479.345298167274
78126,18023.534972534842
78127,14251.640488171186
78128,19186.439637371113
78129,32875.96666159107
78130,26488.80028367864
78131,16428.961247778872
78132,12060.852190829512
78133,24354.98515516177
78134,18393.57909185698
78135,13775.191569158604
78136,24110.64353239445
78137,10669.921764630977
78138,30967.98197605554
78139,9583.704094502144
78140,14611.02367225137
78141,19298.012126647693
78142,21253.548419388797
78143,32283.908768029796
78144,21402.405365039383
78145,15463.939145487231
78146,24200.92586653727
78147,7034.8739609742515
78148,19358.269159772346
78149,36016.59700133096
78150,12290.624559446209
78151,21571.97640500688
78152,22352.576855724543
78153,25625.942029511676
78154,14197.276841225543
78155,20745.807935268662
78156,22602.055771249434
78157,15349.156619805435
78158,22611.15983882833
78159,27437.060899598022
78160,51062.62826113851
78161,27945.34512199321
78162,11430.587232598184
78163,9318.629491564338
78164,10658.978238135092
78165,11201.993224189906
78166,30154.26625026107
78167,21510.565419048267
78168,18370.07610716033
78169,19720.911428686522
78170,35100.01521915654
78171,31266.742596014185
78172,29682.658004317265
78173,20067.34279660795
78174,11454.314209686429
78175,36178.36797645326
78176,19945.914357805326
78177,19002.773709577705
78178,49277.49327853945
78179,31028.063508411084
78180,12474.224232524193
78181,11119.77527560886
78182,29579.036696926643
78183,16508.48636682002
78184,19627.51951598413
78185,15630.745723042204
78186,10943.001144821817
78187,26937.267403243717
78188,49622.10435575117
78189,27696.42195570347
78190,23009.005564862735
78191,27366.89838557469
78192,21225.28247701829
78193,33792.84621935423
78194,10906.116208410644
78195,12336.497990582393
78196,50421.28264556344
78197,11195.283941753518
78198,34651.333819504376
78199,8769.141508580804
78200,28752.371421233467
78201,14397.677812438375
78202,32694.30300045725
78203,14783.66298160066
78204,8635.998326564006
78205,15943.237294671713
78206,26526.402775061793
78207,18041.654981072752
78208,20667.894558738873
78209,19587.0011056091
78210,68750.82823848812
78211,33633.20367151571
78212,19229.870199155514
78213,15944.243188430657
78214,23852.60497346249
78215,20051.9340640797
78216,19045.54766068916
78217,19198.71092882921
78218,25603.949786141562
78219,13287.288647192347
78220,21992.43905883906
78221,19880.227177699948
78222,21647.97378680044
78223,21785.373475460205
78224,16916.16672539295
78225,20646.20363949223
78226,20035.595828692825
78227,26395.670779618507
78228,21432.97562608716
78229,14211.587090466433
78230,21850.217065536388
78231,8711.865292578042
78232,44485.10792685633
78233,12003.979316754401
78234,47593.68180362207
78235,29870.28239968403
78236,31527.87688037972
78237,17234.463827866482
78238,11375.69209689583
78239,16501.043285654454
78240,17447.139277081427
78241,14379.684267960554
78242,20328.407568248032
78243,15098.436471667721
78244,18544.479719483938
78245,38991.70294530168
78246,10249.071682744503
78247,35883.55317936062
78248,14393.115919071239
78249,31205.876409319855
78250,16923.14415546182
78251,22976.420479255692
78252,21196.468609943535
78253,20069.780292503812
78254,15421.802906377203
78255,17625.684443102095
78256,50161.15606765963
78257,32930.54793215073
78258,26104.17689919778
78259,24571.524677061236
78260,21369.70925857268
78261,30132.24198832598
78262,48410.591407389446
78263,11893.149287474916
78264,9009.676553945385
78265,15574.451802667962
78266,17363.651819092935
78267,21391.768454322562
78268,43720.13803606239
78269,54136.872913441024
78270,11176.288396092736
78271,32531.526337856114
78272,14998.324461383228
78273,29928.613466211507
78274,20556.518145254166
78275,30124.242301396105
78276,7362.594427865034
78277,28270.166323186895
78278,27608.08382918599
78279,31620.215840965277
78280,17427.96021488511
78281,9631.192417000962
78282,14218.133551401645
78283,30310.61086373408
78284,12010.044974749573
78285,20356.048915794825
78286,14322.519127420586
78287,24579.321431125943
78288,18811.49437473617
78289,31262.856007833347
78290,20847.745630293455
78291,23554.83057180595
78292,10769.095706771443
78293,32008.02673957902
78294,35252.10619272235
78295,8887.594892041385
78296,9934.718208062572
78297,12806.433235916931
78298,16947.408082161957
78299,18351.9757510326
78300,22923.895402975217
78301,12507.618402829654
78302,21712.274373123975
78303,13470.110457818822
78304,22388.676457195594
78305,50481.276010287576
78306,33754.83131349085
78307,33101.21295242243
78308,22212.6566310976
78309,19513.495331018807
78310,19866.886525885624
78311,31245.58968643703
78312,37206.85132875551
78313,22569.746516305815
78314,16267.94017095782
78315,12829.36010370593
78316,22981.083831730626
78317,31443.002757386945
78318,63015.20298464766
78319,10735.300946853007
78320,19441.75736857791
78321,16656.959285368597
78322,34660.27168758337
78323,15648.496390563396
78324,21894.958388502386
78325,14365.262128881162
78326,10266.506594720468
78327,16819.617360507837
78328,31299.907947421452
78329,10880.602954339029
78330,34868.91571044418
78331,25698.878047424823
78332,25370.238779874097
78333,17954.54859984563
78334,39773.21294285481
78335,12998.856125249065
78336,12186.508225715519
78337,32765.54044816632
78338,21742.62685453386
78339,23333.526943054996
78340,16146.089336603323
78341,15820.817021241699
78342,20442.36846955897
78343,18210.99102371167
78344,30132.33099617485
78345,13393.204736018388
78346,16063.486845843017
78347,26393.392216547756
78348,14805.850292174226
78349,8381.830809202424
78350,28569.131637386825
78351,12166.436118492633
78352,13787.807965576536
78353,28954.053411877056
78354,31224.26737685222
78355,13496.405114845289
78356,28944.859375776614
78357,17696.42757059409
78358,26507.40207168933
78359,20727.025819093695
78360,21755.509248160626
78361,11919.986409304622
78362,17718.973820640145
78363,7789.92251516047
78364,12617.599614400257
78365,30123.55740499957
78366,28431.64503097864
78367,23301.536676415497
78368,27575.974614246665
78369,44567.7176933001
78370,20381.77882620385
78371,19630.921129294937
78372,31705.743890422717
78373,20546.372426559014
78374,25884.357347709087
78375,25686.856521899732
78376,21101.740176604224
78377,22752.386446842538
78378,45116.0345974815
78379,8168.871941666737
78380,12321.443869541645
78381,8810.188880122158
78382,35466.78501055952
78383,25417.951382382533
78384,15361.9855808808
78385,20998.258956903992
78386,21471.795095923
78387,23009.77254725075
78388,10712.704358800258
78389,26201.872861289714
78390,43703.536738544106
78391,21608.456308857567
78392,20475.796718450292
78393,12670.764957981173
78394,20253.80401105868
78395,19475.418423894567
78396,11425.247358159708
78397,15988.834614571031
78398,19736.215960122834
78399,11812.623039105009
78400,49507.979684620645
78401,10829.781234721358
78402,10841.11600310152
78403,15839.383095237146
78404,22209.57117629273
78405,11185.144357795645
78406,20967.592671428618
78407,21546.248854182188
78408,16043.268578086696
78409,7899.318101240874
78410,30098.300323187876
78411,17412.339740607058
78412,10911.605176557667
78413,9500.220355558122
78414,15449.273188813968
78415,27713.86430450304
78416,16065.003361801664
78417,24775.499940848604
78418,29899.444950611614
78419,24569.401376842645
78420,15253.417690337232
78421,21672.40379355134
78422,18652.47850251894
78423,24719.948646211174
78424,29073.763419167968
78425,21061.986957515473
78426,23330.74614519114
78427,25372.025216579474
78428,30198.45404279093
78429,20421.80325378228
78430,28032.73189862298
78431,11985.180386460086
78432,26705.12166143902
78433,16175.782677959727
78434,18243.79326587259
78435,17720.258753798968
78436,17327.85391559975
78437,13884.959636836076
78438,14751.823015528305
78439,10762.124215829826
78440,32815.16145665891
78441,16035.619476805448
78442,38835.95897770529
78443,14849.565098505645
78444,21274.909668366898
78445,21787.70243411374
78446,10944.367158013418
78447,12977.39653013024
78448,23397.827302097496
78449,44124.36495323316
78450,17051.324664033986
78451,29800.74802411168
78452,34723.47488012788
78453,16095.332408005197
78454,18872.309420368205
78455,22133.41393821276
78456,11264.553111679525
78457,31262.03356800294
78458,24533.776693974476
78459,22896.58019437943
78460,13029.294825403253
78461,21374.470850181802
78462,30486.0383814562
78463,12853.029626216547
78464,13132.681353946571
78465,16027.454700334716
78466,29986.017512617902
78467,19048.423117890983
78468,14561.234620434854
78469,32391.739139111924
78470,22948.009332598085
78471,76269.98376962302
78472,22425.055027556813
78473,15972.059871750898
78474,31883.66210849177
78475,11034.052957841262
78476,36291.93064921562
78477,20296.042154531176
78478,31836.002397098076
78479,9747.033026126257
78480,16950.581433902033
78481,12528.324555514575
78482,11755.91448215723
78483,27210.256169343476
78484,10238.241664425599
78485,16012.994797021216
78486,12543.138180977452
78487,19460.633058460357
78488,25706.61383896791
78489,27952.47893936449
78490,12390.625007427425
78491,18931.55128522651
78492,13300.991417684745
78493,44226.9186726466
78494,15482.523301852598
78495,25387.6034992145
78496,9741.107826368949
78497,22106.922970918225
78498,43754.294259059214
78499,11414.034216468273
78500,26507.40207168933
78501,12418.966599159716
78502,37244.013238804015
78503,21731.049573947446
78504,25888.854890521478
78505,8024.853508750907
78506,37144.405025168
78507,21190.523287638352
78508,35573.04396858979
78509,29353.75085137126
78510,13702.094768976673
78511,16631.277553130058
78512,43969.89310140959
78513,22966.00506029527
78514,37855.56420558075
78515,20123.246423381606
78516,9785.088504954401
78517,11241.063290518265
78518,23457.300031077248
78519,17448.86251518208
78520,21361.004601131463
78521,13778.054341160449
78522,26442.5795014185
78523,49136.312584169136
78524,27969.165249502956
78525,23245.318142290023
78526,22867.48210417015
78527,22429.176007669514
78528,44447.92518443304
78529,6616.579350149121
78530,27633.42362101676
78531,15932.365512868751
78532,35371.4992706051
78533,30101.1703404162
78534,58107.202605926694
78535,9593.398384604468
78536,17888.1307688734
78537,35839.8259985998
78538,12280.59524567332
78539,20551.01805461842
78540,7751.613943045378
78541,17865.111967466783
78542,15573.825695597667
78543,15423.422224351998
78544,11242.530678390547
78545,20805.60546449852
78546,16723.325060104085
78547,21743.41282258252
78548,29703.331795903636
78549,32871.04339261982
78550,14091.474468968698
78551,43817.51046625297
78552,46401.06558115625
78553,6808.143545415056
78554,27932.385855569933
78555,18016.459096771505
78556,31934.747594478875
78557,12871.61940632981
78558,20750.430628658876
78559,29811.675997501523
78560,29677.328722571838
78561,51865.67921921406
78562,51007.32427885085
78563,19545.440584223426
78564,35099.509283770516
78565,34677.99799340834
78566,21829.950471563185
78567,31133.96056017033
78568,38233.024361468386
78569,27842.395871482866
78570,12431.759867034298
78571,17781.817274627865
78572,14511.381655637277
78573,23790.907715473026
78574,28896.191063599985
78575,14102.361842283939
78576,22399.887459819387
78577,33517.661232948136
78578,20650.78047928094
78579,31444.807215306297
78580,28097.92931706187
78581,13928.0341894677
78582,27604.590764677494
78583,16678.593286479292
78584,55456.49899804128
78585,16918.170376449514
78586,15037.465671352995
78587,31959.806887429477
78588,18708.708652468922
78589,18422.649332481735
78590,17167.706503748712
78591,47291.058905896665
78592,15741.870227132851
78593,26840.309375774712
78594,24030.166446204144
78595,20105.556016365343
78596,17578.37972638239
78597,12878.203356947924
78598,9433.660738739949
78599,7534.402598595112
78600,9468.880234052494
78601,18330.26110324107
78602,24639.55725541726
78603,27221.363254050677
78604,11817.520547488317
78605,12695.04266702702
78606,32883.440912111764
78607,34984.62807766137
78608,13259.591490086059
78609,21060.79879643087
78610,21511.397207401664
78611,40132.801890626935
78612,15796.532408651172
78613,21402.405365039383
78614,41452.37223928068
78615,37973.39731277899
78616,29613.251466211448
78617,22012.204429296213
78618,20035.516152112126
78619,3210.1274662421893
78620,21881.58929022614
78621,23110.130050273612
78622,14826.946991606394
78623,11008.378450175693
78624,49233.3832716837
78625,21395.539249691014
78626,20797.699384952743
78627,23923.962427622366
78628,8761.212989486385
78629,14778.000805879406
78630,16586.37020234417
78631,13155.50514697607
78632,13641.099113892087
78633,21312.339261909885
78634,11401.748092190079
78635,14848.865727107077
78636,10903.50487802896
78637,26549.627170569875
78638,11726.75368412739
78639,30353.04582339951
78640,40073.186581265036
78641,34751.08042145634
78642,54702.83711080895
78643,13622.35318861833
78644,11451.175866333224
78645,13391.377651298451
78646,17983.3398897043
78647,29620.985215314642
78648,14914.114813302423
78649,18577.574884970825
78650,31701.309134698553
78651,12668.492013166695
78652,19570.895836209125
78653,14916.3976489954
78654,18766.145718808344
78655,30836.65380773601
78656,28061.25212814415
78657,15809.456481744204
78658,18007.75498171652
78659,26921.924440052968
78660,12502.612472784484
78661,12972.405188372011
78662,6323.690846255
78663,18528.120631476617
78664,12051.796110447165
78665,33439.35675497898
78666,24413.320678102045
78667,45312.57737204296
78668,14385.001623435523
78669,37475.100724594755
78670,17432.530532609497
78671,4132.467135622015
78672,18273.976309055546
78673,28750.127471511776
78674,13537.88407073071
78675,11461.033692831865
78676,21855.306684593823
78677,16481.537766804227
78678,18777.416790586547
78679,24127.054874118483
78680,21441.86960587318
78681,49301.45524629901
78682,11712.011072162011
78683,15187.826094813769
78684,12434.782338439123
78685,34316.64506617408
78686,36470.06117243174
78687,29932.47888362078
78688,28658.372351228852
78689,14858.687351334112
78690,21998.76795025418
78691,32970.036386322914
78692,31108.715741843378
78693,30989.363803666383
78694,43905.19013025476
78695,32542.351903633466
78696,35260.45202073011
78697,42784.14108512136
78698,19556.713801541016
78699,32995.322496399145
78700,20276.29605139118
78701,27891.523214431283
78702,10874.050178817693
78703,36119.294775124086
78704,35165.56847332671
78705,11869.512075316969
78706,18585.224145318556
78707,22182.9269167838
78708,13385.226910639332
78709,14614.667283189252
78710,15939.079964084853
78711,19086.157516682513
78712,34977.43036951378
78713,30960.954948240982
78714,56261.364323633155
78715,13304.944498699448
78716,21016.717771739524
78717,10167.046913075501
78718,20567.879437636344
78719,30963.642955527128
78720,35014.87585874554
78721,23111.567128062037
78722,19064.968366230503
78723,20049.422949629457
78724,9563.343130669764
78725,10501.844977291588
78726,48208.99707607404
78727,19334.420834808658
78728,26325.409785138676
78729,15283.636252031843
78730,14722.236307121568
78731,11681.440389199886
78732,20301.2114118067
78733,20596.66637634381
78734,23025.553308372757
78735,20251.71262802476
78736,14026.386054672339
78737,20516.65680950114
78738,19105.919255749614
78739,18708.318181489376
78740,25285.61288778136
78741,18782.438705222325
78742,27213.87766014635
78743,37217.19147864898
78744,23384.319907417368
78745,14343.175943081733
78746,25224.357793983756
78747,18387.1204578091
78748,16116.94055150113
78749,68142.97513719939
78750,21666.248751379
78751,23792.013009582595
78752,22471.40403367528
78753,26927.981603959495
78754,16700.625684716186
78755,18245.28843506415
78756,28671.673092802608
78757,35642.62552017911
78758,14662.808861357213
78759,17338.792161326528
78760,27293.97009517634
78761,19077.84224869735
78762,15157.424343280896
78763,10774.902181764774
78764,16340.215086329277
78765,36737.588854881426
78766,23604.819807470645
78767,27797.093911767406
78768,17850.725300559236
78769,11841.871503717532
78770,28766.29167298566
78771,17384.130761419416
78772,22227.358911753458
78773,8142.273049907895
78774,19131.5160669757
78775,12672.565095354887
78776,31918.691656563067
78777,21646.624428601368
78778,17809.57016440189
78779,12085.860461912362
78780,47723.865761750865
78781,13708.775476808765
78782,29464.69042505123
78783,32910.349222967605
78784,32350.379252542756
78785,15473.523509432143
78786,19167.08556523941
78787,36312.76752002924
78788,26300.078766042167
78789,19882.440545984973
78790,6408.614957356717
78791,18019.33557962845
78792,9391.928075301666
78793,17910.705468079686
78794,20615.325275146723
78795,24559.7480212717
78796,17122.594401390896
78797,28954.252461114294
78798,19844.24970514446
78799,26320.551581761913
78800,20121.322952058414
78801,17395.583132457286
78802,29644.356372134294
78803,19048.034520283112
78804,11756.464530758596
78805,10296.647213272467
78806,28430.6267188522
78807,28431.64503097864
78808,8984.488756551447
78809,32681.920657184208
78810,8267.218205782629
78811,33664.18645059511
78812,12438.154730758622
78813,12744.472927501942
78814,47302.14841941325
78815,28754.871644723993
78816,33213.74932594655
78817,20384.633981502615
78818,9905.352122527587
78819,11586.20473735789
78820,31943.14311880827
78821,16601.279164043626
78822,9502.455627437339
78823,8660.004962024203
78824,17746.650713793515
78825,26231.445170251634
78826,7444.339390143228
78827,35047.31769501603
78828,24525.666620457232
78829,14841.331356504295
78830,16004.272879364393
78831,16239.513676784418
78832,20489.58576347801
78833,13702.439515528818
78834,44272.99745384812
78835,17178.62026364045
78836,11844.10391198548
78837,24857.134508421215
78838,18127.387416581045
78839,12349.503100744992
78840,12647.279149348145
78841,34720.29715273247
78842,31250.561273955078
78843,19557.715046290774
78844,9935.265761922758
78845,12616.542403636256
78846,31824.728985833965
78847,7794.48414781039
78848,17385.53639305803
78849,16559.782867014623
78850,18936.982926256234
78851,44018.03417353802
78852,12409.767398860164
78853,16301.918117627956
78854,56597.306420753404
78855,14478.780734971408
78856,17039.55623322456
78857,21882.986591979003
78858,24862.82906155922
78859,10424.384296526296
78860,16392.59082625627
78861,11099.84001238193
78862,14704.154877255663
78863,31682.09015530118
78864,25809.727005327306
78865,20443.833530518794
78866,18543.736381328323
78867,28018.332697350175
78868,16935.503392947234
78869,20880.963465001754
78870,10762.021448977252
78871,26363.61828490368
78872,8481.43613952403
78873,26272.70895480746
78874,14358.322174511199
78875,13825.912547507494
78876,12625.821810984631
78877,14531.363560052649
78878,13187.29238539453
78879,19500.050823091824
78880,30082.728591999086
78881,22681.03573389733
78882,12551.035501671431
78883,8849.621757481817
78884,9862.562331692501
78885,8893.521189275922
78886,21955.51238392305
78887,26846.374615591405
78888,26921.257560209502
78889,18537.20279366951
78890,17922.92156959713
78891,16502.560005007632
78892,13096.223947729231
78893,44300.1395292699
78894,18068.693516750685
78895,14829.94615794703
78896,35310.19837642004
78897,22161.281254037785
78898,13030.109368651181
78899,18588.498417063733
78900,21167.974280608396
78901,18570.852336450393
78902,20249.806734408674
78903,13044.052766640503
78904,27236.165602932637
78905,17082.997845199003
78906,14619.695928254052
78907,12995.675632093691
78908,10866.833221442965
78909,35905.71452865476
78910,21975.654811496443
78911,22182.612166307095
78912,17482.46478510918
78913,49631.16308039171
78914,19620.80398689586
78915,29911.64340490047
78916,15439.486722361165
78917,14254.699437532847
78918,22596.057017843523
78919,40848.675182632374
78920,30106.18244773396
78921,16106.790686733082
78922,17741.70534592429
78923,28356.737724179966
78924,18594.007419880458
78925,31713.254234100175
78926,51613.48459774794
78927,40130.54940517031
78928,17338.853578470116
78929,24961.242130259987
78930,25460.332530571563
78931,17223.619339950565
78932,17588.839432831235
78933,19845.33247847556
78934,30970.111983652812
78935,14060.402011494003
78936,25253.86131557411
78937,38794.5188980481
78938,15226.99060717865
78939,35085.2065531764
78940,17758.593793805634
78941,34192.973014876385
78942,25989.61187379458
78943,8562.504538261119
78944,31716.86535683513
78945,11379.089204349859
78946,33168.51927626376
78947,45343.44332215273
78948,17210.34100356816
78949,31952.070033852844
78950,21436.293975070563
78951,31230.41718749633
78952,11155.758247448823
78953,20848.514996321872
78954,31761.49891205434
78955,21536.403153941676
78956,15665.871980564301
78957,9619.14619748548
78958,21020.651662138735
78959,23949.246219748566
78960,18365.264205915533
78961,22226.75487489745
78962,19555.11771599177
78963,14303.400183993865
78964,8827.104276924987
78965,14145.066367293206
78966,12277.371000129742
78967,17115.776944814836
78968,20515.96047412695
78969,27057.801253352023
78970,11374.737296959629
78971,28816.572429271917
78972,21840.349129610127
78973,15862.78527720887
78974,15314.251022716922
78975,59555.46141505151
78976,19881.177903886924
78977,33439.73571790839
78978,19598.139678060033
78979,17765.233776861875
78980,29161.775282247814
78981,15949.256948073004
78982,22798.565230342116
78983,30635.973918497755
78984,24706.207250391788
78985,33358.50584214947
78986,11153.756612416872
78987,28062.35012281981
78988,46594.28705607483
78989,23430.599859930204
78990,29095.70783492381
78991,27839.80561275727
78992,16862.531353728977
78993,35526.55453549704
78994,13995.559760051612
78995,20762.25008497687
78996,19760.967359758833
78997,23400.48265852291
78998,16270.57636124323
78999,32434.15652936272
79000,10073.221477652669
79001,10549.078731389378
79002,5012.649113601599
79003,13050.533772185765
79004,17260.786219212318
79005,36259.96759109291
79006,31437.767702731508
79007,16774.369238115883
79008,21895.25568560031
79009,47025.13785558042
79010,17909.56325821473
79011,25169.57046781075
79012,15394.298679418273
79013,51279.84218048604
79014,16263.725331240708
79015,52594.529514134396
79016,17153.85420664782
79017,12030.08620082764
79018,18203.113689764818
79019,11997.040557418253
79020,21580.81374813368
79021,16912.821551085355
79022,15939.95696322508
79023,9665.423565392437
79024,17744.134298400386
79025,24332.582859990318
79026,16950.189491555888
79027,17735.72096602431
79028,38182.74656538581
79029,16780.28058346304
79030,20954.72466452401
79031,18313.00387207113
79032,13738.876104769839
79033,40032.278775926316
79034,31913.793375989808
79035,17314.054482695305
79036,19632.33777975532
79037,16705.88235957657
79038,18733.245471234142
79039,12107.085001783606
79040,25961.541715885476
79041,12148.683448149259
79042,17628.99713200581
79043,18219.17741740037
79044,26723.48577879397
79045,35007.16297452458
79046,16759.605611893927
79047,11553.073388294244
79048,12555.552067455066
79049,41950.23907027258
79050,15933.351402298253
79051,20843.56065231824
79052,18097.454102282252
79053,19018.088743087115
79054,12622.215666267524
79055,25534.299461895745
79056,15990.189918508473
79057,28403.343938215854
79058,23116.724169206773
79059,39141.45496224075
79060,17151.37059371157
79061,24539.611611647633
79062,31634.039096175242
79063,32736.392301467145
79064,13502.709272648914
79065,21526.98048730148
79066,15743.955128631564
79067,21585.049590456354
79068,17354.233824535248
79069,35182.44487254134
79070,11389.08564380996
79071,15564.571370305071
79072,24863.170651546592
79073,21374.470850181802
79074,31369.933470963188
79075,11623.772488603798
79076,14946.032216513802
79077,7091.660941062038
79078,26009.119494479368
79079,33731.42642041904
79080,19035.692597402693
79081,33978.047962367695
79082,25556.81465621833
79083,33926.74839242869
79084,23722.192526246654
79085,15228.312432215644
79086,32381.840285713715
79087,13362.92140079329
79088,16158.049792355832
79089,16997.070633830284
79090,28024.105505210064
79091,20960.091587424307
79092,26015.27137039355
79093,15658.660811973918
79094,24254.981605330973
79095,27274.727462011593
79096,23450.899100913357
79097,15294.88743425306
79098,19730.611618855462
79099,21632.80574186404
79100,11885.011596884604
79101,23629.3529850356
79102,21402.405365039383
79103,24095.489640563224
79104,19462.95558346441
79105,21768.30380543488
79106,12957.266239805977
79107,49535.076812460764
79108,22752.386446842538
79109,12369.089530132056
79110,17100.278634212118
79111,43066.88882179909
79112,17636.733574426187
79113,25982.600899024597
79114,27076.365490365828
79115,51159.658066561155
79116,24444.45644119518
79117,14090.236504441691
79118,22279.745363562863
79119,25314.839922414198
79120,13093.872195591171
79121,27774.548806920888
79122,31182.252848188513
79123,11573.763710141266
79124,17187.67933279444
79125,17892.65315986718
79126,19098.875044632743
79127,13021.314771524285
79128,17052.433410504957
79129,5466.6099225487615
79130,26880.59834255003
79131,11723.913820716974
79132,16214.810561872233
79133,26864.22263626789
79134,27489.85794754205
79135,34868.91571044418
79136,11430.964532657472
79137,31720.546974436835
79138,13943.757249732087
79139,11396.584006105011
79140,15136.540114674588
79141,12747.57191227029
79142,22073.051933902065
79143,11984.77488965563
79144,14925.529578733473
79145,35342.71844132986
79146,29608.97525206219
79147,21180.88326540264
79148,21083.608779133534
79149,21588.037053235086
79150,50557.41025836772
79151,14041.542388332356
79152,20026.634051605495
79153,43002.86373564009
79154,26807.661252297432
79155,12644.134511214472
79156,16636.993261535536
79157,8287.94137486365
79158,17432.493570826075
79159,53392.65092195513
79160,21617.156405418413
79161,32049.979151057403
79162,17096.358943720723
79163,18212.577361513315
79164,18035.847578863337
79165,32880.77705095196
79166,20381.886576729943
79167,10209.645843684466
79168,21841.417959990104
79169,21636.851148846035
79170,37840.68900235328
79171,21724.359360710077
79172,27518.64755483887
79173,14013.613200588432
79174,13691.61183564203
79175,13501.288812405079
79176,41599.210439419854
79177,22216.442207590684
79178,16466.33397097196
79179,25514.278998658756
79180,39338.589927347035
79181,31344.002421810812
79182,26981.36961948585
79183,19844.299069691995
79184,13958.88271806681
79185,13396.660550558963
79186,21047.862855043535
79187,31171.431389951675
79188,29437.27165873898
79189,11470.725110278556
79190,14805.523569638612
79191,21388.820565367325
79192,15077.983877919169
79193,18408.24580263051
79194,15348.970840285401
79195,26193.022095478507
79196,13731.90044454468
79197,32234.519550219964
79198,33623.524365650905
79199,22571.09724401281
79200,16198.841670506892
79201,28292.363733857408
79202,27587.95548046408
79203,21402.19372346982
79204,21161.90713177191
79205,34001.671472713664
79206,32042.658851435423
79207,39249.730697632214
79208,33435.56021857206
79209,18027.908005695186
79210,15885.10449760022
79211,10257.62011396849
79212,20616.48436014029
79213,16090.60876698525
79214,18608.54434474129
79215,16046.842803554862
79216,24535.549431433796
79217,14289.671064449947
79218,30701.099779895314
79219,18424.95638534111
79220,18873.123675746734
79221,45825.42393638767
79222,17273.058114105224
79223,28374.81515985137
79224,28481.514967077077
79225,32740.31094420019
79226,14537.073850609671
79227,22121.94461692261
79228,22404.637906690277
79229,8334.046499377848
79230,19528.555526339464
79231,17044.580251999665
79232,23300.873813136182
79233,12850.405690997106
79234,48757.60938094074
79235,15421.77073872957
79236,17959.368585627373
79237,26550.851918410102
79238,29620.84642341584
79239,21754.136599499816
79240,19640.278619171677
79241,30469.66836196839
79242,23612.18347266814
79243,34326.46236562989
79244,23357.166343702644
79245,21010.661670146634
79246,22295.47257681602
79247,16075.72085919606
79248,9597.44495425157
79249,12872.026185660865
79250,22654.954356515376
79251,13365.76187257425
79252,24745.905195459844
79253,18116.312898373406
79254,13177.995230549028
79255,16777.417108922953
79256,34119.40872373937
79257,26187.821966820193
79258,14592.38936050118
79259,11681.767523981576
79260,28167.469909672815
79261,16762.769734793354
79262,27572.05483714209
79263,20188.964441536824
79264,60095.26469608194
79265,25359.157261793265
79266,27312.30784625239
79267,26035.468482927878
79268,18355.341543044182
79269,16855.151137323945
79270,72437.27942073817
79271,14217.587542638235
79272,62071.10577314627
79273,49101.059961898616
79274,36099.24630387954
79275,14948.961755239452
79276,31681.456315553303
79277,28610.994738517413
79278,10062.06535406335
79279,46247.0938133891
79280,17208.533155267796
79281,16569.10475436
79282,16271.282632012188
79283,13609.592061717563
79284,21836.819847328657
79285,29785.99289146487
79286,20878.57072395285
79287,23602.231535113857
79288,40892.92043745343
79289,36842.08970661691
79290,19724.170910609657
79291,24945.143569117085
79292,20311.122110296645
79293,30578.18838150154
79294,17168.866044682123
79295,22143.434281936243
79296,29400.860976176977
79297,45663.33423370424
79298,7282.766313781693
79299,18123.99365165167
79300,20605.014389506643
79301,13638.5393240739
79302,12676.34016057282
79303,27282.323547506327
79304,18457.824756196685
79305,19725.12474564128
79306,24665.195321476524
79307,21471.477470429483
79308,12892.591400686913
79309,19133.467239649068
79310,20836.484130658886
79311,13215.507195868267
79312,24125.25772825483
79313,17423.1005751127
79314,20718.30714619562
79315,64467.868891584396
79316,20188.661391661844
79317,18574.898766176026
79318,16776.838060153474
79319,20870.06111070451
79320,27101.182232909287
79321,13991.051680861437
79322,28671.731960720357
79323,23303.830096863217
79324,17475.13289756103
79325,35666.726339507484
79326,10525.2368334909
79327,18084.370180720754
79328,18622.5399304799
79329,19963.71162750878
79330,31444.80177935564
79331,17844.624923506577
79332,27352.34375766506
79333,16199.23782082802
79334,17921.292151501013
79335,33407.36140852962
79336,33132.20905663758
79337,25645.936923476565
79338,27390.34967887556
79339,20334.753710633937
79340,32852.738675362394
79341,32390.689400857023
79342,11973.26214397758
79343,25311.96838941202
79344,38460.800531916706
79345,13653.774750466697
79346,13041.938354503643
79347,22501.328846837147
79348,19068.789469623465
79349,16112.741687151069
79350,14138.93708995259
79351,23620.706347038693
79352,10762.13996236261
79353,38392.695087049295
79354,17475.350887342374
79355,28733.623100071985
79356,24502.220986071057
79357,21006.984676760694
79358,9311.367572355353
79359,17500.755928970862
79360,36926.4707053152
79361,14372.851356135705
79362,14328.207395145055
79363,30755.06383613535
79364,14699.827092697094
79365,20427.279559590428
79366,17771.937912486093
79367,57645.49333425252
79368,65278.4943295493
79369,23596.621520281114
79370,12562.104730966032
79371,25455.08640243784
79372,21251.18749630807
79373,35524.59891247348
79374,11880.879703587754
79375,37796.93186758342
79376,15345.57230677321
79377,20324.134922953453
79378,32239.779565926372
79379,20999.512790596425
79380,29482.843196818947
79381,8875.902878937317
79382,20222.065307311408
79383,29984.902583172898
79384,14416.428967341639
79385,33356.400186153944
79386,23257.785400626577
79387,29068.891371804493
79388,24937.337078451783
79389,24653.960105813992
79390,37972.53254344474
79391,16909.081329260487
79392,25298.26086594889
79393,11134.107282952491
79394,13714.050599490687
79395,16689.59110570299
79396,12771.503318551662
79397,34776.57757716124
79398,14996.9586920336
79399,11661.95659953103
79400,22085.501955292282
79401,25152.73770159846
79402,29649.446012867105
79403,20665.336821474564
79404,26495.009089095332
79405,20169.881557890596
79406,32226.24231033791
79407,22767.388382080062
79408,24280.42692832882
79409,11224.674930711948
79410,11213.834011136665
79411,48485.11948003053
79412,28638.173306223965
79413,14140.419459597932
79414,11511.890235236244
79415,13017.038882320827
79416,21076.4403326629
79417,19027.50151835177
79418,7923.0478909722115
79419,30434.276095811045
79420,29922.525179377146
79421,14493.348697470421
79422,7796.421598484698
79423,9114.851663519956
79424,19268.484503966858
79425,10064.781821565442
79426,12364.13230415079
79427,7883.652532532427
79428,20228.489937458595
79429,18553.99210582144
79430,20071.17723782351
79431,20218.909215008312
79432,14214.679227705157
79433,29009.730184327782
79434,31253.73981642499
79435,18838.782465100383
79436,13640.565920864019
79437,18478.424176622866
79438,43979.87209400291
79439,54881.854191130195
79440,45433.074180255804
79441,38271.57684955857
79442,21198.16628313696
79443,11922.101974869776
79444,22499.24544980443
79445,23287.29058232431
79446,5203.336782229517
79447,16599.330047812673
79448,22638.370659219654
79449,16928.858437425137
79450,20321.27785109741
79451,16619.757153597304
79452,56932.45078926808
79453,23688.2772772295
79454,16337.420846857034
79455,30806.599621502442
79456,21397.355175252003
79457,28841.686407186073
79458,19523.850383893663
79459,26295.659664350987
79460,21343.11336803963
79461,12972.588546505493
79462,47658.30632367675
79463,14689.54363796666
79464,17332.909718903837
79465,32087.952019056407
79466,19402.05411346704
79467,25317.031098470685
79468,13072.790157168816
79469,12331.619997617125
79470,32460.095541457078
79471,14329.928905917957
79472,13878.188842311763
79473,7257.357440754473
79474,10533.6365231173
79475,24573.948953315787
79476,13461.883946667265
79477,28877.85223961305
79478,23190.27795999758
79479,12153.657445246436
79480,17833.149698023743
79481,19366.686029430264
79482,32123.989124587686
79483,16172.844195154423
79484,20984.413776460875
79485,15150.417707777255
79486,13854.944661021895
79487,13805.176814472403
79488,37091.25684788677
79489,27740.965666394262
79490,20915.633081880333
79491,14837.37825253436
79492,16283.360772792103
79493,11115.718877458721
79494,20704.821786786448
79495,15259.45961861399
79496,20772.507251941457
79497,21778.383797982708
79498,22837.893558197185
79499,12299.300896769666
79500,22525.437556394754
79501,35866.425337612854
79502,12957.879963521884
79503,19305.82834412766
79504,20059.27773274572
79505,12427.409147524253
79506,16404.159089753008
79507,14663.556070742312
79508,16800.812995551292
79509,17586.111961779618
79510,51944.80671705606
79511,50101.25022903644
79512,16005.253803473635
79513,15773.206575927148
79514,20174.32186706764
79515,38980.66747020264
79516,20019.753887522194
79517,43605.59327008433
79518,50106.42558224802
79519,27100.01875923606
79520,28128.68126343563
79521,16679.23608777228
79522,24029.226430995073
79523,23226.12706842458
79524,25656.92099702766
79525,27352.556252824645
79526,20954.391626444027
79527,47112.46545556225
79528,19081.639891985447
79529,17787.194056664375
79530,18254.88216308128
79531,44796.42460604185
79532,29098.375617474972
79533,23227.841856662533
79534,24708.222671935324
79535,27674.827713399136
79536,20975.091027340834
79537,19547.95978160304
79538,30938.1014531025
79539,26156.961445409932
79540,23207.248686728995
79541,12505.66171986354
79542,24709.810524624812
79543,16788.87853037334
79544,18393.098487446485
79545,17307.691477546767
79546,15172.603798747255
79547,49505.81453909982
79548,34311.16989388165
79549,7025.433020027851
79550,10187.421210199705
79551,28581.54226565898
79552,14286.847641315093
79553,12874.485525983848
79554,11819.209868362963
79555,22500.918743502072
79556,39609.34052251141
79557,7787.176065701605
79558,24926.750831765003
79559,8197.98967035125
79560,25971.645169111576
79561,17815.484614895668
79562,47353.915526051125
79563,33597.5218302657
79564,21437.650889073942
79565,57612.40672059225
79566,21898.22784698443
79567,13759.675180157144
79568,19750.39896554981
79569,5023.006134526253
79570,12037.069775755741
79571,38916.88353651464
79572,23060.35670261248
79573,14464.641882986649
79574,14116.005594679733
79575,30641.599333400554
79576,33897.004996750715
79577,21634.57982865891
79578,21503.93172446343
79579,30720.6630316889
79580,24285.937825829384
79581,24020.033190715596
79582,26064.144589916086
79583,30542.37150679945
79584,31312.01545883328
79585,24540.84793199424
79586,45328.83706219342
79587,17574.46803083399
79588,19802.646415547966
79589,4346.3883686251775
79590,38768.119032214236
79591,30339.603413438363
79592,13758.730841868275
79593,14120.080952985121
79594,29760.68628636612
79595,20982.926572907592
79596,21308.599945355767
79597,10665.562907203097
79598,9219.7395684976
79599,28997.792997856937
79600,24956.578053913552
79601,14643.28254057464
79602,27297.221123526397
79603,22220.426412736284
79604,17516.55826054504
79605,19231.761449513087
79606,9036.962087816497
79607,14950.385757996077
79608,22131.78076236875
79609,20880.545841418425
79610,24554.717355893088
79611,13127.774347924184
79612,29779.087291511423
79613,31190.632478151834
79614,24986.22729292042
79615,22699.59311684951
79616,26882.087253943922
79617,25318.329653663764
79618,28731.35777825008
79619,11153.809057877997
79620,11594.042301023723
79621,26764.353984178124
79622,8710.066436116545
79623,23303.767162389566
79624,27828.549033219417
79625,25809.005394362644
79626,15069.778225513925
79627,19346.4970794817
79628,18497.8450851876
79629,21644.95127103252
79630,18891.242173859922
79631,28096.35919667277
79632,21782.694760268638
79633,20172.50693105111
79634,6888.430123812057
79635,60396.860796702094
79636,22559.889754946802
79637,16436.250805018095
79638,18362.05062183452
79639,51120.317947376636
79640,11576.352514397619
79641,8318.369166906252
79642,22082.232321972297
79643,48919.29126579816
79644,27577.717840305144
79645,22277.723836960362
79646,30473.331675755857
79647,13726.877195187624
79648,34675.71493130914
79649,52264.66604988393
79650,15465.713764434156
79651,17882.424996905534
79652,11235.04383861006
79653,20739.82200769464
79654,10122.74868341793
79655,30618.376061736424
79656,21272.540612972974
79657,14504.026983590837
79658,23773.460564698024
79659,27966.543969613595
79660,44783.70825454507
79661,23750.06644861104
79662,26829.34848663934
79663,4323.095079335758
79664,21246.77889913992
79665,28239.70685177784
79666,16795.21287113208
79667,18451.71735613028
79668,21103.177978112537
79669,13502.183410996182
79670,14354.59092044174
79671,31510.60149102097
79672,12006.169754078119
79673,31169.997907390345
79674,21911.501526782544
79675,20192.092782703894
79676,17080.636211066383
79677,24858.289227525333
79678,30632.536507511497
79679,16473.36660718086
79680,12683.049669476479
79681,28955.530261990723
79682,13423.967848439266
79683,11360.123916823926
79684,24606.063975659697
79685,30312.145743940193
79686,32701.51221286875
79687,17905.945579882587
79688,14138.355579827468
79689,23476.957386035443
79690,21985.977661725792
79691,34800.39483714198
79692,24391.470514332883
79693,24266.40897993164
79694,12686.72103038946
79695,16587.833899970952
79696,34759.475711346284
79697,12889.510380178925
79698,26777.57486032576
79699,14393.610067460091
79700,16781.362902535788
79701,8166.045422503581
79702,12491.533998248598
79703,13355.09274720133
79704,17871.50867083712
79705,18352.339947439556
79706,22095.62920049501
79707,49503.17928278701
79708,27838.46011403187
79709,17341.297787202224
79710,10701.140918469873
79711,14214.113280282683
79712,24927.430264175193
79713,19233.78154066343
79714,18649.669676949263
79715,21947.854203517956
79716,20341.00373103378
79717,7371.224772915368
79718,11181.83432891679
79719,23298.844897868403
79720,18077.66949683125
79721,22635.89564329427
79722,15331.338986291892
79723,46236.04729533156
79724,34301.46139222246
79725,13411.419389359213
79726,18664.052248071202
79727,21204.53462957935
79728,57061.22855830822
79729,18806.34416837628
79730,21285.2666467615
79731,11701.03654693542
79732,23823.834869131522
79733,11933.076324313262
79734,12930.150615798657
79735,27090.2994249311
79736,12185.468938028069
79737,38118.746088028915
79738,12299.256587357435
79739,26456.521856040643
79740,9296.37697167742
79741,16105.408036361952
79742,9857.312828755601
79743,37043.1154610163
79744,13404.723736296353
79745,17410.337944743154
79746,27144.3320016731
79747,13610.188227870018
79748,28873.826478809886
79749,42932.502233631036
79750,22570.42843815557
79751,19640.756957688867
79752,21383.735183144465
79753,28823.829216416663
79754,25858.16053701943
79755,68412.72113490656
79756,20059.048337618628
79757,24705.91255031154
79758,34769.843230013765
79759,21796.763142456777
79760,50057.549110182525
79761,35445.33917298777
79762,18465.05096787864
79763,30575.926583096836
79764,19446.224422160743
79765,15501.318005458226
79766,17822.971196249768
79767,9216.749971983532
79768,30618.759647881743
79769,18706.494750747115
79770,27834.01291943636
79771,21680.426360276935
79772,30183.364161956124
79773,18252.23472247468
79774,20476.418722943446
79775,14375.17229816131
79776,16761.39579700833
79777,11006.531093397
79778,14633.567501176647
79779,9173.218284791823
79780,10142.417221771026
79781,12322.298895431166
79782,7879.6289229919075
79783,12537.866281830418
79784,16047.94235740466
79785,15875.360296232288
79786,19409.928002038978
79787,31930.279476393156
79788,20718.299397550767
79789,21086.17443899579
79790,27600.954830938004
79791,48952.92698778459
79792,18447.64533694225
79793,18676.774995959462
79794,15114.516232888556
79795,11324.322588633599
79796,16915.50523979649
79797,23390.721534032495
79798,15257.446850933866
79799,22556.358552283215
79800,47907.3069734547
79801,21413.46818846508
79802,20473.367050370467
79803,11661.637523868592
79804,20920.44462214216
79805,27852.02067689094
79806,22096.39729131826
79807,14576.25007966797
79808,13107.710658989054
79809,14252.293812821095
79810,31727.81707589359
79811,19933.461589618968
79812,13669.836072289678
79813,32201.33710515764
79814,21075.392607423953
79815,17549.1557820366
79816,14654.042053943765
79817,17869.38740698118
79818,18377.247105337723
79819,39020.9849157104
79820,24762.11134869991
79821,21329.60307023645
79822,14302.012185059131
79823,17597.62521199344
79824,29716.39774838993
79825,30968.41683308177
79826,10243.282519574404
79827,15141.960665295743
79828,24955.28364896154
79829,27864.681766942835
79830,36684.23128649564
79831,19420.627749180443
79832,31400.423094732207
79833,40586.35507199563
79834,32564.1150813868
79835,18800.46639512922
79836,16357.020383451716
79837,23201.609851628542
79838,18616.293026315547
79839,16638.386022646715
79840,22935.00768375421
79841,16066.184018039456
79842,26256.200319099313
79843,21563.50902289511
79844,19397.846784888734
79845,12698.832308995876
79846,10923.997874782703
79847,10730.164666083925
79848,31792.43318430486
79849,17246.8934076347
79850,29816.056538483623
79851,18216.580657401028
79852,18315.946526245258
79853,29343.51496669971
79854,7441.327367426123
79855,18961.308154890357
79856,28516.43216743505
79857,8761.227389258733
79858,68959.88013660171
79859,15339.827239682725
79860,21166.445339670558
79861,10544.82832264147
79862,22693.220121247454
79863,34098.366106910784
79864,22413.048031165807
79865,39629.261843582986
79866,8574.32926077653
79867,33770.783794973206
79868,16399.594816487606
79869,42189.61788764363
79870,10125.659573263278
79871,16716.605352306968
79872,67143.72969223306
79873,13469.38131492068
79874,29317.49487996984
79875,21722.25992133633
79876,37726.75629320553
79877,15884.903538191946
79878,14431.799836248183
79879,29522.34279892321
79880,38810.91405837118
79881,46214.22673325828
79882,10990.254585199396
79883,23453.573870177235
79884,17541.744164905187
79885,24151.826658151713
79886,30637.847296354747
79887,22526.90005669506
79888,12573.912933048914
79889,20152.501789037313
79890,15299.218937543903
79891,32505.86971038379
79892,17079.728934825558
79893,17823.52115395337
79894,16850.51225195688
79895,12226.681977266648
79896,18350.50684624623
79897,30880.019470009975
79898,19028.403067717718
79899,11566.171608653496
79900,20071.16438707237
79901,26631.417642628297
79902,18152.215734166573
79903,39723.252967152584
79904,25275.55127361167
79905,19050.150622576257
79906,10368.864665230125
79907,22270.181269757955
79908,21139.340351434144
79909,15471.41646868848
79910,17240.306974860905
79911,18214.827596207644
79912,13174.047974360716
79913,10996.189230275659
79914,13350.444116444
79915,8401.146038319817
79916,35111.944808492146
79917,13676.524881390571
79918,38999.27820444756
79919,28189.725699639435
79920,18960.868422885425
79921,19238.187480465087
79922,17349.84061664201
79923,9790.351928353615
79924,11516.96366758184
79925,14767.956577919173
79926,48145.25383116702
79927,27986.100558775965
79928,26491.999153409502
79929,31174.937486808987
79930,7286.279009559879
79931,19546.504335550766
79932,33739.56476223406
79933,23640.743804180212
79934,16824.679106797004
79935,13448.85512623805
79936,12906.076686717646
79937,56528.97079962726
79938,19972.877512038718
79939,32193.369399891264
79940,19933.558951418425
79941,19261.19544879222
79942,19861.23966881643
79943,14118.116743649993
79944,53734.1829155925
79945,16997.76506658812
79946,23292.619001809268
79947,20341.738275597065
79948,51381.58492147583
79949,21095.53764934034
79950,26407.94928803816
79951,35831.13140185324
79952,14343.824677962893
79953,14284.691289857103
79954,25591.892161348034
79955,8582.514651661533
79956,14888.280029263056
79957,10987.844088119678
79958,27870.5259863724
79959,22206.00771577536
79960,29379.643595320333
79961,44633.7276897498
79962,27996.904395562426
79963,23157.413962229955
79964,21282.084044000054
79965,33538.81936902198
79966,9972.001955374519
79967,28812.512592750656
79968,22219.559511221414
79969,34053.65865038569
79970,21155.53200140819
79971,21531.233041012005
79972,19970.56704069065
79973,18326.12418064603
79974,33718.26118474183
79975,35421.022805642584
79976,20384.621251460932
79977,14196.392903711221
79978,40141.903287526955
79979,25929.337394327056
79980,29028.73489716134
79981,23077.246632389346
79982,10662.110229424756
79983,14089.365260272867
79984,14913.90252689547
79985,12393.778294622753
79986,22771.077568304085
79987,30368.641310671395
79988,20019.33999723086
79989,33328.90109622157
79990,10813.719046233677
79991,13781.299802790472
79992,13705.038356885358
79993,22435.424345427025
79994,33620.009785383416
79995,16260.570897161997
79996,49893.55363856705
79997,21468.583906471635
79998,21382.302801555383
79999,26207.533511546753
80000,20947.407886221263
80001,28067.93880089263
80002,24028.373122943714
80003,22913.58461050658
80004,25962.01349979031
80005,21608.03458366004
80006,29138.253034826703
80007,13171.62897699077
80008,14930.724116495152
80009,12216.750440169979
80010,11009.934330755683
80011,24534.398854454084
80012,25520.86364774787
80013,38006.77599476474
80014,22364.30567144733
80015,15824.075357939902
80016,20000.5922154721
80017,7347.681306075641
80018,47628.903122681084
80019,15849.519097973473
80020,29114.810742971436
80021,48277.28428830305
80022,14933.094626776698
80023,32318.75868555603
80024,13274.145415103114
80025,31544.656200113448
80026,14447.510647262668
80027,16719.291637892267
80028,35222.77505663416
80029,15251.246771368867
80030,35604.29637693013
80031,29612.94804917903
80032,29085.12114171836
80033,6992.569530587851
80034,28872.131767548846
80035,22988.140157555223
80036,36084.289518657926
80037,8049.172418847954
80038,32507.378186329308
80039,26761.993407667906
80040,23549.525006532524
80041,30467.73283450479
80042,23417.273720792065
80043,21228.707162380782
80044,51880.36968687332
80045,22344.190565459532
80046,44357.04702334809
80047,19089.67180512735
80048,42901.536894202894
80049,25499.38673595419
80050,24261.355764591135
80051,3894.6449822705977
80052,17243.611223754364
80053,9307.962173642916
80054,26343.002275687482
80055,20216.02146277607
80056,27283.211966518516
80057,27611.99448549311
80058,19027.75317870552
80059,31858.90483348118
80060,28561.58075293687
80061,17886.937009087815
80062,28409.567622297982
80063,24972.646647076548
80064,16035.537716331091
80065,10973.865641812665
80066,33123.51629433654
80067,44949.39984782558
80068,30716.285261686302
80069,35568.905524724054
80070,29641.999907537174
80071,26537.15218925975
80072,19046.123856369853
80073,15536.796197553314
80074,24991.312563926527
80075,34803.253482289336
80076,15386.480880621064
80077,28244.20779143771
80078,14591.21586209122
80079,21861.73278290394
80080,31375.001796171928
80081,13519.195894593297
80082,9251.811138281446
80083,40861.36705267876
80084,30717.12691133543
80085,19968.284574490197
80086,34653.25813284224
80087,6619.967822359341
80088,30767.257399124406
80089,49239.84799626808
80090,24146.336273537745
80091,19678.058658387745
80092,25540.248528895667
80093,26320.0888933554
80094,19709.649391342784
80095,47761.42135997525
80096,16371.273562781573
80097,64580.198709124
80098,44054.22319922366
80099,26237.402776163814
80100,21402.19489148888
80101,20979.025398484126
80102,15119.168782406956
80103,23667.711403941103
80104,9488.34106587628
80105,21236.235643340086
80106,10014.386552519583
80107,23876.05397342352
80108,23749.081086634003
80109,15300.824302406087
80110,26353.74186641736
80111,10989.574153148133
80112,21283.942749313872
80113,31379.359471248987
80114,17319.516740210867
80115,25848.86954070809
80116,13391.172535164485
80117,19088.026784451922
80118,19873.277714356056
80119,21180.585415233705
80120,30023.19911443452
80121,23497.065197695174
80122,10713.029144745968
80123,25942.285231327573
80124,26866.27580433706
80125,11204.914270412619
80126,44946.270629482715
80127,11931.323474027406
80128,20353.080475639967
80129,15380.766113387748
80130,10740.79651638475
80131,40280.8322133785
80132,46629.46432169831
80133,18087.496758378613
80134,21401.40318486823
80135,22525.89481123148
80136,21250.065121120977
80137,30170.165496650392
80138,20543.969156875406
80139,22431.851192806404
80140,15255.995779933399
80141,18025.675430648338
80142,20790.977715157773
80143,19021.618118349157
80144,12626.291972918783
80145,14596.567391619965
80146,36305.11677548487
80147,14472.981794859814
80148,21706.03065475978
80149,22086.41911240411
80150,20324.733922428284
80151,13944.036167521519
80152,16700.129540657457
80153,39207.516447990856
80154,22392.783777155673
80155,35161.55942857996
80156,26430.806665467426
80157,43525.9162872196
80158,23755.57901140651
80159,10122.172826724964
80160,12127.85691214656
80161,21500.091620093423
80162,25314.967643249252
80163,13700.039734621518
80164,11349.01606391255
80165,32425.303161775395
80166,24215.397001515645
80167,26194.769952036528
80168,35591.53837721819
80169,20572.64469987982
80170,12569.738281371136
80171,27141.165782418982
80172,40430.44629815406
80173,30388.91366872037
80174,13299.20832624081
80175,14788.879829784106
80176,22326.72976328832
80177,24132.395025660342
80178,13854.796895635882
80179,32609.933399696216
80180,21050.312029056422
80181,31757.89021426068
80182,29960.087712695466
80183,29297.35709150839
80184,19710.5955750367
80185,54763.20469536632
80186,18073.779530125412
80187,8971.691069962055
80188,19026.70298093999
80189,34947.45299189581
80190,26814.36980983412
80191,21802.58574516727
80192,16841.966505888962
80193,27728.327551630202
80194,55079.520625271005
80195,16094.903714684076
80196,19967.54709877672
80197,14738.3686907194
80198,16382.559565412514
80199,19105.896111706967
80200,18934.526018105826
80201,20759.228149999948
80202,25216.534714064313
80203,24312.08240407066
80204,25151.25194464659
80205,16402.17818911983
80206,11764.947495697721
80207,14314.634384134548
80208,10664.40430494977
80209,14189.480874100645
80210,23233.554891575644
80211,22580.41179456492
80212,11898.605816650192
80213,24573.187907217096
80214,24375.683962363306
80215,9543.017715019758
80216,16549.900730366437
80217,11363.025004488654
80218,12679.215477399486
80219,10123.456037588521
80220,43172.857897657595
80221,18187.960748046484
80222,12567.63441279197
80223,72807.04039195077
80224,16720.316571324616
80225,44637.912958895045
80226,22867.92485473645
80227,20979.63348595853
80228,10823.802598797934
80229,31522.297100312095
80230,30424.558636723254
80231,24996.94801667517
80232,29853.62195480057
80233,25605.881814209028
80234,10107.66804191629
80235,44427.66167943567
80236,18088.110016935647
80237,20810.65592086182
80238,42643.195635009135
80239,9292.181569589302
80240,26596.274253059026
80241,9913.35134354166
80242,32137.114009705765
80243,22246.787491813502
80244,14351.274469423035
80245,27009.723980850933
80246,25657.398608201387
80247,18110.086011394647
80248,21305.956359218966
80249,15289.2045118512
80250,37032.401509368174
80251,26381.433955230477
80252,11727.628535287291
80253,19462.764752711868
80254,13689.923679765696
80255,10838.752848668133
80256,18477.886234278787
80257,24781.056172920893
80258,7803.46514179286
80259,15869.485249074809
80260,34936.085693915426
80261,12362.224251478607
80262,13102.011268728582
80263,18950.150407473924
80264,9510.473671010352
80265,32234.532251964134
80266,13524.65014052757
80267,27273.96172420991
80268,8335.343154786477
80269,18799.573728063384
80270,29446.335404506735
80271,28926.454962287225
80272,19359.59519829046
80273,14723.20475251554
80274,16632.0386706559
80275,14346.135285655484
80276,26095.19258533309
80277,20770.53487899483
80278,13065.647780158055
80279,21381.936603706243
80280,19495.129805469183
80281,19091.376829803765
80282,19415.290790132844
80283,17077.865539310005
80284,10147.571763414504
80285,40049.26266325136
80286,7231.8360797609585
80287,17462.972818573067
80288,23590.46939164012
80289,16516.451172919835
80290,17450.091466079575
80291,37983.97363568687
80292,16067.360566735158
80293,13005.557348784543
80294,11972.590941926104
80295,16623.041856477957
80296,9525.324404978575
80297,17600.377979472658
80298,24898.857027757498
80299,33788.10551491313
80300,10772.927719386978
80301,37708.90292854987
80302,14658.597248271866
80303,15217.170053498332
80304,3572.6342920244647
80305,30622.35071148333
80306,10348.699955250722
80307,20099.673579153485
80308,21178.60926707661
80309,13461.77077247795
80310,17880.508800848227
80311,19484.908125652222
80312,26706.271413718714
80313,25786.39535926635
80314,18631.356347509838
80315,16625.484735029015
80316,13144.95312938722
80317,27216.743883793082
80318,22092.125706990344
80319,26749.053556046383
80320,32107.351532149907
80321,24508.664679965466
80322,14187.138268373224
80323,28240.683240386872
80324,48141.08804338239
80325,22923.345556390195
80326,56174.31029620707
80327,8984.131800149107
80328,17028.530825941267
80329,28410.147734078164
80330,32057.476577896214
80331,22711.098756141633
80332,26740.496332322127
80333,26693.227277933875
80334,18374.023406805347
80335,30648.823079370854
80336,22401.035709306892
80337,19534.41777036689
80338,16144.807018817271
80339,24188.937684723438
80340,14268.196935312053
80341,24410.270235834243
80342,21878.147859177538
80343,13707.35786800287
80344,28788.542545869175
80345,22921.453654870245
80346,23306.382091594263
80347,31017.75047596987
80348,19177.168760557004
80349,11981.535768626658
80350,22455.23873594705
80351,12674.603355330582
80352,47555.654062564834
80353,18878.851361250512
80354,19403.24076799401
80355,4590.526139284393
80356,31264.76237354094
80357,31316.400199555763
80358,44610.96533828254
80359,14424.619510882356
80360,43414.7037251636
80361,45598.60881296992
80362,7594.175517224829
80363,19787.286955149142
80364,19508.92286292179
80365,28384.05259004271
80366,41176.358141363264
80367,17564.575307358245
80368,34206.1807745934
80369,14795.77222315043
80370,17520.34468826621
80371,22124.838943304403
80372,29156.137336366508
80373,30803.700745793925
80374,24599.583939537537
80375,11228.911797055025
80376,18725.923267148577
80377,26543.85071210113
80378,29341.653517200877
80379,17446.780615036154
80380,23474.284601045696
80381,27896.190016744345
80382,20221.74530895797
80383,27178.568745502416
80384,12267.295254779534
80385,28511.115201837667
80386,42505.34464212644
80387,27865.731788475827
80388,25632.326820125832
80389,33337.73149805856
80390,20065.33508537524
80391,36964.29990398883
80392,18366.300029468726
80393,15015.901155918049
80394,14959.567508536731
80395,15021.805680065321
80396,34060.87792823506
80397,27871.871631793132
80398,18114.192541350487
80399,33148.28144338343
80400,15584.803687132702
80401,14785.458830973685
80402,25652.990731026137
80403,13222.266363704557
80404,31670.567044460724
80405,30523.120230463326
80406,24219.613430219328
80407,23532.399773035046
80408,34973.910059069116
80409,13681.494525799075
80410,18113.966664195486
80411,18125.248021599695
80412,23707.946119977714
80413,14992.482094939769
80414,27099.101723512704
80415,12281.37709980656
80416,16830.97268359483
80417,18805.58526918488
80418,19369.36604208417
80419,29748.494926295825
80420,17284.247244521433
80421,20461.760387788952
80422,13232.266716392973
80423,20118.184174958587
80424,10120.126223682171
80425,17307.195228778368
80426,7390.701013794531
80427,8654.34313928574
80428,13759.645073196169
80429,39463.92261662092
80430,11487.33798486805
80431,29935.43401566519
80432,8474.211162159974
80433,21191.237710526068
80434,16067.673469157675
80435,13097.471419512709
80436,17343.567941099518
80437,9388.189600652815
80438,66729.02960186846
80439,25251.2434950353
80440,58223.4998875326
80441,14684.74714482839
80442,14195.368348887147
80443,31673.713545425955
80444,29661.46585621509
80445,10787.86523478351
80446,31435.001688587145
80447,10741.749211672266
80448,13636.801938842136
80449,12345.428083121053
80450,14349.84992190418
80451,28631.93897611645
80452,11789.522415172447
80453,17468.37105788721
80454,9346.085367413565
80455,25777.116624038303
80456,20929.299999145813
80457,16262.766334793552
80458,25355.53694825799
80459,20484.200378093177
80460,15414.48769009854
80461,28427.301093808594
80462,25611.850091546337
80463,25480.618785804192
80464,17088.277583020958
80465,4679.035590244021
80466,3765.073472061903
80467,28230.02219027173
80468,18295.12843424687
80469,12482.020284674187
80470,25817.450111166374
80471,16856.173763308205
80472,12529.155259290073
80473,25004.367756647676
80474,16557.82893471596
80475,12317.957219375628
80476,9312.049214038685
80477,22969.86033695648
80478,10707.834850728466
80479,23308.9933651983
80480,16821.408998837946
80481,18654.799779805686
80482,23045.328290092813
80483,13210.050839677406
80484,57183.157986060556
80485,22544.107483933087
80486,18858.512963931375
80487,11784.182689871837
80488,15184.956240262833
80489,9491.046719962473
80490,25083.21528312911
80491,20314.575407485958
80492,22511.82041982084
80493,24264.549795728584
80494,24285.73926144465
80495,23992.923622541977
80496,21321.658574836223
80497,9575.40746628986
80498,18573.12895482636
80499,24601.72498006374
80500,12243.793320149221
80501,19877.273633293316
80502,19083.587349981244
80503,25541.518143730766
80504,29220.913879825457
80505,10516.429185638724
80506,7706.927085221664
80507,17607.990787811184
80508,14154.025374393208
80509,45794.80994735055
80510,17739.795816802765
80511,64104.19120989055
80512,15405.681881214537
80513,52023.164040142394
80514,15358.524478540756
80515,39718.50228644915
80516,15671.81641314545
80517,13412.749120639044
80518,26148.993142693187
80519,32884.990318846976
80520,20394.14443047673
80521,24746.542833026906
80522,18774.004736312112
80523,16149.430890059215
80524,25852.723106517795
80525,30122.599116999874
80526,43275.80239804745
80527,29315.32832387232
80528,27931.857186054593
80529,23187.75128656375
80530,13083.711467908377
80531,19506.65959489702
80532,13363.59124849298
80533,16488.632146505006
80534,13285.19735308883
80535,22303.411541806345
80536,22525.417956709007
80537,21700.48829530462
80538,46438.40697248762
80539,34407.462696731585
80540,17056.357232994633
80541,26610.327270440772
80542,42026.327776187434
80543,22979.039473373712
80544,44994.77556784666
80545,12780.215002585966
80546,28668.04869051589
80547,27757.75703295597
80548,25875.162668005203
80549,14504.571656107155
80550,15173.048752955652
80551,19690.264509273857
80552,32593.45331180928
80553,10239.31623347999
80554,31619.13802787002
80555,28143.268272267313
80556,26225.206864821044
80557,26451.904835324473
80558,11024.744228425774
80559,17506.330999624166
80560,19156.420322362657
80561,34793.179334158805
80562,20107.5824436128
80563,18879.90488848567
80564,31897.68012389673
80565,11060.964387316973
80566,30309.50825483079
80567,13459.499427018385
80568,21314.22078272283
80569,11896.56875795745
80570,33468.376572228226
80571,21270.261232874072
80572,10316.481032824526
80573,16189.505214505756
80574,19065.299997973547
80575,16652.884068792257
80576,26966.081903712293
80577,8673.248595761923
80578,28998.47228352308
80579,11560.118023150884
80580,15922.954197973355
80581,23004.399109375932
80582,13365.119129303832
80583,11875.140247383133
80584,16806.277656376365
80585,27389.041800350857
80586,26296.306970116653
80587,34014.44374641648
80588,20928.462182897703
80589,75741.68226958296
80590,30457.16757342341
80591,54249.73260034548
80592,23888.802341036113
80593,58823.80667646279
80594,15303.438684594563
80595,22034.66929008886
80596,11412.902828180748
80597,27111.232990536304
80598,21596.156358180793
80599,8521.634669961362
80600,65817.48866155867
80601,34109.06151060011
80602,17729.914455874594
80603,14211.505779434392
80604,33553.32829327261
80605,13393.471116510655
80606,16224.380366700083
80607,18528.96439036825
80608,14184.554685045769
80609,30162.49806993485
80610,14032.17917692404
80611,48058.013694582
80612,21438.325497818998
80613,17568.00192923487
80614,26633.26862781849
80615,32285.323039440198
80616,42785.121497683474
80617,14579.49099899372
80618,34246.47890317201
80619,18498.412937220204
80620,17917.069657409942
80621,23874.613820567203
80622,27831.608228734218
80623,34350.61202421584
80624,14364.568966966795
80625,17243.215074790558
80626,31644.190527313913
80627,13772.026453551744
80628,37335.35320856402
80629,12317.766018710068
80630,19499.879091455932
80631,47488.316017631856
80632,21431.10759626368
80633,29835.31993293234
80634,46613.9458739946
80635,21932.398690581493
80636,12279.21951082982
80637,22266.735936779263
80638,35910.43597120251
80639,11923.895225653989
80640,17462.35153344769
80641,29637.229372470145
80642,21370.828122547624
80643,15664.891471616582
80644,24995.106396050818
80645,63615.62098735737
80646,22392.783777155673
80647,24157.155580005397
80648,31937.446858654206
80649,18911.704733485538
80650,22193.248442934768
80651,15728.152798470901
80652,24832.85555153465
80653,31606.12625196344
80654,26782.675493891278
80655,20707.972638666357
80656,12997.34706912027
80657,27859.024442008104
80658,12122.661591542668
80659,42205.933434478495
80660,14961.598800897125
80661,10940.052680632043
80662,32148.584831503755
80663,34182.31108433896
80664,27724.840685858795
80665,10728.202941692969
80666,19409.34115517942
80667,23299.55063425059
80668,14024.690588452191
80669,20429.32040655327
80670,23238.05024872203
80671,15382.662002068777
80672,25704.798372474695
80673,22388.797268188708
80674,19576.628353282522
80675,13027.905882294062
80676,31013.892661103433
80677,12228.006920519772
80678,27669.066942332436
80679,11412.066757062848
80680,19136.365959013972
80681,33046.13164581377
80682,21039.373737408787
80683,40202.428401134915
80684,26608.60083409331
80685,12059.56663642288
80686,25119.07406767916
80687,25111.28065688719
80688,35035.55238637195
80689,11073.553215889913
80690,19434.369257196147
80691,33470.0646783626
80692,14615.239403998268
80693,13859.624524052037
80694,2789.849484866092
80695,12631.742830895155
80696,11417.685518908715
80697,17140.185487059603
80698,26013.501139677082
80699,21403.227277653423
80700,36323.356961897385
80701,15072.686101060393
80702,13524.085980858152
80703,39352.0120683511
80704,36423.236978085166
80705,23710.25111227093
80706,10395.93774754678
80707,17087.867529081905
80708,14496.471530917943
80709,14763.254283026246
80710,28045.640424730085
80711,21411.53771357583
80712,18656.023770670232
80713,11740.970602015546
80714,28375.41819442188
80715,22443.60750850248
80716,20142.215019131945
80717,15048.356300485379
80718,37484.51881409672
80719,10326.789073846647
80720,13654.37180464718
80721,29217.069783029736
80722,8110.924452213107
80723,19261.046427438207
80724,15625.578317242636
80725,18264.532683485224
80726,25233.06480052549
80727,23139.207885131953
80728,20058.828670613133
80729,7187.07889043186
80730,15534.840668856486
80731,12417.587663673885
80732,21769.427466355453
80733,33412.78811179472
80734,24179.904050354282
80735,27145.758452824615
80736,15701.694172726855
80737,20544.64635130586
80738,33588.34411211027
80739,17616.556745958504
80740,23558.153185337265
80741,28432.238271987626
80742,17224.18656662106
80743,20977.254330571785
80744,36689.293742157606
80745,34167.13205644247
80746,46823.95052632768
80747,26075.976519631564
80748,26581.986377510497
80749,28807.68191279282
80750,56780.017501124996
80751,29245.44498199537
80752,9740.637422676797
80753,26807.54666244289
80754,27356.131343555677
80755,16206.872216804803
80756,16330.80868900822
80757,14192.74976214884
80758,16212.407153365417
80759,32772.73097917948
80760,19241.038018062598
80761,12733.873668214506
80762,26703.659050072874
80763,23308.622183751457
80764,18336.465248855347
80765,17905.089966874202
80766,14541.187217505114
80767,14602.624581850054
80768,11225.246273394167
80769,27661.570388110213
80770,33815.01514017737
80771,6200.524645602954
80772,20638.028276097502
80773,9804.849677184477
80774,26698.318009604664
80775,51018.49562208184
80776,9865.134773604117
80777,35812.94273140166
80778,20331.64813903028
80779,46430.018503026135
80780,27853.507732328355
80781,30252.070158896982
80782,51914.77819575212
80783,18166.922718393063
80784,14177.412178827144
80785,24208.67907423548
80786,19325.496079455017
80787,12827.422504835264
80788,17564.56364742576
80789,47384.815418666425
80790,27157.916983294235
80791,67583.37974851864
80792,11684.002207743924
80793,12773.245575783501
80794,28670.380257369565
80795,13594.08534155536
80796,22455.944300372623
80797,23996.791487751878
80798,13709.823001263961
80799,9717.47053412032
80800,21571.367192820067
80801,17076.896146274205
80802,33299.617144707605
80803,21978.98384780075
80804,15635.821724493278
80805,19359.132336877854
80806,20261.147378809757
80807,23454.62737691796
80808,64461.36619428421
80809,12200.726389131905
80810,37273.024810037954
80811,12123.140985146778
80812,31676.537235968488
80813,16745.541009362947
80814,11050.939630305296
80815,16054.54540940034
80816,37851.449145915896
80817,10479.116254223009
80818,9068.806471420892
80819,5600.104041996293
80820,11751.99135302456
80821,8238.687768712909
80822,21355.501678422497
80823,13444.679319663755
80824,29129.974259954688
80825,19593.206351975074
80826,15490.909591136475
80827,24021.1447647216
80828,29018.98138976796
80829,16631.02972842345
80830,14640.81627074422
80831,22652.713095492716
80832,10242.626878727073
80833,12063.676192544357
80834,18959.371591587427
80835,11101.930891352345
80836,20956.83965517896
80837,23905.096409165326
80838,29017.782439856644
80839,27171.68653498646
80840,24852.315711547853
80841,23869.203161374207
80842,53138.68198494584
80843,15305.713010375515
80844,7106.044757369282
80845,24547.42376887035
80846,17447.467731782108
80847,28280.397675365144
80848,29366.316761075304
80849,31488.603033068754
80850,27961.557425805986
80851,31658.53541615826
80852,26138.87723051559
80853,14879.662110662928
80854,20418.852010353123
80855,31022.51412212519
80856,17412.963418762243
80857,25440.76037152467
80858,10926.75889775883
80859,11103.278373497838
80860,22704.37145042488
80861,16299.432942440293
80862,24301.26657781919
80863,16013.760836211453
80864,17186.447182517033
80865,18033.488288819768
80866,19572.521538349312
80867,33491.941337676064
80868,14809.175459309217
80869,22234.294511275155
80870,18062.44593416783
80871,11482.701110359114
80872,12629.495916721451
80873,15647.143947455608
80874,30362.384061979144
80875,46451.27778443722
80876,22439.233613958626
80877,22158.8698848262
80878,21466.000478724844
80879,28740.004805683508
80880,17093.46851382817
80881,10342.295124225433
80882,21433.78440039646
80883,15734.93165302669
80884,15498.373910026343
80885,33824.282125553495
80886,14227.487961419984
80887,14511.444491572376
80888,11331.67669649879
80889,57232.44116985349
80890,18527.72118547045
80891,25112.589733353914
80892,21714.781409551535
80893,24609.34212065877
80894,47300.716325043395
80895,13699.921034529458
80896,24276.41541204318
80897,28642.96781910728
80898,13349.172531128657
80899,29899.09478702259
80900,9981.412586429005
80901,33250.04301095834
80902,19176.54975972659
80903,27230.44950399587
80904,35394.81295745758
80905,32414.458390401276
80906,9921.916632259792
80907,9840.741356058446
80908,57414.858362327184
80909,21698.376778863425
80910,38704.70343368816
80911,65844.46392338011
80912,23330.292626319373
80913,26775.55030777822
80914,36306.548838084505
80915,9872.163025014468
80916,25785.118965854854
80917,19854.90812069475
80918,25065.17233624658
80919,13115.21663544275
80920,21358.89830153215
80921,28360.939218676787
80922,17762.941926401683
80923,30065.032486848755
80924,29453.63036718566
80925,49492.23654453411
80926,12054.385998062204
80927,26725.332748592376
80928,31153.52888740256
80929,21854.669456853808
80930,14894.40614462486
80931,16750.020833421244
80932,64143.76292103282
80933,12833.683100592887
80934,17876.09975431838
80935,10886.534933358127
80936,15202.00294778882
80937,18182.704459710323
80938,29667.1795931526
80939,23185.353334983032
80940,31402.212855897767
80941,21118.19190942117
80942,10722.573632509884
80943,11580.05345163162
80944,35919.70227415166
80945,28133.16975363036
80946,21732.75678635104
80947,17508.626319411105
80948,14692.13781723442
80949,17831.943060662696
80950,46573.78854961741
80951,34589.69438289645
80952,30108.1728619121
80953,19286.94421244503
80954,12679.08250580158
80955,38079.137290087034
80956,13495.22768757432
80957,26787.112216041736
80958,29519.555018090236
80959,45572.88782076149
80960,14215.120587275065
80961,10990.641802193171
80962,47314.76565628767
80963,23399.84836299481
80964,21028.018733921683
80965,16260.419954492383
80966,12779.677226309068
80967,19303.45374959227
80968,20893.532231592293
80969,16036.406321756484
80970,19700.812939429
80971,34419.63185330974
80972,17394.230547049112
80973,17247.637965708695
80974,25026.06362855954
80975,20299.75938375083
80976,13918.85049249642
80977,32639.42928726445
80978,27103.462145105033
80979,18580.26111874462
80980,22677.61703607426
80981,35725.8667100789
80982,23466.614501108936
80983,19650.9751455837
80984,12670.870791150874
80985,27967.47268955528
80986,14897.483482785452
80987,16461.53481158953
80988,47697.62988053949
80989,24934.35458288469
80990,11173.114372674823
80991,13800.79986592848
80992,12824.40928194964
80993,27608.745540430813
80994,23818.03486790499
80995,23440.451788336468
80996,48343.497212921284
80997,23432.709222054058
80998,22154.09597556085
80999,6505.152237518828
81000,43082.90535051984
81001,25032.513031046998
81002,16788.339422375175
81003,23373.073681412716
81004,19930.96601166975
81005,58904.620910748
81006,39339.69647319798
81007,28000.457218472016
81008,13373.654521401844
81009,47590.82522154769
81010,16846.28199689944
81011,10960.865469773991
81012,11462.084971939406
81013,19702.31921356205
81014,35577.323305693666
81015,15848.105832703513
81016,19764.893902449963
81017,14192.979911785467
81018,18340.586272770262
81019,28374.725516725084
81020,29904.01385050043
81021,13796.61086404968
81022,11748.297244823922
81023,27974.769339422186
81024,11629.041341876586
81025,25238.59445874721
81026,9595.238956935707
81027,34284.53019420014
81028,27040.836977306644
81029,38922.53015802608
81030,17050.537501305764
81031,16507.22939775022
81032,20210.40719355978
81033,20743.013143816155
81034,19956.254679473583
81035,42077.19046983838
81036,14777.486951332581
81037,11301.093695224372
81038,33805.79917186605
81039,12545.680640401468
81040,13466.675051608021
81041,13606.615609980794
81042,17612.069606520487
81043,17528.050567996048
81044,17432.721396692847
81045,28083.34653591784
81046,32549.208406991944
81047,35467.25395038528
81048,14798.036756940583
81049,29188.629320859916
81050,20976.74241530959
81051,28997.736407903292
81052,7167.898998548779
81053,38918.44849699516
81054,16263.716106260372
81055,6367.368740932556
81056,7958.0949940341925
81057,9345.369122365104
81058,16502.76399869794
81059,19400.19214702403
81060,20759.639877833175
81061,16477.035597763504
81062,14313.220196027563
81063,18663.92577280939
81064,13118.690967196982
81065,15069.778225513925
81066,26691.558347332822
81067,46955.366431015405
81068,40579.555126298816
81069,17415.232972260525
81070,28200.882798012215
81071,47840.62492428861
81072,17311.84072423274
81073,27165.457968092014
81074,64018.78830193174
81075,45436.09117075127
81076,39470.93545657267
81077,21818.77157043072
81078,32904.63282296995
81079,33677.2431369845
81080,50288.294059334614
81081,8422.670383287228
81082,22278.212393463044
81083,29474.39237666755
81084,35642.301901821345
81085,26259.231647307548
81086,22690.337071343307
81087,14746.935176108247
81088,11270.331273777272
81089,29868.298900180853
81090,25615.047133268978
81091,63034.75444263994
81092,18628.70399881115
81093,12432.251876206488
81094,18238.524441939146
81095,17099.766964104663
81096,21806.589997439034
81097,23690.881127636334
81098,21599.828371152023
81099,11111.411676053369
81100,15348.68915288034
81101,13838.918932401382
81102,19788.869390318487
81103,32311.319688423995
81104,17101.49307359457
81105,14797.70633217871
81106,27695.499003708483
81107,24791.082909136334
81108,10891.646545076745
81109,35632.531486574895
81110,17761.364382901687
81111,21580.809400929913
81112,21645.454011289177
81113,25858.202976473855
81114,27623.3697962661
81115,40951.95333822438
81116,14375.105290874908
81117,45630.727355726456
81118,27090.2066803607
81119,22895.942207316897
81120,16999.36800367186
81121,49282.251378534595
81122,18094.88433853199
81123,11454.201363829754
81124,18509.945637190624
81125,17911.527835479454
81126,9196.021332176359
81127,17252.13133945116
81128,15538.22796291528
81129,12937.613289633357
81130,16447.566449645914
81131,21415.124275867507
81132,15476.09237215585
81133,33632.15582348166
81134,41815.10935677508
81135,21787.91584752137
81136,23150.496956435803
81137,31528.5277903908
81138,32874.93078312756
81139,15148.536893851926
81140,10253.658972118461
81141,19413.474786162195
81142,37580.68909729967
81143,16966.105248401436
81144,23300.873813136182
81145,12981.54914079597
81146,16927.62233786038
81147,19771.761318840967
81148,21942.416486560596
81149,29429.123251844438
81150,32075.09815850181
81151,22940.88038334562
81152,15716.36695493557
81153,22315.644802441184
81154,11765.035492194602
81155,26493.749627794066
81156,31565.85997556358
81157,11261.274637304012
81158,16739.233275255985
81159,33185.14266108094
81160,26320.790535704502
81161,24786.29931508209
81162,32454.665531763058
81163,17774.3348529544
81164,12893.107542554595
81165,18851.362409205758
81166,20204.06943939263
81167,15012.706836530664
81168,15261.549910913705
81169,28093.4128079514
81170,10633.319867545359
81171,19707.334393467427
81172,26568.03086644553
81173,53787.70718372753
81174,26018.374073468494
81175,12269.127669202984
81176,29878.905189243902
81177,23681.347424101612
81178,33295.32591931188
81179,11118.72031783832
81180,16781.806858388212
81181,17926.88586360746
81182,33230.711220245474
81183,47535.97430421337
81184,13600.18526532299
81185,28101.53002428013
81186,14367.831735577833
81187,30240.734552234586
81188,14798.192290368457
81189,16834.31337241281
81190,22207.277686017405
81191,28893.599223055775
81192,8605.794912664023
81193,25554.62423320267
81194,25483.18561360758
81195,16202.196194339183
81196,26950.26195554801
81197,13725.744707548152
81198,12989.53802819693
81199,21049.129677851488
81200,16384.093450681365
81201,19257.23666160454
81202,21159.564792337605
81203,13474.305592684554
81204,19596.66264212344
81205,30625.274434327053
81206,20197.30395297606
81207,22696.588231839185
81208,14023.586756637249
81209,19884.795180338508
81210,13550.254207964714
81211,17081.947502570678
81212,25893.175292051994
81213,35672.3550105773
81214,31656.080501828284
81215,23626.44037791078
81216,31684.813464862662
81217,22578.28561218715
81218,22924.898635244062
81219,17305.529944788268
81220,31435.600342144025
81221,36395.59906534057
81222,33233.28700462192
81223,14842.670272948173
81224,20537.653812590208
81225,13834.093275124898
81226,11481.783295371291
81227,18845.24904991997
81228,22281.819448562423
81229,20731.090994384744
81230,14329.288902688877
81231,30124.04586929847
81232,27197.73108955742
81233,4582.696830973088
81234,26908.46419309675
81235,35075.13276793795
81236,26454.83058370277
81237,18750.00702982732
81238,11814.081451739177
81239,17541.75449518227
81240,21242.69358631174
81241,12010.189012553605
81242,16032.137349274573
81243,21685.2018498556
81244,19977.054392339287
81245,22244.51768443193
81246,25074.355103091937
81247,14754.66208910376
81248,19443.558219019375
81249,55748.85227847631
81250,24251.54664204867
81251,10709.018097151089
81252,27688.00057633517
81253,21657.82593664244
81254,33405.4458382517
81255,34056.13770872266
81256,25001.381299144145
81257,15239.737294464143
81258,17228.848674719025
81259,20541.336362397
81260,25407.356717059352
81261,4638.519539948122
81262,11139.95587557277
81263,13976.94052007347
81264,30907.818652795148
81265,13127.714884318237
81266,21001.851958658517
81267,40537.69417265071
81268,35445.804467141286
81269,30585.732079506834
81270,11038.798281275402
81271,14725.13620467318
81272,15842.383916797378
81273,13870.672928615997
81274,14253.726006506466
81275,29284.273781450232
81276,19759.14474087384
81277,9626.920954617162
81278,9038.22951516092
81279,10105.71801079289
81280,27032.792779833435
81281,12017.884012748167
81282,28649.33848866098
81283,23099.318640669248
81284,20121.974584836888
81285,19615.34617813633
81286,10247.514194047035
81287,10637.513463430876
81288,18116.811213708643
81289,4641.714082442899
81290,20051.401401094354
81291,14985.9795546307
81292,17532.38624387448
81293,16047.259838165213
81294,11732.513802208505
81295,42612.13041485046
81296,13845.119174069547
81297,29633.438379869105
81298,13899.25616948057
81299,32516.41218422965
81300,30993.651277356177
81301,18730.720882874375
81302,28177.999033167252
81303,17577.615598757715
81304,10690.439180470963
81305,24132.944196714994
81306,33405.82581374727
81307,28020.60427825299
81308,16686.117464035386
81309,7544.262325821921
81310,25514.842978360586
81311,35374.138173668805
81312,26949.37618765747
81313,14780.392844414391
81314,57284.0696682089
81315,11684.126754770428
81316,13978.57565312319
81317,14592.4500320167
81318,52988.141698565465
81319,21521.776966165875
81320,18078.59673756249
81321,26381.433955230477
81322,73536.42346259493
81323,21577.357761449464
81324,20888.11486255964
81325,25055.881450219316
81326,13466.64532899039
81327,10185.548955416914
81328,22673.418210170683
81329,40914.47246755204
81330,47138.43001459322
81331,26707.989955002144
81332,48240.537617720875
81333,16234.820784479805
81334,68775.064514742
81335,20772.5101542952
81336,16361.695688255206
81337,14857.344425926847
81338,19805.967677046698
81339,13220.937835956749
81340,34616.07366029611
81341,56330.40994760353
81342,13879.175771987519
81343,30033.71016122504
81344,15939.098101292693
81345,27205.811404922006
81346,20247.96815823085
81347,25173.981327330323
81348,15640.452267250614
81349,12867.616192020947
81350,13997.136473016595
81351,31565.85997556358
81352,21755.275341232646
81353,17195.279849786122
81354,20692.08484529984
81355,46028.93485926023
81356,27587.374889301085
81357,16984.713890694497
81358,30738.12928093627
81359,15133.290324584374
81360,9101.202642043587
81361,23100.040399988484
81362,14156.821715893293
81363,35334.54653504976
81364,12157.572185474213
81365,24486.600004311313
81366,18057.85253850177
81367,21696.652926486066
81368,15464.244929507255
81369,27954.9093691726
81370,16361.333132531394
81371,14071.164186970105
81372,29048.853029687445
81373,17170.144859415173
81374,21194.035042921863
81375,31135.38730825743
81376,23989.621176945002
81377,15413.190339318702
81378,13610.388766017011
81379,21129.922961439785
81380,12689.196415649376
81381,30692.602763787814
81382,18842.221541331903
81383,15313.185228101976
81384,17821.4514171508
81385,13479.013482574908
81386,22861.97445033723
81387,13602.256481253617
81388,12006.046506733845
81389,23468.344615439408
81390,9462.811524020617
81391,9323.727003646956
81392,25409.78670335987
81393,11796.280661453602
81394,11735.010583883251
81395,14848.52082266739
81396,32328.872928819845
81397,21709.439146304518
81398,16378.714902785048
81399,10952.811969238153
81400,17001.818603925833
81401,15260.49444377921
81402,16556.985945713102
81403,30532.32513942523
81404,21952.574639765502
81405,11902.50571718391
81406,31705.083408256767
81407,18227.415121245278
81408,18616.75370948973
81409,13450.899935753547
81410,16472.59713880806
81411,13141.041114842248
81412,16782.889038596255
81413,14006.239064925483
81414,14240.87209588156
81415,15626.789430911245
81416,51194.75048692097
81417,29847.406385509727
81418,26782.250098756933
81419,21275.423186897588
81420,30508.545874045638
81421,37574.11463742881
81422,15981.75943217847
81423,25657.84195638907
81424,10079.152492339692
81425,20759.033728139933
81426,15288.879219878356
81427,13442.836546889755
81428,10013.018032139516
81429,2980.02573636914
81430,21420.35661601279
81431,15242.359833330174
81432,22277.605073316998
81433,22382.50295827168
81434,21169.945395315503
81435,29432.901504725836
81436,10407.845153069535
81437,15389.500387779928
81438,28640.097912593694
81439,4714.694537893739
81440,21208.7203198695
81441,32258.980480296254
81442,40555.195540954184
81443,16508.576240335497
81444,15386.620310594182
81445,15864.298962049943
81446,12324.210009172248
81447,14265.353298403068
81448,14007.732525517022
81449,13222.931317080478
81450,10003.388865594548
81451,22351.168828613958
81452,11609.664255817632
81453,11788.946906177789
81454,18078.238635747908
81455,18962.26463408227
81456,10656.675516076997
81457,33600.49702989097
81458,12561.419397216532
81459,23643.53967867961
81460,27838.923359123895
81461,27258.572343215645
81462,13426.699576125677
81463,14109.408620789734
81464,14277.748920569786
81465,20979.616925844402
81466,21416.803344840166
81467,13444.588391448397
81468,33555.94195137788
81469,20151.963543768725
81470,38801.81210811889
81471,22876.88421070131
81472,10177.418205678703
81473,22111.653176940337
81474,24926.90405734153
81475,21671.418662455544
81476,14031.746583732298
81477,57808.48572287243
81478,27619.70060100172
81479,23264.25504181138
81480,25892.56243059937
81481,44891.35531615088
81482,11912.428600848747
81483,17864.68556696079
81484,7223.678650129986
81485,20975.943018241494
81486,31897.54631350681
81487,57744.9261499861
81488,46645.89012905622
81489,26670.631989237616
81490,14953.470003732158
81491,14312.716020031374
81492,16072.15711136327
81493,19645.983940225262
81494,10947.399745687018
81495,28949.34509423755
81496,18378.73364081729
81497,29047.80086656176
81498,21114.361845612122
81499,33796.10084919791
81500,35861.285005997524
81501,28210.457155932454
81502,30206.629752280518
81503,43084.66394293337
81504,24592.90432396729
81505,50389.207358128486
81506,31994.57270916724
81507,28904.324319164967
81508,29253.909138777322
81509,15035.212938973807
81510,22623.034440172283
81511,34464.55503798988
81512,37656.01095138391
81513,10751.312357008983
81514,15995.263577018364
81515,18887.151107727434
81516,43821.71044601794
81517,11251.216700437883
81518,12795.697999459344
81519,21573.830211900684
81520,31138.487547687262
81521,22829.7530419427
81522,14395.759938162451
81523,22868.603050262183
81524,21081.500790268685
81525,29266.460943310718
81526,22415.140460132014
81527,26262.087618256213
81528,20276.898468762276
81529,20646.32633893202
81530,9606.061100503734
81531,24364.512111415967
81532,43191.50876048324
81533,41897.79573059007
81534,16983.468060677224
81535,21188.290000351553
81536,26893.379158284064
81537,13633.908365604979
81538,11923.473591152197
81539,18865.20251330309
81540,22861.58361076165
81541,18177.28521013875
81542,27377.589436201346
81543,16510.450076666595
81544,19108.635954395177
81545,14272.681727623687
81546,20998.556328152285
81547,27607.308719430323
81548,15294.774940625104
81549,48306.19588279523
81550,14860.641714845005
81551,32974.58703788853
81552,15935.166922969023
81553,17871.42122088857
81554,47995.086944216964
81555,24954.843860920842
81556,36252.09285731567
81557,26899.03446496962
81558,21245.05823761649
81559,17370.883695411867
81560,32891.076493331864
81561,17743.468522229996
81562,13153.223500502438
81563,36600.17301654815
81564,23574.280813910267
81565,21950.11407266515
81566,24258.889947281816
81567,4844.517998479955
81568,16944.502138281183
81569,14922.416608824875
81570,27464.311859870202
81571,17364.501252861708
81572,37663.00831146675
81573,26473.361655358898
81574,31359.916176578103
81575,43481.76846310666
81576,25338.996340272253
81577,30615.880881640514
81578,23848.516882954536
81579,26716.33484884262
81580,43963.4881474431
81581,27460.967385481115
81582,12110.785978015914
81583,29746.13448261383
81584,14877.40003457625
81585,10796.671949107233
81586,62422.6129984681
81587,9558.192876000485
81588,27857.710949011478
81589,15846.33177449053
81590,27244.737303455826
81591,15224.346401140818
81592,21219.249064322983
81593,12833.080423532514
81594,8856.254736401344
81595,33778.98080971046
81596,22328.163387690063
81597,19799.933177726885
81598,11621.80827648143
81599,34177.57447024232
81600,19214.769934588912
81601,33870.02070195246
81602,8957.94318932491
81603,16781.206360450422
81604,48620.92475880825
81605,20461.33147072721
81606,11402.94228035001
81607,10743.987367533606
81608,19989.140526974978
81609,24762.65990608377
81610,11422.27902853458
81611,4375.962273352043
81612,20733.52798061097
81613,22040.634516560105
81614,27239.145314827016
81615,17433.66010489424
81616,35334.74683690313
81617,12242.70928616098
81618,15941.766841378303
81619,43953.30528598897
81620,17132.10289037015
81621,9593.779628963173
81622,22133.038301458826
81623,29002.414148713247
81624,20056.341542030794
81625,18343.883345621027
81626,13250.461013925333
81627,18737.145365689277
81628,10268.5566342479
81629,57244.09894828416
81630,23957.854899445832
81631,14074.629165329054
81632,52508.11896815682
81633,28511.01805426301
81634,16754.64686763462
81635,36324.618750904316
81636,13113.601833304798
81637,16963.811539530267
81638,37965.73146861916
81639,11314.0605032363
81640,20051.247083945018
81641,28445.34026824725
81642,25748.201485184345
81643,14075.937216726568
81644,20159.799486344175
81645,33249.104850413125
81646,28394.332647283307
81647,36036.38916241007
81648,20639.775597000353
81649,8626.841795203618
81650,31456.6128445921
81651,12568.177576473134
81652,27626.48654056839
81653,2991.1473390311485
81654,13079.290359408531
81655,17741.5896476263
81656,19688.75957530044
81657,23733.924133020133
81658,15393.513548566702
81659,33592.622266844715
81660,22905.607776603127
81661,13610.413519471978
81662,36284.186553783526
81663,13319.329778657919
81664,10488.672838267768
81665,21769.209523110934
81666,15175.891230463032
81667,32526.016927621626
81668,29063.97516166115
81669,27835.887068227326
81670,23114.43101259671
81671,14927.227172371306
81672,21176.526153227496
81673,26836.49574357287
81674,19931.221003097588
81675,16824.842650577448
81676,21537.633128441543
81677,54272.0182408151
81678,12351.398752115141
81679,22748.10440566596
81680,26013.961141167005
81681,16813.78571186879
81682,22525.120711469826
81683,6518.439268500003
81684,29229.521295745828
81685,28517.77620068261
81686,19785.298516330142
81687,11806.382434671617
81688,14271.271171271554
81689,10040.33260244489
81690,14505.518481624233
81691,36735.84392670396
81692,12560.31656352688
81693,27467.75435207191
81694,24549.972470322013
81695,29647.82102378399
81696,36529.1780767741
81697,28709.50769486142
81698,37913.45235810591
81699,16628.76571517323
81700,28673.79702950732
81701,15654.440760529631
81702,41204.80006347489
81703,17745.178343943804
81704,27095.630034926646
81705,21009.88282930581
81706,9708.359163911522
81707,17451.117725417298
81708,31139.686130450238
81709,33645.55819689859
81710,17316.435792706998
81711,19068.264700076517
81712,16793.825722018533
81713,24608.69940166969
81714,13302.939816176779
81715,28562.39574422776
81716,12683.809351069318
81717,31256.41313842508
81718,21498.914229582493
81719,9160.388072328262
81720,19465.64259967268
81721,27165.457968092014
81722,15050.033786455635
81723,34670.52796790384
81724,10723.27394748424
81725,31871.677941116992
81726,12146.313113978515
81727,38250.65163713656
81728,16020.963941173251
81729,30428.397310695414
81730,53667.36205232206
81731,25071.076389620357
81732,12987.010749209487
81733,14821.948585139175
81734,35418.314177174165
81735,14132.389411536971
81736,30659.674391097997
81737,15972.037581893986
81738,17533.440182431983
81739,11927.95451418711
81740,17026.585397915882
81741,32975.75701024405
81742,20267.941857862934
81743,30682.10289108069
81744,22843.727804771075
81745,31505.235557375316
81746,16326.221582125994
81747,11995.925516316722
81748,18555.219543213017
81749,26990.861757308907
81750,11836.69828655215
81751,38688.46210599055
81752,15253.893790299677
81753,34284.13633343938
81754,33456.80557873109
81755,20638.021730550583
81756,34962.94360659345
81757,14750.923426534275
81758,18996.739390070183
81759,27145.8967780675
81760,13125.884428509748
81761,53004.892205579876
81762,14517.50899727402
81763,13174.56802368687
81764,18574.462785825544
81765,27622.569643333187
81766,23528.646054344244
81767,26746.95926640521
81768,32591.910621214047
81769,16540.312254872486
81770,13736.28471820763
81771,18844.56169183283
81772,26327.04641168403
81773,33230.711220245474
81774,16004.02853144076
81775,21122.95221151937
81776,23993.712077126373
81777,13570.345745751489
81778,23888.84929079619
81779,21532.702286113104
81780,15954.322490925813
81781,11757.392912353193
81782,27007.54973671797
81783,39074.36292287946
81784,10582.039616949545
81785,14700.474656714956
81786,14582.694861711414
81787,21217.383128322424
81788,8254.296572779858
81789,45804.5979424167
81790,15218.686493780555
81791,28718.51349057663
81792,31351.090743378114
81793,17868.703091210056
81794,19891.805767911355
81795,8055.442177954124
81796,15057.83644304009
81797,13817.83437763991
81798,18850.917937318423
81799,33737.71806776893
81800,18493.609861253728
81801,24484.400895866293
81802,18138.41767699583
81803,66228.13660058018
81804,17846.20494435662
81805,9977.175507572667
81806,15393.800891562012
81807,22482.033307199716
81808,26871.4873976315
81809,30588.23407073586
81810,42246.15535589471
81811,14946.621707993072
81812,39809.01814115302
81813,26115.829904164846
81814,19275.6885955121
81815,17310.366984984576
81816,15605.932163503934
81817,21249.311100779323
81818,30710.13540888804
81819,18182.932057131784
81820,14444.088647165832
81821,16074.359650577706
81822,10893.012974200003
81823,8834.769893799383
81824,17614.929730696644
81825,17071.6984513231
81826,42184.29313971333
81827,16277.967265390736
81828,44116.146226866294
81829,33213.04955088818
81830,35541.54997389972
81831,13339.726630513476
81832,31500.302585920985
81833,13990.77414004243
81834,30377.114990034202
81835,18155.26686052805
81836,29273.79690240338
81837,12597.627944596137
81838,21672.778354386657
81839,12900.522443199088
81840,26092.24949094665
81841,30413.711452174342
81842,18149.57980615265
81843,10293.830599722583
81844,5983.233953525047
81845,21337.82432480977
81846,41090.371953180875
81847,11386.702852412891
81848,31663.503785597626
81849,21073.33758573917
81850,17009.872539844655
81851,29804.284206723336
81852,10209.79125777309
81853,24203.21155426158
81854,26465.94782073805
81855,11124.73575541918
81856,13444.138238936028
81857,37217.502402924496
81858,19734.930115843155
81859,36366.754953379736
81860,21888.3556634551
81861,12869.504429264682
81862,23397.200541885046
81863,49629.804548584034
81864,14566.355396242307
81865,27051.730166555833
81866,48465.314310058726
81867,15425.93769633905
81868,26857.096070327974
81869,30933.03662874353
81870,11781.724233046127
81871,23726.774892030044
81872,25681.90809011612
81873,22895.532252250083
81874,11268.372119964
81875,13678.37156267024
81876,21106.907087210922
81877,14695.394992224483
81878,9593.74301868655
81879,23186.76937657486
81880,21160.274045835264
81881,23783.217290495693
81882,22878.770674726562
81883,32788.2976929161
81884,20774.76858762279
81885,26805.672546618447
81886,11106.349572224488
81887,22584.196980652152
81888,21067.771219692193
81889,28948.739745144303
81890,30376.458719413306
81891,12712.548454312911
81892,22010.113613316753
81893,31077.062854189786
81894,14132.300002167698
81895,19068.804350948958
81896,15862.085031219853
81897,27352.26334998173
81898,75412.74759609395
81899,19140.004935080626
81900,11870.909898894073
81901,15934.574390496027
81902,72416.705207586
81903,15346.698911115243
81904,33120.30508954886
81905,14269.117437904591
81906,16174.947744665256
81907,33672.46714245703
81908,11845.38622772654
81909,8364.921443275973
81910,15046.627805108516
81911,17205.64733485436
81912,4365.092126210518
81913,18117.399968667447
81914,6213.674674581751
81915,26710.04177817573
81916,32446.326980126563
81917,28079.609337381313
81918,13595.350171895887
81919,17370.956848208836
81920,12260.582260108868
81921,12950.505797927784
81922,33933.96604704023
81923,12705.987365580651
81924,21245.071478582857
81925,29665.290831818573
81926,20053.83751131932
81927,36109.41304069201
81928,20612.05504470854
81929,29355.237515815134
81930,18253.97139854228
81931,40867.24940939866
81932,11519.37086707378
81933,14876.738580989811
81934,10532.848876327502
81935,36248.18756814702
81936,7192.469734182412
81937,28792.783608243302
81938,22008.832639074728
81939,58094.7853894242
81940,23233.130209550123
81941,24610.28129636775
81942,12848.880242388463
81943,38898.07341633983
81944,15485.102341319332
81945,32547.46875781447
81946,25134.590442894536
81947,11207.598775972656
81948,9541.338527781943
81949,12708.87886440705
81950,18638.30846270549
81951,11949.935327332432
81952,7828.583436320618
81953,10101.372027214915
81954,21927.867828222123
81955,15495.736265323558
81956,11839.114047377014
81957,25524.804089678182
81958,28274.488130451253
81959,8280.938692809752
81960,28806.874244186005
81961,15086.690029427478
81962,14250.201479297883
81963,30255.632496672915
81964,22243.882702732237
81965,29350.099727135886
81966,14072.360003746802
81967,16018.156942577378
81968,17808.075946770572
81969,17387.712196909593
81970,22017.027673916768
81971,19645.522410648347
81972,9890.04817590047
81973,17926.407788063992
81974,27814.989542129602
81975,47053.47292404079
81976,30115.71659484882
81977,6312.509612354026
81978,23865.71876058977
81979,22249.899502047563
81980,16822.090320983654
81981,41796.059685822314
81982,26851.80246398216
81983,10122.93009491277
81984,21305.939495944163
81985,26383.429371851762
81986,26029.226954141348
81987,39736.83783521571
81988,31088.78629563906
81989,21003.45045734323
81990,36723.498356260185
81991,13268.614916884355
81992,27704.52969025622
81993,29792.863156707113
81994,11828.455033445076
81995,16138.25181368674
81996,26335.28146638658
81997,14597.60636592812
81998,13804.988844746233
81999,28490.771786833597
82000,23095.904756606764
82001,24892.976307592355
82002,15616.5053739406
82003,15283.736469954332
82004,24925.276618445812
82005,14684.814487725424
82006,12437.731606849393
82007,18845.370185631375
82008,48395.43983459803
82009,16157.320381345398
82010,16674.860784868288
82011,11695.226169659843
82012,31359.001468174563
82013,20769.402064614515
82014,25510.072173124798
82015,15853.63902745402
82016,12376.634562875122
82017,25033.06849088423
82018,8531.460165978606
82019,54356.27560180951
82020,15200.337951133677
82021,16950.86378785806
82022,35787.92981813424
82023,23995.85551540625
82024,66372.8311877608
82025,17366.098965554313
82026,16007.079162957998
82027,23167.756642140186
82028,23094.710277366074
82029,17128.047808779564
82030,15424.059132177266
82031,20288.24204365355
82032,21354.585488905836
82033,22540.7621166964
82034,19319.710788386135
82035,15959.883200751523
82036,25824.12460148004
82037,12266.393523235573
82038,25845.86865415412
82039,22217.07234730908
82040,21406.590231868126
82041,39695.99915623199
82042,14905.142020289597
82043,21120.909631246097
82044,17015.63094323394
82045,16290.825777938871
82046,48784.365276830154
82047,42457.786142767836
82048,31538.61905076549
82049,33199.89156620005
82050,36131.722164883104
82051,16577.7934861441
82052,19659.949547084263
82053,10866.25205650091
82054,19170.59124112648
82055,9797.853185253405
82056,33778.25050977056
82057,27738.389460600603
82058,7271.035479210939
82059,18330.930440123877
82060,17910.479282276574
82061,25567.541642120483
82062,23141.782770922655
82063,24684.92343013686
82064,16526.014802114296
82065,10436.228981016515
82066,18994.891525129977
82067,46079.50830681767
82068,10414.253258234308
82069,18210.94752805749
82070,13116.919283011786
82071,23955.89384847389
82072,21856.806767559105
82073,15694.636786408773
82074,21157.167732746893
82075,15935.020321027081
82076,26870.063780938322
82077,32721.964160154963
82078,17706.297012926036
82079,18636.93370966428
82080,16053.551090581332
82081,15636.502536185822
82082,17977.894753305998
82083,30887.26899158513
82084,19217.632943708253
82085,18192.885384690253
82086,18681.02331095305
82087,17172.99687513445
82088,35989.92875731848
82089,13439.315269525476
82090,10525.142188536207
82091,19469.203150962734
82092,12877.385727733468
82093,51211.56017113311
82094,13417.34999688871
82095,31854.19510164758
82096,23389.236692584043
82097,48248.56877317639
82098,27712.921713305983
82099,36139.6994160887
82100,31562.24843696426
82101,32795.90318363736
82102,20981.054312628265
82103,13943.456808228257
82104,9742.170632446683
82105,17252.99265429613
82106,30947.288317478546
82107,18992.641509478923
82108,21560.62753019064
82109,22527.86976713319
82110,36965.973432093786
82111,58999.22723828109
82112,24002.311969890496
82113,20988.949691214475
82114,29193.74801455663
82115,11737.6222355452
82116,25885.81021466699
82117,27940.9017218412
82118,20285.874110410718
82119,17609.307350084644
82120,17341.297787202224
82121,16453.587194705804
82122,22715.409659539895
82123,17548.75147111486
82124,28244.09603411916
82125,7390.814944085575
82126,17432.729953602102
82127,27228.364136837958
82128,14291.66635101158
82129,13458.030126564354
82130,14386.030083699301
82131,16176.374768440415
82132,28149.106056770182
82133,42933.062820979976
82134,19137.775788042203
82135,20359.796699593993
82136,18294.52832563563
82137,12897.666482032506
82138,27779.06737907377
82139,16632.820900862724
82140,10971.267695391518
82141,10729.903962339811
82142,23232.850100718428
82143,34167.05006101949
82144,14839.942310102637
82145,19707.74991606566
82146,33743.26608395684
82147,23920.375973957147
82148,63742.11236377924
82149,15245.921057650678
82150,39216.05030658497
82151,15131.743154305437
82152,27324.506703204122
82153,13866.472150749323
82154,23510.726986859303
82155,3750.4206623772507
82156,72416.9946376696
82157,22152.566484288946
82158,23964.36229804327
82159,23735.27480791167
82160,49312.698467829505
82161,11685.039479268067
82162,48199.414389979946
82163,13802.941666135152
82164,30122.396556854073
82165,23157.19146410358
82166,13754.965211891888
82167,22231.27921881769
82168,15268.869575268745
82169,17632.30369257519
82170,10674.56647690953
82171,15420.964472128591
82172,32040.264121314834
82173,30234.731037476206
82174,9655.28316222441
82175,14696.875936121138
82176,22797.8021802749
82177,14656.627009907696
82178,17226.788571964436
82179,39514.229498005036
82180,15549.180922706964
82181,32651.922471845668
82182,16968.993301954808
82183,15111.52460190275
82184,31354.37848399564
82185,18923.301695692837
82186,24343.052822389538
82187,22428.17399524637
82188,21266.62454989653
82189,22011.002615070018
82190,30577.600701801886
82191,20187.217977490258
82192,48171.06785231404
82193,20278.20603648485
82194,15386.410502524708
82195,13674.960845718393
82196,14169.184215088339
82197,41732.93327076509
82198,15039.81885341368
82199,23801.800496469237
82200,17563.46168507058
82201,19326.36724334791
82202,21618.6441889352
82203,31126.268372968756
82204,11215.27530401892
82205,13049.621063558128
82206,21000.444679427033
82207,24359.43501507837
82208,9053.216081342302
82209,14438.61745221855
82210,24914.57476183746
82211,39938.91472778004
82212,11734.914987996479
82213,21812.09073740185
82214,46414.655069932356
82215,11313.82237963011
82216,20191.323225919383
82217,36189.40326761296
82218,26500.114677698424
82219,20152.342260593785
82220,13879.129720197063
82221,10525.904730229277
82222,18293.238068752777
82223,28456.152490490585
82224,21282.94822345978
82225,14802.819755737713
82226,12695.807480765445
82227,32472.624649912526
82228,19470.415153278525
82229,28639.826281839418
82230,11990.000050739529
82231,17176.004748474912
82232,3717.352751193872
82233,14696.013052426504
82234,20817.57428791823
82235,44671.682655007404
82236,44687.82699521536
82237,23734.19714443953
82238,19932.715544115723
82239,26974.244297154844
82240,22690.337071343307
82241,74978.31188855274
82242,20493.366578228517
82243,26028.11533353323
82244,16982.0448147238
82245,26863.091854515194
82246,17250.11730132066
82247,17926.17398299344
82248,30307.16262757421
82249,29262.2126525563
82250,16082.327611679688
82251,13517.77027152624
82252,10794.570755830006
82253,72101.16348891683
82254,31920.818188420115
82255,15857.07099989886
82256,76024.2261472288
82257,9520.479044253876
82258,19744.524260911785
82259,29442.155608700305
82260,24649.115591612357
82261,10412.681448431345
82262,8499.858016695478
82263,10946.107574878382
82264,13092.846863253813
82265,14384.187535969857
82266,13017.164746976829
82267,14719.809323942856
82268,12825.677773743802
82269,33049.172444900105
82270,33538.47725205016
82271,17473.849662119435
82272,24361.23408781652
82273,28891.327278924007
82274,22087.564856320372
82275,10874.361239054102
82276,11547.867012582876
82277,40931.583397514696
82278,28710.48678476871
82279,15653.711983242527
82280,11302.50370930476
82281,16063.33597315746
82282,56579.55345645291
82283,21092.135050640703
82284,39723.32850110561
82285,24121.117618597375
82286,22181.49441365366
82287,14336.426366892945
82288,21600.68916708295
82289,38358.82599095145
82290,9207.156017966307
82291,13343.780296045863
82292,19633.57477289671
82293,8301.165785072732
82294,28244.9687068006
82295,21961.626874785885
82296,29759.168861649894
82297,15575.154891401313
82298,9927.341122390448
82299,21722.804671199996
82300,19015.970891678542
82301,16604.108341141124
82302,24479.429678521883
82303,16330.129098198971
82304,25299.94428488791
82305,17576.26822502177
82306,17201.645716592622
82307,28396.931544293395
82308,13324.199085119391
82309,15253.645764454754
82310,10705.599245393552
82311,33647.076751165994
82312,32408.05687483511
82313,52800.43056904647
82314,17068.24402181125
82315,18434.45188294151
82316,20006.370193508847
82317,20028.32630844269
82318,16940.269334288358
82319,22571.567154547603
82320,17345.86148250982
82321,14709.683416915474
82322,14510.082563748212
82323,15932.531681814926
82324,33014.41836886323
82325,9685.179253284723
82326,31105.571130417884
82327,18889.16221437654
82328,14604.728245005226
82329,20391.01789590678
82330,17502.459856401285
82331,13877.877278223132
82332,33101.30401916139
82333,26180.08967338068
82334,20600.59573954111
82335,17210.5519603238
82336,18194.332094531248
82337,24366.885408829927
82338,20740.357873288474
82339,21607.64570360697
82340,31373.774599802367
82341,27929.366100814535
82342,20365.240582819017
82343,26182.298134857734
82344,20363.153770667504
82345,18965.163197386784
82346,8988.124699127111
82347,29764.81533561251
82348,27041.876189656632
82349,18644.63107158211
82350,25996.52458030767
82351,11145.497373512664
82352,16030.894336772135
82353,28650.851127550533
82354,8413.61698360579
82355,30931.984754747777
82356,12497.31198988477
82357,21996.554328005506
82358,24650.908671269644
82359,20950.917251823204
82360,25216.665783950582
82361,27410.838436188238
82362,26086.406905403484
82363,20356.63588617011
82364,7750.391257991281
82365,25108.535547369545
82366,17353.70072942765
82367,13366.985269192555
82368,18289.900458747157
82369,10024.589091428514
82370,18748.29720052357
82371,25688.423483541254
82372,13465.512376562428
82373,24268.650531064708
82374,45364.944033104686
82375,9278.714854268337
82376,17177.6550967542
82377,12697.427507208962
82378,4873.939738128956
82379,27317.39633292378
82380,9679.168929568314
82381,18147.86115774434
82382,33546.337016870675
82383,32533.164587161686
82384,28695.474600720998
82385,33261.07943440377
82386,59709.30788594019
82387,26777.80188254004
82388,12827.861021530774
82389,41140.85525902285
82390,33226.05451847709
82391,18253.208016102617
82392,25306.90391170422
82393,18582.135306374214
82394,40222.24555989537
82395,17216.07014260945
82396,13925.511023804153
82397,22136.318571165193
82398,26708.820749815124
82399,30975.575596625167
82400,23253.276028905417
82401,12029.366626071458
82402,30253.262317487934
82403,73240.01827083596
82404,29064.27761660162
82405,14205.575467179562
82406,33656.8306522226
82407,15481.949094272324
82408,9712.499921462604
82409,17369.018871819062
82410,12979.943770721538
82411,10873.142290316257
82412,16175.182685819793
82413,9780.518728877398
82414,10434.942179223919
82415,11934.264151936484
82416,7114.195196932462
82417,10891.17076951099
82418,9863.9196887427
82419,12044.020405050902
82420,14951.807781852724
82421,13202.603334846966
82422,8339.292925134041
82423,10014.709424553814
82424,9666.687436855853
82425,16411.440754976255
82426,7082.029416808298
82427,6885.784482300585
82428,9460.96453310151
82429,15953.988009860468
82430,12112.83370823087
82431,10159.794657839935
82432,5735.585184211286
82433,7423.676296410191
82434,10491.593131316773
82435,14402.32739886821
82436,11248.642924782855
82437,13724.593350217267
82438,23272.819519017114
82439,7626.013805769446
82440,17109.553800143454
82441,11917.973123607428
82442,7655.777866272095
82443,8599.665375343435
82444,9126.406851794125
82445,10761.947206838484
82446,7609.2315523776015
82447,7300.76574525896
82448,14488.30938822871
82449,5744.359335916464
82450,8334.216733407971
82451,14668.362555943277
82452,24235.856952673697
82453,13599.405183932151
82454,10497.522554856483
82455,27801.833333243474
82456,11456.459944399961
82457,16271.094173577592
82458,9875.502593160421
82459,8065.360112641243
82460,17331.11816456611
82461,11127.706412854835
82462,13417.894904490906
82463,9191.312917776815
82464,12261.957975424319
82465,12419.919536784635
82466,13473.837885644458
82467,10810.459042792401
82468,21663.120765760377
82469,12548.35709034563
82470,9583.831995225575
82471,12580.515248555861
82472,14324.636936818184
82473,20726.14834518142
82474,9649.102292724507
82475,18366.54630706763
82476,9090.760778776767
82477,5599.720901225508
82478,8828.532568131825
82479,13629.926412216633
82480,7187.284201032065
82481,9084.325093340742
82482,20070.549142659027
82483,20012.35552523194
82484,12924.49279242061
82485,6675.205016522066
82486,22346.264349907127
82487,11198.721331774403
82488,7124.992958082017
82489,6772.551293198305
82490,8870.364509983752
82491,16104.580160353806
82492,7280.563451207109
82493,10350.77732105379
82494,5258.878720317522
82495,22816.67850184282
82496,10070.994009423346
82497,13713.025375360816
82498,13527.738215103107
82499,10846.588815279452
82500,13583.348075287453
82501,12994.459896972767
82502,6917.997649612811
82503,16852.314494548595
82504,16155.69331808876
82505,18312.284638723693
82506,1646.9257406854458
82507,13217.585805727038
82508,8218.318439041568
82509,9838.848126986755
82510,10099.348826233092
82511,9915.833018396284
82512,8350.751567503743
82513,13351.669632630212
82514,9519.554181227599
82515,16767.45925596535
82516,9621.448336012869
82517,5058.132611609066
82518,12899.830120285587
82519,13453.090611547928
82520,11409.957638359183
82521,15286.318170278671
82522,10738.159994296639
82523,10791.066860278403
82524,20768.626100802365
82525,13086.192379345219
82526,13082.10415806573
82527,10836.033392277348
82528,8304.964992257545
82529,9239.61904150881
82530,10062.970795339388
82531,16067.019393620234
82532,14901.268683053206
82533,10997.747559099715
82534,15736.126600761763
82535,10542.98140311672
82536,15356.881670557159
82537,2703.487105621299
82538,10907.643071810284
82539,15853.435285634949
82540,7430.969859258601
82541,17686.136652721914
82542,5371.885006893173
82543,10658.47493775134
82544,9034.298314439346
82545,13568.101797721047
82546,18302.00304264164
82547,6397.39030040676
82548,17395.4264502023
82549,10416.308138308324
82550,9132.515769366917
82551,8914.450085032455
82552,13287.286314802106
82553,7897.649034894515
82554,17070.619038126628
82555,9581.472399406272
82556,13064.12248720976
82557,10120.304058099558
82558,25169.80948716885
82559,16174.791759524947
82560,14297.676159492356
82561,13836.200592193909
82562,17504.063688192495
82563,13220.109888395516
82564,9702.006252640549
82565,5497.573607042284
82566,10206.81252605956
82567,12544.516965577268
82568,25251.53634350493
82569,16272.36896574469
82570,12643.698985961892
82571,11947.583468136609
82572,9767.515070128531
82573,15625.949772675041
82574,5992.7898222391805
82575,15644.499251923255
82576,19323.75379661821
82577,11579.093935690902
82578,10181.387036533666
82579,18931.817016917958
82580,7759.717277247687
82581,15132.815936939127
82582,11988.625613475964
82583,8429.397456961564
82584,8137.502383425486
82585,11566.31270903956
82586,10232.928798676996
82587,15296.3511127313
82588,22293.752382788814
82589,15700.95315819453
82590,9147.740854082936
82591,22832.766074709052
82592,15706.18563440321
82593,12936.441828160148
82594,17623.30597258355
82595,18850.84244037383
82596,9059.82538102505
82597,10136.480561679124
82598,10408.178729477193
82599,7491.94604020619
82600,16411.440754976255
82601,7052.896920389654
82602,13532.824500041424
82603,9489.012549825753
82604,12749.4678690455
82605,10754.88685542817
82606,17713.605963569673
82607,9082.812290499845
82608,7721.163802885907
82609,5673.7903739448975
82610,7483.094802666312
82611,2294.747244434929
82612,18128.436941095966
82613,15216.847129787959
82614,21867.88010207934
82615,4152.371187912073
82616,14046.01173711703
82617,16566.42133875055
82618,6815.640080874669
82619,14370.488681714582
82620,11304.08502162416
82621,11272.416245504706
82622,7603.055100636611
82623,10900.131129105015
82624,18837.938938065417
82625,16195.127188945191
82626,10359.10450779294
82627,11167.701147763886
82628,10633.709988374867
82629,5889.148072311633
82630,11492.512485777761
82631,13176.200360574556
82632,15573.08412729366
82633,9953.963415026776
82634,6204.611707207586
82635,10825.191759671681
82636,1220.6873030894117
82637,10876.270389757874
82638,9197.553470666808
82639,10913.334552603916
82640,7465.420758158518
82641,16057.23165076299
82642,16940.93027649037
82643,7463.777327452219
82644,13532.639865208002
82645,10984.486696483364
82646,10519.422530461065
82647,16863.903187338314
82648,13947.208886615364
82649,8941.05904503009
82650,10428.37206497224
82651,8811.391896635665
82652,9383.383740982597
82653,8954.361608179286
82654,13603.596837370891
82655,9801.262069332783
82656,9329.759742956903
82657,2382.7582562929265
82658,6391.4235919722305
82659,9272.843929227438
82660,7581.4602713972645
82661,9280.833572529917
82662,7500.482236924963
82663,13525.744829271443
82664,18604.148830782866
82665,3556.4646246086295
82666,15642.519753440549
82667,10027.894310912161
82668,9868.804987436528
82669,13196.893588669192
82670,17558.50777926739
82671,18474.353420545245
82672,12636.880008921049
82673,11109.909433361518
82674,13470.969076969346
82675,17145.859871675915
82676,6850.700683157063
82677,17124.65263037553
82678,10668.792520451512
82679,13069.729858281822
82680,12404.156108785566
82681,9877.115284472166
82682,11085.8750054604
82683,9980.141160239964
82684,11389.092868395112
82685,9953.963415026776
82686,7863.68188904566
82687,30573.958532710327
82688,9094.33854656529
82689,16376.751429036067
82690,25307.276799921732
82691,11911.84687846028
82692,11543.485173528527
82693,10671.532277500773
82694,11091.380119058042
82695,12475.251876352911
82696,21918.403498186104
82697,15643.813684250617
82698,7370.447362416275
82699,7910.6658601027375
82700,13428.550475253094
82701,15952.502889619343
82702,17600.8574740738
82703,11646.04103280965
82704,9214.427494914398
82705,10928.070897168323
82706,7286.31319800297
82707,7011.0571741292
82708,16799.676597425812
82709,11375.489998945839
82710,12850.245412308046
82711,9276.907133680474
82712,9153.097062041556
82713,11058.096491890548
82714,16666.603870255076
82715,14063.658541892059
82716,10778.320788057017
82717,17227.82177729573
82718,6266.60942399139
82719,15907.2044798395
82720,8493.104428903589
82721,19465.266840821077
82722,5949.481019592513
82723,13675.618579029022
82724,11634.946624431475
82725,8677.139265379468
82726,13977.224752711938
82727,18831.83193834122
82728,7200.970032615171
82729,2282.4668062109486
82730,17288.696547448606
82731,15923.988536207282
82732,4198.659508823213
82733,10654.986070212488
82734,14976.476339955527
82735,7911.873888663662
82736,4849.17891529777
82737,9453.152820590167
82738,10440.072853423773
82739,13760.12083289489
82740,10406.198311690609
82741,6357.648090370713
82742,6866.7171936213335
82743,11088.013641324585
82744,10318.902044468061
82745,8124.313361796483
82746,8128.740642923099
82747,10707.46734188571
82748,16094.743482271335
82749,5080.310484347952
82750,8995.860805533513
82751,15724.73506952358
82752,19494.483747952985
82753,9643.75771117322
82754,6683.5899865142455
82755,8031.5951779212155
82756,15618.968138280134
82757,11856.594283688966
82758,10177.686677784613
82759,13277.3970847895
82760,16094.518021229098
82761,16374.580783981484
82762,27075.232033489887
82763,16348.678355394764
82764,9953.963415026776
82765,17235.458651473426
82766,17497.37525152693
82767,8912.060379962455
82768,7916.795978881606
82769,9241.698906346586
82770,7375.91363711861
82771,10771.569079790643
82772,9696.584728435158
82773,13238.367127298188
82774,10866.735544119374
82775,10649.437661560807
82776,10473.1162596381
82777,15307.773270583317
82778,9296.515528632148
82779,9845.124274712425
82780,15898.749011703214
82781,13443.20767085412
82782,10358.311025278343
82783,18629.474797481093
82784,11494.385327437558
82785,17138.59905456589
82786,9723.782258322113
82787,19211.976708765236
82788,19245.530800376055
82789,16834.55936391208
82790,13533.22728814352
82791,7028.669711617512
82792,10061.655956394412
82793,6431.5309609882715
82794,14492.780263905774
82795,5915.12080050469
82796,10467.845916138931
82797,15313.301983147601
82798,14433.863265461492
82799,5588.58666594112
82800,14389.501586771059
82801,17571.980415745034
82802,11257.686339444268
82803,14512.590084922314
82804,15260.937307484066
82805,16895.106678004897
82806,15748.190834572437
82807,15517.41156859127
82808,16996.78605991357
82809,20724.93687702101
82810,5704.770710318146
82811,10994.481518044515
82812,5897.341367996825
82813,17087.24037915426
82814,14967.498563087087
82815,14773.330581779868
82816,16163.11398385085
82817,11321.798015430253
82818,8822.322694057368
82819,8508.474470879273
82820,19071.305982871272
82821,10858.453198355477
82822,21647.220216850812
82823,8240.58104067015
82824,10159.140249055828
82825,15559.13400087094
82826,7447.304422080443
82827,6546.278099355456
82828,6178.656182224001
82829,10961.983027947626
82830,17780.715484377877
82831,16863.492616530224
82832,18672.49568063305
82833,7084.099407328139
82834,16853.38349240887
82835,16512.200663705215
82836,11428.15686965431
82837,9340.128444271531
82838,7270.3964478974885
82839,10441.809187475152
82840,16853.976956067225
82841,10854.519185724015
82842,15517.90797171456
82843,8432.031784546405
82844,8425.44096966866
82845,15745.969649320652
82846,10649.648743803944
82847,20307.83258660196
82848,10873.061591271411
82849,10217.877589993246
82850,10919.248299069584
82851,18826.63656593301
82852,7027.356855546748
82853,14605.368062026024
82854,11461.442911362466
82855,12769.545654807042
82856,4626.920594572666
82857,8356.905317707759
82858,11314.510878503437
82859,10198.820119461763
82860,16869.23190153618
82861,7901.125410020999
82862,16293.789600048487
82863,12453.677600987776
82864,11514.66289155006
82865,16908.152584270043
82866,9507.01997870855
82867,26966.74361328119
82868,14396.268471104522
82869,17713.788520081536
82870,12805.404939077749
82871,20465.60179438009
82872,16834.314785822262
82873,7662.791681052211
82874,9652.940475367363
82875,8022.9320003128905
82876,13604.911146802446
82877,15610.20970673225
82878,12469.918456204936
82879,14212.336666105617
82880,10744.867877626028
82881,16085.046157557303
82882,2547.8832617200924
82883,21068.99306561886
82884,10069.618943497482
82885,15674.10225241585
82886,21093.62105602524
82887,18487.495469195743
82888,16098.45010053438
82889,8072.504731354709
82890,12994.250430476332
82891,16632.034262971927
82892,19351.325927262307
82893,29752.314980039526
82894,7105.564169694108
82895,8253.664757477633
82896,9582.613555745414
82897,10393.310173306558
82898,15876.385194382656
82899,10962.234666986491
82900,9948.16073405825
82901,11263.964718534105
82902,9871.921705103929
82903,16853.265016354915
82904,19051.087812009257
82905,13783.719966592285
82906,17406.225182732753
82907,8919.316929707238
82908,6815.832405393482
82909,12480.06115808842
82910,22008.642663404997
82911,18008.805392562597
82912,19104.175980659344
82913,20526.785461577823
82914,13321.133497890543
82915,11167.701147763886
82916,17493.273131013248
82917,16669.579291319093
82918,14559.363941052632
82919,19799.222868988232
82920,8739.786152608656
82921,8642.235007976382
82922,10114.789295128003
82923,17289.631926449758
82924,4214.019350655008
82925,15758.57910001473
82926,9679.854830937082
82927,10103.79065072058
82928,7690.424567487506
82929,4196.642102946611
82930,24598.782442265237
82931,8274.86384299444
82932,12115.866674988738
82933,14845.799980784821
82934,7282.305008519121
82935,17568.989346012328
82936,10511.638776844908
82937,14030.65131930908
82938,13657.184131928849
82939,7689.863830483377
82940,5084.841568261634
82941,13411.324766791684
82942,13411.655792979713
82943,7131.543257810261
82944,9137.16572521618
82945,6674.382516380976
82946,11831.350144185468
82947,19520.23904762592
82948,12575.743204594992
82949,11049.327983865056
82950,7229.20147695893
82951,10299.676952723581
82952,15655.603944491839
82953,16279.58248705725
82954,7037.798448161271
82955,7210.780577659685
82956,11020.928847761617
82957,18103.133687604415
82958,13946.745044776368
82959,12423.454583263574
82960,16240.727857967042
82961,3067.5978586216165
82962,11083.199891117703
82963,10260.710077693248
82964,19176.570022292235
82965,11841.867049820172
82966,16932.55754217848
82967,11688.802142565168
82968,18866.039635527697
82969,16634.051077532713
82970,16027.050391712826
82971,13054.84205946876
82972,11485.91947157865
82973,10021.942722901998
82974,13660.081767962518
82975,11824.628011484987
82976,17783.569826050516
82977,17117.83463412123
82978,8378.540578742257
82979,14669.93173605032
82980,8938.221760491504
82981,10647.698241154625
82982,10342.17540406946
82983,24791.964864927766
82984,18591.20362606567
82985,10425.175707239221
82986,14499.413962976376
82987,10746.402914700337
82988,22338.50384888451
82989,11129.56190678246
82990,9574.665350414265
82991,17118.67928957814
82992,3875.117478761712
82993,9739.173756628981
82994,8820.707482285354
82995,16017.51940844189
82996,10030.551690785069
82997,18465.30894557904
82998,12972.05799514988
82999,11947.76303126425
83000,9842.58146827131
83001,19821.327151087207
83002,15405.55094165618
83003,10457.689867285066
83004,9119.693556771683
83005,17546.701381027102
83006,10804.328827661424
83007,17607.712436672853
83008,7134.202359228204
83009,7805.468475421904
83010,8555.150597552585
83011,13787.161489624568
83012,3552.8578788555774
83013,14350.591283019305
83014,13517.783251677003
83015,9297.226561918618
83016,19447.387770478115
83017,10690.54548152227
83018,7699.614200315309
83019,13014.401588310226
83020,10822.567197661856
83021,9907.720797845017
83022,8395.682169296626
83023,6772.043830162838
83024,16399.381562586208
83025,12334.484513565525
83026,12200.959985817888
83027,16594.600826115184
83028,11283.900979387912
83029,7236.164495445044
83030,2284.256913257036
83031,10673.316861536296
83032,12785.384009082507
83033,20408.622780803973
83034,12938.769545208754
83035,8531.775920280757
83036,7379.788368928705
83037,14791.039365929846
83038,8021.856394721619
83039,16506.523505264006
83040,7565.60382409112
83041,12925.57444862174
83042,11079.686245020031
83043,12215.956661883378
83044,11679.628835408068
83045,8108.127184729696
83046,13503.877471056232
83047,7243.75836764473
83048,16036.857296252798
83049,18296.702540925813
83050,18297.96327826677
83051,12170.759293656454
83052,16915.311560208647
83053,16339.268779805738
83054,7436.039538128577
83055,9935.454862833914
83056,8564.449658962156
83057,7878.845224968707
83058,9657.834208970988
83059,12010.55877080817
83060,17437.473933853817
83061,12124.013950385774
83062,16454.81896983681
83063,7938.656366239737
83064,8301.410075392974
83065,7898.625761085137
83066,10540.779191588774
83067,6001.67368520703
83068,15635.416787278786
83069,19915.591268885295
83070,11252.655075102444
83071,14118.89597846715
83072,8747.231262180107
83073,9213.466433245854
83074,11930.599488172147
83075,15771.308945432711
83076,16898.655140502164
83077,7933.424854790215
83078,8023.491745140957
83079,12490.100035065443
83080,26410.340220537713
83081,10024.576967789078
83082,17356.580931998233
83083,4074.387140110293
83084,9112.689172954946
83085,13873.397822390209
83086,8229.131755185806
83087,7460.863343507814
83088,6731.735662694196
83089,10351.222053837959
83090,8724.152684351639
83091,7467.531804951312
83092,10558.76082712975
83093,12615.383941830452
83094,15875.971827166908
83095,12986.033473787113
83096,6515.257415884213
83097,14070.21374837925
83098,10553.148870053097
83099,15671.499208071638
83100,10705.715699908616
83101,16027.050391712826
83102,7315.525705037495
83103,18581.095490290776
83104,16523.02314986009
83105,12031.5566609802
83106,10760.257045664237
83107,10696.147065407313
83108,7516.046153210962
83109,8124.574190991581
83110,10614.891120876053
83111,19045.346279006724
83112,12965.700886143793
83113,9380.601578484586
83114,9953.304626197196
83115,8438.714172463866
83116,11705.449605939168
83117,20968.247664145798
83118,12471.80483473674
83119,8932.843680119495
83120,9872.44120011446
83121,7804.441151601124
83122,11093.445162951364
83123,6507.008018166734
83124,14649.022655209781
83125,8746.906265973757
83126,9138.351593210446
83127,13016.743944124537
83128,20993.311987479203
83129,24221.822531302703
83130,18587.68072328228
83131,16548.24366058466
83132,16365.00467221112
83133,10817.498563308014
83134,12386.231244527822
83135,11545.795233093633
83136,15620.86199308871
83137,19370.660755835004
83138,8851.152305060283
83139,4756.621271103632
83140,11862.550584725672
83141,9114.449765584513
83142,16239.13456874993
83143,11477.570078896306
83144,8276.035620957504
83145,15035.08291690404
83146,18554.527557032947
83147,14290.605853523786
83148,8959.769096795617
83149,16009.608993037706
83150,17041.817486123935
83151,16558.98145201683
83152,13043.373004874367
83153,19228.190739315065
83154,9403.810301586622
83155,11449.998279143816
83156,18751.06566937881
83157,9270.643114573324
83158,19106.888647547778
83159,12145.688184923685
83160,18048.816073665075
83161,8752.135968169227
83162,11183.568283444525
83163,5454.096123031765
83164,13817.24160821037
83165,19378.858012629844
83166,21272.20045958823
83167,20179.76703564296
83168,11191.247867758188
83169,6320.631047508103
83170,10860.584713044209
83171,5870.004468347795
83172,14866.750263460272
83173,7994.2970691543
83174,10890.769750353289
83175,16298.255398732459
83176,11046.769831060144
83177,15633.96208403783
83178,9516.307584708436
83179,13171.914316597415
83180,11549.00859518317
83181,14443.875061379644
83182,8973.49493306964
83183,13084.239678027141
83184,9945.898509894418
83185,18212.418454752256
83186,10744.402206841767
83187,18189.922550415034
83188,21182.52858988855
83189,13486.281855000358
83190,13895.42536571616
83191,9433.93014031075
83192,16867.32480667307
83193,8215.064255589947
83194,11273.052132931434
83195,21398.731580812437
83196,10917.173266922347
83197,9359.75215259282
83198,10531.79727858489
83199,13573.029769214087
83200,7418.637897188205
83201,16081.979432025806
83202,15830.496884738859
83203,29330.707702557695
83204,9559.776001362092
83205,12934.650281613991
83206,16223.03262401266
83207,8806.507385027617
83208,19280.024303780247
83209,20228.756339603795
83210,13560.434777131808
83211,17660.04372183676
83212,10876.180830591406
83213,10834.814488366825
83214,13342.784334825305
83215,12441.097342184039
83216,10797.409493437986
83217,9676.407582685588
83218,12798.404298118468
83219,11649.466301641161
83220,10067.679542696096
83221,8021.456916630657
83222,17640.214546584
83223,8634.615471797279
83224,14466.149676145407
83225,12821.978098313415
83226,10614.043282650615
83227,10712.137742394327
83228,15110.805709409186
83229,15599.005006864994
83230,4097.616815390907
83231,12967.775363542914
83232,13357.204420122454
83233,9758.003616210022
83234,14882.859004112426
83235,9440.711793811544
83236,16324.155238454996
83237,9837.95895234284
83238,9836.889103367002
83239,28878.901527482732
83240,17324.956839692153
83241,11379.133942237728
83242,9915.60662298022
83243,8778.419745791798
83244,17526.74561017317
83245,13742.863729891296
83246,14167.554262565413
83247,8419.917332795432
83248,19690.85531721273
83249,13211.526108081547
83250,14971.605736949512
83251,9379.75288655025
83252,16804.644646815137
83253,12449.264230205961
83254,17392.42545246185
83255,16172.97844455055
83256,27469.180122060585
83257,16812.99844426871
83258,16893.205617868818
83259,12885.362216435988
83260,17333.15975016843
83261,9507.90949704819
83262,14371.602522918023
83263,16539.166458304127
83264,15712.43900718585
83265,12020.177339392545
83266,12301.253189947922
83267,14364.035449422368
83268,10948.561776283994
83269,12644.192035644626
83270,10062.218889393702
83271,9451.576720562485
83272,16733.451238023143
83273,4275.954519701739
83274,18609.74110570034
83275,8164.552700835626
83276,10110.053043949425
83277,19853.50613155821
83278,12172.345972126637
83279,12292.561265588698
83280,11549.27765392263
83281,19276.190297342677
83282,15742.465348190282
83283,15846.70926823318
83284,10065.866104413586
83285,8756.372819629087
83286,14926.90076434315
83287,3989.910280029401
83288,10012.034504925943
83289,9926.609776602634
83290,9668.531281806347
83291,2070.4334391564526
83292,15232.92696050597
83293,9054.13059595484
83294,16273.773681870964
83295,10733.197378586969
83296,16399.37457551212
83297,17617.595071018768
83298,18475.507764646707
83299,10104.666099769489
83300,9463.428536190213
83301,16585.842360538212
83302,9800.256497600387
83303,6107.961518155586
83304,13614.851106424354
83305,10620.895813694637
83306,11505.429878616495
83307,10639.26663535888
83308,14865.248869796333
83309,12251.353984661358
83310,10536.197235603506
83311,13877.462086133808
83312,14055.522927843034
83313,16806.36327622994
83314,14299.656955569748
83315,2795.9546925989703
83316,8801.041785120313
83317,7767.725876199236
83318,14059.780445125154
83319,6685.177201326504
83320,13612.531661785531
83321,14463.561229924657
83322,19915.070706825027
83323,8119.660132642184
83324,9444.723091683934
83325,10196.858638136226
83326,31774.950043648714
83327,14118.89597846715
83328,12906.196457665646
83329,9627.520698480195
83330,8042.01712589937
83331,12989.297383571331
83332,16901.857602755394
83333,10943.69065267771
83334,12496.791031977853
83335,8159.464717254927
83336,13903.030152419225
83337,18090.86859265802
83338,6929.02357208512
83339,13625.485175355852
83340,16469.642994977206
83341,4652.340974797136
83342,9880.073012213032
83343,10151.724892657552
83344,17596.787412369544
83345,19603.39107940976
83346,11844.249153533718
83347,16175.569324016742
83348,13807.21940028984
83349,15340.471323758607
83350,10686.17227712162
83351,16027.050391712826
83352,7128.503767725835
83353,13577.671463244358
83354,13965.892175263207
83355,8571.174052425202
83356,6362.515598108712
83357,19180.008658920102
83358,6601.473382495336
83359,4723.982332558614
83360,16744.116057390616
83361,5276.621131355577
83362,13694.374972952712
83363,10123.123866147977
83364,11899.932496364752
83365,12149.58443526927
83366,11458.19026068423
83367,10725.93903089117
83368,8800.737321103097
83369,8388.612026444862
83370,10916.017416800092
83371,7822.577601278374
83372,19003.82983984139
83373,16708.341141024885
83374,14165.637642038399
83375,11711.003538372413
83376,17527.735330900847
83377,14784.437410896997
83378,13282.54784417004
83379,13041.545328730666
83380,7796.10266530138
83381,16068.01301705791
83382,7493.777696661397
83383,6684.599252140945
83384,10045.238772749366
83385,17188.4947141238
83386,15599.005006864994
83387,7586.118701438107
83388,9376.272088199607
83389,12556.97937617593
83390,9148.022619852614
83391,9970.935127314093
83392,13147.468975247768
83393,7866.2388068790115
83394,18364.397450055036
83395,14253.891465121833
83396,2769.682195549463
83397,11905.080696708952
83398,13127.402412193078
83399,12015.190217451556
83400,21575.715857092804
83401,20128.38360648768
83402,10772.338679932673
83403,13657.184131928849
83404,15953.988009860468
83405,17356.580931998233
83406,17791.374634653694
83407,12100.846203939058
83408,7479.332307543659
83409,12829.088610815375
83410,8968.276878136287
83411,18399.48087175263
83412,16933.430543744653
83413,10493.683754165766
83414,14402.32739886821
83415,8066.349706582531
83416,8435.781809501681
83417,13676.222277892222
83418,15400.54406025877
83419,8300.862564987006
83420,16446.271271543952
83421,10318.684665832618
83422,18270.85250841726
83423,7110.208357616857
83424,10976.20681921528
83425,11205.359375868868
83426,18054.500438308616
83427,6599.872855458228
83428,18041.911395576833
83429,9923.267355476652
83430,16268.414638903549
83431,10804.97638965622
83432,14088.587070937669
83433,20481.846737035623
83434,20038.922192207905
83435,9572.91710636338
83436,40700.6951098954
83437,19595.95871853095
83438,13322.69244206486
83439,10759.738145200383
83440,9104.776585855983
83441,8108.058231173076
83442,12437.646651665938
83443,9589.787796996114
83444,7712.991518246807
83445,11891.224396189804
83446,16455.37438982703
83447,18033.563032669947
83448,11595.473265051176
83449,11252.526515594973
83450,8406.161743810015
83451,20197.409123979724
83452,15390.091237732047
83453,16549.42114347404
83454,17386.14700241913
83455,15511.27197143852
83456,13320.145207616533
83457,10443.539395724289
83458,17495.703695589968
83459,8251.089568722506
83460,9049.726348945096
83461,12147.644645972163
83462,10718.792407916853
83463,17601.999146627433
83464,7128.777348061851
83465,8742.439157537514
83466,7893.871052110266
83467,5448.1605222784365
83468,10459.017375809492
83469,9862.743812388273
83470,27980.979336627825
83471,15643.570490120721
83472,11074.05426087864
83473,6746.942539759808
83474,6153.379538206092
83475,18883.326105818865
83476,12146.870682177305
83477,11281.727856549749
83478,9747.250968836404
83479,14366.267034104854
83480,18303.74426272637
83481,11201.883218109382
83482,11893.107362964904
83483,7607.516542759667
83484,6134.045924402448
83485,9664.83088402484
83486,13657.184131928849
83487,15676.31807409304
83488,18268.575933041335
83489,15818.989069044892
83490,15499.103039376681
83491,11396.668034488772
83492,14789.832121108433
83493,9233.424767456592
83494,13770.625980060206
83495,8072.099805444923
83496,7613.440374530501
83497,10930.369040117832
83498,16109.630756153536
83499,7656.081736119188
83500,21456.25930688005
83501,18062.296735956425
83502,9822.787212088346
83503,12093.571808689052
83504,13080.454442666743
83505,16462.489280772304
83506,4990.728873886257
83507,17037.735767543134
83508,6192.185885836976
83509,14437.623027814268
83510,6426.835482713039
83511,10838.05187596095
83512,8403.430843496302
83513,18739.61405158649
83514,9073.635129631373
83515,11167.701147763886
83516,18351.21467264573
83517,12001.097360587806
83518,9749.853849567588
83519,3678.7373715588074
83520,9883.905890641756
83521,13494.687279564976
83522,11088.39520494655
83523,12107.244525546676
83524,13947.763916973894
83525,9576.264943227248
83526,13070.65525373489
83527,17265.60600262587
83528,15698.388260726582
83529,19862.771871857243
83530,5999.713361138642
83531,5782.79102404862
83532,3903.281694745692
83533,9665.172044613755
83534,7992.29653439548
83535,10100.169367672084
83536,13093.58175100966
83537,11047.242497276413
83538,14070.36887762282
83539,13929.829483413072
83540,7755.897430007817
83541,9675.589876306653
83542,18807.81350039929
83543,6819.563740192374
83544,14013.522421691314
83545,13337.081208858115
83546,16408.741506008846
83547,14688.269659538846
83548,10592.549502400583
83549,10835.03167749853
83550,17387.660823076396
83551,11922.579075389614
83552,18080.4631294441
83553,11602.276769762515
83554,7537.140066298267
83555,10854.499605678191
83556,18468.244762337108
83557,13819.541011520072
83558,15360.069003247816
83559,11930.670646617671
83560,9869.640121579512
83561,18331.956447707016
83562,9283.177597896607
83563,13422.315448099034
83564,9669.622026310619
83565,7214.996528386946
83566,9897.494255661062
83567,11335.6898153014
83568,27488.958758360714
83569,8669.350110805255
83570,2745.3680054506385
83571,13503.521457506642
83572,7875.090374983685
83573,18533.215021496537
83574,10726.512040529553
83575,19733.940551802523
83576,12157.86644775208
83577,14216.985049293453
83578,12514.711641657133
83579,19830.02982267887
83580,13414.238586281175
83581,18354.230489400048
83582,15190.965186168254
83583,9993.377531341514
83584,13408.576527552364
83585,7851.132341642269
83586,15104.397900324373
83587,12160.8494204173
83588,2422.1277756315767
83589,28260.024236938414
83590,12727.275951163856
83591,9086.324001693594
83592,15985.851383673926
83593,16878.333823345292
83594,9406.333616112042
83595,13599.919775354781
83596,12969.416286582134
83597,19494.529402793614
83598,6140.044204583689
83599,9241.74748570524
83600,7147.260179818351
83601,15172.605821265937
83602,12104.730377623531
83603,16735.6607989048
83604,13523.460107825373
83605,7292.738435652768
83606,14391.670329867786
83607,11802.121573742901
83608,5760.392945816881
83609,16579.52232226423
83610,13080.454442666743
83611,16580.460284778885
83612,16637.49170606769
83613,12581.96931430226
83614,10024.033676821506
83615,14523.25623242473
83616,10957.327119826885
83617,16375.427911943938
83618,18239.223163108876
83619,10991.034836442614
83620,11724.383000072921
83621,17161.967332110282
83622,8905.4118420727
83623,28192.464578906824
83624,16040.370557692646
83625,17344.539596124367
83626,11965.668212634351
83627,14210.453124376916
83628,38208.37748767657
83629,10487.144880164185
83630,11390.70928280399
83631,13551.663488034173
83632,14499.845126774013
83633,10605.599172045619
83634,13884.365782290477
83635,19819.911422164972
83636,10944.721741661695
83637,17115.536776529963
83638,12038.184969861912
83639,18865.822924794527
83640,18388.118037399945
83641,11494.154471537706
83642,13135.647675853019
83643,26973.799316686087
83644,25139.55104267862
83645,11164.595206684591
83646,6962.0797261463995
83647,10449.024353617864
83648,18331.956447707016
83649,11396.765583026196
83650,14958.822900484538
83651,11526.769890049885
83652,21491.371877227324
83653,15073.725899726182
83654,18616.622673863898
83655,15059.831728283514
83656,16267.283479820617
83657,14449.723463756118
83658,9391.603990572952
83659,11427.788497667281
83660,12849.13011797073
83661,18880.14377828694
83662,17625.150712343922
83663,6692.574957783758
83664,10177.711471774059
83665,13116.86432919573
83666,9453.2302757875
83667,9534.784219964142
83668,7991.565631570718
83669,6365.042917065244
83670,17933.046819054627
83671,12045.960796951429
83672,8465.247680702316
83673,20514.071151858934
83674,10277.69277488577
83675,9453.792623885802
83676,8555.931804603943
83677,9579.972364984607
83678,16021.72690954818
83679,15692.404490498691
83680,17368.30475771066
83681,12636.863210831465
83682,16287.77430093635
83683,11210.905586294835
83684,10597.778948947036
83685,10102.43005198169
83686,12523.838008335139
83687,9641.970630329943
83688,10928.092219698025
83689,15738.837397696665
83690,11820.435402015502
83691,12794.76364294145
83692,16500.51139269687
83693,10930.369040117832
83694,21214.287224718068
83695,9640.752564025857
83696,12118.348493540696
83697,9001.472239820714
83698,11417.976212990116
83699,10265.02180000965
83700,12161.65852361473
83701,14634.408313823096
83702,9388.323628908201
83703,17447.64836947889
83704,17417.304588320567
83705,16855.75428730067
83706,10479.877557201013
83707,17312.964969975914
83708,19592.1215348291
83709,16383.652307724875
83710,8874.875343749007
83711,22545.398729916582
83712,10897.046220941334
83713,15713.834338101944
83714,11570.955642866626
83715,14565.47272038131
83716,13080.454442666743
83717,8169.671441542216
83718,13162.226117033004
83719,19789.6044577267
83720,16999.693413322613
83721,25650.729070933343
83722,18466.874926267014
83723,24955.00705273317
83724,6780.492438936804
83725,11290.680395843527
83726,11183.334081774115
83727,18179.100194063172
83728,14466.656431818536
83729,10469.458127729831
83730,9177.4393000674
83731,19055.59501712764
83732,12700.38756588546
83733,8350.334371748664
83734,23373.409382255955
83735,10574.766869365922
83736,17571.306995802508
83737,8994.25974400876
83738,9205.560071658612
83739,18349.616471280147
83740,15756.933573971655
83741,16156.482637826553
83742,9339.507101563257
83743,7157.993389616673
83744,5650.5060805537105
83745,6599.884682924823
83746,7256.015880082125
83747,18236.41702460948
83748,10250.257846579114
83749,6859.808883769718
83750,17702.33286480988
83751,11126.983525439253
83752,8010.238178900807
83753,11216.936726317897
83754,9489.012549825753
83755,9780.59548744915
83756,6204.873277358809
83757,14214.744338290195
83758,9713.311057709614
83759,11394.560270136011
83760,11939.413284461309
83761,8601.893378487228
83762,16368.430360503276
83763,9774.123656498943
83764,10956.706161503109
83765,13606.446733086774
83766,11642.111193532968
83767,12244.168360131607
83768,22107.008285438806
83769,10728.65950701243
83770,10456.497500303614
83771,9349.464785739281
83772,13056.316890763093
83773,10260.301447186946
83774,8372.430139820895
83775,12364.669323537055
83776,8792.9786637497
83777,25850.07785041154
83778,22994.01627311534
83779,12907.051534104598
83780,15779.575267174234
83781,6199.33561271313
83782,12528.036383970259
83783,15386.508781259241
83784,11506.319041525983
83785,16192.228949520475
83786,16635.537182147487
83787,13827.820260806497
83788,8113.97519699556
83789,16374.810634621794
83790,10816.631381226218
83791,13177.058801271074
83792,13279.72072707133
83793,13356.345231812029
83794,6586.241944992687
83795,10653.92265481227
83796,6024.700687892231
83797,12490.592643069698
83798,13028.943083535074
83799,11758.428780587017
83800,7456.943594199528
83801,12501.274444213828
83802,10457.866436999931
83803,9000.04566675128
83804,12953.359134253711
83805,10687.229260375922
83806,12583.997733388367
83807,15444.548835378173
83808,7422.506821241136
83809,12176.310684967852
83810,16067.550840169693
83811,9145.237159307897
83812,10704.429487855676
83813,16693.96097505446
83814,10183.54911377533
83815,16361.557733896072
83816,18079.40166308178
83817,6744.788870819934
83818,8863.919205660746
83819,17388.580023829032
83820,8691.673619495185
83821,11392.691146489076
83822,8467.254454412596
83823,14402.871198682275
83824,17261.876572792393
83825,10526.377576945128
83826,15702.897909169671
83827,10869.601179565885
83828,9707.245374565424
83829,10973.738457625266
83830,8210.591914143648
83831,10075.6979392285
83832,16217.811203486515
83833,10830.480089539618
83834,18432.31274928608
83835,9727.777798395971
83836,9648.741969219864
83837,10136.886985508358
83838,6356.129827644454
83839,16872.40582172442
83840,9732.961714735962
83841,8509.857199274278
83842,6453.214908146763
83843,9611.79916216567
83844,8624.694664882229
83845,14922.758500708846
83846,7038.994643399501
83847,6073.733549626516
83848,15845.99007786884
83849,6639.109792928173
83850,15279.396963486688
83851,15663.126482035255
83852,13921.770999802757
83853,5406.986422304479
83854,17569.66994990655
83855,17814.170033379687
83856,2660.7425527582786
83857,8815.177343894455
83858,11254.023836638662
83859,22569.030065614897
83860,8609.466732066792
83861,6000.959946201897
83862,9868.87885855557
83863,12174.027068877811
83864,7072.614994109781
83865,10766.890831618564
83866,16312.4527713879
83867,17457.49425955431
83868,19140.233349811144
83869,22466.697469748495
83870,10144.171947583549
83871,16177.118399368062
83872,7421.859882703107
83873,10534.118355377117
83874,12455.243168408564
83875,6602.41917038903
83876,19946.58715485851
83877,5139.571356466139
83878,18316.451934743705
83879,7312.305084304631
83880,8339.129283902694
83881,11494.084810955843
83882,8227.883512995057
83883,7489.067875460248
83884,12046.429470143126
83885,23660.14812673822
83886,17181.361734118203
83887,11060.432747246974
83888,11208.973081326349
83889,11707.448306887563
83890,16749.58075068074
83891,11963.501348721476
83892,15495.650929505042
83893,13337.744867962958
83894,10020.599448251212
83895,17873.246402667446
83896,7464.209501242445
83897,10910.006729271965
83898,7110.432576878506
83899,11431.44311650017
83900,4062.49134860005
83901,10214.1232444916
83902,7543.678233876316
83903,10071.827261655815
83904,10559.041423818078
83905,11696.02633265657
83906,13777.197562914982
83907,17967.48060398659
83908,17590.298296623358
83909,14789.400767383611
83910,15286.318170278671
83911,13814.995823615984
83912,18022.89835941712
83913,19873.045924082788
83914,19001.038352708878
83915,9863.943536270466
83916,13619.568590277999
83917,9502.886586699427
83918,11167.701147763886
83919,11510.458030986563
83920,9868.516030627774
83921,12302.373347598044
83922,13554.680063968115
83923,16123.595699366058
83924,11506.788706321315
83925,12233.95669256922
83926,20895.615445870655
83927,15232.787154399364
83928,10346.529834928944
83929,16236.392747977949
83930,9641.772464842157
83931,19522.658023202803
83932,6751.6454257313835
83933,17028.509122992673
83934,10864.136237495337
83935,5120.238255072972
83936,5349.8922249445
83937,11756.624724530026
83938,24506.667906728704
83939,9916.748026524234
83940,13341.511102289096
83941,20027.671603598435
83942,9904.54393222131
83943,10388.02818417496
83944,12983.901531974583
83945,15468.246449787466
83946,8776.037532181484
83947,8054.677506763996
83948,32917.66467152756
83949,5318.015011733112
83950,10598.56416098558
83951,16779.913324976944
83952,10895.585586751788
83953,18623.873650488425
83954,13906.706353650849
83955,2717.0168213358684
83956,18571.342568757904
83957,20611.824501245777
83958,13490.09077582361
83959,8625.388835837985
83960,13053.671285152646
83961,17698.622293643304
83962,10043.211187827983
83963,14397.499642240078
83964,8307.962674078615
83965,15193.595888766555
83966,12316.924923688925
83967,13734.672708444563
83968,4534.100117395359
83969,14558.50097289384
83970,7840.783823354032
83971,12059.133688924601
83972,17443.62517474852
83973,17551.587909474856
83974,11254.023836638662
83975,18821.069234399038
83976,24028.793881568585
83977,19010.459225284583
83978,6817.8465406405685
83979,25696.357882298133
83980,3646.975969213774
83981,14432.6667286107
83982,8389.619327823517
83983,12285.953942714117
83984,14947.062353306432
83985,16780.442291031548
83986,15683.961185251985
83987,13976.321153056633
83988,10641.397801991936
83989,15797.782208492743
83990,15673.073075178707
83991,17190.63746123791
83992,8370.822388399862
83993,8013.945006041689
83994,10889.90071697681
83995,5219.166080398181
83996,7548.453611582638
83997,10682.806496874744
83998,8565.023868082573
83999,5982.799240621281
84000,11214.436601835285
84001,14745.812552717809
84002,8034.137547862726
84003,9461.964925671622
84004,8426.856429148638
84005,8379.187098555265
84006,13162.725673356457
84007,13594.041112228628
84008,7136.700844476687
84009,18108.245176184864
84010,7743.266693893394
84011,10994.358886728201
84012,12066.000290670594
84013,8047.080827070515
84014,8900.301040358552
84015,11318.08338497699
84016,15510.063851253435
84017,15955.551120547572
84018,14866.82181009791
84019,15889.746419408737
84020,10998.67538242774
84021,11330.608796908598
84022,9354.94304393282
84023,17581.55794934521
84024,13519.283710205185
84025,25622.45500825122
84026,8586.173239709668
84027,11321.798015430253
84028,14338.475095390335
84029,10728.102096262137
84030,10534.969933799302
84031,7567.30594342541
84032,20259.012221311328
84033,16640.701833978408
84034,10970.615398138447
84035,11120.072151843646
84036,12473.36676831511
84037,8856.405907369786
84038,12030.234040528994
84039,17345.548798800373
84040,13169.794708775382
84041,16526.19584275718
84042,9090.63098346236
84043,9893.68168537996
84044,12213.567376091867
84045,7931.719053558383
84046,20486.93361584585
84047,18925.9656312262
84048,16272.702077814232
84049,16898.20313896713
84050,8296.705286543294
84051,11357.818340253705
84052,7918.192948601161
84053,10089.422289141792
84054,18707.730898642254
84055,6469.507553046658
84056,8639.305523209647
84057,5657.956405218206
84058,18962.814943957914
84059,12336.158962937454
84060,18512.13066803691
84061,15785.405437098678
84062,10785.506513536251
84063,7418.6097528392165
84064,14586.899494225247
84065,17946.938096775597
84066,9361.078116369943
84067,15093.986781547288
84068,3698.1137558617033
84069,10997.53928597583
84070,12214.590120439625
84071,10930.369040117832
84072,6874.559445386531
84073,11917.48353322444
84074,6513.326245044037
84075,13483.897468129657
84076,15092.533539451648
84077,9374.075629379884
84078,6821.582117272733
84079,14702.196059583443
84080,17442.231852400204
84081,10687.547133570217
84082,10140.775800507778
84083,17684.257171084606
84084,10420.170502447236
84085,13013.268101612366
84086,16316.844415135514
84087,8891.59127944219
84088,10047.692158078284
84089,11071.873954531056
84090,14985.370338280438
84091,6911.634851647112
84092,12143.842742431156
84093,6729.191020656977
84094,12465.494768892946
84095,16432.83239051487
84096,7852.108047286655
84097,17715.081963745273
84098,10023.219627387061
84099,12262.965448725541
84100,7016.2742444323685
84101,11421.239616086888
84102,8498.29901354762
84103,10531.19604075667
84104,18385.267014715406
84105,14762.793157327234
84106,10159.49318036034
84107,9543.86349666521
84108,10915.146328264342
84109,4564.9209273579245
84110,12325.994021441034
84111,17519.429691456604
84112,8889.114328341846
84113,11035.977778650871
84114,11200.896856487521
84115,10392.02753149274
84116,11876.27038223271
84117,16472.216965575437
84118,12928.78316635506
84119,11780.950136336845
84120,13129.16427882046
84121,25862.56049487758
84122,11000.529116745101
84123,8719.043274347569
84124,11037.293904625058
84125,13604.274921149183
84126,15592.188458546272
84127,6407.818216514522
84128,17433.11988931033
84129,14550.314922923257
84130,15674.10225241585
84131,18478.087260508415
84132,9735.335653324953
84133,10804.12638615766
84134,10975.85048775852
84135,11616.478089968688
84136,16389.603137305778
84137,6807.840826698097
84138,15617.465340544108
84139,6356.129827644454
84140,19325.325240555136
84141,12497.48020381016
84142,6673.289342129323
84143,12721.295860580416
84144,15306.799252418803
84145,10233.5654353406
84146,10796.515888456448
84147,14475.053582065291
84148,7326.394738608826
84149,9859.12601021829
84150,9740.710501544416
84151,5687.347516872648
84152,7994.040088736264
84153,16920.30480104962
84154,10042.308303950593
84155,18425.449118946868
84156,8331.056613758741
84157,14007.372109960555
84158,5259.385016208726
84159,15652.651578735951
84160,16702.528084489935
84161,10899.953331047136
84162,16013.801998774688
84163,7749.133039688264
84164,11949.478701776581
84165,10877.503700909088
84166,16791.849033984643
84167,11063.501277714386
84168,8305.070185162256
84169,7212.388670259201
84170,10730.922178758316
84171,8796.020991675336
84172,14173.527930683846
84173,16517.415243663938
84174,9813.35453864864
84175,13068.94110548543
84176,11440.156696546856
84177,12030.649003178156
84178,13483.719766972745
84179,13379.192970327513
84180,12696.73119537226
84181,19566.009981555195
84182,11903.877803807187
84183,15667.661303990197
84184,10361.049437548256
84185,28036.478253345587
84186,6497.23633126234
84187,12794.323179629497
84188,11139.625411003293
84189,10762.275360567553
84190,10721.76456679628
84191,7407.01830536588
84192,19015.51660799262
84193,16177.058971380657
84194,9606.647056175607
84195,7607.929059256945
84196,2837.61550305073
84197,10078.177810658173
84198,3916.220056462108
84199,12291.640094139708
84200,9613.872846114436
84201,6212.960024684006
84202,9655.018806835407
84203,16881.093992612103
84204,10065.318318145963
84205,14587.035373106335
84206,7276.183150038493
84207,9921.693719255687
84208,9336.568844796702
84209,20267.11318563392
84210,11020.754097995636
84211,11292.053384374147
84212,2754.865047336555
84213,21439.876009667132
84214,11323.984931230862
84215,12979.484301381504
84216,19591.589195969
84217,17125.494503644237
84218,6388.700974863856
84219,10803.263985147816
84220,13802.061240342355
84221,12447.939210513341
84222,12099.174514264672
84223,19125.28601594036
84224,18255.71092951063
84225,18720.381383127617
84226,13714.97997759956
84227,17008.928632391915
84228,6274.912350113715
84229,15906.271689747697
84230,8516.180706193853
84231,11283.374831982397
84232,11608.510053770126
84233,9096.40849899514
84234,13638.47428302612
84235,14726.487962724756
84236,8170.505782649988
84237,5554.3693501459875
84238,9489.012549825753
84239,19702.625456756894
84240,14834.0428243116
84241,14261.359447512521
84242,10277.456838673923
84243,7974.393230027209
84244,11829.959128441107
84245,17002.73740083227
84246,10884.952660172701
84247,7978.18173866654
84248,19937.38457263448
84249,21867.88010207934
84250,11565.736204773028
84251,10963.304712582556
84252,9334.181522743074
84253,9294.558740985329
84254,11030.302108631458
84255,9234.551756486675
84256,11009.352200289188
84257,13074.002499832135
84258,14609.125386685502
84259,5183.692631349413
84260,15336.373783250625
84261,13589.48979086104
84262,9234.530918578144
84263,10748.130424900333
84264,13142.27171564073
84265,3528.7641649168368
84266,10261.878232597057
84267,19324.84126147152
84268,13464.24034416904
84269,12403.034547928735
84270,10502.274649484614
84271,15802.74949939823
84272,19299.292136855744
84273,12365.949071197796
84274,16052.10789740096
84275,11819.3326624347
84276,13547.043325308483
84277,12713.767414734311
84278,10930.369040117832
84279,18248.796194836817
84280,17036.993591741593
84281,19507.938220950808
84282,13929.829483413072
84283,12150.648891030258
84284,11822.481298948918
84285,4894.697598587567
84286,5947.300897004769
84287,19444.170650608045
84288,13589.569601726158
84289,9248.956447322702
84290,9546.24953053204
84291,11433.129025999064
84292,10130.08195513699
84293,15471.694079349923
84294,17707.430814596533
84295,11812.421238252948
84296,13880.19247444793
84297,22204.672994171313
84298,17075.229608378584
84299,11098.35801217558
84300,11076.34643587151
84301,13295.17913698702
84302,11693.411011587195
84303,11802.24563208087
84304,8627.220181344803
84305,10305.221902920577
84306,10035.747570935886
84307,8647.68198328503
84308,19568.819925535332
84309,10971.034343354419
84310,18534.43823170327
84311,12004.987715213538
84312,9768.534902791991
84313,10537.704790537317
84314,11257.291949368668
84315,17882.10669061473
84316,9037.857239867128
84317,17438.150789572028
84318,17519.003764785797
84319,12535.367264869934
84320,11254.023836638662
84321,18626.475012935844
84322,19821.327151087207
84323,10148.519540784471
84324,9989.22749832624
84325,12230.374241268304
84326,20362.501404609786
84327,16155.583500866682
84328,11376.169935554173
84329,6357.100382844271
84330,20016.123227724638
84331,15755.605886684983
84332,22505.82799756123
84333,17345.166951367068
84334,7926.487036562268
84335,10375.92109343061
84336,17439.18376430371
84337,15659.20145058248
84338,24081.23444257301
84339,16584.348040945693
84340,15782.719456833638
84341,12490.291560709582
84342,15386.116288743055
84343,11095.532198462484
84344,11667.06989034906
84345,7117.861140459367
84346,18243.49201838308
84347,10179.128769672328
84348,11330.608796908598
84349,8810.050436294232
84350,12437.988303359569
84351,17279.641395423077
84352,13833.703436880149
84353,13166.295002190629
84354,15359.537307142848
84355,10889.433338225886
84356,19596.442953628284
84357,7247.503695115787
84358,11622.191953617257
84359,7060.762412620158
84360,7726.773303105988
84361,18920.137389937852
84362,9052.93467609699
84363,16424.004618615898
84364,15091.906101338014
84365,8404.831799294849
84366,9169.898474915994
84367,20000.93186974171
84368,18224.86902564238
84369,9960.09422005622
84370,9117.978947679989
84371,11355.753397729743
84372,10499.902961844331
84373,8032.419729089117
84374,8921.271318171695
84375,9877.454634964677
84376,14640.250393569087
84377,11386.360634928356
84378,9648.741969219864
84379,12999.25564585733
84380,12069.646143756258
84381,5825.551191401781
84382,9322.138867303196
84383,11133.34652115565
84384,19035.87496810737
84385,9869.945888188158
84386,15850.79107092155
84387,12018.89364640187
84388,13605.471463603533
84389,7441.305904516763
84390,6061.694244330407
84391,5866.341549097817
84392,16359.709076313795
84393,10261.916618753996
84394,10443.101061713574
84395,16077.335349067924
84396,9494.799879767805
84397,17358.757282566316
84398,8593.411840559911
84399,28384.476035993757
84400,15025.343162337987
84401,10261.071383727034
84402,17237.55537286128
84403,17862.977995014928
84404,10758.403055739838
84405,12458.631280941932
84406,10164.723563442627
84407,7327.7049132133125
84408,14052.034977243711
84409,8822.377631146923
84410,15510.738128670053
84411,11825.3273024577
84412,11735.116243315359
84413,14100.234379825217
84414,5376.344229537943
84415,10985.412529255726
84416,10971.2756041885
84417,14021.174842442293
84418,13576.949303209167
84419,10659.761170188362
84420,18584.943316232446
84421,11023.308331322183
84422,8889.114328341846
84423,10992.343120769465
84424,16279.465889151874
84425,10218.170139753163
84426,18798.302403338912
84427,11167.701147763886
84428,5860.05042467388
84429,6502.50120496723
84430,11824.650998508867
84431,15725.842495983208
84432,7624.197422277315
84433,6073.735693865936
84434,17649.925640242247
84435,16299.311833977668
84436,10077.355134962323
84437,4904.350787232528
84438,9320.947041278518
84439,15063.932264655288
84440,10006.701750904413
84441,9109.139012650336
84442,7151.165423634231
84443,19053.598082261713
84444,15510.738128670053
84445,16036.70018582981
84446,7242.246428847986
84447,7367.529721027202
84448,19977.085817619394
84449,4867.61602371415
84450,20575.559032383364
84451,2924.8441153240747
84452,18392.63004188851
84453,8232.131850737997
84454,19343.767793338724
84455,17607.468665910637
84456,18272.964999810552
84457,17347.883598021974
84458,13963.543404547383
84459,8367.435027601732
84460,13173.195429205967
84461,16077.139399882439
84462,15368.238121653358
84463,15726.240398770045
84464,13576.803739918312
84465,11697.063253682103
84466,12109.138899983162
84467,13424.900118265017
84468,9780.122033544612
84469,10583.331552959491
84470,11554.756842374323
84471,13100.031708464812
84472,11321.798015430253
84473,14405.430923908893
84474,17477.648182246456
84475,14246.36362968351
84476,11976.798548189996
84477,16009.030108906783
84478,20874.63731062515
84479,12237.412374280786
84480,12424.520508665206
84481,19826.822467480266
84482,18557.20412090028
84483,17327.32596016309
84484,6535.594632052211
84485,8888.919111472935
84486,12933.781105849557
84487,18296.574923044747
84488,10691.922472924925
84489,11835.195153328483
84490,22762.576589126424
84491,10255.23992193855
84492,11650.335137611159
84493,10504.855773985615
84494,10969.285136566683
84495,11065.164798996806
84496,11909.410967323045
84497,20340.16969888194
84498,15986.92028983291
84499,14206.0158885255
84500,13218.58837802881
84501,15730.557989228873
84502,17616.61736746068
84503,4906.171242291204
84504,10687.15336069169
84505,12109.703133282017
84506,18788.564454039795
84507,17893.046598154266
84508,10173.523362065855
84509,15667.381108711039
84510,9931.532261752296
84511,18987.617690921186
84512,16768.025735812957
84513,14257.092461834796
84514,9383.969487747625
84515,18387.841600235028
84516,16376.35809139768
84517,10265.975845302763
84518,14508.16859764976
84519,6026.012896312679
84520,10925.867988617154
84521,8756.366396417952
84522,10855.383460498379
84523,17380.703476516705
84524,13406.112375367466
84525,8210.108931652094
84526,19323.474545270838
84527,8427.102517856883
84528,16498.729656906453
84529,11333.431206064834
84530,6819.932246025424
84531,8278.912407269525
84532,9204.399557942521
84533,7128.707596022486
84534,9827.536596725382
84535,10502.369803962329
84536,8616.802422403873
84537,13690.286572215908
84538,11742.431923465778
84539,15915.99389965622
84540,13908.643045282519
84541,19848.162013966114
84542,11305.591980931993
84543,11221.572268539607
84544,7485.471714187812
84545,31196.499315315617
84546,12261.832075258346
84547,13551.663488034173
84548,3213.225999150354
84549,10673.59539783853
84550,11515.136811928714
84551,17716.510253358472
84552,10566.563895754247
84553,14329.349278452215
84554,8170.415822812363
84555,17693.361538720128
84556,9613.910446783875
84557,11817.709755761774
84558,13014.774237576716
84559,10874.703103297836
84560,6957.67593651434
84561,6750.274252798938
84562,17117.83463412123
84563,8644.879192843471
84564,14851.27774969087
84565,18375.418874694005
84566,10478.976440626218
84567,9903.8307842867
84568,18875.02020766856
84569,9713.260218860934
84570,14430.663508335116
84571,13288.071983394064
84572,10454.514200977772
84573,16409.884354284735
84574,11969.800237370948
84575,6261.297035593122
84576,8300.862564987006
84577,9164.101736666682
84578,8807.56517190318
84579,9920.486865461871
84580,18686.912788128724
84581,15886.548461317097
84582,8112.307001893054
84583,3206.0548285553364
84584,8119.828681850985
84585,9746.583497896569
84586,1964.0539219043026
84587,13667.115520463369
84588,9711.828293912324
84589,11649.1929889725
84590,11571.756054078809
84591,19541.169417691224
84592,6927.648500352136
84593,11887.829647974351
84594,6814.154068504928
84595,17040.80481450466
84596,11252.30377914195
84597,7582.582044396431
84598,20564.073378054534
84599,7384.339041412082
84600,20296.82475291922
84601,7088.9685308966855
84602,7031.374431984723
84603,9270.751915529714
84604,10126.702194554713
84605,8049.331273036454
84606,12712.735221135472
84607,17482.662703234775
84608,17755.06549883555
84609,12015.507905447615
84610,5428.860446902043
84611,12751.011597354302
84612,8883.94322261519
84613,12059.84124250342
84614,11618.898714441593
84615,10762.530691156147
84616,16148.900259069458
84617,8632.886308934385
84618,12021.892309981486
84619,4676.069421668371
84620,12048.020046157919
84621,15629.487487273587
84622,13227.593126564167
84623,16871.287542054873
84624,9637.388282294058
84625,13352.400148370665
84626,13883.996195271155
84627,11871.732215587403
84628,10949.788369933529
84629,10531.63567182458
84630,17558.536954717936
84631,16290.357543980244
84632,7118.872312771928
84633,17564.63889434334
84634,16995.08509208575
84635,10429.060294382432
84636,8061.382439701928
84637,18429.68180374879
84638,5724.926541231502
84639,12025.742359440108
84640,15732.115272530002
84641,13845.71853355839
84642,17530.58090793522
84643,9055.620078161875
84644,7690.5352316672615
84645,19376.124980536675
84646,10529.837207729002
84647,19492.5731684152
84648,13254.8454734894
84649,9713.322033441618
84650,9936.244815345435
84651,8266.067254597598
84652,13316.868009745458
84653,8144.067156143259
84654,17996.448321501957
84655,9199.424457819614
84656,10944.208820330394
84657,10194.770996241012
84658,16912.879955352328
84659,18534.02465185993
84660,16937.078549826358
84661,17708.948604190853
84662,11375.56145540986
84663,13480.321920360127
84664,13653.437166261832
84665,7634.10116103325
84666,16220.48005938606
84667,7098.743532781097
84668,9664.231087691669
84669,14821.792772588731
84670,18182.658431465265
84671,16320.642977593177
84672,16077.337961650406
84673,12211.629171098632
84674,17343.030366351166
84675,16331.059666624595
84676,6196.4572931479115
84677,10895.87345513856
84678,7602.623222367517
84679,13532.595695144173
84680,6389.379902019534
84681,9333.292484497992
84682,19799.222868988232
84683,9569.926574670359
84684,16251.595539731588
84685,19253.078288442524
84686,6461.367581496852
84687,18532.029372809367
84688,12520.727075174593
84689,6661.978695767886
84690,14102.17506427306
84691,6388.086935366688
84692,16035.089620186676
84693,13746.073672520833
84694,9663.58901589362
84695,7254.522629008189
84696,27849.229449182174
84697,18344.87263833588
84698,10623.374217717046
84699,7863.93513059217
84700,13989.861705441315
84701,11023.554804257914
84702,8259.97116716525
84703,18048.816073665075
84704,6023.519598479597
84705,18142.70553629256
84706,18195.712036842004
84707,6516.758040984772
84708,13616.615292471051
84709,17945.355600072322
84710,7470.9599940627395
84711,9429.543298927842
84712,11578.9969968306
84713,2966.006100588226
84714,16018.393826198779
84715,8900.87026703485
84716,10839.8538479725
84717,5333.380505005275
84718,6267.782389769338
84719,16401.664245938762
84720,8719.923721299034
84721,11810.96863942036
84722,15637.639591277455
84723,7335.92612481035
84724,9736.186569168383
84725,11212.191192416642
84726,9530.43549918041
84727,7746.678828289617
84728,14864.658768265308
84729,14625.034974705304
84730,8860.237199861996
84731,21189.536512997813
84732,12387.164024033485
84733,6936.950998059227
84734,15643.570490120721
84735,8776.978155111126
84736,9524.8413858702
84737,8970.016452639156
84738,9017.810114201988
84739,9869.7844596855
84740,13419.960996941407
84741,12033.464666306565
84742,19729.08252529484
84743,18466.982968661203
84744,10455.14645725557
84745,16512.70471699859
84746,10969.497684957629
84747,11958.199247351939
84748,12328.062129848204
84749,10857.535992349725
84750,13331.901520117466
84751,8834.55389250564
84752,9121.307760740325
84753,7725.756867562364
84754,18185.230041386272
84755,13685.991280045717
84756,5410.209233935668
84757,17343.030366351166
84758,9782.857519543548
84759,10228.179588507448
84760,11504.589435193571
84761,5111.915970333848
84762,9764.740332572925
84763,7107.818249123811
84764,6819.702530001895
84765,13675.210923514305
84766,13060.098778434778
84767,10293.879794310807
84768,11861.638103859952
84769,7983.382376171937
84770,11607.885541621796
84771,9132.829410079263
84772,15767.222065241938
84773,10016.517858160305
84774,12126.865320452816
84775,9983.308120129801
84776,8400.975581149734
84777,6066.161204426321
84778,22587.130487987743
84779,9914.789591250208
84780,16421.68433888065
84781,11891.224396189804
84782,9374.075629379884
84783,17843.951897907355
84784,9551.22723962128
84785,10070.673824908325
84786,16365.247643300443
84787,11546.930542972119
84788,19522.658023202803
84789,13523.460107825373
84790,10001.332120061412
84791,9767.98437834711
84792,10930.369040117832
84793,16037.414324410187
84794,6210.30478791132
84795,19336.27269194875
84796,17143.239617178806
84797,15477.868108866769
84798,9558.755169785427
84799,19104.916682726507
84800,8159.215366013372
84801,13853.777692023776
84802,11573.219552897488
84803,9261.244037636276
84804,13778.413611677366
84805,8572.166070783998
84806,10230.764398797492
84807,6662.768092849242
84808,17067.786127198084
84809,15728.715231849721
84810,6228.637731991903
84811,16103.667587342188
84812,17445.225818880077
84813,10486.377167622542
84814,16922.46362482623
84815,13095.470879511204
84816,17339.81361199057
84817,6633.31927902011
84818,16745.981554561622
84819,10142.27287516337
84820,15764.49698466367
84821,18496.821132081455
84822,9429.568501254129
84823,7411.9586749529
84824,10642.715685058538
84825,17839.075167696894
84826,18410.36865802889
84827,12603.784644186864
84828,7162.551952955706
84829,10129.319387655587
84830,9009.019779731907
84831,9373.452610881044
84832,15028.679910551211
84833,15848.427639458983
84834,9909.112849864157
84835,6890.0636251370925
84836,10078.233787018005
84837,18924.697573741865
84838,16199.219995536423
84839,12030.311086607744
84840,11833.193214569366
84841,8605.033480751556
84842,12068.648134780582
84843,14028.280391632472
84844,13277.007134122101
84845,14293.95148209982
84846,9905.813773861544
84847,12904.601598688478
84848,10920.343905374872
84849,10968.494227221658
84850,17533.711157850907
84851,11755.691612961444
84852,9515.553693325224
84853,5864.187619902921
84854,5286.379816581356
84855,18919.695397043943
84856,15748.190834572437
84857,8145.9326930568495
84858,8541.646318818508
84859,7885.585449393674
84860,10725.758158797633
84861,18129.444445718924
84862,10287.116552267473
84863,11677.723260306859
84864,10652.215433770307
84865,8966.380295404195
84866,3400.889642203796
84867,14888.919177651462
84868,8303.57327445003
84869,16545.277565322405
84870,17928.836813830836
84871,13060.612398938438
84872,16062.643958180754
84873,13546.359237828134
84874,15737.769831337817
84875,16907.297968192404
84876,14349.82197443477
84877,15243.997752856778
84878,18637.22107687624
84879,20624.87826317268
84880,7465.420758158518
84881,7381.51670444637
84882,14293.466936921626
84883,6968.647613851908
84884,12968.184473658463
84885,7157.498814696559
84886,10871.236661327735
84887,13277.212854867747
84888,12108.319427160961
84889,13517.783251677003
84890,9566.147040846445
84891,7152.016047029885
84892,7442.969560097812
84893,13018.67834417454
84894,12364.959529250058
84895,10517.53953551277
84896,13503.740911309595
84897,10832.591396807618
84898,10064.438938454103
84899,7125.073372023255
84900,7264.819235565365
84901,24313.211493629897
84902,10928.277560974992
84903,9828.559995158948
84904,11271.235097310571
84905,12745.714779034162
84906,7713.206050639663
84907,10463.061769416534
84908,11253.670754303886
84909,8369.054148195433
84910,13705.230753200809
84911,1630.8571565540622
84912,15540.117703512338
84913,9417.116679014016
84914,13904.968958294652
84915,13494.707815195165
84916,15565.869627189779
84917,12448.376712108213
84918,13636.54573846303
84919,7443.10071377868
84920,10873.142290316257
84921,12070.03060722322
84922,20048.829847281973
84923,16470.352686393253
84924,16612.474401945707
84925,13174.143443788975
84926,8735.941602978353
84927,17684.870925743722
84928,11026.668506840379
84929,11975.091610765307
84930,8947.4903753235
84931,15944.507138330657
84932,9287.974445190446
84933,14650.109104831281
84934,18625.50152704512
84935,16599.219860618163
84936,17847.262025954773
84937,17072.950236430006
84938,10053.890968152817
84939,10519.13246252851
84940,10967.877880026901
84941,13780.255572277732
84942,12116.368483845508
84943,10372.739846472188
84944,14507.57368025091
84945,14469.711778754054
84946,12245.69622699597
84947,12384.622389557117
84948,8669.522780605059
84949,29226.814626274612
84950,8152.442699387931
84951,19639.680695335708
84952,10865.620918831017
84953,6488.3905721115025
84954,11091.266013339156
84955,10077.716329432735
84956,15212.112577686716
84957,14937.370394314534
84958,17068.435024911018
84959,18889.763023560055
84960,10828.854075052273
84961,11026.91293414182
84962,10925.072407175921
84963,7586.971318138982
84964,14571.82388617744
84965,8998.742354450396
84966,15698.574986488646
84967,16759.984763984052
84968,15212.865893082586
84969,10390.287860373837
84970,6016.498743219669
84971,9490.393526291662
84972,12106.551083574872
84973,4046.358850320762
84974,15712.895513675372
84975,12730.620289365697
84976,13612.167308317312
84977,8551.188489582693
84978,19268.81215347344
84979,11035.393259499935
84980,11809.171425204477
84981,16272.702077814232
84982,8843.129231083145
84983,19414.30339206111
84984,10673.87907524563
84985,11269.514268916864
84986,7971.206284428426
84987,13160.993618544675
84988,15511.27197143852
84989,16585.972976369925
84990,21672.816442454197
84991,14814.309453105965
84992,11735.184857401775
84993,11791.413175966485
84994,16864.567494222523
84995,13668.032373058639
84996,8158.1424606383025
84997,8346.606375886398
84998,10259.2357331971
84999,19021.43954911039
85000,11507.570429398102
85001,16764.035233541254
85002,7753.656933515651
85003,12482.431111224681
85004,11846.775990080801
85005,12139.959182143291
85006,9241.858006858874
85007,12391.588846974222
85008,16164.59247226021
85009,9357.477307813646
85010,16540.77409690003
85011,20968.56156047614
85012,16289.064721334278
85013,9519.554181227599
85014,5933.771066604704
85015,13679.301117913521
85016,7626.013805769446
85017,9066.062988844853
85018,28255.23742927677
85019,14303.790910978714
85020,10906.720868117649
85021,10878.156993921712
85022,10647.921699549586
85023,10546.232910748591
85024,7857.511995692199
85025,18408.787823336257
85026,28551.094745144394
85027,12030.754314285521
85028,10196.671348923377
85029,10418.86473778678
85030,19114.9192817145
85031,11171.751100135018
85032,12950.315333561033
85033,9179.52545173033
85034,13572.9371056472
85035,6541.901833860125
85036,4964.041847056216
85037,13395.746402547022
85038,16526.01510139575
85039,9024.581667088474
85040,17075.229608378584
85041,9157.392088055341
85042,6817.995841026657
85043,9786.28185585175
85044,11291.163215139622
85045,10674.79232167427
85046,7459.315671949927
85047,18013.090028523286
85048,18256.084099089192
85049,12186.184193851239
85050,7941.091448486422
85051,7877.691892143897
85052,11679.342642224157
85053,10913.805852155687
85054,11146.952554535152
85055,9354.455340613891
85056,23376.067288711256
85057,12796.930640163107
85058,9504.797090186616
85059,9068.539743801888
85060,9492.20701615266
85061,12227.62886444783
85062,8111.55718601352
85063,9777.903395977235
85064,18538.43784927216
85065,10685.524971576639
85066,5280.641109623921
85067,15894.212462436462
85068,9277.437843672767
85069,4382.780144626681
85070,23272.68130248082
85071,5120.805366382991
85072,8095.7760679364765
85073,11211.888216804222
85074,10114.24953367016
85075,6512.659613526022
85076,10083.465111950594
85077,17495.703695589968
85078,16272.702077814232
85079,10562.174586444977
85080,9040.152881686905
85081,10517.53953551277
85082,16346.934546720968
85083,7536.399281038406
85084,18238.38757221814
85085,9831.131760625009
85086,8272.770857492078
85087,10678.49318405218
85088,9350.404562618689
85089,11250.531257789145
85090,16497.113114640855
85091,19660.83301370369
85092,13617.717228274254
85093,8426.16083546752
85094,7548.291800395823
85095,13990.5041789659
85096,13656.7812618454
85097,8344.585192424804
85098,16165.12129336558
85099,10684.388939085928
85100,16684.50934619266
85101,10941.186339636373
85102,11580.364574097544
85103,11421.650437782604
85104,8361.098192256959
85105,20484.925599167273
85106,17714.871034500135
85107,9872.443499238972
85108,15259.135282981668
85109,16972.272112616112
85110,17247.146049360097
85111,15883.437180671162
85112,17626.420481602345
85113,12269.67535480432
85114,11556.700415733878
85115,8858.798923861686
85116,15971.66289699449
85117,6254.5973926852175
85118,17962.34330675066
85119,15549.001530844815
85120,14634.52590788857
85121,10654.095659911134
85122,11492.656909973082
85123,16034.346028187818
85124,16020.244648906737
85125,15850.812852826446
85126,8750.094245436472
85127,30675.075755457103
85128,22323.489187989817
85129,15693.768291009776
85130,9690.388879705482
85131,18311.037489258175
85132,16030.047503680764
85133,12193.004686133609
85134,10760.691588455875
85135,15000.342862635127
85136,8455.537415669205
85137,6654.259852437308
85138,9985.250611228035
85139,15646.345078156439
85140,19512.72404701996
85141,5724.417884339965
85142,9747.989699451244
85143,30765.9619790234
85144,16113.237903646646
85145,20651.788989760356
85146,10391.563827281956
85147,17841.342590163236
85148,16877.609403152393
85149,15876.678427970619
85150,15471.110933466647
85151,15975.908336447725
85152,12073.2034731813
85153,13338.443740972187
85154,14137.276213927558
85155,15885.903040859977
85156,9779.374689235876
85157,12493.107107073647
85158,11437.316614782092
85159,11699.294889356377
85160,8064.05360104399
85161,18972.418496244412
85162,10567.260203010348
85163,16543.4114400931
85164,8602.228870044944
85165,6175.79427509269
85166,14053.284435665031
85167,15829.850364072703
85168,15513.32651707362
85169,30994.38129598127
85170,24911.163365045868
85171,21495.16950550064
85172,8452.125402861751
85173,18799.158672504273
85174,15708.520874176524
85175,12678.749066741304
85176,9315.702914102436
85177,11216.636606757636
85178,11022.727869188153
85179,12122.395299091686
85180,13617.717228274254
85181,15448.693411418342
85182,10852.81382727443
85183,9766.99476252949
85184,17832.242124347078
85185,9373.20416819383
85186,10687.45350059895
85187,9846.528087244878
85188,16939.931395810843
85189,11272.276904990755
85190,13622.109782257685
85191,8779.300295185916
85192,5357.195517706435
85193,12956.828527356118
85194,6630.113803475526
85195,16210.61660409765
85196,13471.313092146062
85197,22111.711795132447
85198,42201.47291145013
85199,9342.838855032398
85200,12753.873775952132
85201,5415.714484934692
85202,20924.484414026338
85203,18212.825397412387
85204,7739.993743129326
85205,12784.380680780498
85206,16027.050391712826
85207,7491.839487450616
85208,10886.539443311656
85209,9633.955171721602
85210,14328.214602578119
85211,13502.56001613281
85212,10710.603504261022
85213,19125.611121758386
85214,21269.308087584614
85215,8556.402387833336
85216,15452.928625528508
85217,8520.203949363578
85218,16383.907833736885
85219,9647.798577304911
85220,13584.793361721859
85221,26845.086354888655
85222,11959.277002882074
85223,6251.002367111469
85224,11333.248516062966
85225,11979.631277593622
85226,15674.21101127937
85227,11141.714083223062
85228,11331.124314802182
85229,17027.539830027486
85230,8582.480034155098
85231,10156.12077464463
85232,16469.083012518255
85233,11183.142381629124
85234,16383.652307724875
85235,19154.42508970885
85236,16612.422836487072
85237,8105.209198432069
85238,7541.684185179316
85239,11299.998440043017
85240,17339.110646703688
85241,18342.34659359257
85242,8464.889330805829
85243,17531.1081316372
85244,15033.385319825918
85245,10818.535037520858
85246,12553.068703300845
85247,11288.592413289229
85248,12208.330726330507
85249,10420.774242973068
85250,8887.26077507788
85251,10401.23012758985
85252,14176.808462673094
85253,11171.518574911337
85254,8901.606239310997
85255,19485.578841272385
85256,11887.288895960468
85257,16404.536671895687
85258,10930.369040117832
85259,14282.29343728764
85260,16571.1695394854
85261,12379.08966264726
85262,10909.395237821664
85263,5024.455120249255
85264,16968.613767886534
85265,12292.561265588698
85266,6145.941375412865
85267,7934.595743494581
85268,8798.857880818523
85269,14754.925093384005
85270,12630.027029995854
85271,19644.131478647683
85272,13457.930328574697
85273,7298.8762014371
85274,14956.589584184314
85275,10615.399334437237
85276,7246.263306869829
85277,11033.851749984884
85278,7405.807453199977
85279,11029.753814787324
85280,17050.954438875542
85281,6619.483666283749
85282,7551.419991432885
85283,7498.612492118159
85284,10561.956145549622
85285,12546.744486026226
85286,11815.746785733514
85287,16368.216290459635
85288,7668.522147406056
85289,8033.202158503581
85290,11545.114411805658
85291,11640.326360060677
85292,8459.368453961171
85293,13071.436017129407
85294,5734.222703527041
85295,15725.859381304497
85296,16817.55704967108
85297,11421.471726018211
85298,7343.188004251873
85299,9030.092215094493
85300,19244.413136328563
85301,8679.54647229217
85302,2490.500326722763
85303,18632.618081819328
85304,11085.26674364347
85305,8104.278785070295
85306,9959.857737588907
85307,17459.377244254927
85308,9725.16850009778
85309,15755.50174458207
85310,17052.427769102705
85311,10976.130105792698
85312,19025.12077226258
85313,15224.162813161576
85314,10151.654576471288
85315,23408.816636077056
85316,11467.254975206111
85317,13094.915158326432
85318,16204.989032717596
85319,10742.21503412628
85320,16191.461789595869
85321,13201.45127786869
85322,13501.468282529615
85323,13922.926452222759
85324,21525.167828541587
85325,10974.230631222696
85326,15586.526324258286
85327,16758.338449982268
85328,18820.921304989184
85329,18186.569696498835
85330,17163.60050172278
85331,16522.526056544208
85332,18137.868534919868
85333,16531.749448521026
85334,15202.931388981702
85335,11420.280207137077
85336,10658.818560911111
85337,9441.655698729246
85338,3483.790947578514
85339,10688.92828081191
85340,17109.344912565444
85341,13254.733571050678
85342,9402.674881004114
85343,15600.296826551512
85344,14032.085090865941
85345,5771.027393673968
85346,13384.95931531578
85347,16871.287542054873
85348,10660.64839465768
85349,15821.53110620987
85350,16027.050391712826
85351,5903.761320113303
85352,8258.250163800343
85353,22232.078165734325
85354,17754.219683739662
85355,9673.687471167486
85356,13564.932980901704
85357,10493.548564941408
85358,8480.746041957209
85359,17706.46435467411
85360,17949.901302004186
85361,8729.35357282369
85362,15712.083661063647
85363,19049.247071550602
85364,14551.315065898996
85365,10130.792359340581
85366,11618.546599821599
85367,10591.576562979873
85368,6088.404056645468
85369,22417.45575906965
85370,16484.2467826435
85371,18214.89080942271
85372,11724.71100542878
85373,10099.985830846617
85374,13221.832809164493
85375,9710.45978727156
85376,8288.508994857344
85377,10090.665444963157
85378,11356.107721596276
85379,8359.317331403769
85380,10125.599459754018
85381,10803.533949789007
85382,7211.337776238854
85383,7370.027543631925
85384,12432.552376505655
85385,28514.68511631985
85386,11373.418441268548
85387,13139.207250047557
85388,16519.579863210558
85389,12784.611677496227
85390,15265.334918310913
85391,10191.388691254288
85392,15807.148366566229
85393,21610.687253302218
85394,16527.483156333255
85395,9220.561684944732
85396,9184.142805577516
85397,21174.777322259535
85398,16082.485327329108
85399,8593.508823959268
85400,8856.535990623222
85401,14881.698837378026
85402,18378.025447936743
85403,16471.024429671936
85404,7419.900585343552
85405,7395.644767178155
85406,9171.551340788485
85407,13462.890573154655
85408,16040.765093853868
85409,15550.314901113436
85410,9248.331320239551
85411,16156.845202021817
85412,16486.41663284916
85413,17264.10866171225
85414,16273.773681870964
85415,9083.330722613051
85416,9717.936864562673
85417,13629.726095147693
85418,6217.965658415274
85419,14387.784829970744
85420,10552.987643535267
85421,7380.614482823772
85422,10570.513326794056
85423,1665.1512358566922
85424,18971.696175016572
85425,8781.537896361495
85426,11112.896927199916
85427,12071.881807901837
85428,10178.868362501438
85429,8643.813770297604
85430,10340.521387524444
85431,9856.34533561789
85432,11032.260080367094
85433,11277.22796740086
85434,15676.172142206111
85435,16820.754967530105
85436,11900.226399090385
85437,11605.184072359258
85438,11640.951478497502
85439,11880.880520236416
85440,8023.509624002437
85441,9835.477042364162
85442,21167.481618777874
85443,10533.52921601313
85444,16702.687571974213
85445,17433.89737259483
85446,11572.090064829832
85447,12122.077510730196
85448,8418.388074382252
85449,16598.176291596923
85450,7480.054777075831
85451,15882.174674366646
85452,11819.878843923678
85453,3762.398180332638
85454,10634.489943022625
85455,10631.423469870897
85456,13038.926875584317
85457,11394.560270136011
85458,18449.605364571078
85459,18857.113970878174
85460,16337.094508997412
85461,11166.6699223072
85462,21817.313839109564
85463,16948.928288880496
85464,6263.026514305466
85465,11576.882076810234
85466,8304.589522155346
85467,11421.252250780628
85468,5839.081722531801
85469,7576.908997596032
85470,11664.506148044497
85471,9001.0181494665
85472,7148.843219160979
85473,11061.442342400696
85474,18044.165781904354
85475,28088.883223725767
85476,15915.445784196467
85477,14136.900203779509
85478,11008.510064419808
85479,3142.3245963508625
85480,10256.580957339489
85481,8478.002537417655
85482,11151.586286355883
85483,13975.780441357125
85484,8454.922019359294
85485,10478.976440626218
85486,9591.717894032763
85487,18668.85287050031
85488,3497.9053622937327
85489,7354.744286206783
85490,25880.061758621243
85491,13106.267191465478
85492,11461.56394801719
85493,7190.867887100516
85494,9350.023186581428
85495,25558.059717383316
85496,10356.18406357304
85497,6542.612761835187
85498,16810.074863864622
85499,8838.174586294941
85500,17912.396272698363
85501,10695.844224653432
85502,10638.719444137336
85503,10594.92789948024
85504,9778.033756337985
85505,21402.94609496583
85506,19644.131478647683
85507,17274.740515447495
85508,13926.031499325702
85509,7755.068144825915
85510,7862.388384375297
85511,17967.737222193737
85512,11031.822462465423
85513,7976.907279677167
85514,8940.731790287567
85515,11311.63568896324
85516,6820.895518224539
85517,13741.675616409388
85518,14434.529045692903
85519,11900.226399090385
85520,10873.142290316257
85521,10308.286324058583
85522,8943.052173661605
85523,7230.273940513141
85524,11934.661880261629
85525,8966.724850141845
85526,18272.667440645746
85527,12425.434287218373
85528,22423.622926772172
85529,12696.129418348726
85530,13285.907442610835
85531,12342.637165416778
85532,15532.81447359426
85533,11025.527992568843
85534,10144.888927749043
85535,15538.409111459956
85536,10484.949914242705
85537,20633.086074320527
85538,15511.41502543432
85539,9504.33783946473
85540,6851.103463166837
85541,2492.5767749414367
85542,8323.669150420383
85543,13279.42429738181
85544,10694.91416067675
85545,15736.126600761763
85546,16287.77430093635
85547,8704.567407879254
85548,9451.231642693941
85549,9504.821398348686
85550,19898.524723967297
85551,12129.775026648447
85552,16417.425488572822
85553,9464.537929910886
85554,11226.26248793515
85555,16085.765172873693
85556,9467.895763122071
85557,4783.804950850112
85558,13641.907360986814
85559,10930.369040117832
85560,15300.377199671198
85561,10055.709536397324
85562,12030.311086607744
85563,11413.334964482441
85564,16564.070021243144
85565,12229.26337915221
85566,25192.887804931117
85567,16959.105864280937
85568,11609.023928327912
85569,6701.22516757343
85570,11097.814622446034
85571,4352.037034089585
85572,13035.805399606115
85573,11208.494509180702
85574,18047.133698982412
85575,18573.180296534825
85576,16944.884207745876
85577,19123.829580532067
85578,18575.39177444969
85579,5430.906558335189
85580,16149.654504139493
85581,17532.404336308864
85582,6125.582415401765
85583,13063.427063690011
85584,14842.287407302603
85585,18911.14090488298
85586,6844.892432375676
85587,13400.88748010617
85588,15772.141109073636
85589,7656.530065616843
85590,13741.867147957893
85591,16127.900422560246
85592,11395.16591035554
85593,11763.473448965853
85594,10714.698981800104
85595,18075.318871808762
85596,9584.549507399372
85597,16601.700218738886
85598,8763.720774570753
85599,8557.419509245687
85600,12990.958599619775
85601,17741.84548833489
85602,12631.659170399973
85603,8307.131282067743
85604,8078.573994265788
85605,10534.899531695246
85606,7519.978494623987
85607,7720.840503505262
85608,17833.320913456344
85609,10825.191759671681
85610,9853.234892908098
85611,15705.657029241285
85612,6729.4669691579475
85613,19225.896982855833
85614,6595.309554173415
85615,5709.775912678131
85616,8377.266522982467
85617,9673.891895305875
85618,11351.484463760833
85619,10991.864320555396
85620,3788.424914164267
85621,16036.857296252798
85622,10614.735278820055
85623,11498.077242402287
85624,16344.052615148312
85625,18114.603070243083
85626,10517.53953551277
85627,9640.350291805766
85628,16871.287542054873
85629,17040.80481450466
85630,18255.186032955586
85631,8637.884472632948
85632,8068.775411571982
85633,10945.135029630928
85634,11448.882035797411
85635,11703.855044121097
85636,19596.442953628284
85637,6414.187083999481
85638,7400.910191157224
85639,16432.214327895246
85640,14689.174651650785
85641,11371.636713014634
85642,13070.973761637768
85643,11664.954567957982
85644,9437.902053645017
85645,17518.56563535687
85646,9115.986510558181
85647,12522.467401496975
85648,6412.887564254038
85649,8742.032004391207
85650,5511.797374968644
85651,11304.08502162416
85652,29013.716333563185
85653,14498.122660874624
85654,18135.30829784327
85655,15346.316814596703
85656,9069.055041738502
85657,9908.650652605738
85658,8259.948275995692
85659,8702.105292236187
85660,9838.207801085959
85661,16142.596717078783
85662,16646.21132122052
85663,20168.81023029478
85664,12349.108868833562
85665,16259.484343334483
85666,15731.19062015874
85667,10081.777719418753
85668,8029.035730378928
85669,7385.678162922589
85670,13437.413370770442
85671,17420.829085614863
85672,8916.452808178577
85673,10727.481222834656
85674,11916.506707543165
85675,16672.537968205477
85676,8193.94913321432
85677,18806.686874334056
85678,10459.70428238047
85679,7520.597202843586
85680,8609.472675219447
85681,8904.42929149899
85682,11682.971294995394
85683,9788.960343820243
85684,8187.0697964718
85685,11297.029369341291
85686,11022.491401619185
85687,18228.928967779648
85688,19611.77932808433
85689,12395.153822035729
85690,13645.473286044444
85691,11217.277795373378
85692,10320.85620920036
85693,7821.732521760041
85694,12057.713808190707
85695,20254.681204099878
85696,5294.605303216351
85697,11394.197770524934
85698,22966.798797813157
85699,13144.826394989532
85700,6325.594368349063
85701,9469.899217674905
85702,10209.219787160568
85703,14161.755420583337
85704,16484.89822449439
85705,8373.624270612645
85706,17683.398570741978
85707,17567.968134332637
85708,14284.485201920557
85709,15451.954858327364
85710,7520.954847455418
85711,10616.26214934904
85712,16131.361346677848
85713,7935.265227656341
85714,8062.656568030046
85715,7299.407797650221
85716,16093.880772191045
85717,6808.044946129078
85718,7896.106801336999
85719,12917.35305350455
85720,11596.656504943723
85721,11534.786266409094
85722,10596.464926001074
85723,19680.04439844333
85724,8346.585291287098
85725,4872.669246305983
85726,13035.358170350079
85727,10758.076213539589
85728,6938.890345745078
85729,9566.351727708849
85730,9894.871649798206
85731,9650.319073944967
85732,8321.174803061785
85733,8656.435056426675
85734,2253.6574031489013
85735,15030.808097534537
85736,16415.76339766052
85737,12290.047841723808
85738,6613.860273747408
85739,15643.570490120721
85740,22434.012232905825
85741,8647.68198328503
85742,9233.5110185097
85743,15549.6247262885
85744,9193.763065810754
85745,16575.826792701373
85746,18616.574077481106
85747,15932.31698433624
85748,8610.264533835245
85749,13599.71966709798
85750,13080.454442666743
85751,15026.639650920826
85752,15509.771661983747
85753,19722.32609286377
85754,12844.49383118162
85755,11280.368100065032
85756,9638.957534950125
85757,8493.574836636588
85758,13477.963861659495
85759,17323.976869708436
85760,10134.110918676255
85761,9096.608119133278
85762,7430.3435413372035
85763,8413.345818031528
85764,9681.585158468442
85765,15691.456095560878
85766,8137.158608355745
85767,10925.072407175921
85768,9251.957119086928
85769,17735.44882816017
85770,9378.817119649957
85771,9074.636237536124
85772,20691.229777698736
85773,15943.071892304997
85774,16404.941799797365
85775,12874.255193192286
85776,9991.191893377181
85777,7354.412230970725
85778,7063.323504043612
85779,8974.599471455627
85780,5241.120777000619
85781,15425.457888150582
85782,8237.294426141823
85783,10277.17033026601
85784,11508.572620803903
85785,12973.317884356786
85786,10716.129639800893
85787,24970.531632963703
85788,10077.043531373962
85789,16430.72139512041
85790,18331.956447707016
85791,15405.67831640882
85792,15294.890632899578
85793,10732.789206792138
85794,16799.676597425812
85795,8368.917519723018
85796,16145.509862733266
85797,17879.549267940947
85798,11777.45843215733
85799,7216.309682633591
85800,9616.677853290461
85801,13095.313980240044
85802,22091.006685357068
85803,18681.388287438243
85804,11365.674296872536
85805,12002.732941194303
85806,6043.7948008469175
85807,10597.472897493757
85808,10553.797429144252
85809,12054.237678401754
85810,16464.58380306115
85811,11443.179492049605
85812,11691.386596030825
85813,19283.868054942643
85814,12316.319659573623
85815,7760.482738568215
85816,17232.948610599633
85817,9008.90894119153
85818,12684.878866017338
85819,11709.81345152169
85820,17603.32695065812
85821,11299.499322631204
85822,6647.846362527078
85823,10151.654576471288
85824,8766.847046082226
85825,8504.597708008534
85826,18042.10131228861
85827,7640.116650195585
85828,16287.77430093635
85829,9435.900230463965
85830,12778.790416080148
85831,15093.265641181431
85832,15984.230677947317
85833,8267.431269103075
85834,11376.96089673345
85835,7952.895181607807
85836,23656.963597601294
85837,13722.669864877473
85838,10158.093872155729
85839,12246.872539712433
85840,7731.477085085457
85841,10159.811762628804
85842,28097.817966787945
85843,8503.583103492438
85844,11949.067919459507
85845,12887.329627238983
85846,19528.19960166217
85847,14975.885936616174
85848,15601.276095986794
85849,11291.94157224712
85850,11055.439238783074
85851,12043.06235820404
85852,14162.466504173026
85853,15644.001688890923
85854,13034.420224232279
85855,11538.444158107324
85856,12799.220412915682
85857,11470.858981636527
85858,16451.21082601978
85859,16296.283332062041
85860,5342.228872467738
85861,6772.635373043791
85862,17275.271232017218
85863,7837.501799917449
85864,7352.57986414264
85865,13303.960943353994
85866,10494.29976593245
85867,10327.576588719989
85868,10424.254411081354
85869,10485.602112291703
85870,18900.827302895475
85871,17594.93300613037
85872,9463.813054458002
85873,14881.582966727874
85874,15120.433064425193
85875,9932.964059914953
85876,15251.029962106513
85877,10655.63029225035
85878,8090.20413090299
85879,14973.2276742565
85880,16579.52232226423
85881,16747.98501103418
85882,12892.930357226094
85883,9612.632583344523
85884,8701.384741541975
85885,6069.615033294263
85886,17714.263444939894
85887,10662.484474459487
85888,17964.301311599265
85889,21817.978096012062
85890,3170.197597016134
85891,14952.259269582373
85892,17600.389513021997
85893,17019.073459506155
85894,7623.757324341216
85895,8985.689201014608
85896,10488.848036681531
85897,10486.904798065956
85898,8405.083222060102
85899,20258.5597789644
85900,10919.29172058791
85901,10526.54661465284
85902,15269.969337069573
85903,18434.11114596782
85904,13153.73895160187
85905,19300.930904013592
85906,13504.705444075214
85907,10222.935091743577
85908,13585.27805086079
85909,21376.140147578888
85910,11879.635158464476
85911,9882.781550745265
85912,7218.092970284857
85913,11377.50548344971
85914,7515.241293193891
85915,8470.92283470324
85916,8157.342293092264
85917,12463.83552789376
85918,5437.292636665348
85919,13589.419128470014
85920,19890.800101679637
85921,28088.883223725767
85922,18329.498090857644
85923,7782.192126633225
85924,24722.45892435156
85925,18189.922550415034
85926,8877.696614923767
85927,12096.884695745961
85928,9606.944430765694
85929,7852.575460224503
85930,16361.939046996642
85931,11334.847221798867
85932,16946.82317460625
85933,16775.639347836273
85934,19179.670635371618
85935,9992.985522062225
85936,13625.08238021706
85937,16124.130290065943
85938,11986.696899025217
85939,14765.388350159192
85940,11599.981754445942
85941,11118.962952256326
85942,12476.454632000832
85943,15643.794096385696
85944,8954.664463978646
85945,9697.975824232046
85946,17555.030700519063
85947,17967.433420150795
85948,19538.651186780295
85949,7843.124104099703
85950,7580.711484063462
85951,15678.65040140117
85952,16485.64826664439
85953,7784.861640264085
85954,13094.141425092319
85955,10047.462581348438
85956,9950.122118158208
85957,15742.709880742008
85958,8891.778320911953
85959,16311.52165416952
85960,11131.009897995129
85961,9353.255365269379
85962,17152.399684350847
85963,17192.112699491783
85964,9089.721489817224
85965,9324.89981645313
85966,11560.520826691765
85967,13063.250428106676
85968,8955.428160003274
85969,11345.173306203544
85970,9624.543354493782
85971,14059.480911686063
85972,5168.573381391563
85973,10846.343814649385
85974,17271.198513375475
85975,16222.913418230335
85976,8314.756189943282
85977,17863.24054991615
85978,7543.49137218248
85979,17657.392514796607
85980,13002.69338204394
85981,14416.811695091383
85982,23113.769186337362
85983,8113.679770778932
85984,16172.87602218388
85985,16853.976956067225
85986,9843.955023878912
85987,15404.441851127345
85988,8342.222079364605
85989,11479.485468778385
85990,8424.371965967042
85991,9806.360813769532
85992,6895.046758588964
85993,8920.856875829208
85994,16168.203164588467
85995,10452.249370406793
85996,5772.370986573756
85997,8507.262445569184
85998,14594.293617805533
85999,11732.669933853853
86000,10228.241720883108
86001,10630.05800145262
86002,19927.953324716284
86003,11825.438394104254
86004,18691.0628389738
86005,12056.475750038673
86006,9729.84298118078
86007,9664.74076483699
86008,12581.334662779387
86009,19644.131478647683
86010,18962.814943957914
86011,7835.9144822365215
86012,12925.382121240229
86013,8738.714355155884
86014,19316.638494637118
86015,15705.89910430242
86016,14175.034255192586
86017,12091.157457093635
86018,17607.30716089128
86019,10280.685467715337
86020,11556.63141748011
86021,9652.032563640203
86022,12436.063666491744
86023,17553.176892285162
86024,17527.365303496863
86025,15550.100952347144
86026,27038.120176303255
86027,16284.972915056953
86028,10773.186846487199
86029,12962.081683037968
86030,9399.65593948252
86031,6699.208063194339
86032,12413.784900212604
86033,9109.139012650336
86034,5935.577892371275
86035,13543.591892591276
86036,4831.277763876053
86037,12099.004936325742
86038,15346.217448366217
86039,19552.11045817903
86040,10617.741691729156
86041,17096.848006699744
86042,16353.786595062425
86043,36155.54757927375
86044,18786.549897097964
86045,10674.66108580223
86046,16991.524865081254
86047,13094.718980769176
86048,17044.142940507274
86049,11791.413175966485
86050,10202.662039485054
86051,11383.240009056262
86052,9365.064654286305
86053,10353.049512708209
86054,9406.183744472431
86055,13004.505252941959
86056,15529.894217375382
86057,18391.38928496883
86058,12993.927933917164
86059,19059.986424413066
86060,9293.863495062615
86061,18952.13149886119
86062,10815.332400584975
86063,3369.7836292603997
86064,5449.380829048028
86065,7710.617233485715
86066,12247.786019721429
86067,7729.78949003741
86068,10188.887104823316
86069,10589.860924286255
86070,9573.320022520966
86071,9567.253167662548
86072,18689.77544805388
86073,14501.469775365667
86074,10446.659640767532
86075,13633.44876267082
86076,9370.030752383356
86077,18355.692044660645
86078,10088.153925181683
86079,7635.509714577224
86080,13493.717891663318
86081,7978.353560480464
86082,11035.090406392757
86083,14151.124215954094
86084,9083.116167243128
86085,9457.336764027812
86086,19651.69675420055
86087,20316.982774239594
86088,7269.965251248926
86089,14955.74565889595
86090,18181.677881645846
86091,13150.818397184225
86092,14199.439617996628
86093,10733.675245921493
86094,18331.956447707016
86095,9064.789938824404
86096,8637.454784494965
86097,17568.51074228191
86098,4617.12158582282
86099,15912.406453991713
86100,6316.5789641071715
86101,9116.772302506619
86102,9524.488098723197
86103,11186.30432701767
86104,6908.848379717841
86105,10089.820394660126
86106,18542.868430674396
86107,5696.789119061476
86108,11668.965119071328
86109,13788.054337529595
86110,11629.945454491095
86111,6771.8128246505
86112,16821.897389041143
86113,18467.455575694235
86114,11110.947304300467
86115,18472.05260032184
86116,12802.966019884658
86117,8587.963718879528
86118,9837.709322821614
86119,17055.773316019604
86120,10454.119104904388
86121,9764.740332572925
86122,8799.272499485814
86123,20603.457371706943
86124,9076.8773752907
86125,9738.855201270804
86126,20874.63731062515
86127,7415.588880945456
86128,11066.418146955137
86129,7844.864281121046
86130,4004.1460410287636
86131,8457.248926930619
86132,11951.40886516497
86133,19453.13322810232
86134,17793.449371898005
86135,6608.299578558563
86136,10269.541723825474
86137,17250.781834872625
86138,19788.97648152404
86139,16706.481407742787
86140,6204.085432443759
86141,17527.571646902772
86142,10675.817761592632
86143,19216.230060330214
86144,13964.225077377996
86145,7464.667313961629
86146,12139.959182143291
86147,11115.604430398544
86148,8985.198277719363
86149,7133.859483868407
86150,9156.158743858272
86151,11362.629139229226
86152,9695.268055106213
86153,5825.323826871223
86154,7234.271634775963
86155,13586.15237247564
86156,16353.568435398076
86157,19892.05846762554
86158,10997.038442096
86159,9768.174545835202
86160,11749.535183069642
86161,10035.44642801801
86162,10482.88677696518
86163,16104.839329162263
86164,12182.484161894241
86165,12242.34829705346
86166,17544.927681509842
86167,13302.937323851442
86168,20071.600451370196
86169,18160.360230078153
86170,18635.55801072496
86171,23667.887054917686
86172,9119.167964504652
86173,16612.422836487072
86174,3881.0511338495357
86175,18631.446295743324
86176,13779.35064608429
86177,2418.7054475657305
86178,7176.096425345011
86179,9937.139601996663
86180,13005.673850329888
86181,10497.462106781244
86182,13202.6176554745
86183,9844.811562783218
86184,16133.174188924479
86185,10788.413984003731
86186,9693.737168342444
86187,3491.9843106921526
86188,19158.19526116862
86189,10969.782708167631
86190,17192.51133531501
86191,11818.218644376837
86192,18512.13066803691
86193,14154.541138418224
86194,9636.201594296406
86195,13162.226117033004
86196,11719.433849487126
86197,8207.508677871114
86198,12537.241313188737
86199,20776.6207759585
86200,17415.433925131547
86201,8352.109265476422
86202,10970.825469686819
86203,17402.57348164513
86204,19558.571564854337
86205,8796.770153167334
86206,9111.874360390048
86207,8932.460407845369
86208,7835.101851112553
86209,12251.353984661358
86210,12177.162461234922
86211,7126.59927818821
86212,11672.827433251743
86213,13154.912716141007
86214,4083.1573868632704
86215,9109.650778163763
86216,14257.043533712478
86217,6959.887463991818
86218,9755.074772846367
86219,16517.60668475865
86220,16569.84620457233
86221,16544.363161349054
86222,16281.36254873455
86223,8308.898334257065
86224,22814.803999648197
86225,11793.480236944837
86226,2954.2468618979165
86227,26288.553370401165
86228,10654.059329690586
86229,12006.114601449462
86230,9232.653207974678
86231,11011.307594830938
86232,4420.632057656965
86233,10937.994672743775
86234,10143.235483080613
86235,16751.727772041173
86236,17069.51497735876
86237,11213.465644328428
86238,7691.95516717387
86239,16249.6082620339
86240,15787.19484990344
86241,10557.01087475121
86242,16175.2175455678
86243,13925.598244275337
86244,9496.824419664103
86245,8124.648919434045
86246,12589.435189660653
86247,2922.183770539819
86248,8572.732853044057
86249,13105.534958185328
86250,18246.235401755002
86251,9960.854759242244
86252,13686.06768255401
86253,6868.650445591049
86254,9836.711066943455
86255,12737.505819927805
86256,10557.968521873772
86257,13707.661261057308
86258,9200.958161624936
86259,17197.67536628267
86260,15762.135706073472
86261,5162.367901573848
86262,14309.693062824357
86263,10187.678960313115
86264,8600.35574117712
86265,7217.307657984078
86266,16756.32703877461
86267,13988.92906678164
86268,5329.833090710792
86269,15746.648316123927
86270,25712.6008783075
86271,13145.572512978082
86272,9560.908736945094
86273,17666.775452261507
86274,7199.718780491465
86275,11023.667026206771
86276,11474.306417284446
86277,18686.912788128724
86278,6602.747719663774
86279,10725.143676522694
86280,8115.181697862372
86281,18252.469656610592
86282,6891.469570656805
86283,9281.95221334287
86284,11132.061992918472
86285,15628.559949906572
86286,6311.46325140268
86287,10562.332913384218
86288,9759.535492403686
86289,18916.10562523885
86290,14859.866467148066
86291,10065.884187124046
86292,22442.40895161208
86293,11963.204134372356
86294,11897.93756563884
86295,18151.700483107597
86296,9655.778645682469
86297,13576.563380369855
86298,10706.217809907515
86299,3594.6088917621873
86300,19401.587127817314
86301,18135.28222151783
86302,8364.590417519597
86303,20009.534584668436
86304,9539.314733172047
86305,10263.282957250514
86306,11376.099086340993
86307,13250.619567283455
86308,3876.100364233109
86309,9307.907096177274
86310,11006.136119265695
86311,11521.541280990841
86312,10341.322393423072
86313,18605.800516652253
86314,14571.626584678195
86315,15341.457975700014
86316,12538.571536839081
86317,7871.308412805047
86318,2561.9192440952365
86319,13187.857575307746
86320,10359.660899009561
86321,11363.14472359445
86322,15095.29180210218
86323,16342.07363901582
86324,11091.054063808187
86325,11058.567292351901
86326,8681.574141073346
86327,8621.344193058296
86328,22303.986834650474
86329,10974.93536007969
86330,10873.142290316257
86331,12867.052016482274
86332,11270.832511231169
86333,6681.002928152995
86334,8535.920229367443
86335,15899.284561488312
86336,15892.538138770336
86337,13558.910858226744
86338,20103.605570811218
86339,15536.159042244646
86340,11135.184899950236
86341,17136.645705265742
86342,14872.559372206884
86343,10696.814582503514
86344,9510.514837933708
86345,21612.47333301218
86346,13342.89577751104
86347,14255.690237389106
86348,10771.099606777432
86349,10630.957618846522
86350,11264.29994573443
86351,15444.548835378173
86352,12251.353984661358
86353,9593.348640454898
86354,9344.604589108132
86355,12798.625481966137
86356,19210.145282530913
86357,8882.22238714251
86358,11294.18404773279
86359,12708.635391254415
86360,9966.250061207604
86361,17442.990548295307
86362,6798.446492010742
86363,11583.384051409317
86364,6930.139597237889
86365,9186.53243088007
86366,15889.995646137451
86367,11355.2841662606
86368,13555.02029240738
86369,16825.973938721225
86370,7709.655965732911
86371,16360.432579421991
86372,10372.624901640382
86373,18819.286648291618
86374,9169.737393856061
86375,10151.697692122747
86376,19892.949520525603
86377,16074.64781721861
86378,16885.0000160839
86379,11251.610328239512
86380,11062.024614599064
86381,16704.54536817836
86382,12315.607867534454
86383,8535.607627808608
86384,11096.007848098541
86385,13762.575754545998
86386,10024.942833876448
86387,16196.786822561591
86388,19171.583211232806
86389,10227.348897080596
86390,10587.328286375512
86391,14222.259067393701
86392,17550.095939265924
86393,10955.613058734387
86394,19003.711449526047
86395,20852.943759345973
86396,10123.121240145809
86397,10654.544876093123
86398,11123.39494611419
86399,11284.068234606111
86400,12036.996632182545
86401,9364.73786894332
86402,12841.107549134102
86403,16287.77430093635
86404,11643.110277717089
86405,7830.41089449396
86406,16676.75664356895
86407,6407.7597231953205
86408,11658.806871783629
86409,16179.852554541438
86410,15674.861655568755
86411,9628.704197795636
86412,7250.3611329925125
86413,17359.2956724112
86414,12570.110885918002
86415,9789.415938080554
86416,7171.853294772805
86417,18022.05488071115
86418,13738.48262750523
86419,8029.54185241823
86420,9578.315673497873
86421,13318.414408576873
86422,17166.047837540216
86423,17122.50013035127
86424,15953.033420681055
86425,17443.15219265026
86426,12642.937395336421
86427,6497.548572749133
86428,3115.0955623451964
86429,6461.016667392474
86430,12495.692214183058
86431,10493.471489450716
86432,15601.611572100843
86433,13594.405088685447
86434,13581.095196885271
86435,11926.876558727963
86436,10071.89015984848
86437,18329.30951004158
86438,8593.017475922681
86439,9219.325401516908
86440,11129.166463411642
86441,16290.592070681325
86442,10067.679542696096
86443,12211.322071952018
86444,15410.674813057949
86445,6293.134163314097
86446,8348.111261290227
86447,14967.197805028496
86448,10440.986691630602
86449,11371.256826921901
86450,20392.495277689788
86451,11818.744947469317
86452,16540.77409690003
86453,5960.417003656389
86454,18141.220849898436
86455,9865.79867984742
86456,10497.757944851688
86457,15850.082903355247
86458,9665.87462494507
86459,12719.038842077929
86460,17013.344285283198
86461,6664.567706262615
86462,10169.279849410847
86463,19274.740206752795
86464,10686.300609075995
86465,16991.77405358055
86466,13576.825410905376
86467,12113.83054926262
86468,17424.913513966298
86469,10640.821453865692
86470,12106.102536925977
86471,12072.255758837673
86472,18686.912788128724
86473,11878.68987556412
86474,28791.51757887955
86475,8184.601099238417
86476,16213.964203964111
86477,10818.272501519219
86478,9730.92159441312
86479,7261.616199877999
86480,16923.721136622455
86481,11894.679043448472
86482,11663.224307858138
86483,20963.936620651642
86484,9499.209503316119
86485,15455.679503808824
86486,9077.397140659505
86487,10118.4749963812
86488,9744.149230067618
86489,9563.085514430933
86490,9892.981041516443
86491,22496.786188771417
86492,11206.754227473066
86493,9296.71460254578
86494,8369.270053409238
86495,11075.992933775568
86496,8741.282912878687
86497,10650.319159112765
86498,16027.050391712826
86499,11967.116379143361
86500,10927.759269471604
86501,3884.9442514177385
86502,7202.298451320987
86503,10053.695448190545
86504,11921.310314432485
86505,8373.706957535456
86506,2252.5120245957783
86507,7927.024163156102
86508,8320.0083498744
86509,14929.924991710996
86510,10486.079410493532
86511,15690.88517351991
86512,15517.632780793472
86513,9926.609776602634
86514,10697.602125046977
86515,14905.912351961015
86516,7626.013805769446
86517,10917.226250728969
86518,13142.526128828766
86519,10735.412139214328
86520,18174.5841576237
86521,7412.204984948602
86522,9942.336964629447
86523,16661.37680813084
86524,7754.250671795122
86525,20774.283433214565
86526,8425.430605333153
86527,12303.079236333127
86528,12900.076788941104
86529,13065.958327472337
86530,11034.371836976497
86531,10525.279364753012
86532,11177.42266304548
86533,21400.6432479738
86534,7674.8896269711
86535,14937.305812585058
86536,11379.827744420116
86537,9488.556901423937
86538,11643.869429733812
86539,5193.630684695682
86540,13670.076836115386
86541,17550.866510221444
86542,11966.32116977033
86543,13080.892945419433
86544,9615.325324778669
86545,11412.929337237412
86546,9769.937050734847
86547,5738.3384415430355
86548,13352.945016343605
86549,10247.637096416976
86550,16058.586974212485
86551,9684.822317697872
86552,6813.467770065332
86553,9532.564741586039
86554,15728.731112072193
86555,9501.83322385338
86556,15692.881079272716
86557,7571.945871943206
86558,14889.923993159493
86559,17729.541440763584
86560,12287.270373767104
86561,10253.098509107667
86562,11895.821375894344
86563,15633.67568027119
86564,11215.18914944827
86565,6365.784250326485
86566,6470.958813682408
86567,9371.979035104105
86568,8038.555208484324
86569,13622.819265217327
86570,8600.34522188874
86571,10321.559047371262
86572,19558.571564854337
86573,9754.695402296484
86574,10511.864634300211
86575,9098.68987117344
86576,11324.155585471242
86577,11039.33457379116
86578,15641.530694714904
86579,12728.963410534092
86580,10919.307510300434
86581,10912.097850863469
86582,12813.502163425128
86583,10215.984132359068
86584,14652.962483885254
86585,9653.229919807396
86586,17801.369516535986
86587,17800.405105671307
86588,14497.419126903667
86589,7456.316670764101
86590,15148.677679638567
86591,6576.129052635895
86592,11121.815483718674
86593,4654.906556549933
86594,18365.436626667473
86595,16331.959417411683
86596,11542.427138990344
86597,9079.633112133955
86598,16452.61376444153
86599,16161.00858865996
86600,9697.986595007613
86601,10425.684560347301
86602,17014.14142613981
86603,15861.969731221938
86604,13029.431799534357
86605,9956.692533801353
86606,10346.533929016357
86607,17055.574669549293
86608,13760.12083289489
86609,10894.107955740428
86610,12040.507896660703
86611,16340.730281644193
86612,14185.640641812886
86613,13151.148768728151
86614,10302.534643233888
86615,10460.516510978923
86616,9437.225957914172
86617,8000.8459882682
86618,14954.364455090606
86619,12011.566270877416
86620,8742.032004391207
86621,19023.994891867565
86622,9925.425074059021
86623,12599.468439169708
86624,7832.042068030185
86625,10178.813340969851
86626,13518.449096488981
86627,9476.349459018249
86628,18317.499950182893
86629,11786.595685429395
86630,15519.185830489925
86631,5632.210234689189
86632,10943.535347692045
86633,13072.219561346355
86634,15245.377918917886
86635,10366.817228788092
86636,11680.499738326485
86637,9052.248459225688
86638,13062.202925130154
86639,9989.325999192859
86640,3365.741348498478
86641,10910.908700961956
86642,9382.676598517195
86643,6809.396136352905
86644,11955.374255828763
86645,16693.92826320923
86646,21068.99306561886
86647,12851.356229830188
86648,18348.644446356506
86649,10836.033392277348
86650,9994.344995424448
86651,9664.978508030965
86652,8598.321725183849
86653,10974.238600697785
86654,11910.116505793878
86655,14973.52144561032
86656,16436.786525002033
86657,15723.8911490284
86658,18558.78173187477
86659,20689.96060522491
86660,11354.425225559597
86661,18141.946298445408
86662,10912.20640386939
86663,7709.596032656451
86664,6873.214834261822
86665,13775.41682594645
86666,16811.313872824645
86667,13317.823887249062
86668,10691.735071061448
86669,15706.106806183396
86670,16824.78682412591
86671,3119.8967451167464
86672,12602.878313413865
86673,15282.16118958261
86674,9423.838571849494
86675,14426.796682218679
86676,9930.057843678196
86677,8096.116334916864
86678,15362.45095546679
86679,13872.648497955299
86680,9906.963980804776
86681,6733.846352925286
86682,6326.051121082411
86683,10870.190815282456
86684,9294.629761286373
86685,12018.741843984477
86686,9467.534394886565
86687,7158.1261087563935
86688,14165.109986829535
86689,6411.851085096109
86690,13784.09565282533
86691,13922.979074877334
86692,8088.771098275452
86693,18504.177005085447
86694,7086.388789698435
86695,14017.803776247725
86696,19611.77932808433
86697,1211.2282460739111
86698,4819.681186478855
86699,9655.125879435807
86700,6778.10102154631
86701,13677.30384716642
86702,16027.050391712826
86703,9640.047546856575
86704,8177.315753958535
86705,12853.316737320805
86706,7561.938504700556
86707,16515.508299960613
86708,11915.94093980033
86709,15694.349343384269
86710,8108.731666964037
86711,13202.006632370743
86712,12869.991079821459
86713,8644.997531619174
86714,9731.090153822219
86715,16215.835729269067
86716,16068.976827641696
86717,7508.0658434006145
86718,7422.705058935786
86719,7113.175860615636
86720,9608.795020135862
86721,18559.728456865843
86722,15078.407634274174
86723,25988.476763303035
86724,7971.003594571369
86725,12148.358505166641
86726,7077.745664141257
86727,10022.76203229068
86728,10214.609469434428
86729,9646.15673196589
86730,10835.034734315952
86731,9369.677221052032
86732,13760.12083289489
86733,10610.028136194343
86734,12214.280979808578
86735,16243.22177784215
86736,13274.142923345004
86737,18230.464496642664
86738,12177.816895912507
86739,9319.581685652138
86740,10183.588105120662
86741,19933.877812689767
86742,10506.87365270506
86743,11182.677908427873
86744,12122.395299091686
86745,16442.427838140746
86746,9090.867500633985
86747,13701.958401274744
86748,10957.581809246243
86749,6170.959929206048
86750,9478.238395705572
86751,9694.29591631849
86752,18473.150207347993
86753,9564.627639959443
86754,9676.374715914415
86755,13125.205108229931
86756,3496.642755909962
86757,5769.5106541000805
86758,10419.373075914324
86759,1922.4856271612593
86760,10176.424113916182
86761,9282.288801109129
86762,7132.78990227875
86763,16637.0351014661
86764,14004.844166729574
86765,17636.998021359686
86766,13915.501775399724
86767,14624.423027352907
86768,12361.548323717914
86769,9609.045642806697
86770,11507.612434843619
86771,16454.25597291787
86772,10924.759630746816
86773,8421.906970627104
86774,20400.372788081386
86775,4553.098786845162
86776,10436.87785838571
86777,12071.420754023504
86778,7898.752460565762
86779,2846.3139516794186
86780,16024.200798076865
86781,19746.911403809143
86782,17650.30940443208
86783,10779.938279717835
86784,12125.497711134678
86785,15680.377256772059
86786,7832.383627653808
86787,16343.637048384051
86788,18838.049879057133
86789,8248.896771459296
86790,21019.65186607564
86791,9556.409903056803
86792,19504.647319881977
86793,16084.199227363293
86794,9901.351347923459
86795,15691.617054728507
86796,19145.912703818958
86797,18338.01738521225
86798,13323.975462423565
86799,13371.167233546043
86800,16001.868345358456
86801,11195.334640726696
86802,12733.436243507058
86803,6471.463839179463
86804,12069.433383441294
86805,11786.31382398043
86806,16972.214724047924
86807,9873.443228955042
86808,16381.240502975334
86809,19554.41634617754
86810,6914.188111100072
86811,21084.205849896716
86812,9044.007073243345
86813,12679.96422704932
86814,22664.927196155677
86815,16520.85524878456
86816,10496.050149017614
86817,11356.95052264298
86818,10577.589022642034
86819,12311.74409022789
86820,12024.06658394462
86821,16793.706233102082
86822,8277.667492043975
86823,10021.40981082814
86824,16009.608993037706
86825,16270.226661263328
86826,18859.751998375483
86827,5137.576587034642
86828,10909.368558625772
86829,13389.937477790594
86830,9072.600655176335
86831,12863.786509394762
86832,3982.187351691522
86833,14721.147509049813
86834,14994.540055059926
86835,16691.987952280942
86836,9695.885807158144
86837,5757.400956424412
86838,9973.694403807325
86839,13571.426580236992
86840,8926.448295877872
86841,11911.424983236331
86842,18503.996274351426
86843,13145.830692253241
86844,11525.670432749186
86845,7257.561323763513
86846,9371.450175202279
86847,8676.17215338135
86848,16229.749968349657
86849,7495.467145986956
86850,8913.121242819467
86851,7261.543154942325
86852,10238.23409799224
86853,13304.249946186292
86854,10542.502468891593
86855,16044.181102281636
86856,8981.36944540128
86857,10220.061776138986
86858,9626.257569886986
86859,9468.08726427844
86860,6816.461427811899
86861,7500.627471506268
86862,5904.401899948588
86863,10890.997721093294
86864,15673.073075178707
86865,14757.234485116309
86866,10760.60788772271
86867,4399.73641817922
86868,9584.816263121571
86869,11301.31294015048
86870,11336.541762062043
86871,12340.139917308348
86872,10491.593131316773
86873,13484.113959387763
86874,10010.925579283488
86875,13822.51512461343
86876,12584.212860036121
86877,19139.930450955922
86878,14352.812719263076
86879,14354.699894213727
86880,12294.974649587428
86881,9928.463347131248
86882,19102.651889796918
86883,11913.42374870145
86884,6250.875684703843
86885,7303.946839355842
86886,1746.8471191630165
86887,16518.550121814216
86888,16286.10326197512
86889,18223.29971731614
86890,8288.101912782678
86891,17343.030366351166
86892,9689.497571602988
86893,7097.155658052114
86894,8048.4268756296315
86895,7188.83217163221
86896,1508.9526337943585
86897,9868.87885855557
86898,13059.923163042638
86899,12234.09968111078
86900,11561.19398222917
86901,9955.358816636304
86902,8535.607627808608
86903,16827.823975162806
86904,11237.61813250773
86905,9778.861251414117
86906,11827.45670902889
86907,13019.32837059741
86908,9905.874249629736
86909,10038.22752674592
86910,10605.844144560102
86911,7883.248418613293
86912,11476.380156684845
86913,6850.22837373772
86914,16723.643074002583
86915,13069.338660436162
86916,8826.361978959398
86917,15737.116324705701
86918,5703.410398929484
86919,11495.83557660424
86920,14370.89778283456
86921,16313.718000124538
86922,11033.201808118782
86923,17247.78783018458
86924,7794.178160359943
86925,9722.435380637726
86926,8860.020585093214
86927,14916.205796934875
86928,19475.854985123704
86929,10194.463959083321
86930,7834.436139984493
86931,18716.043460373814
86932,12952.997243228843
86933,11204.120880487371
86934,5607.633026704059
86935,8758.863797285469
86936,14968.825386286273
86937,13555.230360481313
86938,10199.004128389983
86939,13722.808433011194
86940,15544.239866272645
86941,16184.45209397385
86942,11394.229571402462
86943,12138.91253020884
86944,7468.520293578469
86945,10217.223641773318
86946,7941.752131741986
86947,12423.784172112151
86948,11016.614419649775
86949,9652.032563640203
86950,8926.753327541612
86951,8661.501617707383
86952,10772.669775082786
86953,10717.081494951206
86954,12235.768049568658
86955,14081.274063463834
86956,18608.1436566907
86957,8241.009015804775
86958,11425.297888415991
86959,8374.446561497263
86960,16568.58847535435
86961,10266.75086228435
86962,16027.050391712826
86963,9889.933316935585
86964,9131.859756099122
86965,13688.433820312704
86966,5992.334180363369
86967,11146.387847508522
86968,10628.599687824451
86969,1770.9536764616778
86970,11725.786128428104
86971,7568.261318781194
86972,15643.570490120721
86973,12026.543991527808
86974,10727.747497434537
86975,16193.673270069743
86976,18746.0238899795
86977,11235.39848369387
86978,7912.472311883012
86979,14448.610880278698
86980,9314.863417379067
86981,8134.671561063107
86982,16209.731008593088
86983,13141.290042263914
86984,12325.609247894234
86985,19427.63921874412
86986,15182.37624350664
86987,9189.481721844886
86988,20226.488223200973
86989,17143.447519075053
86990,18112.147311323883
86991,20572.90050445144
86992,15399.568991644015
86993,12104.730377623531
86994,15380.00531772184
86995,10887.026394714681
86996,15876.678427970619
86997,9859.615362938752
86998,11336.422521952642
86999,28042.345049852418
87000,13736.724344614751
87001,16815.957177293687
87002,17306.704598365344
87003,13831.763994371835
87004,19389.49753494435
87005,13809.757753535674
87006,19251.225154377003
87007,9874.75308200383
87008,16501.32396698645
87009,17326.857826294705
87010,10923.290890514694
87011,10906.381809479328
87012,12070.605312563512
87013,10443.594568316195
87014,17992.386503890564
87015,8668.756806872494
87016,13487.112618798074
87017,13213.443051192142
87018,21129.78893036159
87019,18378.82111238148
87020,11153.513866772748
87021,16296.909491190392
87022,14546.066532157132
87023,16460.526518093913
87024,18169.48325649383
87025,14952.131423288127
87026,12948.840930437353
87027,12033.749429743013
87028,9079.994300303872
87029,13987.10837065248
87030,15195.447766615434
87031,10661.366335330782
87032,22939.865942254663
87033,17592.373288869643
87034,7586.010513951393
87035,13163.061100472769
87036,7383.435418543009
87037,18424.68557897398
87038,10297.6000804422
87039,3901.805534398805
87040,7989.735661821817
87041,10283.570145383117
87042,16731.677889148734
87043,15485.840388872803
87044,17034.513664015234
87045,5923.7738018857435
87046,2762.001694767554
87047,16571.195636874036
87048,15910.236513859809
87049,13605.710646882882
87050,20924.397763802335
87051,10293.09456112281
87052,16272.36896574469
87053,15458.658104175116
87054,15521.887868741542
87055,9178.527676008864
87056,15567.806856711823
87057,8890.423098780711
87058,17580.43812249192
87059,16958.25368394305
87060,18404.67292625714
87061,9401.414962932187
87062,19371.541914225276
87063,12128.466605634689
87064,13922.04356895906
87065,10014.548410525735
87066,10828.583692335827
87067,17390.760538601724
87068,11253.267950089534
87069,15459.708265013565
87070,18544.731478660975
87071,26339.729549267104
87072,17199.514539683798
87073,22578.63128387762
87074,12678.0766274155
87075,14640.250393569087
87076,17575.910972338388
87077,7503.5303895009365
87078,16834.7231355869
87079,7907.055389071071
87080,10014.060195920916
87081,14877.871604568174
87082,8969.85723866733
87083,17161.488770056956
87084,16918.301686174396
87085,9508.76981347402
87086,13118.819576277074
87087,11873.039921650934
87088,11888.225496094039
87089,14750.132662818498
87090,12369.250436825689
87091,10575.286359523925
87092,7235.477149204715
87093,9799.070647194421
87094,13028.244611674354
87095,9957.747802511432
87096,13079.62943760819
87097,7521.10620111712
87098,5957.131209070601
87099,13899.64093275765
87100,14928.532087696674
87101,19452.522491350264
87102,5343.414827836699
87103,6644.118402333492
87104,27218.250571384626
87105,16771.54300266256
87106,16497.86154885009
87107,18331.76871796656
87108,2882.415103433699
87109,5130.360594729233
87110,4904.350787232528
87111,15691.617054728507
87112,10433.989416963643
87113,22821.171337448985
87114,6850.559735062523
87115,9537.826318979845
87116,9616.677853290461
87117,10469.614141134774
87118,30695.8071515123
87119,13099.64365876489
87120,8971.963585065778
87121,10431.054448100374
87122,15747.385078296313
87123,11025.278735867989
87124,8731.725091883229
87125,7114.638114061155
87126,18481.073900076553
87127,13686.13746076439
87128,13066.828564347397
87129,9173.504599693608
87130,8270.49584517544
87131,8305.297147562858
87132,14887.346008991683
87133,13485.892281630055
87134,16995.24888084062
87135,13353.558080652805
87136,12699.797723352938
87137,16748.935619309057
87138,10638.682886995202
87139,9456.96165587448
87140,16191.108619853445
87141,13371.825071132695
87142,8365.079386296384
87143,16472.408823491154
87144,10707.941464434516
87145,10873.142290316257
87146,13200.69358040499
87147,11866.105324958266
87148,16545.231055105585
87149,14834.683555399231
87150,24018.896773450935
87151,10995.001026047245
87152,10248.039126169313
87153,8500.229166366364
87154,18364.317455172502
87155,18630.934195621398
87156,7661.408251126211
87157,10891.321447083657
87158,10712.852020226132
87159,12964.222335898263
87160,9085.7212321565
87161,13763.819941646194
87162,13025.477233020127
87163,16005.621745678496
87164,18069.949276561096
87165,5842.576907374178
87166,10908.279092151643
87167,13890.513936272926
87168,18633.59481610002
87169,18258.89844082859
87170,17218.091847603864
87171,7677.112773014518
87172,16708.883520306183
87173,10836.033392277348
87174,13060.942249092375
87175,16764.035233541254
87176,18656.29945688169
87177,6352.480956156464
87178,18044.223343818172
87179,8217.443256472761
87180,15492.901294741972
87181,8501.3798574184
87182,9182.174977712099
87183,10567.21876537016
87184,23569.93558539109
87185,18472.941381807785
87186,17643.75964980159
87187,16205.00575360395
87188,16088.801464823053
87189,19121.40141003342
87190,9126.086513598484
87191,25453.192233006317
87192,11034.923906901911
87193,8557.105505594991
87194,17850.59541408948
87195,10568.130528529136
87196,8648.185620627297
87197,16747.826610861186
87198,21826.779636280608
87199,15681.434040456741
87200,17797.966820645277
87201,13092.03960326695
87202,14035.689989019816
87203,14294.981777860732
87204,14883.262469016914
87205,16706.0982579462
87206,10421.21482857064
87207,9978.411075252403
87208,11784.817277389975
87209,8070.574588693158
87210,4509.916953674978
87211,12323.855030705206
87212,10197.475803355574
87213,8916.15802448265
87214,9969.72389094337
87215,13272.89453694229
87216,13480.321920360127
87217,13947.208886615364
87218,16161.974899916455
87219,18482.156717049384
87220,18943.7640000354
87221,19331.668002545113
87222,10102.239087548012
87223,9221.258227053566
87224,10535.728262129524
87225,7410.379140153955
87226,5067.9728148694185
87227,11422.075113458795
87228,8256.509837686144
87229,11936.113362417262
87230,16911.13711764099
87231,5274.720943702685
87232,13859.655671203234
87233,3970.5161099674233
87234,10164.31075821078
87235,7606.858356456596
87236,9397.344247065816
87237,8861.373630923583
87238,15709.282860106661
87239,16821.54764806029
87240,10643.53545580041
87241,13930.721509963376
87242,12227.16715528099
87243,6240.165359440462
87244,13227.578884818586
87245,16771.89158359438
87246,9338.296265596427
87247,23722.30337631219
87248,8530.484028232098
87249,8635.922416526479
87250,11729.289827405171
87251,15669.371807491698
87252,18786.41380902398
87253,15408.552254548065
87254,8885.828877719347
87255,10400.133132666968
87256,9156.075743660262
87257,11940.381849212446
87258,16310.102886925852
87259,10988.816842562816
87260,9984.270128100712
87261,18645.77041632113
87262,8737.528384294437
87263,17528.407377401847
87264,7410.711995257609
87265,10569.381493827568
87266,26714.5648518914
87267,9942.947741078347
87268,17879.141838753618
87269,8660.445405011369
87270,18454.831511927332
87271,16466.84772177998
87272,19536.800441680323
87273,9232.81994405724
87274,18839.08026699141
87275,11700.9970910995
87276,11488.486141865233
87277,9926.609776602634
87278,15544.956566658115
87279,11393.97406852368
87280,13103.972054589622
87281,10525.855142839957
87282,12712.647890419983
87283,9937.298165196491
87284,7604.1684298162
87285,7950.698071323024
87286,13490.091599044445
87287,9338.963122646517
87288,9717.055454012741
87289,15467.528111793072
87290,7795.973126584559
87291,16819.933570951285
87292,17211.50338833997
87293,10981.004983519426
87294,16390.50057057499
87295,14109.151822945749
87296,16377.196161329517
87297,11854.977576022335
87298,18614.38926114022
87299,10751.928337789359
87300,9519.292748904529
87301,4478.9458113234405
87302,10927.532042295696
87303,9270.884629225851
87304,9846.469609874122
87305,11786.793447912063
87306,9295.313384579658
87307,17522.007542419153
87308,11868.19447615772
87309,9509.69491963187
87310,15879.202705279988
87311,18316.984368124162
87312,14798.672798384738
87313,6195.103078278077
87314,17808.36573015028
87315,8896.703700631293
87316,9151.810773052657
87317,8388.848413246125
87318,12172.941175782165
87319,11823.139337104763
87320,16366.192639223695
87321,6973.821267738806
87322,10861.513587073088
87323,10211.890818214375
87324,23131.250825921055
87325,18096.163521652168
87326,10341.46318369516
87327,14692.091845518038
87328,6628.019299208412
87329,10536.836127266979
87330,16287.77430093635
87331,12937.537898369574
87332,6356.129827644454
87333,11332.206660616761
87334,7784.850946094115
87335,17605.987216002082
87336,11102.30416663487
87337,9115.823064017199
87338,10738.106987175266
87339,11079.686245020031
87340,15551.253144190048
87341,15456.417688805117
87342,11564.866794384565
87343,11195.378322367993
87344,13153.73895160187
87345,8402.299017450692
87346,15201.863342017177
87347,8910.665228614746
87348,10930.369040117832
87349,16496.665712430007
87350,5811.732333029621
87351,16842.20168854697
87352,11484.283873702014
87353,16885.08194564221
87354,11135.583681279282
87355,7864.034962455179
87356,6724.302886222536
87357,9085.9584803498
87358,8339.645257342474
87359,10852.092270738005
87360,9308.564342844005
87361,7727.808149723811
87362,11017.507317833635
87363,5431.8663700157595
87364,15421.33535183096
87365,8270.896720630244
87366,9291.188464550003
87367,11450.612451190564
87368,13668.883658029914
87369,8425.21115662492
87370,15148.677679638567
87371,16116.37304985083
87372,10961.743564675688
87373,17021.790829013054
87374,15046.011349499058
87375,10900.092922092434
87376,10553.76312942509
87377,9976.131885740226
87378,16604.049387202704
87379,16712.183894584552
87380,7324.419666914091
87381,8765.271156966963
87382,16295.293357667024
87383,7433.57328997285
87384,13928.796540563682
87385,20642.184057136412
87386,10920.912614943993
87387,14136.900203779509
87388,13480.321920360127
87389,7676.560853261429
87390,21125.253147469208
87391,26387.94317033377
87392,10105.412488114956
87393,14505.66995716005
87394,10416.577577423528
87395,16511.437990965664
87396,18252.123146255017
87397,10985.09196367373
87398,8035.268456652935
87399,13631.999890436953
87400,9835.274617247198
87401,15607.527219826823
87402,16430.874825419494
87403,8394.057256564865
87404,13375.167809050512
87405,13405.95457788946
87406,9747.40740068094
87407,15318.704474227636
87408,7890.711441471188
87409,10749.362125811254
87410,12974.049542855966
87411,12241.73479246693
87412,20758.45555539807
87413,18212.964702101985
87414,9299.398237513193
87415,10850.013827925286
87416,12710.325398120116
87417,33784.495101956105
87418,9682.722793486422
87419,15970.619045819261
87420,16305.937476234532
87421,11883.752371565875
87422,11693.849879538808
87423,10409.389549861087
87424,20060.042388043963
87425,9750.385599413969
87426,6517.738162717844
87427,9905.874249629736
87428,15286.224359596625
87429,10255.416887092078
87430,7435.014046212338
87431,17295.39493808647
87432,10896.033298983537
87433,23491.461840400763
87434,12122.740925129652
87435,5373.4697094591065
87436,7772.949321387334
87437,8203.334754396208
87438,14450.228020288678
87439,8244.284485154149
87440,11871.39712580635
87441,2661.139559750949
87442,11115.50518761082
87443,7218.868894048999
87444,10978.202139102697
87445,9637.578735652887
87446,12712.279981837946
87447,15705.07477253116
87448,12585.92572449984
87449,22719.063548710492
87450,11877.797320220503
87451,10937.268442723498
87452,12475.501467189975
87453,11637.571214519648
87454,9904.345905059732
87455,17868.529776370982
87456,15078.19213570276
87457,8269.844676427374
87458,15528.809935475067
87459,28891.754697429555
87460,10870.36762460085
87461,12554.445648359319
87462,9943.770214736312
87463,15226.232484536158
87464,11257.829426932842
87465,16610.29689055546
87466,15006.079054294696
87467,11138.939029667297
87468,12875.729621756887
87469,9205.429486636664
87470,10583.160139446845
87471,9379.04028186985
87472,10532.817042067318
87473,11341.645535832837
87474,11192.18545215259
87475,11950.63325652324
87476,9487.308297710622
87477,17782.166205921327
87478,7906.151341005411
87479,13644.737317371935
87480,18976.908754328204
87481,16012.727893704356
87482,7586.991345756271
87483,10057.923230027907
87484,10873.142290316257
87485,10806.297458066669
87486,14137.736799053324
87487,37328.691471377606
87488,17359.81012941551
87489,14167.583831964119
87490,7034.97785281124
87491,20852.235145418403
87492,16166.576355283607
87493,13762.28874998982
87494,9132.0027292297
87495,16836.6299437519
87496,9064.319713800316
87497,12016.999964814426
87498,12771.423466909542
87499,18048.816073665075
87500,8574.444825802724
87501,17414.696689913373
87502,12711.711077052994
87503,9559.495426989462
87504,18938.393173603527
87505,7818.787136054169
87506,12545.358464855708
87507,8554.954846141321
87508,17536.40331560021
87509,11685.646885815291
87510,11345.21021109827
87511,16343.205411343653
87512,15668.168295737523
87513,13431.425822111425
87514,10621.058430574545
87515,11942.474929813314
87516,7792.730695546682
87517,16578.95760044647
87518,14534.87543980607
87519,11641.505950339548
87520,8046.349961815865
87521,7592.65338354917
87522,11200.758322503
87523,9534.784219964142
87524,8653.18684989551
87525,16318.226372554564
87526,4400.925606359574
87527,7930.609383972928
87528,10915.016315256944
87529,11007.891827112942
87530,8879.638545395886
87531,3033.1224346883005
87532,14091.945815651483
87533,10781.519402193973
87534,10966.588819342485
87535,31112.633997058852
87536,8947.229570365591
87537,16513.713820074485
87538,12530.111932247546
87539,11251.075392591607
87540,11992.001709420725
87541,12899.063526312646
87542,10000.45675239723
87543,19355.265072354887
87544,13284.03259534973
87545,9077.329188981108
87546,11009.503019195745
87547,21068.99306561886
87548,18331.956447707016
87549,9730.432927885382
87550,3043.152137860073
87551,7598.197797876288
87552,6458.027672648678
87553,18888.198870909513
87554,8262.62081180872
87555,17883.916258775203
87556,9625.101799654114
87557,8234.344802246582
87558,10562.063810404416
87559,9723.02683539124
87560,19515.260583208616
87561,15030.629336632419
87562,7245.231305004623
87563,9838.421453768164
87564,7989.575244742937
87565,17778.83285808625
87566,10341.825088881607
87567,16598.176291596923
87568,3950.675583797508
87569,16971.22263825994
87570,2828.3276803351264
87571,7821.226181072182
87572,23216.478147675774
87573,7927.101503934769
87574,11725.393341830026
87575,13903.119429609678
87576,18121.96716407858
87577,16283.215904522542
87578,10445.683048411489
87579,12661.268701553803
87580,11892.847708282643
87581,12642.983495245311
87582,20803.877960495476
87583,19558.506666583584
87584,16353.568435398076
87585,6570.281563965206
87586,7891.2888932127335
87587,8181.908873652947
87588,9437.395836708234
87589,15958.665647491996
87590,10730.326082455176
87591,14650.55837957923
87592,8179.146186702296
87593,13904.506187816056
87594,7176.866852605919
87595,19436.824589513584
87596,7584.451808959871
87597,10957.691819689448
87598,10371.000505637869
87599,19353.146286567622
87600,11079.686245020031
87601,19116.45435547607
87602,15112.73624638082
87603,19401.241436375676
87604,13048.016616810291
87605,14547.498648915127
87606,7210.742890953827
87607,8120.876106222933
87608,9014.873620735707
87609,4197.068703358618
87610,9969.300069873703
87611,10552.987643535267
87612,6417.028908092421
87613,10539.21091479732
87614,11542.427138990344
87615,10976.846122515039
87616,10355.603601131146
87617,16765.214287606977
87618,17017.467317235743
87619,8469.040514088301
87620,16361.542583260263
87621,17033.780291109877
87622,13178.700478863699
87623,10132.751045120127
87624,16596.996196120963
87625,17628.506979235975
87626,11607.885541621796
87627,18901.2089148358
87628,10168.09814945034
87629,6947.513421306165
87630,9290.410160405387
87631,13331.039859565422
87632,16565.841861291527
87633,2215.3784157586333
87634,7811.480698355346
87635,19075.71745172302
87636,10627.254143076554
87637,10757.992212034509
87638,8045.84537151565
87639,8011.093427466604
87640,9179.905657538167
87641,15796.160756753066
87642,11094.733936233144
87643,15332.612087689777
87644,17673.854092693386
87645,13026.551643834091
87646,5946.404990622956
87647,16762.8510660779
87648,12664.384757471506
87649,16527.24865821238
87650,9273.258203288324
87651,11226.629360158737
87652,12911.209721870026
87653,9780.833514545327
87654,11681.892671278041
87655,15069.23701652465
87656,10011.95632884761
87657,17075.229608378584
87658,10385.061638491192
87659,18784.924914961415
87660,11727.556840008927
87661,9656.036280998813
87662,10376.008924808311
87663,18530.662563368725
87664,9405.435965747074
87665,11395.96366911053
87666,11178.321275862807
87667,7710.544338719561
87668,18234.10970753234
87669,10413.725059633947
87670,14098.945115895298
87671,17137.77300597052
87672,9555.067340837748
87673,16987.572319248382
87674,10919.435026475987
87675,10964.884815431486
87676,17014.04942562883
87677,2237.0907877354953
87678,19188.36837166122
87679,10345.147482744806
87680,6234.182338659739
87681,7440.160587933674
87682,19947.616172792485
87683,13032.488617089595
87684,8010.650517050348
87685,20400.94373423973
87686,14424.153326451837
87687,14698.191439993478
87688,9412.081284827318
87689,18519.713717112296
87690,14193.747451731557
87691,11247.724895809053
87692,11138.695468724849
87693,13082.482754653473
87694,11359.844992577162
87695,11051.830375044188
87696,10847.026884542298
87697,15373.381354067413
87698,13033.656187957422
87699,6148.779997104538
87700,18295.144835719704
87701,18534.125164476034
87702,10659.940171754259
87703,9558.694104106173
87704,8113.579863357897
87705,28214.940960947017
87706,10617.22190056749
87707,5807.398545141964
87708,10218.041427495598
87709,11546.400764283528
87710,16128.784284244963
87711,10565.123273642308
87712,10591.93243280031
87713,16296.789059124887
87714,10007.561951690512
87715,13948.017329219638
87716,8916.598835905424
87717,9745.584923509114
87718,10171.458258008553
87719,10204.411473759545
87720,10145.302177363863
87721,13250.065800194994
87722,10857.79400370634
87723,16479.776203332505
87724,8074.076082086571
87725,13455.002593488472
87726,10358.206510991771
87727,9401.220374025497
87728,18308.707253187393
87729,8527.821145269334
87730,10400.900984916509
87731,9679.003472270706
87732,14600.545643896738
87733,14021.174842442293
87734,18152.01387603007
87735,10125.501345424442
87736,10532.999891968218
87737,11640.689019430753
87738,17482.08459903128
87739,4824.654188858315
87740,16513.09278110147
87741,15615.033705553917
87742,8323.875609394889
87743,1775.5204866422823
87744,12930.145759337272
87745,9963.218601279437
87746,15626.95774440077
87747,10608.901325587884
87748,19711.699781272742
87749,21828.120241186807
87750,13068.569163233991
87751,12292.566409815916
87752,11042.01865987933
87753,11330.781992558703
87754,9839.219852518501
87755,3014.059008046289
87756,9567.166376276886
87757,13587.373805504054
87758,17285.92556280371
87759,7635.010047607558
87760,15705.657029241285
87761,11090.076390779446
87762,6201.530059745106
87763,9616.201876454448
87764,9905.79203724887
87765,17087.430746815953
87766,16085.046157557303
87767,15524.31658355939
87768,7036.0676892886995
87769,9644.946948217543
87770,11323.558110760076
87771,16928.378735597555
87772,19216.009724046176
87773,4692.346003492198
87774,19548.276293459006
87775,19122.297531035118
87776,8722.165007756628
87777,8257.953406501916
87778,13208.192872550979
87779,10804.886942514015
87780,13065.967276728881
87781,12031.5566609802
87782,16027.050391712826
87783,11620.59211697739
87784,9645.627866652081
87785,11167.701147763886
87786,14697.370627243006
87787,10254.324057922975
87788,16287.77430093635
87789,15724.267771571158
87790,9735.05555324516
87791,7591.457342474787
87792,7780.050070246015
87793,15704.662824765895
87794,14440.626137950134
87795,11119.440207623846
87796,11183.727653150381
87797,14040.671882675104
87798,1932.1051822199279
87799,8264.259065252274
87800,14970.142052064566
87801,13029.675072598555
87802,11206.03153281585
87803,14615.142921848601
87804,6267.572542857805
87805,21885.122790558005
87806,10969.466888220224
87807,4236.695957876121
87808,12121.790389576403
87809,17611.287356741894
87810,9738.393276091134
87811,17502.110609863506
87812,18611.237318968375
87813,10300.824313381376
87814,11076.944981500797
87815,9946.058737877267
87816,10897.987224766064
87817,6461.094312129639
87818,4551.432760895333
87819,18241.274308718974
87820,10728.75773663271
87821,20258.5597789644
87822,8587.414670629618
87823,10324.365789630803
87824,10066.222144599535
87825,18161.803680568042
87826,12815.279293082356
87827,9348.212220827843
87828,9976.513018014426
87829,15989.379466504313
87830,17849.03729192823
87831,15814.77333806147
87832,9644.78738522647
87833,12528.497124601137
87834,10210.790227510359
87835,16847.293254576813
87836,9162.431469004423
87837,7722.739055411899
87838,22662.37529706988
87839,13017.041353952365
87840,16336.76304469144
87841,11251.274081855849
87842,14453.709390497126
87843,7650.378614319534
87844,18365.83437708628
87845,9006.668808817725
87846,10893.942400790045
87847,7633.828661553376
87848,11317.902242961056
87849,16105.676532458165
87850,12888.741028068473
87851,13487.760342749569
87852,8590.977094623873
87853,17099.229669179498
87854,1973.2030958899127
87855,7690.017045549444
87856,10338.085339555766
87857,17485.505470348908
87858,11879.635158464476
87859,17520.701269380734
87860,9886.557202786254
87861,10969.28920071015
87862,31667.43391928493
87863,10504.227088613046
87864,17354.145033376513
87865,19850.988981385817
87866,17911.33172224735
87867,13783.998734567402
87868,11702.808628725059
87869,12850.053001978158
87870,10153.671032984163
87871,10647.990607172482
87872,9306.72923172755
87873,9012.521483953395
87874,8019.987637078526
87875,12172.115313275466
87876,9994.344995424448
87877,18796.026149438985
87878,10703.524409806396
87879,13223.70353035707
87880,8783.725940509341
87881,11030.521891138997
87882,16127.51374888539
87883,14472.043424428903
87884,13917.92384665919
87885,10537.89584391124
87886,16643.514335017895
87887,10415.730259220802
87888,10015.320158819954
87889,16623.30626141509
87890,11809.38466959542
87891,11766.755266913191
87892,15682.001395513282
87893,16974.975838245227
87894,7606.191800331868
87895,9489.88424484578
87896,18638.566724613353
87897,12994.095213988669
87898,8991.878578472759
87899,19161.924630514164
87900,15296.41950105801
87901,7469.4023639440165
87902,10951.968896037408
87903,10027.929371908309
87904,11856.415199563116
87905,10769.766869500796
87906,16310.653129291717
87907,11643.363111578381
87908,17532.567057447293
87909,11153.440625093612
87910,10777.696720991775
87911,11774.464575893835
87912,10745.37290448162
87913,5254.310422426056
87914,11691.572758092188
87915,12778.809896522675
87916,9468.062945078742
87917,10473.742972900178
87918,9176.140565073722
87919,8463.202100308285
87920,12847.297532285767
87921,10393.256065830821
87922,9961.318178499809
87923,9736.212859252311
87924,12825.718467930024
87925,7406.100979896066
87926,19483.55147150069
87927,14423.082952506646
87928,5725.47536098453
87929,9129.262842928569
87930,18209.099776984815
87931,9161.073673568419
87932,9862.433511765255
87933,16308.043608971246
87934,8425.21115662492
87935,14926.604237248026
87936,2478.316052164409
87937,9740.295282686895
87938,11591.923822446068
87939,11792.687606440973
87940,9278.121246418026
87941,11117.051722559801
87942,10924.51253616373
87943,12161.65852361473
87944,10274.262259831961
87945,17313.20288863225
87946,15900.114571543003
87947,19356.886055811767
87948,13506.314959052765
87949,13062.990847130683
87950,13158.303756423935
87951,16924.452829705093
87952,4901.610006761045
87953,12170.566491621203
87954,17067.171064787824
87955,6394.553157455228
87956,11880.519668745044
87957,9741.68278219235
87958,12317.512060683322
87959,21988.791690886643
87960,8323.295590246376
87961,11398.057369074013
87962,13466.072124283142
87963,8326.503468580453
87964,5451.3330123763135
87965,20707.16472644632
87966,9918.125012758548
87967,10111.955284612886
87968,8554.074602360051
87969,15924.266196429828
87970,15932.854804960516
87971,11179.97920325274
87972,11743.584772000548
87973,23645.578671348347
87974,19689.82740760677
87975,14269.403763198236
87976,6617.443254874985
87977,8398.84232818206
87978,12021.702337287516
87979,16355.175177274112
87980,10714.901251012348
87981,10445.448513869502
87982,19771.1777125595
87983,19909.274463735273
87984,9754.26981902305
87985,1645.9937501283598
87986,5628.9143325568575
87987,10293.724743103267
87988,12372.942280403175
87989,5273.931374894009
87990,18597.501583082467
87991,10587.740555532679
87992,13510.175539555108
87993,7642.017657831642
87994,18802.104103804915
87995,8901.636397853943
87996,16033.23116447285
87997,17597.467798697267
87998,9953.963415026776
87999,6664.567706262615
88000,13557.733730901648
88001,14043.780706667909
88002,16487.391690058004
88003,14995.687975237444
88004,10394.861678567464
88005,8361.29398935015
88006,15881.64116904217
88007,16665.99021578836
88008,11909.990238819975
88009,15642.424996607242
88010,7269.309050630649
88011,12010.913225725151
88012,17569.76300517407
88013,10017.922396105008
88014,8024.6292610354
88015,8626.9539906287
88016,13353.564943692822
88017,14272.85966880833
88018,12579.211559757854
88019,15513.767944262778
88020,10692.29165524246
88021,11702.554706537334
88022,16925.565487712687
88023,15188.471243642984
88024,10463.516304945566
88025,7594.278112164808
88026,10562.174586444977
88027,17238.674005137105
88028,8840.089254156766
88029,14593.787147527259
88030,9652.032563640203
88031,13406.112375367466
88032,18531.35807934609
88033,16873.488771374352
88034,12353.8374568772
88035,13374.360989165372
88036,16815.614790298954
88037,10861.462478598263
88038,10663.17702371538
88039,8230.111983159524
88040,40430.758806298
88041,15162.214045162887
88042,15027.381613007552
88043,10595.678690405517
88044,5279.127425781011
88045,17052.282131805343
88046,6303.846291831164
88047,9343.971094038758
88048,15112.73624638082
88049,5930.990888747825
88050,15585.330116334975
88051,3661.6613364862487
88052,17117.83463412123
88053,7856.034666751771
88054,17730.392111938505
88055,16396.49531451598
88056,8332.885875535556
88057,11419.967497961066
88058,9149.802345316164
88059,10428.127043818906
88060,15529.303904237433
88061,11931.54467603287
88062,18764.106638868852
88063,13500.435106203426
88064,14088.477024556316
88065,17140.52744137051
88066,12014.290628594483
88067,13097.913472114007
88068,2038.984779875202
88069,7514.159427474275
88070,6967.061103064305
88071,4333.743338675592
88072,15678.173087479501
88073,16582.872007898928
88074,9872.679543704264
88075,15812.089790273285
88076,7022.9838834281945
88077,21743.9437757012
88078,7709.596032656451
88079,16477.797417556438
88080,10774.189671506841
88081,16951.77620508325
88082,9373.923843546963
88083,7425.349090852407
88084,13746.962352913486
88085,10704.844217224527
88086,10175.356935329834
88087,1840.59225284123
88088,11606.982895048413
88089,17379.879264477226
88090,17537.89342150634
88091,7073.970129397141
88092,18602.984223387764
88093,3161.4610173571155
88094,10118.996178635978
88095,22144.50243502527
88096,19803.311129402595
88097,21483.262609675177
88098,10345.064947512565
88099,7174.942230104491
88100,7603.7137464188445
88101,17597.903232355464
88102,9161.391282983872
88103,8643.1940975214
88104,15823.793406035024
88105,13102.837848197814
88106,11538.12566651162
88107,6876.919441708149
88108,19898.524723967297
88109,13479.105020023922
88110,6026.876331904631
88111,11088.339043381999
88112,10790.539755721187
88113,8835.624080011467
88114,12511.279569003302
88115,10149.352524177966
88116,13196.761785283192
88117,9232.62434130779
88118,19452.70497460157
88119,10874.948718231517
88120,13229.917162360387
88121,16433.046596806045
88122,13751.642894735975
88123,17826.18439630912
88124,15834.269542553053
88125,12355.556840268317
88126,9205.429486636664
88127,18537.926523010454
88128,10065.318318145963
88129,8909.267757578169
88130,13981.923295574175
88131,11813.32529077792
88132,16340.453037378382
88133,13341.083375041304
88134,7332.2474457678945
88135,5714.998530661461
88136,13012.596565427946
88137,8486.67736197986
88138,12752.089201659051
88139,8404.364161508085
88140,10248.550910046362
88141,15380.842406117423
88142,13976.262452008788
88143,10425.522541551472
88144,11499.557290225022
88145,16040.765093853868
88146,12325.666639702518
88147,9049.294231360514
88148,14021.174842442293
88149,16721.998425776423
88150,18457.927426664937
88151,13114.424821011671
88152,11096.300002701531
88153,16792.53629447925
88154,13585.783680510993
88155,18343.607232431645
88156,7436.182070032479
88157,10709.754013632017
88158,6264.449620230723
88159,10739.224639698663
88160,9754.155085951954
88161,9789.141731511712
88162,17527.365303496863
88163,17907.424521834182
88164,11844.80785196189
88165,7183.932945622426
88166,17727.768148042844
88167,11916.506707543165
88168,31626.426502427872
88169,12021.875704566839
88170,16274.725352489917
88171,9661.430671640232
88172,9453.951701690423
88173,11721.557933676348
88174,31161.191078772667
88175,8984.403384668822
88176,19177.960965867976
88177,9031.264262925519
88178,15681.434040456741
88179,12347.776929419515
88180,11004.631612624675
88181,7132.1489996534965
88182,9853.19701844978
88183,13411.80956631235
88184,11351.86463134976
88185,8648.966879195586
88186,7432.542153488597
88187,9716.93585196948
88188,10330.22649388823
88189,7784.729649889963
88190,9870.667896333245
88191,9899.154208781554
88192,18314.605569688872
88193,13644.751568322716
88194,10215.315159686417
88195,10266.75086228435
88196,12388.933767896786
88197,11178.498743284772
88198,8259.849069340577
88199,13601.899711858867
88200,13684.835686380009
88201,10526.03054689822
88202,10654.399468564437
88203,16191.266385919786
88204,12932.899663704047
88205,15405.683681880348
88206,16625.09180561603
88207,9519.554181227599
88208,22025.859674533298
88209,7827.212529343033
88210,11610.198652728746
88211,6127.011207659025
88212,10256.822937692903
88213,16279.481900338858
88214,10206.961016361685
88215,11064.556123116929
88216,8032.671529874758
88217,17921.460308356473
88218,14948.554797003379
88219,8011.380186538125
88220,13722.164546097069
88221,12777.203636672484
88222,14929.960548686824
88223,16957.149167797772
88224,9943.770214736312
88225,10830.981169624807
88226,8811.137903169873
88227,9680.925690081534
88228,9768.069538283442
88229,10422.6494909742
88230,2631.354595281464
88231,9850.654884296933
88232,13966.57235166674
88233,20263.1033360124
88234,16384.74679174376
88235,12307.341493194683
88236,16850.06473259491
88237,13065.617278417321
88238,17016.772908588715
88239,8640.106554666832
88240,11359.439129876859
88241,10661.945560431745
88242,10970.218704478966
88243,12101.180885442012
88244,7948.095845128475
88245,9835.098380066098
88246,11195.378322367993
88247,9555.31336895781
88248,18181.44975448565
88249,9293.197535686486
88250,10375.019423844813
88251,15206.744507904004
88252,10930.369040117832
88253,27421.0553096039
88254,11306.855674954042
88255,10013.98652767999
88256,15954.626096100405
88257,19688.02807993915
88258,13555.065151560659
88259,8816.50342456566
88260,7649.8479444238965
88261,11988.38513154701
88262,19104.35079431707
88263,18879.887444485936
88264,11904.684782779766
88265,9307.48374188389
88266,10270.66526157662
88267,8255.571081805781
88268,14430.170565142023
88269,13235.032480615771
88270,14572.179243189381
88271,12338.15776064256
88272,4980.134191251421
88273,16422.8938946546
88274,11959.088241188654
88275,18330.72047129061
88276,10930.886647656149
88277,13520.861251695349
88278,13492.898732873313
88279,11008.002532041299
88280,13357.01736248562
88281,17124.641306908637
88282,12688.170087741557
88283,8016.134322233271
88284,11627.876483918415
88285,17972.74887794876
88286,15979.232855640003
88287,7371.120774082025
88288,10948.213426696864
88289,9538.548552502984
88290,13756.64162899799
88291,9461.430648368092
88292,13628.237310113307
88293,9435.29975588094
88294,13368.66171352007
88295,10725.078896748559
88296,13720.450283426737
88297,11000.164331483591
88298,10012.859377022687
88299,17570.168725236555
88300,11532.480262035964
88301,11257.106959590641
88302,13458.945676589261
88303,15849.111455169237
88304,7078.70341990415
88305,14493.817161093999
88306,9400.108534751182
88307,9809.65611515677
88308,10599.759357492894
88309,16783.948752537704
88310,11280.022449255364
88311,10316.77161458404
88312,7682.46559288212
88313,11952.894399690165
88314,19590.509622956946
88315,13076.360503228823
88316,15723.655897942786
88317,10836.033392277348
88318,22248.423371917706
88319,20651.788989760356
88320,13116.060969707818
88321,17606.646795986835
88322,9609.906368500993
88323,14130.198518367506
88324,7770.175960214898
88325,14930.65866927697
88326,13101.575999990817
88327,16432.947649436166
88328,10544.706496855699
88329,18712.42317636135
88330,9630.936591312735
88331,10559.309286941592
88332,12845.204598984299
88333,13595.955795347785
88334,5082.403405816982
88335,10146.989463697717
88336,12621.73373719674
88337,19603.39107940976
88338,13281.310976537203
88339,13217.950631459222
88340,7750.597270644157
88341,9568.371475654176
88342,9806.4678962586
88343,16563.02442337198
88344,11576.649434521805
88345,13472.148727382122
88346,10354.369653305686
88347,14066.52258076666
88348,6966.307673120305
88349,6817.0895179780655
88350,9833.403746678909
88351,10578.125374927287
88352,14876.787075592085
88353,5856.418818078091
88354,18540.36447906946
88355,8934.15654645176
88356,11987.585401097807
88357,16366.450324481319
88358,15110.972272389525
88359,11463.082732166613
88360,11320.565440336084
88361,11366.28899955803
88362,8034.987836938466
88363,14580.51691951315
88364,8184.601099238417
88365,13448.357713627436
88366,9912.149294670375
88367,20355.8244490402
88368,23045.86263553623
88369,16332.280039524157
88370,10920.296437609288
88371,16324.592914542687
88372,13922.303629469394
88373,6168.87512298783
88374,16457.129443102356
88375,13511.463902868076
88376,10864.182324952697
88377,10793.313442263205
88378,16704.832901538273
88379,21106.48699264106
88380,15853.15437785244
88381,7593.407245156312
88382,22854.969036370894
88383,10314.242777013646
88384,11728.825478314098
88385,9938.554160431106
88386,18564.264867962833
88387,10565.276221553242
88388,9159.637241501074
88389,9092.46948045983
88390,7873.811728822074
88391,8268.459731652809
88392,7924.638982372306
88393,15215.942085482202
88394,16450.147533678497
88395,8980.701681221266
88396,8256.169848310661
88397,11708.769277460051
88398,16715.853535804665
88399,15116.008734734904
88400,12729.258436089194
88401,17046.885645367176
88402,17442.526435290394
88403,17974.99120143882
88404,7863.441413882169
88405,14562.726605802662
88406,10566.023913366582
88407,15537.890655401658
88408,10385.06101245443
88409,13715.193547753574
88410,13778.948680447882
88411,16669.96360769934
88412,14745.284710188764
88413,10287.795642675854
88414,17261.854841144937
88415,2047.3739553207415
88416,18953.208975444395
88417,31389.75115382094
88418,11356.198194938745
88419,10115.340558404761
88420,11696.81792161746
88421,9375.56653225798
88422,8174.767433853987
88423,14586.019151119433
88424,15687.320980315992
88425,15348.076722018672
88426,6516.54048784019
88427,12184.277218921929
88428,11396.871271743272
88429,17004.294817371494
88430,16461.703970780563
88431,13013.987699258767
88432,9141.570303597993
88433,17162.381097114798
88434,19826.581819384068
88435,13519.84670072571
88436,7583.950003962751
88437,8134.913848299126
88438,10361.163273505013
88439,10027.504930122566
88440,12298.570421434251
88441,12296.837870290523
88442,6865.045810105709
88443,11361.329506547247
88444,9874.595506963604
88445,11241.123517003787
88446,10460.990119998865
88447,10566.524545396884
88448,15991.001705197501
88449,9031.601947431205
88450,10889.228551187423
88451,18210.855778591846
88452,22047.273342327568
88453,17140.60959436009
88454,9907.795838514006
88455,4213.191593319914
88456,6669.148350450976
88457,10754.763086437775
88458,17718.46320464151
88459,15330.585903565778
88460,10239.20957955557
88461,6240.0872982121455
88462,12182.203848899724
88463,9255.813365890328
88464,7580.842158133548
88465,16875.422178018634
88466,15757.38549225905
88467,5461.370819187912
88468,16910.05578344227
88469,2958.78150121739
88470,16413.984775575747
88471,7792.294474862887
88472,14617.816689725425
88473,18222.50927687432
88474,9138.982226139717
88475,17362.021675365395
88476,13878.667143196912
88477,17096.838108338135
88478,17290.583940159573
88479,11008.147777266877
88480,9789.5336724795
88481,12036.996632182545
88482,6255.962119370008
88483,15862.58798707791
88484,13021.497268306986
88485,19488.66454643799
88486,11644.867302562616
88487,7719.355042323362
88488,16307.416755306134
88489,11704.16873007072
88490,9844.658371074976
88491,15779.258664371167
88492,18230.289105240776
88493,9378.093611834194
88494,11169.347943471132
88495,18450.848928722247
88496,6920.475709244751
88497,6356.129827644454
88498,4263.385726453051
88499,8444.423541367149
88500,7602.329616437017
88501,16272.36896574469
88502,11893.671387376336
88503,11239.800623115754
88504,18174.497247464627
88505,15443.117106244004
88506,14865.501322138916
88507,10388.761854617682
88508,18798.45179855712
88509,10150.641827363888
88510,12215.043464337914
88511,10742.183712174783
88512,8336.045010421503
88513,8427.92957740164
88514,15735.756684697368
88515,7594.236213027834
88516,11079.496961381537
88517,4442.612284476265
88518,8248.143782066389
88519,16371.363423620438
88520,9012.008498244486
88521,24357.40054068302
88522,11532.47041523222
88523,13443.56169495851
88524,11755.495477435481
88525,8441.694687929388
88526,13357.117722732164
88527,11442.091267197897
88528,19751.78555208967
88529,7752.235122850661
88530,10352.338813065193
88531,13586.584633940198
88532,18296.740625616116
88533,42853.831724603166
88534,7723.0712310773215
88535,10471.115522649176
88536,16384.450154713442
88537,13835.016342332576
88538,18199.02738628451
88539,10146.874914117812
88540,6663.168747440106
88541,7001.205459726649
88542,8391.151858773032
88543,10987.519823064617
88544,9725.158051316725
88545,10478.392581588767
88546,20089.65166806553
88547,10485.723072889452
88548,15785.04718451546
88549,13080.454442666743
88550,13543.821668382201
88551,10314.144684200583
88552,8107.698944382438
88553,13733.594000160185
88554,11107.104072553751
88555,9146.109346978077
88556,11536.70455813546
88557,16334.712873792136
88558,9435.29975588094
88559,10426.175703925168
88560,16180.461146873766
88561,8941.655232916966
88562,6172.505557725856
88563,7749.485613617882
88564,16102.814819627652
88565,19406.3262734768
88566,7569.42961883395
88567,14816.590639440894
88568,16109.00249593903
88569,15588.87939924988
88570,19814.299803520258
88571,18957.20886522866
88572,6228.192804325223
88573,14476.705785658945
88574,15292.562184222079
88575,16286.6051602062
88576,16442.342857144416
88577,15248.690964472566
88578,4684.696424877822
88579,10576.666356480217
88580,20568.71926453382
88581,18826.294367670293
88582,13106.116238276218
88583,10631.963314502354
88584,20997.701938729828
88585,11980.573207797219
88586,10172.320087510212
88587,6643.3346088940025
88588,11657.60667806344
88589,8269.997224036246
88590,7986.626597152745
88591,5745.5064435013155
88592,7604.418860785328
88593,13690.452778240506
88594,8019.566795553882
88595,11979.229347908027
88596,16287.77430093635
88597,11443.178163054004
88598,13833.757995377391
88599,14421.860837742312
88600,18225.631963948676
88601,8524.670763091497
88602,18298.839519003683
88603,11213.401810930402
88604,17684.582363218782
88605,13188.924405193
88606,9913.177429333951
88607,7931.629520444352
88608,13226.756564492873
88609,8904.033844597496
88610,6192.491577630859
88611,2827.7279844247146
88612,15745.969649320652
88613,9805.466655107071
88614,8145.969387240123
88615,12396.560655317171
88616,2805.5086966329864
88617,7461.09628876022
88618,8199.143449286625
88619,10277.011979844487
88620,17032.40408692211
88621,10181.387036533666
88622,8726.628939323653
88623,15696.455152889943
88624,12883.580714342344
88625,14402.32739886821
88626,14798.99034641522
88627,25563.94557390325
88628,20698.86472831794
88629,12066.505651893798
88630,8580.934606785586
88631,9621.998824069477
88632,10652.573618802935
88633,17075.229608378584
88634,11693.411011587195
88635,7335.9488501407905
88636,12237.66037251761
88637,15601.713192139747
88638,7474.012458390972
88639,11563.331863313575
88640,12311.901584421497
88641,16466.26039147043
88642,11612.224731187256
88643,7373.548803755309
88644,18029.412475781377
88645,17053.961225736268
88646,9953.963415026776
88647,9380.725611475269
88648,10030.97413071654
88649,15742.465348190282
88650,10247.223587856453
88651,9857.253694875682
88652,10213.250403833097
88653,7642.029881408966
88654,15550.314901113436
88655,9738.591568166361
88656,9355.072178889379
88657,12215.86876497047
88658,14839.461111875533
88659,10229.257674678405
88660,16199.429010787782
88661,5733.782598487827
88662,9147.228061142543
88663,10169.24995966932
88664,11300.278291837745
88665,8067.455717292229
88666,17417.231339128906
88667,11974.615549854778
88668,17341.747352562525
88669,10307.199815747053
88670,12651.704758218191
88671,23983.66684489171
88672,3686.7891938904595
88673,9734.618385543487
88674,16110.881951927935
88675,19480.989005449504
88676,4497.914558182535
88677,17645.22724695253
88678,11167.701147763886
88679,16110.881951927935
88680,13123.916142685634
88681,16479.548321617876
88682,8220.14232094861
88683,18998.318526178417
88684,20133.00691654072
88685,13455.39989660542
88686,5482.982873294141
88687,13654.069717760322
88688,7953.964347713374
88689,12715.21878939788
88690,6626.823220393229
88691,9794.62348390746
88692,10564.913734269026
88693,15337.641045170756
88694,16461.179013801306
88695,10197.337831528188
88696,16194.355231635063
88697,8223.452345021913
88698,4365.333787595537
88699,14822.238065075737
88700,18652.45587555116
88701,15276.47984017617
88702,8174.248844327849
88703,10926.134851581144
88704,17074.776573955547
88705,15541.537224524822
88706,7632.876321944164
88707,7909.501333985214
88708,15749.346186361805
88709,12925.193419515883
88710,8030.225698676855
88711,11791.107197784842
88712,12808.211331320796
88713,9639.179240953195
88714,7821.041878882954
88715,15716.549073453509
88716,20931.64848784396
88717,3874.795718028362
88718,12170.888430270865
88719,7668.328292097569
88720,12814.34055393696
88721,16912.034702125784
88722,14140.791563946947
88723,10357.68868846439
88724,21139.998729317274
88725,10866.448365601183
88726,11959.088241188654
88727,16498.807106911197
88728,8647.68198328503
88729,21792.81773552153
88730,18736.7141755287
88731,11289.187154876792
88732,9715.787035433741
88733,11735.614188860749
88734,11358.292286903232
88735,22988.474009002995
88736,9442.59594459823
88737,5894.343267445671
88738,2838.9827647962543
88739,22668.0472070558
88740,8782.460952040263
88741,9797.593914567506
88742,11478.760515581807
88743,15957.154319983918
88744,17023.925797685257
88745,15906.003197831866
88746,12524.144394083256
88747,10889.228551187423
88748,12391.142384667499
88749,11321.798015430253
88750,8452.289417109481
88751,13089.649006583018
88752,7335.8038520201935
88753,18818.388837079696
88754,5613.851515508577
88755,6206.175717172447
88756,10878.113148391823
88757,12212.218500221545
88758,9840.539793391077
88759,12306.39309936376
88760,10203.70369756866
88761,18603.967888292787
88762,18593.414722745103
88763,34521.32484501792
88764,13684.888649810795
88765,17647.830542872463
88766,2368.4371195198464
88767,16455.881097436668
88768,10680.910774625752
88769,9539.304258325747
88770,9044.35219978271
88771,6465.497428138174
88772,11192.18545215259
88773,16828.403058644355
88774,8365.863405495142
88775,6518.468277393778
88776,10906.06723684238
88777,13634.082843684086
88778,19862.771871857243
88779,16551.909959700697
88780,8282.601470148948
88781,11306.295798104036
88782,17905.430171350665
88783,12056.354090434037
88784,10925.072407175921
88785,14192.157762974832
88786,25782.00714395441
88787,14872.559372206884
88788,9287.476953643216
88789,15038.004887996325
88790,15769.597353059355
88791,12117.101660398868
88792,8526.885772868616
88793,11750.355973195403
88794,13476.789877716501
88795,7663.371383989287
88796,13262.062922702135
88797,7448.343112270126
88798,19835.307218510352
88799,8542.07489803632
88800,7150.338702812167
88801,15462.38023223298
88802,10888.914482503855
88803,16967.39994141748
88804,8954.33919824631
88805,16836.058436080635
88806,17439.363174169695
88807,13631.038983015223
88808,11284.208104669506
88809,10013.304401052234
88810,9849.397355801304
88811,16306.422271876765
88812,9514.82413665894
88813,9601.78520991486
88814,7632.511850185961
88815,13334.291623769202
88816,16856.912677472832
88817,17117.83463412123
88818,17099.865611115387
88819,9574.961021540115
88820,12018.58243821697
88821,12312.547601937204
88822,13035.81281157679
88823,16363.592989632969
88824,18221.76314431228
88825,7732.383020073585
88826,16085.046157557303
88827,10653.803859655289
88828,9066.856124842869
88829,17518.98408395154
88830,18773.00560627703
88831,9773.265756685898
88832,7581.4602713972645
88833,15475.829346178416
88834,12881.421486968471
88835,12448.19802716533
88836,16040.765093853868
88837,12720.600531332442
88838,13707.509534413912
88839,18432.31274928608
88840,11786.31382398043
88841,18231.606710271975
88842,26692.668135204272
88843,11643.724580936012
88844,9689.207154104337
88845,9846.74653570024
88846,13028.273772946035
88847,10697.014582257669
88848,22631.150249373968
88849,10922.938835906989
88850,8553.537788631505
88851,19018.20643760443
88852,13468.405311340688
88853,14652.764264450132
88854,9348.96879369182
88855,7033.513235603752
88856,15063.04439162432
88857,15416.963405752009
88858,12873.152998243648
88859,3479.6683548640735
88860,9128.718134729308
88861,10886.520477866743
88862,11902.37173410718
88863,9009.985570582898
88864,10871.483345311313
88865,12081.556087831266
88866,11611.247612338033
88867,12157.123873729264
88868,19362.50757819122
88869,11157.233150982313
88870,15339.777807891358
88871,16163.282213545435
88872,9625.736017697884
88873,35716.09225848038
88874,11583.943432063665
88875,9066.048157456944
88876,1833.226298105119
88877,18331.956447707016
88878,12230.912828585146
88879,13076.308216677658
88880,15898.975391060947
88881,6192.14112218846
88882,10150.076167872674
88883,11688.849964970523
88884,10455.933981013643
88885,13827.482182505622
88886,18697.66597496707
88887,15758.906346336109
88888,19803.67532018113
88889,13288.169029604192
88890,19955.74398506168
88891,18239.223163108876
88892,13041.69670166964
88893,10149.980464230068
88894,13263.936359095269
88895,10003.523841731003
88896,11494.529576002931
88897,10542.23069882021
88898,16311.295013852477
88899,12062.989585561969
88900,8226.698056374771
88901,10742.889404231195
88902,18608.044004752348
88903,10811.213333513773
88904,18110.420595410047
88905,9311.612918273873
88906,24639.64962561819
88907,6693.521114603037
88908,24873.111957299465
88909,7987.866801129518
88910,13472.218535733333
88911,18209.742590594993
88912,11989.705119941154
88913,12629.548714977816
88914,8116.093680689315
88915,9048.499796472426
88916,13366.769640211043
88917,14438.68188721812
88918,6143.154320856551
88919,12506.722706385535
88920,7989.806821536169
88921,7465.420758158518
88922,26977.707389437215
88923,8803.730359557272
88924,12139.959182143291
88925,8767.556672632227
88926,14835.929327040702
88927,6165.336414557425
88928,7336.600368341884
88929,12996.615714530715
88930,15331.658222622194
88931,25409.14692834669
88932,10602.350388551922
88933,9204.52527383234
88934,11663.763500663106
88935,12968.99244790995
88936,18745.28123734252
88937,14672.398143485503
88938,17201.875707179173
88939,9697.956044380666
88940,3280.5721937955423
88941,11262.600256549902
88942,15531.968730284436
88943,17597.22996923897
88944,8688.183422053018
88945,6546.169846731348
88946,12815.320805329997
88947,6691.009744710009
88948,9864.761040445777
88949,18535.108046857174
88950,11944.244253482946
88951,6787.934707622194
88952,12602.350992588319
88953,14796.924295450353
88954,10368.485929043953
88955,12053.03381304047
88956,11728.56132240589
88957,18913.614545689554
88958,12126.020214652486
88959,17626.409981798155
88960,9260.443242862266
88961,12141.498789316262
88962,18739.062195727332
88963,11361.25239778886
88964,11286.772356099842
88965,15879.677428115861
88966,14732.943865492092
88967,17029.422122166183
88968,10064.057295657429
88969,9043.926528876687
88970,17456.465150104563
88971,10093.5832950753
88972,19553.318519997123
88973,13929.829483413072
88974,13112.889945860577
88975,10760.257045664237
88976,18048.816073665075
88977,18603.27437581511
88978,11257.829426932842
88979,13840.347918832606
88980,10666.574703542592
88981,15882.5155393748
88982,9731.857703346344
88983,16437.729303661647
88984,9147.306488603474
88985,14866.82181009791
88986,10821.218471063014
88987,20438.50566606583
88988,11440.456503481515
88989,9914.956709732116
88990,10715.075347663409
88991,16388.346199053165
88992,9512.572543677912
88993,10320.097531270269
88994,16724.31649221813
88995,10804.15551431459
88996,12806.0196368473
88997,20716.846959029543
88998,11283.67490505577
88999,16859.085459439
89000,11411.013767765646
89001,17386.975460923568
89002,8220.975406543741
89003,10933.549010439601
89004,7146.735178176563
89005,9579.189084151965
89006,15754.872503809373
89007,13768.342383036506
89008,7574.437403558184
89009,12204.75343088128
89010,9434.933206477213
89011,11146.780066745745
89012,5735.166699166257
89013,26296.58610658325
89014,19720.47174090425
89015,9649.394747046172
89016,11186.56595111627
89017,7829.903478674414
89018,16549.04851083146
89019,6969.804090656673
89020,11046.420121244671
89021,17032.877274406095
89022,8936.603277168704
89023,16848.905549204064
89024,19086.629428104687
89025,10311.126538178694
89026,20091.887927486325
89027,10096.832491729989
89028,14169.100298961896
89029,13982.98657733438
89030,11814.691014573444
89031,7561.621466742032
89032,16914.11865064017
89033,11401.051203540981
89034,7560.331302916811
89035,18425.75720172618
89036,12773.410099146367
89037,16176.252350449386
89038,10327.425352913602
89039,14739.501218842448
89040,21644.180702674734
89041,9365.35246003394
89042,15834.269542553053
89043,13306.640383154612
89044,12311.082687868726
89045,8728.944459501636
89046,9371.071542858901
89047,13558.84980682492
89048,10335.235332795077
89049,10300.36691861961
89050,15186.23524388673
89051,22261.543577755194
89052,35739.07691486676
89053,17449.735692556947
89054,16012.765545261213
89055,13548.013232009904
89056,16646.461637632783
89057,16142.05747336597
89058,9764.157870308174
89059,8918.149331829192
89060,7330.747463742838
89061,6464.835516896415
89062,22880.822930742186
89063,10494.065587014133
89064,13102.89943750485
89065,9958.811146407365
89066,10901.081202501282
89067,9471.050394124506
89068,7356.741355828144
89069,15556.308495498179
89070,6083.564861868757
89071,8436.432212342079
89072,7705.209381106805
89073,9690.680687076587
89074,18741.199039794672
89075,8923.705184308543
89076,11445.954457946711
89077,9908.447523952942
89078,7093.490436642363
89079,16085.046157557303
89080,13079.347751403675
89081,20133.480075459192
89082,16013.21633210945
89083,20135.55905548607
89084,16411.440754976255
89085,9591.686214287049
89086,1100.4079909363634
89087,16327.430102948882
89088,13076.027900458495
89089,10903.503973406645
89090,11286.477057762928
89091,11371.368407770991
89092,12838.862165316124
89093,13691.709075533105
89094,6354.28188939414
89095,19803.311129402595
89096,15732.682933294673
89097,6992.8871963605725
89098,16800.173718931874
89099,26508.73455315333
89100,11254.023836638662
89101,17659.187744908108
89102,4181.400704352838
89103,7791.2831401568465
89104,6315.381224851738
89105,2371.1637351602285
89106,10367.562978161524
89107,8902.54973012482
89108,18974.280524090027
89109,6612.615673157663
89110,7018.44603065889
89111,20611.448108864406
89112,14692.425628293211
89113,10956.907106769146
89114,11577.591921187719
89115,16883.53888298133
89116,7934.021451373696
89117,15567.806856711823
89118,9748.428966640275
89119,7980.884082053513
89120,10633.727640035517
89121,6769.442392449183
89122,15427.509817040553
89123,11358.990935784605
89124,10873.142290316257
89125,9743.600995651032
89126,9861.818121376173
89127,5528.163662491739
89128,11589.902463795233
89129,11646.121656465924
89130,10285.062433329926
89131,9467.104677625066
89132,5352.052728089448
89133,6504.396032160661
89134,16834.018732205663
89135,12855.073721374094
89136,10685.396321612137
89137,14195.188504762207
89138,10947.294364756652
89139,14177.102291044699
89140,16550.06251510467
89141,26096.42008921699
89142,9367.608672314911
89143,18727.31098144991
89144,9873.406017133879
89145,8021.456916630657
89146,16933.714531557824
89147,11600.538194403805
89148,11137.99331053231
89149,7574.113290303567
89150,16417.697091967908
89151,8959.788787755557
89152,15357.815614081159
89153,20633.08408337867
89154,17872.968818651738
89155,9819.519477818973
89156,13534.668746112344
89157,18331.956447707016
89158,15792.555874069374
89159,19937.38457263448
89160,12938.350788745474
89161,16787.00235774886
89162,16887.799032040864
89163,15018.94062245861
89164,12154.847060998738
89165,7200.235928804638
89166,13451.889258914169
89167,13204.406491244197
89168,18863.326535222674
89169,15831.934021691077
89170,12011.216096249223
89171,20532.81379790943
89172,10646.29006913834
89173,18953.208975444395
89174,13909.188031646565
89175,12821.095202493441
89176,13087.938632124744
89177,9421.599764041835
89178,8479.47680676277
89179,16435.006062388526
89180,14348.765522508042
89181,11137.34949450329
89182,17220.489578942925
89183,12763.66631919516
89184,10640.821453865692
89185,15387.042620697994
89186,16675.818270578267
89187,16441.24634775426
89188,12035.352929695264
89189,16152.985292540034
89190,9127.484159447731
89191,14109.572854265662
89192,21919.126289197207
89193,12475.345129047459
89194,9425.357822230982
89195,11060.476070072087
89196,6471.9042162311425
89197,11640.337362137076
89198,16320.95394856354
89199,6774.668321945033
89200,10500.526337403207
89201,12859.94117435826
89202,21156.272221035695
89203,10716.389605341139
89204,8450.593317254028
89205,5229.642896786898
89206,5349.473513045233
89207,13179.194995573323
89208,3464.363566644272
89209,14842.95899477881
89210,9375.591440335469
89211,13064.616403371305
89212,7019.193290561814
89213,16027.050391712826
89214,15930.133259507973
89215,10209.432896326098
89216,7618.40822874203
89217,10268.111492278844
89218,11616.31209747662
89219,6255.957407158181
89220,9805.966875029568
89221,8386.66712274269
89222,14603.627466453456
89223,16876.810588686683
89224,14746.279792514262
89225,14767.0933429516
89226,6414.894718599118
89227,9419.337887358997
89228,13218.057994591301
89229,17283.085183059244
89230,13507.866052700849
89231,16065.963023776956
89232,9588.54349136862
89233,5257.685919823866
89234,17493.160176086618
89235,16458.514410470354
89236,11819.872397322017
89237,15224.77042935346
89238,22987.943692717257
89239,17007.31487474205
89240,8324.130950846558
89241,12671.718929461258
89242,18962.814943957914
89243,8010.789913750223
89244,13813.019025465263
89245,18540.66714209115
89246,23405.09700808853
89247,7547.297514693242
89248,6803.6815045766325
89249,10861.055565063805
89250,13623.497774219752
89251,19625.52236318449
89252,13568.341826861382
89253,19483.261343533813
89254,17026.080537747737
89255,13236.919203769005
89256,15844.704424593554
89257,11905.900601566223
89258,11262.189441678302
89259,10234.507119906393
89260,16499.204184613962
89261,10312.989495172451
89262,20643.736848641674
89263,16463.41118564079
89264,12409.452035349259
89265,8665.778294688978
89266,10387.280874404663
89267,6135.836726191335
89268,19250.03846117004
89269,16689.391735285095
89270,15971.452129947282
89271,18716.132682429576
89272,10464.890335163975
89273,9596.223251368912
89274,17605.760580245438
89275,6501.229520839912
89276,9034.500203113452
89277,11872.38887526513
89278,12926.368695733081
89279,9584.631426914442
89280,10802.221024713943
89281,18727.812094240802
89282,22212.995482957023
89283,13140.61945875433
89284,9396.520976111933
89285,15357.783258775293
89286,10625.984726470995
89287,10893.229539522781
89288,19691.412802911622
89289,18613.311700320424
89290,8201.36498298518
89291,7925.137402501661
89292,11047.238076087637
89293,14930.568883910848
89294,9656.862713909866
89295,10685.309153086491
89296,13687.083554242723
89297,19024.72710728104
89298,8425.21115662492
89299,20376.58735490368
89300,19848.213859255244
89301,16410.65004845289
89302,10308.513203225186
89303,16019.075078657032
89304,11472.729408422112
89305,16131.316495565552
89306,14739.016286440787
89307,8843.119676039483
89308,19835.307218510352
89309,19892.05846762554
89310,10022.8737946266
89311,14402.738500561103
89312,6495.524128851494
89313,5671.058817656937
89314,11544.769860702261
89315,14651.385957740862
89316,8714.277299919147
89317,21261.670440340233
89318,9518.552465653313
89319,7516.934753595684
89320,13584.123986050145
89321,9087.225491275303
89322,1678.3307091859356
89323,6633.761841258821
89324,5137.171807996006
89325,10184.323730942464
89326,16223.03262401266
89327,15848.097442519018
89328,9829.593144911558
89329,17722.721811989228
89330,10406.875348686288
89331,9762.385872475574
89332,7421.305947730929
89333,7148.448197180469
89334,12303.459609435024
89335,15898.695651579103
89336,12015.787954242758
89337,9754.996696741686
89338,23918.899579381403
89339,17034.30215764174
89340,8272.739702550592
89341,13951.003759863066
89342,10239.177920609363
89343,18648.842227797213
89344,18609.517951173773
89345,12018.741843984477
89346,11483.482258842218
89347,22697.312226514117
89348,7924.519592729675
89349,12335.283095454357
89350,11154.794993956215
89351,12003.01260390946
89352,4683.447756816359
89353,10844.39824306338
89354,12936.071667287095
89355,9831.311893830796
89356,13763.300218735487
89357,9911.790633622244
89358,11913.899823653977
89359,16090.473125367927
89360,7222.064939294897
89361,13122.447879468466
89362,11075.832638225656
89363,8907.607070177084
89364,17256.81118154994
89365,13549.365399487822
89366,15141.11392748852
89367,9325.680750659165
89368,10728.642602876718
89369,8169.057248727045
89370,28211.193706703016
89371,16242.981879167819
89372,10540.277280686842
89373,13629.67441331861
89374,15875.053106307616
89375,8319.08199131818
89376,8168.845736802847
89377,11987.750506614588
89378,11042.963655651109
89379,9487.582252773198
89380,11305.591980931993
89381,6908.154956955761
89382,10698.301875098376
89383,11294.788659030028
89384,16411.440754976255
89385,9790.900145982969
89386,17495.778832270837
89387,8177.396046396993
89388,13919.202300208613
89389,9867.49731978536
89390,7329.7210064225965
89391,13008.564099902564
89392,13981.391025428611
89393,7734.0006282925115
89394,12380.542452475242
89395,7706.905312447758
89396,17097.53366545371
89397,11997.853597292513
89398,13148.042281459419
89399,9480.591385849832
89400,13592.085671837733
89401,11307.433901829203
89402,13037.051114282804
89403,10634.939174388222
89404,4419.9113292518705
89405,9969.252164987374
89406,18164.979340061775
89407,30562.441080654346
89408,9652.763290792765
89409,12794.939318604473
89410,12716.979159969636
89411,7398.513642923403
89412,10430.132629081556
89413,6356.398145803303
89414,25109.004931512434
89415,9007.257742249576
89416,15597.892044062606
89417,13395.868026507735
89418,10982.297911492868
89419,14679.060202920165
89420,13589.686985072123
89421,9827.536596725382
89422,13865.577067514283
89423,11117.716510626904
89424,15752.738959589202
89425,2209.317525359574
89426,12557.266168073536
89427,13485.179730214004
89428,10275.092477019474
89429,13687.27107290925
89430,19795.964665899555
89431,11843.003464111242
89432,17766.82635351111
89433,7009.056154893322
89434,9470.091894306172
89435,21402.411101468682
89436,17632.033366461786
89437,7782.183055605272
89438,16995.01788660583
89439,18063.576224217373
89440,8153.444824485783
89441,8625.546700672834
89442,10995.518259813762
89443,7999.939104881126
89444,25259.852109897933
89445,9408.288507121566
89446,20144.610072343596
89447,16001.381715496456
89448,11338.013137805498
89449,8961.728415007397
89450,9573.061171462328
89451,7662.760521690248
89452,10918.231103612152
89453,13957.578949822035
89454,5793.229722748887
89455,9371.84748309432
89456,14488.589436044069
89457,6728.839848232865
89458,14080.147884866907
89459,14212.779451585022
89460,8124.312025452671
89461,8605.444065874915
89462,5335.168348995696
89463,5695.984746304721
89464,16976.26310344359
89465,13865.017848237409
89466,6565.7509627171485
89467,13596.819226546713
89468,11012.415461803048
89469,11552.75067500849
89470,8728.993994219842
89471,12015.400313714748
89472,34591.39670253107
89473,17486.129272556445
89474,7037.377930716684
89475,14614.568633851428
89476,15618.377902624565
89477,15260.225973173237
89478,7817.859530361316
89479,6971.861489046396
89480,32294.171291726074
89481,9639.115886095677
89482,13390.586995867914
89483,8619.441856232515
89484,8870.993551415839
89485,11940.223568072583
89486,7032.021162058326
89487,9378.36960140703
89488,10581.474079996548
89489,7595.3239307388585
89490,21246.290678048375
89491,7908.617082116254
89492,7665.028981776275
89493,11334.733225258693
89494,11491.526038768683
89495,7388.217216519401
89496,8272.401224723078
89497,40082.91446221904
89498,17748.82553207949
89499,8485.875586898828
89500,9940.446134056583
89501,8340.752558254982
89502,15245.104440736126
89503,7591.330425856769
89504,17917.149372082204
89505,7739.073487315964
89506,17826.618725410026
89507,21079.600482620066
89508,9466.887413865737
89509,9957.977997300954
89510,6946.131099920167
89511,7892.853942735212
89512,9535.209923229653
89513,7225.466228476538
89514,24259.202696543427
89515,8225.667215945614
89516,14296.0977245115
89517,7004.783626393469
89518,8556.597602129457
89519,15610.868777235317
89520,2856.777405107468
89521,8461.593028510388
89522,6891.631136206608
89523,11184.756274036175
89524,9142.82779684775
89525,7702.176271240145
89526,8113.326035517661
89527,14517.23674181421
89528,15612.884408995442
89529,19991.450636394977
89530,9816.762096539158
89531,16946.70702614973
89532,9194.67912645605
89533,19811.062562505296
89534,9989.205864859825
89535,21588.507145577292
89536,11886.058126711738
89537,13336.46070756977
89538,13979.977286329733
89539,6970.645383159586
89540,14246.897365009707
89541,7779.793505616187
89542,7858.640601243958
89543,20932.52733395061
89544,7761.750254427789
89545,13520.602857409227
89546,15577.155814673726
89547,16249.211158489856
89548,14828.710934504834
89549,13758.292338050205
89550,17696.1030953879
89551,7716.40599597385
89552,13865.993194356523
89553,17521.048011745872
89554,13295.64816229629
89555,24367.6341175215
89556,8886.515892164374
89557,10560.093228390888
89558,14944.233054669261
89559,16380.491291162038
89560,15573.081793429355
89561,14506.11525495219
89562,11386.462553228712
89563,21285.130176497165
89564,13301.46266856295
89565,18216.133670199197
89566,13379.23179294145
89567,2960.3637951435467
89568,17019.632639629104
89569,19264.28805396769
89570,7020.348996820094
89571,12301.931986819887
89572,17340.650962043426
89573,7609.15256050437
89574,4457.833436268678
89575,6156.251575595354
89576,8810.015515892377
89577,3622.267496937313
89578,20114.820734548128
89579,15857.627333063861
89580,16562.7865161972
89581,6926.149019542621
89582,4599.720659306062
89583,9465.27466533754
89584,7376.85377331032
89585,16789.36930133222
89586,8056.287706450037
89587,11825.956804968202
89588,7264.46803678676
89589,10928.775553855154
89590,5478.33929384807
89591,19680.19732367595
89592,6232.489320479478
89593,7761.6466980414825
89594,16159.942256987373
89595,5947.902775522683
89596,9607.063275254266
89597,12789.077840348273
89598,7026.292100174153
89599,7457.555858798882
89600,17710.631486342994
89601,13731.543980848612
89602,23157.06340512898
89603,20102.573940128532
89604,7134.802828430996
89605,14700.259474404174
89606,15969.736436105672
89607,8454.281854156892
89608,14348.422169361656
89609,16661.77485125236
89610,7554.652717868211
89611,13743.697472429354
89612,7482.344311866527
89613,15693.66675578423
89614,13687.332678517376
89615,5306.362620165462
89616,9329.598587917999
89617,11428.06435970016
89618,17820.692656079824
89619,8612.592971927832
89620,16991.823695196454
89621,8774.103860550209
89622,15876.127320537433
89623,6619.202813933676
89624,7767.384185485855
89625,7760.639202753506
89626,24504.106561090925
89627,11770.86257266928
89628,8640.30854678922
89629,7911.693703892404
89630,22102.50038386769
89631,33899.16198342763
89632,10342.360504066888
89633,9531.056406283009
89634,6727.384558007073
89635,15778.704352591005
89636,8270.482222030472
89637,5983.8868807819645
89638,19749.01392837231
89639,8984.468089121487
89640,10109.479984838637
89641,10515.800661754043
89642,17057.332291226234
89643,8246.838142136758
89644,15467.466279428405
89645,7674.241075660937
89646,21587.06258094062
89647,11072.873612504914
89648,9537.896045409956
89649,12113.063313804854
89650,14309.466156428654
89651,18176.677744960885
89652,11938.710614167885
89653,8872.935482612236
89654,15516.75162644744
89655,12966.018744707104
89656,15676.594547972436
89657,15780.31218410605
89658,8592.287037264561
89659,10687.063406608751
89660,8561.353691560089
89661,16024.662317818616
89662,15446.524091527925
89663,11115.112161180234
89664,18322.130313605605
89665,18317.036715121154
89666,7458.995103055389
89667,10188.806283305981
89668,8175.689417863434
89669,7259.874539696764
89670,9287.594829406396
89671,7139.635744347828
89672,6555.284426150527
89673,15846.467930056131
89674,16357.943135270827
89675,9578.978214879216
89676,33790.76075714185
89677,9741.213640772556
89678,18078.685341631808
89679,13165.270797297271
89680,14568.354139301919
89681,9857.994589298349
89682,7399.463320858125
89683,8682.50374266229
89684,8727.676863667024
89685,14872.097477755517
89686,11013.846567176617
89687,35742.53745113141
89688,9959.558956312594
89689,15508.661090303545
89690,7822.179252162292
89691,14721.021640811527
89692,6700.248794331438
89693,7861.664915225489
89694,14271.82605394266
89695,8944.758792067136
89696,24097.928843686786
89697,17602.11509214116
89698,14703.56446084216
89699,7160.447266492206
89700,7048.2963531493115
89701,8383.578933624294
89702,7115.945253648822
89703,15874.582281921335
89704,12858.562300767033
89705,13282.788734262853
89706,19514.91688606637
89707,11019.79084171489
89708,17282.843832250514
89709,13152.198620311157
89710,10220.223676754238
89711,8481.343466831097
89712,7907.869984863282
89713,12811.393795918644
89714,12086.58586688582
89715,6719.495979980877
89716,15609.224131184363
89717,6428.7334622862145
89718,8616.35862916271
89719,18370.553683937367
89720,12518.212265018217
89721,9558.95311116787
89722,7706.508218162082
89723,15182.078028016276
89724,21706.276522250853
89725,8437.228394266214
89726,9205.70022793227
89727,15176.30103905538
89728,21481.491170314992
89729,6141.391468191203
89730,13824.847094399593
89731,15378.572227543344
89732,3027.5162023695066
89733,16269.000835146617
89734,14727.265124282821
89735,11912.894307194314
89736,15527.992302061179
89737,9349.660149733198
89738,7191.085901038742
89739,15428.876247520291
89740,18448.63033132253
89741,7507.819884877159
89742,7044.689459066968
89743,15816.79976110179
89744,17910.262479356355
89745,21144.062344952283
89746,14588.175993876046
89747,13595.48459296119
89748,21431.344464904352
89749,8857.260337032418
89750,7982.294846455728
89751,9777.505147279899
89752,7679.122028407792
89753,11216.650252297652
89754,24206.774401112998
89755,18145.22160665241
89756,8361.378231312285
89757,7275.362749164496
89758,15303.624313302113
89759,8623.397989683552
89760,8533.797298358533
89761,11885.365583470098
89762,7017.798903956142
89763,14919.296803702251
89764,15278.292956721896
89765,14662.965628123517
89766,13292.118732141913
89767,6830.067279999091
89768,8129.951065028252
89769,8121.652244039801
89770,6450.805235944115
89771,15162.288860860972
89772,8887.829433155744
89773,20138.1744970506
89774,19149.177198091336
89775,21169.472225463032
89776,13897.149559028734
89777,13462.620650151885
89778,15847.658578717876
89779,14552.215269925879
89780,34345.179502317755
89781,19798.901409536218
89782,14706.438107804735
89783,9228.328657420476
89784,10401.790094833057
89785,8428.4668131966
89786,15892.694934076157
89787,21254.594138327622
89788,6918.467381967963
89789,14319.509274320084
89790,6304.188737426732
89791,8952.493327365704
89792,5176.506429917517
89793,8562.982319935909
89794,9166.820031390082
89795,24944.39577309101
89796,4282.0164402460705
89797,8027.667556172088
89798,7985.468645988443
89799,17555.845846897708
89800,9621.425022048661
89801,7128.942102555933
89802,15375.86204239772
89803,11363.805053008322
89804,11645.352228667769
89805,14321.047002333304
89806,6787.512581570739
89807,8804.44499283521
89808,12114.882225731915
89809,25066.708866589273
89810,8761.05833061935
89811,7409.728035590044
89812,16093.051070007496
89813,5205.12857767553
89814,16117.21764614646
89815,7872.605948910827
89816,6972.800394969505
89817,9545.502860518802
89818,5985.643932163914
89819,22996.886816990278
89820,25831.24659591255
89821,14238.096085716461
89822,19798.661345153523
89823,10988.066842590924
89824,10682.353640443373
89825,10342.97851670933
89826,8797.307478072178
89827,10561.013461647559
89828,10499.66046832662
89829,15987.844986530145
89830,22123.166283574865
89831,13830.350982280379
89832,11719.769769856619
89833,19559.56622211376
89834,8055.508186759137
89835,18889.29004697691
89836,15219.297855761131
89837,9005.35859632787
89838,17559.039942023668
89839,9069.75562491762
89840,9377.813144328133
89841,14761.839018082184
89842,20704.32105512876
89843,10601.563929278818
89844,14382.151540705323
89845,14477.830386931622
89846,8629.63459863962
89847,14558.781163849582
89848,17528.504486458478
89849,9761.881280842277
89850,8904.31658799187
89851,6770.491631602614
89852,5967.224314387344
89853,5331.625983884813
89854,12072.769184171953
89855,11526.400516482287
89856,11650.33270723833
89857,8819.79029001523
89858,13734.823692852136
89859,18082.84130885991
89860,5186.379951386085
89861,8045.836761998318
89862,4685.620969876762
89863,14781.770671106671
89864,14445.047594747499
89865,5939.871050936579
89866,15377.669766169583
89867,14682.858930329508
89868,13720.464131964582
89869,9766.335755834618
89870,7011.523345741507
89871,10393.988190053406
89872,5883.486217961749
89873,8085.478073900304
89874,13823.892577490977
89875,16044.793975309467
89876,11941.402983093938
89877,7944.532114648007
89878,20034.40096050071
89879,8354.675064850055
89880,13479.491239163257
89881,13959.60588426379
89882,15761.849763797354
89883,5209.806213767122
89884,7626.067941629237
89885,6962.908826534986
89886,17072.228936723066
89887,18792.585373846952
89888,8731.972428647854
89889,19677.538127467087
89890,9472.117305159663
89891,6687.818989247058
89892,23566.061127126435
89893,8277.679879394316
89894,23973.770890322434
89895,9101.327669288645
89896,10066.0228833718
89897,17912.357029814884
89898,9590.741442495271
89899,16090.402793655454
89900,15162.811131698765
89901,7363.0530603687
89902,7343.883910879328
89903,11640.667295747036
89904,10247.437431481747
89905,6653.361880214842
89906,16500.66962473026
89907,8982.726100590971
89908,13282.389193745548
89909,15704.167280229009
89910,7385.245294221597
89911,9943.789191440499
89912,9195.999219459272
89913,8142.325034011362
89914,34518.911200504925
89915,8957.464713503934
89916,14704.216723066525
89917,14912.273102585226
89918,6660.808458557354
89919,6691.608128727752
89920,8462.074011842906
89921,6689.8983378996745
89922,20455.32557722674
89923,10707.688996247809
89924,7638.3294142114655
89925,8612.499508808087
89926,32323.706488313277
89927,9574.948418770859
89928,15766.67873060723
89929,10163.194420591786
89930,13635.86646009696
89931,9942.287623588629
89932,19490.87853912154
89933,18689.946047994876
89934,8136.445609879154
89935,15795.450783784716
89936,7279.404448588542
89937,10901.156333505303
89938,13494.289426314848
89939,12677.366991265488
89940,20337.929656530752
89941,23817.338869795694
89942,14839.28105218834
89943,11839.987706407199
89944,13900.293849617496
89945,9073.868092456627
89946,13861.149492899833
89947,11917.930982878974
89948,15775.769864656419
89949,11741.824998815595
89950,18169.736161125213
89951,6840.219397900155
89952,24674.896391402453
89953,6916.241997959949
89954,13117.55542265989
89955,9311.624722026021
89956,15920.755209358289
89957,10160.362067976846
89958,18455.805959702477
89959,10901.639731203732
89960,8562.602654488595
89961,11395.966520415795
89962,19476.810852240218
89963,14268.00498588687
89964,6830.457941434011
89965,8626.189033621049
89966,15702.595588484055
89967,8654.041513098795
89968,6911.230545475421
89969,10519.912450051332
89970,13333.433285417606
89971,11220.822728422769
89972,17004.439322220627
89973,5378.8707997171605
89974,4459.739494041251
89975,6535.870811444185
89976,8777.427838924776
89977,6721.975432012674
89978,8939.377886235747
89979,22758.031613100728
89980,4871.350176727998
89981,6016.700718406124
89982,17009.490266782206
89983,10505.103143487042
89984,6596.188934743264
89985,7633.842859705045
89986,9804.603664330582
89987,11219.034060023234
89988,16063.558212723925
89989,15938.014010257892
89990,20588.40254651331
89991,14110.915929837176
89992,7981.170931666137
89993,10387.631587447946
89994,8631.215251013511
89995,24649.213411345674
89996,15877.84307776429
89997,8363.204286058271
89998,18018.938938684645
89999,5839.506047947823
90000,6208.619004566363
90001,11158.610950901066
90002,15376.57576157913
90003,11968.996566868886
90004,8068.2494272860695
90005,21071.881276782406
90006,11763.622060678703
90007,16337.249126283006
90008,22279.976522727964
90009,8033.609119908666
90010,8762.460163962463
90011,5610.149473876254
90012,8261.67911828245
90013,24133.04393118024
90014,16454.25427585436
90015,8749.312335493725
90016,16254.869945353705
90017,7683.840828519866
90018,24944.800429868475
90019,7364.452792708527
90020,15702.392429274376
90021,14624.456827243965
90022,13116.889659274653
90023,7249.711470589284
90024,22203.163575176244
90025,6145.37854616328
90026,7109.2255713620525
90027,6140.017543116215
90028,15227.308679546742
90029,8881.343891750083
90030,5445.9871509513105
90031,23879.753733223082
90032,6766.888773388662
90033,10772.872086642365
90034,15930.773601206605
90035,12247.69612790142
90036,6894.414323774294
90037,10438.086948435317
90038,8269.688906554911
90039,7062.323064562881
90040,12751.094007404316
90041,14844.427060668648
90042,12064.268456488222
90043,9654.768120297018
90044,8503.333739493504
90045,6568.749420634465
90046,5590.397966580429
90047,13762.689356462477
90048,8984.582400823047
90049,9435.053469445078
90050,8060.970220964988
90051,7870.330057852824
90052,21871.441600326983
90053,15074.069620956769
90054,12891.433839708137
90055,9503.771174744219
90056,16624.841349520273
90057,11283.42841514639
90058,7000.657335459361
90059,27907.49605936571
90060,11598.572022300183
90061,7068.638122825684
90062,11784.691638604332
90063,6360.097933693765
90064,12243.566213954276
90065,3872.629756173489
90066,9806.224062301768
90067,11674.487314257696
90068,14501.331117368021
90069,20219.627873430225
90070,9035.242531734379
90071,12545.075255845484
90072,7005.977738753895
90073,17539.295222271787
90074,8476.217564977997
90075,9709.679252719032
90076,16622.786443651952
90077,9143.967141663185
90078,2982.8892321154394
90079,18088.256412632545
90080,5875.234484717499
90081,11549.093928021135
90082,33933.88958964626
90083,7132.858989644909
90084,10423.60589733142
90085,6641.691690667642
90086,8602.260068902038
90087,18338.540940671934
90088,7511.47305418746
90089,11465.680781457912
90090,10625.480037825939
90091,9352.043101841104
90092,25373.03068813402
90093,20575.946444107278
90094,8261.401703425227
90095,16820.493583818563
90096,3952.96735876629
90097,22351.270671434813
90098,18003.07995175825
90099,8192.743992620755
90100,7225.237766491075
90101,14485.46674301177
90102,11071.35069097218
90103,6269.582315214262
90104,8663.57920861591
90105,6206.0883772464385
90106,13890.847347667499
90107,10085.223850528615
90108,15382.536282348286
90109,3321.9416273519573
90110,6192.191952213089
90111,16850.47923689168
90112,9366.761764280454
90113,9198.746367893122
90114,22170.859187389637
90115,15425.8565815386
90116,9453.073077172976
90117,14643.347749867295
90118,8303.400292450555
90119,10710.746797269348
90120,9384.281636850428
90121,8879.554719986463
90122,13397.355700030414
90123,6185.9357378170425
90124,3895.878387940459
90125,34648.411933250296
90126,16482.434863109665
90127,12270.752964165302
90128,13421.010407272888
90129,11046.562792816447
90130,14514.120587139714
90131,9084.173489721683
90132,9203.80492624519
90133,12589.935743779335
90134,13052.887946230745
90135,6966.893864503765
90136,19919.96452616842
90137,7807.5628010817745
90138,19930.56121990383
90139,18217.22459898055
90140,5280.756597823789
90141,6300.24608071209
90142,21333.56089569471
90143,12277.532895833021
90144,13866.176876115098
90145,24099.40857499788
90146,6152.016585972236
90147,15916.820189241083
90148,21221.34627294004
90149,21114.724233749926
90150,7431.037287123658
90151,8420.551569775187
90152,13132.403147436806
90153,9864.927892268202
90154,12779.746874259155
90155,5441.981639711312
90156,9983.663763501492
90157,12876.292860595007
90158,14636.572680914556
90159,13754.106632677693
90160,15991.964654708961
90161,13481.658314530818
90162,12791.818630709557
90163,17241.324446208953
90164,14531.43291008093
90165,8287.135539609877
90166,13820.792375831195
90167,12879.032457094003
90168,7642.012289260444
90169,14770.33163046294
90170,7584.173078879133
90171,8043.483668639306
90172,13328.595764757501
90173,20886.210760158297
90174,8469.84030488002
90175,17466.596725260224
90176,33818.80550403915
90177,8632.104484281406
90178,7775.633777562845
90179,13418.58394617194
90180,9769.144020465927
90181,21867.041664059514
90182,15232.737453362452
90183,15868.980641153854
90184,16357.34530127795
90185,8716.747877285608
90186,7284.730731670703
90187,10778.520395825934
90188,6586.2098948175935
90189,10455.61322744035
90190,16659.503353992757
90191,11016.08572272549
90192,15220.648672569401
90193,12069.702936350224
90194,20736.049887664023
90195,6685.341895582787
90196,6770.184656533269
90197,8141.79068091085
90198,9144.538925618137
90199,26957.070703003694
90200,6946.894049519515
90201,8685.045582082475
90202,8004.462885873412
90203,16008.459274376693
90204,3049.800402857985
90205,21988.568382202167
90206,13715.96705267812
90207,12050.89089431721
90208,7768.276283685966
90209,11624.556537716813
90210,15269.89692839039
90211,15233.646985656396
90212,5764.224391785685
90213,6081.524004749529
90214,15970.8692678753
90215,5428.329275340812
90216,5728.322534487569
90217,15627.793672477354
90218,10161.387846981346
90219,20894.459719983715
90220,11490.91745966542
90221,15831.215938557329
90222,9954.445730970387
90223,23224.191932653142
90224,11936.578450806364
90225,16178.46687253677
90226,15227.59715548245
90227,14329.321874881234
90228,14731.698626066218
90229,8255.627213820175
90230,17144.061355057824
90231,8382.242414459524
90232,11777.938983699274
90233,8132.341865218914
90234,2629.825160634127
90235,11128.60345178189
90236,7442.448446736455
90237,7986.728552905006
90238,19158.72705415582
90239,7192.743443600728
90240,13534.89055144627
90241,8175.608799054638
90242,16031.013051668537
90243,30279.475613561423
90244,7337.957071932064
90245,14418.348084960076
90246,13649.368337159429
90247,16693.720690220358
90248,25441.177491010534
90249,12585.610344542347
90250,6558.316707466251
90251,7096.33890815656
90252,17638.86294480618
90253,7861.124856409231
90254,3875.5087545224646
90255,21569.731011568554
90256,7796.765044214375
90257,7283.745837219635
90258,10953.140225853203
90259,14312.23567624875
90260,8375.417988817457
90261,12261.619051937063
90262,6327.986080497416
90263,13088.223067556086
90264,15147.714954514207
90265,9544.295050954728
90266,6728.568009885722
90267,8314.635805866576
90268,8514.571795049142
90269,8502.654134731743
90270,18385.296708681257
90271,6783.305650998696
90272,18433.681209511633
90273,16359.881527794214
90274,8864.153590989617
90275,7943.4044217904675
90276,11358.95835950916
90277,10466.138408519226
90278,14600.46157586312
90279,10100.894991287158
90280,10867.423595050102
90281,13134.876439342901
90282,6759.491785009144
90283,15015.803680882098
90284,14333.934137593274
90285,14456.221397369196
90286,7957.107595809629
90287,21761.262754847216
90288,9357.014379991148
90289,12165.854851043547
90290,14604.335488569595
90291,14824.816106329597
90292,8263.64193028806
90293,4725.207722795318
90294,18379.720449552922
90295,18372.05937841594
90296,11702.430267808351
90297,7276.685379313299
90298,10755.794298491697
90299,21684.702453813985
90300,13370.681993102367
90301,7954.065959871394
90302,20796.64920213074
90303,14540.192741394856
90304,14240.710006660438
90305,7185.5983335423625
90306,14445.62140216224
90307,7849.758753601136
90308,7557.682926357844
90309,5602.250041272115
90310,16005.059814762695
90311,10238.76387735608
90312,13149.785336538353
90313,9972.110155215789
90314,5413.264950295146
90315,8235.29537182894
90316,16278.848451135502
90317,11663.639166508723
90318,14541.87782914851
90319,6513.386869895673
90320,9223.86325308196
90321,8375.741217795476
90322,7641.773214812921
90323,4978.384818207316
90324,12685.12569141771
90325,3502.4164397605364
90326,19861.645436897074
90327,8105.8370111993345
90328,19326.826314378624
90329,8861.475469602548
90330,17248.064237874412
90331,10276.632993550487
90332,12566.515865089175
90333,9465.27466533754
90334,9500.452978779374
90335,15317.884911005218
90336,16151.521311850638
90337,8291.064395534302
90338,11960.394747453847
90339,13800.180902052918
90340,9183.189509972071
90341,16566.19138641448
90342,15051.083301649338
90343,14135.40975235229
90344,12100.378508590768
90345,6939.2360672109735
90346,7108.416601459381
90347,5543.30675436411
90348,9377.2906816434
90349,15661.1875003637
90350,24722.070237963046
90351,9369.506221238082
90352,8088.326549830568
90353,4996.4638006672085
90354,6816.089908483376
90355,7762.10687686183
90356,12839.543513181055
90357,14080.886683527713
90358,16008.715339747767
90359,13872.834062861919
90360,13093.53384429225
90361,12379.25599185378
90362,15663.865832428206
90363,11071.95056973771
90364,12066.569457430494
90365,13349.561250570634
90366,14534.17557846506
90367,9348.448930291774
90368,10132.129461144119
90369,8297.616864321455
90370,8912.984029723955
90371,6389.688858725849
90372,11876.555821716502
90373,32414.60996561875
90374,25443.511876969438
90375,21806.688197443378
90376,15224.631112025694
90377,8711.951517813042
90378,15506.682660145325
90379,11606.17449137993
90380,10601.71101641082
90381,15451.503309414216
90382,26234.371710847197
90383,7677.3476874793705
90384,33931.27078132679
90385,12137.592055787147
90386,9625.766673241924
90387,9056.754731751644
90388,4789.60946374556
90389,7591.484103477091
90390,15399.52901155761
90391,17627.841271863887
90392,8215.809845411404
90393,17354.209320058515
90394,33296.430889333526
90395,12825.873556902776
90396,7654.393744172855
90397,15126.678096671461
90398,16336.779189988923
90399,15418.17380723569
90400,8207.05831440299
90401,15896.539619915831
90402,6418.209676801179
90403,14292.262334274237
90404,18323.157943667473
90405,12983.604972020878
90406,18353.791263327115
90407,22731.852595130964
90408,24034.026082010616
90409,14066.366722592054
90410,21110.82371488311
90411,17082.729264762136
90412,7841.352187080489
90413,9641.684162316169
90414,14965.114275929103
90415,11008.448398681823
90416,18932.119882244548
90417,18941.045021387326
90418,8754.327083716242
90419,11551.771538266497
90420,14896.959168010446
90421,13198.396629963769
90422,15408.941512306508
90423,19658.840032737215
90424,20798.952524616994
90425,15909.196134434924
90426,11677.940005734741
90427,9655.811366723778
90428,7095.754395129981
90429,15470.360754263667
90430,7757.861026039012
90431,15660.239691616662
90432,11636.684059363597
90433,5446.102376986761
90434,6056.513262837723
90435,13566.64409007156
90436,20177.82810829767
90437,8158.175275816233
90438,7760.461351053658
90439,18509.727617871475
90440,15888.047314114185
90441,7470.687056274523
90442,13576.811536307614
90443,14577.392194500091
90444,13716.33599772715
90445,10214.10291212108
90446,3897.840043735956
90447,7005.870609085694
90448,20098.469770224394
90449,15226.842706882075
90450,22014.88642902239
90451,32549.532421528773
90452,13660.259927293602
90453,14861.78606171186
90454,15902.809535677683
90455,12027.174681955057
90456,9642.817590361181
90457,8036.27546753105
90458,26409.176846360035
90459,8253.924659884075
90460,15145.534700672948
90461,9595.55544811608
90462,10345.207873358337
90463,10064.808776703489
90464,6518.112019454282
90465,11911.90688539244
90466,9927.61546351851
90467,15549.671053547783
90468,6981.067924246686
90469,8351.844556130913
90470,20950.023272478462
90471,16024.212279116357
90472,5262.875795880222
90473,7913.704530414283
90474,11117.234950945847
90475,8908.836953545957
90476,9340.870830378695
90477,15580.024190820823
90478,5842.592252592888
90479,9627.548330412792
90480,7138.1708253045235
90481,15486.147503511327
90482,14790.762693425786
90483,11319.678891853386
90484,20208.665287400043
90485,36509.73598425374
90486,3429.4287855737302
90487,5755.9881825067805
90488,15933.535775714252
90489,11764.56999902938
90490,6596.571379207628
90491,11568.129824768184
90492,14569.819886321147
90493,8734.722689876742
90494,8657.564214347469
90495,7792.342844681201
90496,7557.771345222381
90497,15187.630020123659
90498,7883.883080161193
90499,7312.676819662904
90500,12965.374113220823
90501,7795.671375431884
90502,14173.667554835105
90503,10925.887914115981
90504,12005.961692488963
90505,21163.19205305948
90506,7950.200115326431
90507,17552.705661989
90508,7329.615933338571
90509,2410.5329775438026
90510,7318.140369419722
90511,16963.614165906332
90512,8849.882314809656
90513,16477.66528974204
90514,16172.270616600335
90515,8705.336674238642
90516,20349.158171341838
90517,8723.17660025489
90518,14023.97388246332
90519,32657.285737733448
90520,5952.71993020074
90521,14133.802404213418
90522,13577.44686257952
90523,8126.992193574073
90524,20905.1491248264
90525,16708.343464576214
90526,14673.637159946495
90527,14709.09680419537
90528,13166.584482792987
90529,13921.316335152871
90530,10760.386920489933
90531,14786.202315200097
90532,21024.76864320919
90533,10955.888656808944
90534,22797.83070477318
90535,4680.5384766846155
90536,11949.099476119809
90537,5652.399840621157
90538,15990.158459220442
90539,14247.190360641318
90540,8588.259617296055
90541,16449.94268891628
90542,16229.7518278307
90543,16020.10958661662
90544,7526.921161152323
90545,13312.556531762788
90546,7154.898954512146
90547,16306.90851710378
90548,14355.118727817262
90549,15461.41693338325
90550,9810.822864151272
90551,18410.17541356744
90552,8358.798692585766
90553,24787.62072324508
90554,6945.305719982371
90555,8895.793664302022
90556,15506.294911140914
90557,7359.493398114642
90558,20952.494234413465
90559,33787.035963665185
90560,16702.45275192748
90561,15532.418328897986
90562,17137.48534109736
90563,13694.015284578458
90564,15448.24608280768
90565,22307.14280901044
90566,11902.048978544635
90567,12852.16178145188
90568,19694.640644916493
90569,14602.584423815315
90570,11435.78581688448
90571,11857.813906208194
90572,8131.297992195288
90573,16184.894200824776
90574,9443.58194244563
90575,11973.574014538644
90576,18610.674934627776
90577,19872.82113194027
90578,8932.09102654516
90579,19621.607918550675
90580,11244.955375208458
90581,13035.305846770181
90582,11141.88499625141
90583,10350.130482271146
90584,7769.263420546005
90585,15431.963736504194
90586,17448.265275473557
90587,7331.721067776647
90588,10865.312687072666
90589,13722.933278484095
90590,14386.063380796451
90591,7969.636807457667
90592,12882.017019347175
90593,13004.82458399059
90594,24675.34726635328
90595,7550.010917776377
90596,12978.719691552684
90597,14543.272496245292
90598,8783.39743674389
90599,8656.229856152668
90600,9528.987564541592
90601,16402.003767199792
90602,8110.757734830641
90603,11258.726741601407
90604,11029.678257740055
90605,13697.79771634044
90606,18161.906935667947
90607,15939.34687916724
90608,10465.828299924757
90609,12844.399235073965
90610,14647.016513795326
90611,13167.559896692983
90612,21289.413316163773
90613,15254.472642111272
90614,14042.079285493452
90615,8878.874419735013
90616,13805.919432871757
90617,8083.179827013435
90618,14350.308662212836
90619,13500.328650703832
90620,6237.525011087329
90621,7257.848130875812
90622,6941.020622404727
90623,11158.610950901066
90624,13306.647245382293
90625,7308.2010367439
90626,18322.852599682516
90627,6759.557857003541
90628,4466.214762873502
90629,15821.636678461808
90630,15999.368492244615
90631,7767.069247062373
90632,8112.949645102974
90633,17489.611195637262
90634,25281.57412065228
90635,16945.334152227035
90636,7080.336943869063
90637,16240.267903271964
90638,6385.805557666852
90639,11701.390590714602
90640,14038.583511552028
90641,9353.18584856336
90642,7754.882451442209
90643,14880.04788485467
90644,5792.751165535381
90645,6952.221723607387
90646,15332.235675766602
90647,34203.693169645325
90648,18226.90324832264
90649,5833.499454288146
90650,21505.16625423645
90651,7471.230732137392
90652,14651.533135492446
90653,6615.318313047208
90654,16288.3837708602
90655,16309.617153822132
90656,20438.51694148431
90657,8790.487924637764
90658,15913.02148521016
90659,17309.187380303643
90660,7387.195082355261
90661,7449.641576958337
90662,19336.401170562414
90663,8482.993368902971
90664,13120.792523296557
90665,6666.998613011532
90666,17337.32616919776
90667,22272.769190188897
90668,7264.0773733462465
90669,13234.762599200045
90670,16460.61108274376
90671,10265.424714006407
90672,9816.762096539158
90673,7374.421089734986
90674,13376.58101132364
90675,8147.735117620321
90676,6961.474773333304
90677,23818.866925380127
90678,13840.490997809411
90679,14391.046505095808
90680,16069.753919226117
90681,14672.030874613109
90682,19162.598787565024
90683,13569.648024369948
90684,13701.914382062496
90685,9855.92850828941
90686,8442.771169744863
90687,18522.249626411267
90688,12026.96225724393
90689,7867.963615490029
90690,13605.25485318247
90691,33063.19456187793
90692,6709.509369983745
90693,17153.597059217787
90694,7730.571414434591
90695,11559.978244627073
90696,14320.796997348712
90697,16114.764043518247
90698,13933.533722575532
90699,8431.829644339858
90700,7724.937488161696
90701,33005.58713991479
90702,8262.345614038646
90703,9031.216447970175
90704,20761.50626545099
90705,11817.793285533378
90706,11196.8423497696
90707,13053.678074318268
90708,13173.69678005581
90709,9510.769267554666
90710,6259.584460531517
90711,12747.91798384198
90712,13537.851132761381
90713,21519.01298464398
90714,10980.371931063602
90715,16296.954687266392
90716,15959.62052470918
90717,7351.104448893706
90718,16063.505121051985
90719,13771.892004753787
90720,15973.80523214004
90721,10562.172151964538
90722,9659.132181800465
90723,13492.365420769906
90724,13887.604716078458
90725,15993.781779487876
90726,8149.85463110954
90727,7698.328856652517
90728,8467.255323637775
90729,16496.4893953883
90730,6408.914579125647
90731,16157.303640420689
90732,14175.915672415467
90733,9201.789576993142
90734,14109.395032899989
90735,13262.890445539018
90736,8698.652486615216
90737,6580.2536904348935
90738,8481.168639039479
90739,14139.269542005472
90740,8489.286020143016
90741,15312.415377261888
90742,3626.382541250483
90743,9795.565243801351
90744,6703.278603263992
90745,7047.500599131249
90746,14245.237256543109
90747,13846.714963368184
90748,7054.563831905799
90749,24206.774401112998
90750,13181.430444596357
90751,8418.168549538077
90752,14490.402330963687
90753,17487.18599987954
90754,8178.704132364154
90755,13614.942960425886
90756,9630.030130627627
90757,8109.372212618036
90758,15822.332869715217
90759,22969.6811819727
90760,16704.87179024249
90761,17035.008022628266
90762,7688.521325813386
90763,8596.434142743206
90764,7785.004901605209
90765,21142.148651335134
90766,17129.42236234835
90767,5862.97744630664
90768,30586.083673782294
90769,15533.707368287709
90770,24888.613644518584
90771,24086.648557920344
90772,7264.093635227612
90773,12103.582258210856
90774,9361.416322226916
90775,11658.172040754842
90776,7706.49924677935
90777,16948.509437149158
90778,9210.16086292653
90779,7881.985747425881
90780,15847.341277446878
90781,7642.385856538587
90782,8517.61121512307
90783,20201.593428306533
90784,21754.070016096222
90785,10964.032090948363
90786,7292.29087005696
90787,13853.972202631761
90788,18926.843395858057
90789,20278.077535167715
90790,6820.011783490363
90791,17957.849542406922
90792,13914.471175764847
90793,8259.87516292275
90794,16115.536045465396
90795,7001.1123406971965
90796,20967.660296811737
90797,5659.168504705389
90798,7753.096554294289
90799,14680.43831725548
90800,7781.876979546498
90801,16798.960833495577
90802,21546.82034105923
90803,16993.235633286553
90804,18234.91039011207
90805,12207.485314765036
90806,9232.952447583753
90807,14890.334534541413
90808,15300.673352356065
90809,7265.802084217428
90810,7252.323670552801
90811,14579.530711747142
90812,6119.569018913442
90813,13418.167211521344
90814,6585.614426523072
90815,11576.459183070903
90816,7790.1020976005875
90817,15448.608168374263
90818,32370.040640182844
90819,14431.150135430453
90820,11147.702215792653
90821,15610.50502623887
90822,12597.585006090896
90823,11149.560461639227
90824,8861.464913230466
90825,7032.018331077743
90826,10566.220724986237
90827,11129.237425150586
90828,16248.565133299257
90829,13865.833262958335
90830,1777.9988409831235
90831,7827.206290447562
90832,15403.735774307279
90833,6230.335633297767
90834,20446.753922734606
90835,19689.225643848826
90836,9578.103115344129
90837,17836.25876427105
90838,6416.244147208605
90839,6330.964337261947
90840,16125.793523267344
90841,11120.067346953489
90842,21252.960274838766
90843,13321.580776614666
90844,8791.587763790463
90845,8656.575644703506
90846,15157.190478191338
90847,15668.779848175203
90848,10095.958005836264
90849,9285.405654788752
90850,12511.164962082577
90851,6258.240044961156
90852,15960.618136194478
90853,13808.016053713302
90854,10121.12803272887
90855,9202.609716142742
90856,15598.860888532621
90857,12234.88141537163
90858,15876.0096282517
90859,7758.5200141118985
90860,17927.685880721383
90861,15671.165791441044
90862,4287.4425453246
90863,11038.202443949618
90864,8523.474662670103
90865,15240.323296632752
90866,17058.451028893276
90867,6664.959916118577
90868,21017.687922172474
90869,21073.942919661702
90870,10047.558034649615
90871,7378.457891445514
90872,31009.645640995324
90873,19078.624845994556
90874,6707.265002756515
90875,18802.806291916822
90876,19785.228758040186
90877,15558.513473686693
90878,23447.398494196685
90879,10938.557200121013
90880,12103.936713624711
90881,14912.2457358493
90882,14105.954297813012
90883,8059.199605972235
90884,8942.896203517914
90885,6944.3234549861245
90886,5360.473693987438
90887,15314.83273824066
90888,9659.132181800465
90889,13461.393678773667
90890,13915.906999181881
90891,26152.103187728942
90892,10210.716833593717
90893,19587.65031178797
90894,19028.985692191152
90895,17749.13145384434
90896,32631.08517917406
90897,16672.764570659914
90898,12850.198198051536
90899,22405.06840801097
90900,10011.866979232678
90901,16187.28262485951
90902,50181.15568945168
90903,31488.97907254896
90904,31932.12509837534
90905,22262.366365883172
90906,20608.180647161364
90907,15383.606816352523
90908,22620.624146014612
90909,29588.379279514338
90910,18375.485899532177
90911,25886.831847441113
90912,26677.10632998007
90913,19247.861000362514
90914,24499.119997259848
90915,18893.838153791425
90916,22369.853221712146
90917,29849.54564825906
90918,29333.40183988229
90919,12344.541791003987
90920,14561.662376389611
90921,36010.76374193486
90922,23535.88605638215
90923,29406.465011176966
90924,16420.668868081666
90925,20009.59932625981
90926,16161.13965210155
90927,40431.630298865646
90928,32340.437575459982
90929,19371.158618062513
90930,20794.465758759252
90931,23265.752059009057
90932,40050.24046400726
90933,17461.974757224096
90934,24547.50604473996
90935,29326.55918155594
90936,20473.057161557706
90937,25161.3529147531
90938,30256.406596815275
90939,20304.526566598
90940,19554.979812385158
90941,37452.953944416055
90942,45839.0760462538
90943,29894.885009812584
90944,31811.229331041406
90945,24606.807251960876
90946,19254.53469238725
90947,14118.711210871264
90948,18277.488648848546
90949,13780.002072963944
90950,22675.169401744075
90951,26508.0105151811
90952,31275.552410071185
90953,28845.148446355983
90954,44562.832688181516
90955,22479.612878250387
90956,22318.416904174144
90957,13549.93851151394
90958,28845.445121169425
90959,17569.18255434709
90960,15279.792223273642
90961,56112.5610058573
90962,33747.95086371426
90963,19182.554884023542
90964,16157.94111424339
90965,41032.55258416002
90966,45302.71403255091
90967,18251.90859973432
90968,14027.383377238104
90969,18792.52859898836
90970,28333.076401692
90971,27551.35311975466
90972,10172.805806058044
90973,22582.921700795112
90974,20168.32713921551
90975,38792.15958515938
90976,26960.957206594438
90977,19135.5648139003
90978,13819.354280485712
90979,20756.818830397227
90980,23016.17115409724
90981,40528.24776550464
90982,19862.45234041597
90983,21700.359519703477
90984,41198.79827190357
90985,18882.245878560632
90986,23613.948527556036
90987,13786.877289867545
90988,16213.636984485285
90989,29962.218272028236
90990,19930.823718121508
90991,49729.03891949529
90992,46476.18745723576
90993,21923.55735896025
90994,31415.561392101663
90995,13379.873820884153
90996,7010.32785731114
90997,20293.341858838096
90998,16622.805438650743
90999,18249.743631861704
91000,30880.58327463892
91001,24385.429732272572
91002,35339.82286571861
91003,19735.790484616442
91004,20383.47304424177
91005,90875.42257166069
91006,55533.945685443294
91007,23923.80607887942
91008,24313.05503905896
91009,36794.56826031493
91010,21464.637324910866
91011,26842.41954364259
91012,15200.446847305078
91013,40910.72678237679
91014,28174.70953098917
91015,30180.96412882301
91016,16846.083137788562
91017,20653.544140862046
91018,25196.682926197143
91019,15376.947423778394
91020,12379.598364544572
91021,27440.498283103334
91022,43705.32476939255
91023,27145.516191900067
91024,23761.375537018648
91025,25407.67218815988
91026,15604.684131168557
91027,26946.802086573207
91028,21753.67737581776
91029,19594.98528381582
91030,23821.77426173344
91031,30054.568643116138
91032,20830.95802011026
91033,38491.21477445816
91034,10324.483207087122
91035,32368.156590780174
91036,29432.01274171747
91037,15085.737602904086
91038,21821.900676594032
91039,35283.22905500223
91040,18812.66839556464
91041,20387.296562566557
91042,25045.904601887272
91043,25949.056773022752
91044,22142.95978383923
91045,16896.513240212214
91046,16728.38152778302
91047,22181.127459817784
91048,30307.78009556893
91049,44595.92202072953
91050,26841.515414524976
91051,22312.832648438074
91052,16222.245892420398
91053,18944.31047627343
91054,30355.504772145498
91055,19260.285119541284
91056,19812.371919622346
91057,40706.7445511655
91058,15019.515141488457
91059,25140.431983707946
91060,21009.753943395724
91061,23351.001103642844
91062,23356.816044639323
91063,24928.204116999477
91064,25343.64422212498
91065,26170.71874454408
91066,24993.966574359118
91067,18263.22225959199
91068,20180.38634092632
91069,54735.37472093906
91070,40732.05985229032
91071,20553.563510653537
91072,17811.803503152412
91073,16317.417006902251
91074,75138.41552484827
91075,2376.3485919551467
91076,13471.414354924998
91077,13410.205535052202
91078,20866.37737484192
91079,33432.59741275414
91080,23950.03284159686
91081,30493.099101637465
91082,8050.430572539368
91083,21802.111699173707
91084,17444.76894569279
91085,17100.847451521626
91086,5883.2613054950325
91087,15402.29639403362
91088,27000.787440357042
91089,31354.886607564225
91090,18097.930109258952
91091,13818.829574836198
91092,13521.650047882438
91093,13617.912045513405
91094,19716.74811646265
91095,18140.69480001639
91096,14907.725916435
91097,25082.97044076451
91098,18201.522769966337
91099,19875.5570096679
91100,28516.19247676049
91101,15506.773452627083
91102,20632.128778393533
91103,24098.452996226348
91104,34141.019917315134
91105,23085.87427887928
91106,22076.467736093775
91107,25048.248323625376
91108,14520.283410658314
91109,10485.043029069882
91110,26912.791748980395
91111,30879.505873710033
91112,19425.381845048563
91113,29381.88050474901
91114,18927.845813905795
91115,54294.33235349632
91116,29908.846405185835
91117,56662.34695541985
91118,18767.480269365748
91119,15795.66478406717
91120,10672.601495369297
91121,17805.36799799135
91122,28829.51569059358
91123,26994.721943080796
91124,32366.2446604373
91125,21037.22608375049
91126,31385.889740284605
91127,17000.795316618452
91128,25005.13198005259
91129,22599.389173262116
91130,44340.347671739844
91131,23799.457126200396
91132,57317.559513292654
91133,23729.930888082028
91134,14480.501231062583
91135,25388.71024455134
91136,25115.462291241904
91137,19009.844971921102
91138,16523.32139185374
91139,26167.290689827973
91140,28118.539029433072
91141,45895.00530717868
91142,18707.200533164472
91143,14077.394642487958
91144,13596.257308411372
91145,33674.49944817062
91146,26423.933050814914
91147,22906.78184994171
91148,16964.07405875482
91149,17888.50735465544
91150,17066.957835757363
91151,26584.85915770739
91152,19182.61508963128
91153,19144.643213002546
91154,28437.792838939175
91155,27502.170504751914
91156,15178.463832580152
91157,24487.74593686878
91158,29127.58177819576
91159,19275.777404691493
91160,30136.29283942812
91161,21843.649605349587
91162,22993.813820905434
91163,28410.557929477924
91164,32609.518706455616
91165,27333.769414981332
91166,18872.457618082495
91167,27109.657872887397
91168,21698.490559223806
91169,28897.883935460926
91170,32238.53491714675
91171,48254.46362554695
91172,28373.330737931785
91173,11944.29847599422
91174,27746.20751962399
91175,25031.270942663035
91176,59711.748332149255
91177,13777.785038602058
91178,18110.80603522546
91179,29907.194447325615
91180,18858.667955320358
91181,18368.481243196933
91182,17804.822482601667
91183,23032.756459527878
91184,11580.0573450826
91185,46807.45563099898
91186,20859.097511521784
91187,29378.337852842196
91188,22201.741226291444
91189,21865.288674571013
91190,27600.11406478948
91191,15152.820816979236
91192,28916.16248228348
91193,106953.5727812184
91194,32738.154086178773
91195,24876.61465024212
91196,15655.082971537595
91197,10626.121029642967
91198,26823.3382520863
91199,18240.358050209346
91200,27477.635935571132
91201,21058.70212923819
91202,22718.476185078453
91203,17367.964378186814
91204,20449.212664499697
91205,25466.311985208573
91206,18915.868860088493
91207,15795.44488714469
91208,67723.40440145186
91209,12283.134586686327
91210,29589.8399300172
91211,16796.46784031739
91212,18384.35612812705
91213,25390.54956790183
91214,27628.599116394595
91215,29867.743751112488
91216,26610.115020782272
91217,42985.00323880074
91218,13348.406807056897
91219,27626.984349339764
91220,32015.304257441006
91221,43193.85519410005
91222,13521.650047882438
91223,20902.074486103287
91224,24961.926266931776
91225,33598.06689711696
91226,14417.237238248668
91227,14080.275366705439
91228,19698.62636037873
91229,27210.190820618278
91230,57441.51608913358
91231,23884.319143480912
91232,21765.78167227754
91233,19200.712816449577
91234,37145.77493476216
91235,13650.262195253932
91236,17953.56681692575
91237,35088.7802312094
91238,25114.08064010497
91239,23581.2655475879
91240,16249.730149698775
91241,23490.989459325094
91242,31802.428694821643
91243,23730.40176825237
91244,15540.290830271068
91245,26898.243778355347
91246,12891.11401294254
91247,29333.36095687854
91248,35468.61380445295
91249,18464.06360656224
91250,17450.490121398238
91251,22146.33746577207
91252,43643.46324495782
91253,15707.628789816714
91254,40127.36998819084
91255,10141.699369522428
91256,12511.9109477751
91257,20695.847077752536
91258,31407.538289933364
91259,25792.615955736776
91260,57340.35032057489
91261,31570.488128798686
91262,25596.165887234223
91263,22335.79047923351
91264,24056.70103916914
91265,24098.80669221207
91266,15946.115906434336
91267,10691.79263215269
91268,29214.477483672097
91269,23544.930062339736
91270,17722.083607019093
91271,29447.973824888795
91272,25643.32946815548
91273,24395.596819872422
91274,20636.20886227573
91275,26406.621770921614
91276,17444.62659540258
91277,20483.531641107733
91278,21426.799501732527
91279,26975.512601785755
91280,35331.87187773992
91281,48815.17904360521
91282,28076.436285488813
91283,24011.96578756303
91284,22194.99630635984
91285,16129.296297652218
91286,8452.124206207778
91287,18357.499053126463
91288,31949.17010691242
91289,13594.346286852682
91290,16233.952386704661
91291,30127.210772651855
91292,22574.017935899476
91293,11308.563138958125
91294,15670.702293580423
91295,28467.248455615772
91296,14388.366051053203
91297,46960.176444024764
91298,34460.624813393646
91299,23944.785405491602
91300,19541.256275075415
91301,20106.35226568338
91302,27625.128814611555
91303,33179.492564597545
91304,28367.75354019313
91305,31503.825392327275
91306,14815.971909148764
91307,18684.012407950206
91308,47260.71696211737
91309,20291.42336354899
91310,16052.143476038653
91311,28556.97011864322
91312,29063.24123326401
91313,45880.61152878354
91314,38201.012948937474
91315,22141.919017167136
91316,19819.973043903574
91317,19953.183192661934
91318,20029.198441147222
91319,14754.872459847727
91320,22106.177898935202
91321,26818.453434414718
91322,29936.612434537128
91323,23269.858535629704
91324,16918.735757766495
91325,19148.69326743793
91326,13817.11222477816
91327,45766.215988888245
91328,31142.785776658628
91329,14949.32633525549
91330,14526.567327677822
91331,17125.07835990856
91332,27163.90733211506
91333,15335.424843436842
91334,14759.095397596308
91335,19603.748259632353
91336,19722.41251295172
91337,17174.256191116496
91338,57639.294232159766
91339,80224.53815255415
91340,14554.84448389841
91341,16221.885119462999
91342,42553.83777556127
91343,18396.1934056986
91344,43640.88990225509
91345,18729.99651525097
91346,48320.31407420473
91347,14561.260699648583
91348,12672.449464014462
91349,35784.08430914119
91350,21701.81041687091
91351,10615.29019865302
91352,23761.220456896255
91353,25297.476525976468
91354,22906.703955493565
91355,46193.79511971899
91356,11166.13746871419
91357,31939.746914862175
91358,18941.56631145164
91359,21303.53838640078
91360,25990.495919859604
91361,20477.837198317524
91362,29000.04997311513
91363,22976.889418697294
91364,21246.1112532755
91365,41686.06831629515
91366,17644.53514475347
91367,29148.23273949201
91368,25875.681854515675
91369,21808.775782487428
91370,25439.390565504054
91371,25365.053084147217
91372,17965.61781858044
91373,20872.093737262156
91374,19396.29022193365
91375,52958.049215745814
91376,23304.960929299323
91377,26981.94792831783
91378,22901.56281792758
91379,16693.110944081374
91380,27237.157252294346
91381,18899.992594567666
91382,22837.842090533093
91383,19673.143507302186
91384,23415.044066842827
91385,18588.813520934378
91386,25370.32074133191
91387,14022.659709628097
91388,29947.527249935214
91389,12480.566287454729
91390,22062.272977694563
91391,19113.663058739585
91392,27296.346985509586
91393,12964.142500899223
91394,22770.688498462794
91395,21244.302699075102
91396,15994.604218612598
91397,19401.058445822764
91398,19512.45921778316
91399,26657.875239453857
91400,35148.30261867056
91401,14916.319734375164
91402,13414.677146039036
91403,21259.39791238611
91404,16365.980683539796
91405,27539.36378617894
91406,19735.716434133174
91407,40029.666406294244
91408,20353.403458144396
91409,15539.329609485623
91410,23929.341474196022
91411,28968.54784459781
91412,32241.021964053278
91413,40876.64728548656
91414,19989.18434982446
91415,24149.601920879926
91416,29107.16913636461
91417,13272.060103782607
91418,19110.688333438895
91419,4708.501758408598
91420,22106.832244326237
91421,16411.305266443724
91422,18870.482667143744
91423,44516.13902030724
91424,20626.14592091383
91425,26645.29375392198
91426,29430.39847059885
91427,14296.059384701606
91428,30642.410542091602
91429,22456.07802251514
91430,40203.79864467027
91431,23879.464768024853
91432,23765.770548199005
91433,26934.196223572013
91434,18648.175444205765
91435,19760.752110088346
91436,30120.51882963375
91437,35280.75455595266
91438,10189.241096827584
91439,12829.450238486843
91440,22788.849774614402
91441,29794.485084188644
91442,17702.706440872815
91443,17526.31235992733
91444,20734.823822337785
91445,53561.76955588386
91446,17773.33139608085
91447,21480.116807574494
91448,35955.54680349084
91449,19396.43897866678
91450,24685.7539789527
91451,33877.37491670894
91452,21928.88326550858
91453,12103.04514553104
91454,10839.062444721356
91455,26438.12795151078
91456,38684.84261267222
91457,10759.428833284486
91458,21518.778832608812
91459,31539.629630220803
91460,30863.225075493312
91461,20014.76441073354
91462,26007.89510532344
91463,28695.8787590648
91464,26035.735054997873
91465,25084.125221579154
91466,13333.371358847611
91467,30644.86438356532
91468,25032.652449781206
91469,18085.434049650736
91470,26084.736986938125
91471,23013.137396872873
91472,17755.38744081543
91473,23506.4316990159
91474,21409.81823485105
91475,23773.99005570473
91476,22396.009261753174
91477,26320.37733046379
91478,21721.197402370475
91479,27602.290730861503
91480,9065.701380370396
91481,29716.696569684413
91482,29211.72489028344
91483,27348.057477889684
91484,14361.592855926308
91485,22126.04650363931
91486,13515.283796958556
91487,21268.197469530183
91488,42266.95381465438
91489,12679.646247367782
91490,19103.35400177102
91491,31511.548788740307
91492,27468.64968836962
91493,15024.948450399414
91494,12844.099836665002
91495,19552.207557001806
91496,14507.12536142056
91497,30004.572749416147
91498,18851.29115320128
91499,51846.330659528074
91500,29145.520414015387
91501,25899.784905958506
91502,15465.196484469598
91503,22269.883633601858
91504,15773.62508879794
91505,31712.388915931755
91506,34522.5014803112
91507,55890.429911466555
91508,30454.727546501374
91509,22313.68196046819
91510,28195.303648048437
91511,24170.680044680837
91512,19775.088617523234
91513,43822.64707380903
91514,22271.50998498823
91515,55616.338945958545
91516,35654.08966068419
91517,2320.6423154951663
91518,49011.420160540736
91519,22408.36237879823
91520,16884.01230075497
91521,28088.99226304372
91522,28410.557929477924
91523,29472.47817488035
91524,12907.83542055933
91525,36437.265796011205
91526,23170.873400123648
91527,20798.17653300942
91528,39011.55414902156
91529,24985.6948364024
91530,19431.252314879268
91531,11344.54326790206
91532,47010.14785969764
91533,30629.74490022451
91534,25167.39079178695
91535,13168.116317918379
91536,21269.229740708088
91537,18008.65786048583
91538,19314.26857184712
91539,29099.387371796438
91540,16051.716439727996
91541,24953.99579031288
91542,20639.9808940388
91543,22680.37578861561
91544,15815.654864961116
91545,22571.769479883435
91546,13533.6149222395
91547,17854.385365628077
91548,21637.71363776408
91549,49169.73679444436
91550,22274.22685624506
91551,41266.61856135873
91552,21815.880695035154
91553,14561.339456545513
91554,21393.545249195704
91555,16329.188297193756
91556,14955.79514123048
91557,28643.010985976864
91558,30524.684328992356
91559,24115.40042335374
91560,17344.962727775815
91561,20914.191986621507
91562,12133.222535648005
91563,30508.5207248422
91564,39786.92187876199
91565,50017.96644912884
91566,16177.876686864027
91567,24919.222120975774
91568,28875.97871261229
91569,26884.70228417529
91570,22942.579682834537
91571,22954.25450670503
91572,26623.55963839026
91573,16539.43825648961
91574,18414.097482802747
91575,38559.59245603075
91576,20776.352236001818
91577,17267.477843799337
91578,19752.97096683832
91579,12521.506331993907
91580,54585.82433557752
91581,29395.876779747425
91582,33784.16852112603
91583,7822.92564247691
91584,16087.548495861327
91585,23198.15483250527
91586,25875.681854515675
91587,17931.54425674752
91588,29848.640485687887
91589,16679.01766969436
91590,28447.092808294423
91591,24728.10673313397
91592,28935.161775555465
91593,29159.51120443624
91594,13943.22324904521
91595,28792.572660537196
91596,32301.70062474315
91597,26664.02021005468
91598,30844.588435421654
91599,26396.076435942294
91600,41373.27137486839
91601,36094.753016020295
91602,36710.87166577023
91603,25848.52594582623
91604,24574.00072059746
91605,24373.659993165602
91606,26782.470580371148
91607,29249.79744844753
91608,15040.472592499176
91609,19987.971036504656
91610,20766.281042285784
91611,23263.604923338447
91612,19492.238312573434
91613,25830.422321877413
91614,18150.875979752374
91615,36745.34612738811
91616,16566.430822913484
91617,20046.743089762946
91618,26398.347968134658
91619,19914.355836218638
91620,46758.20360983505
91621,19084.25927447919
91622,17343.03910432514
91623,19552.366046805655
91624,31173.12562058384
91625,20136.324550071615
91626,30644.86438356532
91627,53372.687945146456
91628,17502.266604930428
91629,42376.65979327878
91630,13428.535771151062
91631,7993.123332008166
91632,22672.82097227802
91633,18817.98062052508
91634,20171.11522455288
91635,22572.744124063036
91636,25110.761725703123
91637,31241.020731177345
91638,16690.76733274385
91639,15740.553472387226
91640,11002.487716676635
91641,21116.09992318308
91642,25875.681854515675
91643,41012.11066802635
91644,16840.191084899052
91645,23962.930727218183
91646,12619.61871108676
91647,20230.401804965753
91648,17503.21506728744
91649,18064.40455162946
91650,16634.88719719986
91651,15220.183331807159
91652,18982.945825042538
91653,26991.08466722584
91654,26980.85606253714
91655,24399.885400691346
91656,32928.06332266894
91657,57077.057314557096
91658,21689.409392965797
91659,32172.48635990155
91660,55970.805672079005
91661,26733.864560431302
91662,21139.669925725553
91663,19763.05363300584
91664,33538.38356264823
91665,42558.238064433725
91666,23715.86739757774
91667,20288.817974166624
91668,9870.059570226027
91669,18267.124385387797
91670,27772.451181920405
91671,44307.60620625711
91672,16438.0632515068
91673,30999.719784000798
91674,24172.746013174354
91675,80943.82096001433
91676,34680.542779475894
91677,24026.722123527674
91678,13497.130565933341
91679,30770.46587574974
91680,26207.197871296412
91681,28712.125849334152
91682,14432.096638255258
91683,29486.33348588994
91684,12518.827283622833
91685,15242.97477702119
91686,18863.975174358508
91687,26963.7070972054
91688,18546.954326888317
91689,17396.62994729505
91690,25050.16102442368
91691,30037.724866857956
91692,14975.579922099481
91693,25191.693791779282
91694,21310.923176237007
91695,18988.163469902378
91696,14607.168171401068
91697,29904.944929913006
91698,18652.770072997508
91699,15738.49807641828
91700,15737.259919874461
91701,16379.401486197672
91702,17976.006802951826
91703,18792.875330512812
91704,27448.407252445624
91705,27797.8613529712
91706,9239.27230257136
91707,46717.87873696559
91708,27103.571333444186
91709,21627.89464028671
91710,27714.832576841123
91711,16320.638859074304
91712,21774.915862820526
91713,13292.7922294963
91714,21839.482254140614
91715,27998.27247010529
91716,21225.078447264874
91717,25558.671744124
91718,29655.808103326835
91719,14236.380565206755
91720,13003.382664902092
91721,13423.084804724465
91722,27385.43601634323
91723,29176.979278334325
91724,20051.107562875743
91725,25427.219128069934
91726,18602.52626368742
91727,31566.9862224986
91728,26230.420427426056
91729,16325.576935091482
91730,13589.81771867396
91731,18331.36461066235
91732,17469.798428781818
91733,18661.557358987484
91734,26090.218430741625
91735,17365.831588934387
91736,28865.93346598495
91737,16578.75480235085
91738,16555.712861965327
91739,27795.44350387533
91740,30449.307478556864
91741,23810.579944484543
91742,3796.7632904134666
91743,23743.7727289343
91744,14794.512743349636
91745,14086.938837360472
91746,29791.710641132922
91747,19214.895220292008
91748,25312.75502050826
91749,27182.622901094303
91750,26382.684383627846
91751,20768.261775899464
91752,22875.112407885477
91753,28098.381037573992
91754,26771.620140449104
91755,17795.088313576918
91756,15532.170831626794
91757,37807.386631193316
91758,26709.444049159138
91759,16553.127710548753
91760,27111.000741967986
91761,47358.521734922804
91762,30620.315594019234
91763,19770.78228359258
91764,15390.682242812032
91765,24954.945901387684
91766,34911.73299589033
91767,19999.95152149187
91768,22207.693878501515
91769,23136.74236453104
91770,21492.45944579784
91771,14683.955824499357
91772,28625.189366098813
91773,19079.722395953322
91774,32283.299244745474
91775,34475.554020032316
91776,27505.98300009594
91777,18447.837624538508
91778,22582.075001555946
91779,26016.630518345617
91780,35269.30384587607
91781,31096.676001387255
91782,15339.032933474835
91783,25407.67218815988
91784,20595.546676868787
91785,32511.098333579233
91786,26851.028754322673
91787,18377.096249103695
91788,25962.343068043127
91789,20702.587718280814
91790,32674.273031296238
91791,20600.468222641768
91792,27439.529069015436
91793,31205.435128165274
91794,15677.979898262874
91795,71637.95331726242
91796,27597.84476880823
91797,22945.292777363862
91798,22240.965802603278
91799,7263.076978449114
91800,4932.91691808195
91801,17056.102762921983
91802,26545.447435647242
91803,24192.861123855528
91804,40057.31305689874
91805,40799.24012077412
91806,20526.200836982014
91807,48734.61492204106
91808,19586.95127694914
91809,36023.97419020576
91810,42549.391717968945
91811,29854.242617341693
91812,62552.51197526156
91813,12751.254580364
91814,19495.175965122904
91815,19815.541493355013
91816,22098.951481178243
91817,30102.282746522455
91818,35827.75461017332
91819,26808.199017032093
91820,11546.650664386802
91821,24293.337007851565
91822,21867.64193952068
91823,19084.496824905822
91824,21964.40457630373
91825,24233.270593006786
91826,32609.518706455616
91827,30461.992427885387
91828,39615.68942960221
91829,18096.13647448972
91830,22847.281206821463
91831,18864.35925815553
91832,16606.649504669545
91833,29558.617603781615
91834,10813.960100683591
91835,13452.738902650031
91836,14356.415244981583
91837,18711.967674857944
91838,21349.694963322247
91839,12520.556620828378
91840,24820.86339389197
91841,23937.190336118
91842,23353.956071477496
91843,38372.1983492985
91844,23796.187306735483
91845,15660.161127563704
91846,28567.2928299313
91847,63317.66617015922
91848,21402.00362316524
91849,16528.30067343225
91850,39876.93942745132
91851,10593.624459918952
91852,15723.74776409486
91853,19206.976796788607
91854,26227.729279034233
91855,29311.525572585866
91856,25400.539281224996
91857,31170.932140887468
91858,6979.280730008888
91859,45888.927844579455
91860,29195.81858635918
91861,27232.59108133921
91862,24760.84144917864
91863,60243.646586273324
91864,48656.49475824075
91865,17368.243387754996
91866,21368.41408058373
91867,32121.612322477147
91868,24192.861123855528
91869,10370.878129795381
91870,18518.441013323012
91871,15883.298363156024
91872,21089.207502342993
91873,24096.467791114665
91874,15152.642093368511
91875,21893.506787907354
91876,18181.026814522276
91877,31712.388915931755
91878,14025.00918267492
91879,28334.357565047685
91880,22939.964535541156
91881,19875.098479048345
91882,23652.28261613885
91883,15622.40746310088
91884,22296.586443305896
91885,22324.233821686445
91886,22606.922752736387
91887,22584.421969130744
91888,20701.006542622996
91889,13451.047386286693
91890,16770.90785528193
91891,18556.285010295367
91892,14581.005989353333
91893,17382.431987417476
91894,25610.979410248652
91895,54072.90584543934
91896,40753.37603340528
91897,27904.8552486364
91898,24469.146977484128
91899,22856.67919494449
91900,19417.19856733846
91901,23744.16121978737
91902,15249.000640890572
91903,27684.057321201482
91904,21669.874805275664
91905,21579.512734466673
91906,25793.042065813166
91907,28678.37914831313
91908,23417.869826953254
91909,44620.743259216324
91910,62407.72350143388
91911,24823.440941612043
91912,17216.146192640168
91913,11671.083563373437
91914,55392.84909958573
91915,15554.955778625741
91916,23789.02305491725
91917,18126.980053615778
91918,9411.017199377317
91919,17778.705123958363
91920,23535.777676066573
91921,20902.314300772035
91922,19523.114474817547
91923,24260.50832950804
91924,10576.598886306894
91925,29743.912028074577
91926,15910.383859139241
91927,18989.688349749158
91928,30785.679806451888
91929,26407.00677750128
91930,25254.362446299296
91931,30874.90793428439
91932,19308.50777624996
91933,29157.666457300627
91934,25167.799419402763
91935,17470.96164029915
91936,32177.1148061343
91937,30187.078046768234
91938,17529.905291662464
91939,9845.58703212479
91940,10256.273160972067
91941,23636.27376526859
91942,45755.518201932195
91943,28177.49156890189
91944,26256.824362364037
91945,13797.061657683924
91946,9447.148859172217
91947,51566.713197426354
91948,33771.60933842627
91949,46940.83308521101
91950,31398.82732710813
91951,25725.82292073593
91952,40491.172893280425
91953,10612.470978125539
91954,27786.841976127827
91955,9961.208432154523
91956,17449.144436899132
91957,19262.4340073215
91958,57860.8236085176
91959,40550.44661073892
91960,26794.658386315263
91961,30461.992427885387
91962,12851.66711206382
91963,23664.85171277597
91964,25849.293766233193
91965,17065.33796273359
91966,41048.82817602687
91967,48723.748042214225
91968,13882.596791004784
91969,46995.346157568994
91970,21349.72882982411
91971,40527.25904616631
91972,25734.35251698277
91973,27690.016315984038
91974,15842.172495973795
91975,13396.865978445783
91976,27562.245749360543
91977,35264.90783130296
91978,13961.357742871152
91979,12176.257795246867
91980,25719.75266348335
91981,28425.738555161766
91982,20150.33513214165
91983,32876.48646443224
91984,26320.433977869783
91985,13910.676664688297
91986,14787.852836423672
91987,44536.90892410105
91988,12563.309853850844
91989,26400.548598742545
91990,29441.42899218992
91991,22591.05264792585
91992,59056.02290844807
91993,19048.117655075985
91994,17914.61680183928
91995,10314.58612602139
91996,15521.603449529848
91997,22381.271206723053
91998,17132.702360100247
91999,27412.967029046595
92000,29244.218556423468
92001,11530.47181217486
92002,22801.27824395055
92003,21430.313868709847
92004,27789.236531840448
92005,21011.965387506927
92006,6153.293243194625
92007,39885.40449437601
92008,28792.670051220764
92009,33256.192341908674
92010,14595.574248683588
92011,15179.604695771402
92012,26350.72248163583
92013,25073.67567819512
92014,14494.704219855159
92015,15420.91348083558
92016,39108.94939092761
92017,10806.164595413105
92018,24036.524985183627
92019,13224.364338836662
92020,22308.078292349877
92021,31975.84050847079
92022,10534.272806928273
92023,30870.90233191794
92024,55625.39929412939
92025,45641.33366813432
92026,48058.61111488
92027,45170.322040780564
92028,13165.856835286395
92029,39606.68492491619
92030,45055.36647636842
92031,30002.24107572896
92032,28695.34866142187
92033,21864.235972641334
92034,17920.768159857445
92035,19000.431139340377
92036,24713.414782624277
92037,24890.195199554895
92038,13144.329846180517
92039,40322.31560772662
92040,40109.72737199301
92041,31944.65530348724
92042,10999.340632777068
92043,32296.824482087402
92044,30081.670634512182
92045,17110.311200311917
92046,26189.100752097682
92047,14762.440598280846
92048,30295.00148340588
92049,25947.88141649821
92050,69984.5954054061
92051,31539.814878754463
92052,9255.733304165075
92053,17250.945911496558
92054,18597.339032756634
92055,26253.854797495034
92056,27893.688068639418
92057,26790.918749145392
92058,25748.024336360304
92059,17932.120465256674
92060,16982.306091404073
92061,13337.632352447417
92062,57320.339717156894
92063,22931.414127593132
92064,15291.77268205601
92065,27864.004423606937
92066,32377.780532102865
92067,18422.50833339731
92068,22628.24543647358
92069,25091.629836125823
92070,23960.81310273854
92071,20327.112050109474
92072,13253.768734740981
92073,19519.75545856558
92074,27684.057321201482
92075,32609.518706455616
92076,29028.41679512272
92077,30005.86488585535
92078,31272.123369695186
92079,40276.26828305227
92080,30839.351129095972
92081,18890.493259174382
92082,30344.452896299903
92083,17525.84764610026
92084,13521.650047882438
92085,16814.100815738722
92086,20962.33889926371
92087,21642.373246353494
92088,14584.305247529453
92089,19304.394774085682
92090,28927.487948331618
92091,14955.79514123048
92092,17961.541422473307
92093,18375.678879298914
92094,23622.9403982393
92095,26570.190696751753
92096,12531.16982075341
92097,17093.430385920303
92098,22339.00984731956
92099,12859.685098506361
92100,28665.05370745841
92101,20788.51639858677
92102,30341.58153653693
92103,16758.661502570845
92104,19963.237324766484
92105,26644.081513161374
92106,27456.543388772832
92107,25348.18845303375
92108,10451.096085921796
92109,46295.03512670934
92110,14569.83874620466
92111,21596.53491160882
92112,9687.101181668102
92113,21897.62905611955
92114,20230.401804965753
92115,30027.20720525072
92116,18268.847222192242
92117,29930.50711485314
92118,9085.489510866515
92119,20234.728847685874
92120,14999.492132188188
92121,13597.922548861665
92122,18628.047218903288
92123,30175.105498375808
92124,24787.082608507044
92125,47873.1541857831
92126,30434.131710605267
92127,19027.56833591382
92128,28965.34734168998
92129,41053.77849657874
92130,25774.863087784903
92131,16971.334416954505
92132,18480.319232823866
92133,29223.264659001536
92134,14006.967883805872
92135,16751.48020715879
92136,51887.43414799994
92137,31793.415055991813
92138,21224.19772535568
92139,23622.0168656839
92140,18056.95085327445
92141,36972.52596363028
92142,28919.04319684493
92143,17398.538828334968
92144,15799.932085634777
92145,26616.65989600175
92146,11042.700118424671
92147,21694.203180444194
92148,44626.03395861325
92149,30031.147170937707
92150,26980.86312733465
92151,18077.8018847616
92152,31795.947258654487
92153,21350.822166780235
92154,16177.171538111857
92155,15092.857247820968
92156,24129.678265547183
92157,16600.591085262993
92158,15345.703200241041
92159,21876.38319914773
92160,16119.442860225836
92161,18923.411949702357
92162,11670.647005924093
92163,22701.691847410777
92164,37475.9434634257
92165,39163.16593786253
92166,36344.27588513041
92167,16169.169505475587
92168,20635.136359477336
92169,21617.135198232492
92170,27316.115547108766
92171,17847.50232807087
92172,16226.35873846449
92173,25704.537045349196
92174,22705.77647660942
92175,16596.576597555766
92176,66299.90458142973
92177,32374.46845561259
92178,13777.899229235434
92179,24674.56867300319
92180,25425.163367659334
92181,25902.32446289082
92182,16658.345490509164
92183,25342.0172607118
92184,22061.17591798505
92185,30513.319482507493
92186,25257.461750282317
92187,43536.5306701373
92188,21724.826933497625
92189,23014.159140872296
92190,12121.672756307962
92191,18830.488803697142
92192,31458.045582756233
92193,25789.10309110361
92194,30790.728265828573
92195,41286.182027088624
92196,8829.927810442514
92197,21961.08879723202
92198,39390.4539586458
92199,15564.732383664155
92200,17695.967906872065
92201,28389.82664032299
92202,21920.74956282668
92203,38968.93876225769
92204,27733.17516648217
92205,15733.898815085251
92206,15144.692970778768
92207,11497.02832951215
92208,9942.80511834735
92209,19837.58019647677
92210,19742.660387566993
92211,23857.453803514447
92212,21579.637420546853
92213,16022.530285231132
92214,29115.6697808608
92215,28292.888964641963
92216,15304.861506470144
92217,13418.98815062315
92218,20228.913915416106
92219,24956.645951207134
92220,32255.606641275946
92221,16773.451849718367
92222,26116.921037922966
92223,20576.867981649528
92224,29898.66918214506
92225,28953.232211033144
92226,20602.09603106933
92227,23831.868391978132
92228,28427.285740727904
92229,17687.04208855912
92230,21063.305165102283
92231,42862.457035186046
92232,13890.015138484277
92233,19623.27739180056
92234,19695.367961108124
92235,18543.295018376884
92236,27429.861653476946
92237,31485.70172869653
92238,23963.322743912548
92239,19926.46641871795
92240,19001.24824842383
92241,15585.510866493243
92242,32159.57687578627
92243,38250.36182270781
92244,33829.34212008257
92245,32886.54491933906
92246,22969.742631966586
92247,22252.60372581223
92248,31926.578696818528
92249,30506.558554996765
92250,28313.157801166144
92251,12685.138700086223
92252,18247.994376260245
92253,21726.817883610092
92254,21969.083888655565
92255,10221.888814975013
92256,26359.673820845557
92257,24142.445615578086
92258,22326.701549547466
92259,18641.29207529244
92260,4851.33792396776
92261,12876.926565082036
92262,16547.211333455096
92263,21907.724447429413
92264,19552.971192814635
92265,17602.592441514145
92266,21016.10982849103
92267,23810.300414723864
92268,32426.762584222095
92269,22388.921085112226
92270,31572.951024897044
92271,26140.512316171415
92272,16619.50134693646
92273,21320.152568225363
92274,23697.079556258395
92275,9036.67772371341
92276,25121.59552105238
92277,31529.101347673637
92278,24236.54234835629
92279,23248.714196772384
92280,26488.072178199174
92281,5661.200969592743
92282,17090.633559764974
92283,32893.63076214212
92284,19790.22808036856
92285,30186.781030986356
92286,27016.51479317175
92287,20358.003604541307
92288,13521.650047882438
92289,18525.293415875523
92290,23209.169173997776
92291,29894.62281806222
92292,33394.606620340026
92293,22304.44817782245
92294,14204.785438033456
92295,25337.75962059434
92296,15972.077601582045
92297,72573.74220935073
92298,23574.036469039005
92299,9887.158218756387
92300,30069.31790794435
92301,26764.109442720044
92302,13364.419664954668
92303,24475.765747110858
92304,26146.54982532999
92305,30948.36575808535
92306,15532.41838273327
92307,17229.60058644215
92308,17234.796735317286
92309,12832.309894534357
92310,22827.62253506553
92311,24988.50210767269
92312,16659.256663461696
92313,23548.060037297844
92314,37606.010112592434
92315,12264.673760698242
92316,20693.16985415234
92317,15605.738684554752
92318,26912.270863682184
92319,16487.839657101093
92320,56903.308609446474
92321,15216.968651728143
92322,26785.931745266196
92323,32696.66576924933
92324,29064.99038218947
92325,24322.102231228935
92326,17720.484703920727
92327,20143.61866266389
92328,30163.511799795782
92329,19310.299041095517
92330,19588.187650309756
92331,21047.69695580394
92332,16200.293602544974
92333,30005.388596210432
92334,20425.84647277089
92335,26918.770964028627
92336,25108.9677009674
92337,17537.350329722995
92338,24574.558870985777
92339,21044.86764491784
92340,16883.539972184786
92341,30663.226995804805
92342,24070.908212641298
92343,48520.62291129272
92344,15484.737821807645
92345,22583.641969903358
92346,40057.31305689874
92347,15719.788571432027
92348,20272.065811223074
92349,25149.3511714879
92350,29222.47118502359
92351,20049.07952594616
92352,13315.43108642098
92353,15229.462053275816
92354,45908.226524148726
92355,31712.388915931755
92356,16757.95119331438
92357,26775.12724148049
92358,27217.380664882323
92359,15634.640776343429
92360,21438.502293215344
92361,25829.426267012055
92362,25943.478337858825
92363,23371.272486071735
92364,22510.87870442507
92365,19374.23138040321
92366,30586.415857689986
92367,27771.606591894022
92368,21228.304468669554
92369,12488.358610530731
92370,31865.084608413687
92371,22578.44662982598
92372,32124.804833659906
92373,18086.849420553677
92374,16228.672084943235
92375,20010.075648522317
92376,15790.369909645198
92377,23169.288911861757
92378,44747.57977584355
92379,26739.275790008556
92380,15016.236542376562
92381,17373.97665180094
92382,35406.62838936952
92383,18218.57893075372
92384,23484.563699193273
92385,11647.285977919388
92386,30101.7184645693
92387,29747.973419661517
92388,37353.14274272482
92389,16798.656534077556
92390,10309.530719515376
92391,24271.863923656834
92392,21226.003023424477
92393,16663.68104964174
92394,14632.762589833099
92395,26840.547179602196
92396,32035.32478204659
92397,11850.034076975713
92398,27910.606685427338
92399,28277.212188013247
92400,18806.31602107753
92401,19124.43738877313
92402,20050.38063034128
92403,17262.203230058192
92404,39118.58621282382
92405,16135.637742592997
92406,15475.545254189485
92407,14581.96051333896
92408,16907.284410256445
92409,16403.449643856788
92410,28996.436778671534
92411,25788.28838893382
92412,16116.959098458483
92413,32340.437575459982
92414,28705.588458779086
92415,29706.118323942872
92416,19086.956473230814
92417,19194.754701309248
92418,26545.447435647242
92419,46966.97353021616
92420,19872.68987847188
92421,30534.999717419832
92422,30635.491646052116
92423,20289.20149648097
92424,27551.859236418848
92425,28742.00355973959
92426,16456.510074140635
92427,5796.6217684665935
92428,4675.736766129034
92429,21360.64148803606
92430,25021.848506884657
92431,11042.700118424671
92432,19674.553904340974
92433,17232.121036249177
92434,35207.335274714715
92435,19102.16300564054
92436,67524.68532683971
92437,10815.305874976988
92438,27724.079372157554
92439,24281.801413348963
92440,23535.88605638215
92441,24453.717021755587
92442,8393.736408903802
92443,49949.13414072801
92444,19979.994244704292
92445,26416.857986469848
92446,13110.192778509729
92447,22264.251807064797
92448,26400.570808627413
92449,16281.53669472221
92450,18298.216603355977
92451,16074.923081284984
92452,20574.02332843606
92453,28746.1089335474
92454,32722.401112875046
92455,29775.26754192947
92456,22931.56530503925
92457,26507.72492838835
92458,18726.64160048661
92459,23090.066545007554
92460,14343.032091268871
92461,19181.90337373862
92462,55247.38088561116
92463,20691.56978160119
92464,17226.20677830332
92465,22141.08825725969
92466,27293.473647869745
92467,25270.968374644417
92468,28313.225031666538
92469,30680.912541203907
92470,20068.9657930472
92471,28766.73355208634
92472,14743.406081204506
92473,46749.015001212014
92474,21674.81364892928
92475,13474.002234229196
92476,9130.151892879574
92477,24989.62165570513
92478,20933.501687808224
92479,8072.0854484266365
92480,20271.572060171315
92481,19767.980166345944
92482,20639.229171656745
92483,31373.461019484814
92484,20136.324550071615
92485,29869.368757928663
92486,24261.520873105466
92487,20507.875632456104
92488,19197.96995618847
92489,20362.877106594162
92490,52011.13231586841
92491,25819.841069380156
92492,17196.14499360179
92493,26545.447435647242
92494,19728.58398752164
92495,28036.982847263702
92496,39987.614841358096
92497,23150.785162391905
92498,18791.585332522936
92499,22123.29325293178
92500,23214.146051015534
92501,12824.280193548231
92502,28680.39721293935
92503,22907.45082521834
92504,19310.859134626495
92505,29481.45945364772
92506,18195.331358951047
92507,21845.690735629654
92508,17536.259631198584
92509,24724.720633301265
92510,18050.322960758385
92511,14173.741577256676
92512,22791.83745437775
92513,20608.015555460504
92514,19738.823183441313
92515,11515.991779502849
92516,13744.37388271058
92517,16908.702898096708
92518,17443.983771966927
92519,22838.7139508193
92520,18311.405680629312
92521,12992.839424327929
92522,29869.2981600014
92523,12554.833555957848
92524,29430.39847059885
92525,32693.179226959386
92526,22948.070511453654
92527,19086.956473230814
92528,26481.21866027933
92529,40089.278248898845
92530,22255.72754139483
92531,38390.169319315166
92532,26013.738999916714
92533,31153.14859170421
92534,36708.17467383813
92535,23108.7416864551
92536,30107.560350881082
92537,13752.21263803522
92538,33089.81859253823
92539,32067.154257668317
92540,18509.434743541766
92541,31774.44523385704
92542,29327.373106376173
92543,47320.51432922959
92544,17032.471000215828
92545,15713.504864837534
92546,18787.021005390456
92547,25619.64003780831
92548,40692.01278546329
92549,33378.72574342904
92550,14191.625722434504
92551,12426.336704995878
92552,23930.056676812128
92553,19866.60707720751
92554,30015.351338706776
92555,16252.546908398459
92556,8859.264832454373
92557,24953.99579031288
92558,11402.59853965617
92559,30125.373884377055
92560,17173.27324310927
92561,18317.10011947724
92562,23217.228699223284
92563,55476.25906089814
92564,23353.357622512875
92565,14486.029173132414
92566,26825.325784910696
92567,10370.177325797074
92568,38623.73317247702
92569,21697.883452431863
92570,20824.198371167546
92571,11652.828396300716
92572,18974.14054692807
92573,29256.63287535628
92574,40753.02115918362
92575,16269.205459944218
92576,25029.74303905652
92577,14934.512306235847
92578,17336.097430091795
92579,26565.377880984714
92580,9319.389541637704
92581,19093.968702783928
92582,29899.578471501427
92583,37176.99659979353
92584,6868.296290562994
92585,15862.532431951897
92586,14399.220726660684
92587,80679.83250642027
92588,14857.695553442121
92589,29230.3051980767
92590,25788.28838893382
92591,36383.59388069349
92592,22986.798179306177
92593,16583.746658146538
92594,11130.946803403254
92595,19824.478380717654
92596,17682.039415870266
92597,30004.90429252134
92598,20189.662202195097
92599,14679.192549839543
92600,25190.31059900414
92601,22264.81724812214
92602,54833.64948784144
92603,29721.47423859801
92604,31549.40456728452
92605,40471.68434589752
92606,21996.637117576545
92607,17512.513972554585
92608,19898.61006007705
92609,22408.36237879823
92610,23822.96608648049
92611,29950.238500023333
92612,26642.615213533565
92613,25050.50832443276
92614,25721.13298574162
92615,25167.799419402763
92616,29143.730503901657
92617,20460.43587810979
92618,22240.095517931593
92619,22726.22634189064
92620,23026.979682763467
92621,26244.17311869299
92622,20662.72639074382
92623,22157.14792118334
92624,19236.206820837382
92625,78148.91448999877
92626,49285.769985392675
92627,22403.626667774355
92628,25742.768230455593
92629,59008.836391107165
92630,22867.25900030842
92631,27400.91159494825
92632,36184.10743413279
92633,33724.08822506237
92634,25849.07630430158
92635,27706.059800824274
92636,19435.619790361656
92637,7467.956488853086
92638,22275.25256631615
92639,20709.59552794216
92640,27591.813001970433
92641,49615.04576185814
92642,17630.424027121437
92643,31961.054980365985
92644,30926.09910584821
92645,22696.793699208014
92646,25726.09413663476
92647,21657.559520477324
92648,22848.424798898668
92649,31755.989885718664
92650,26955.06293532998
92651,43723.80508516156
92652,28084.710397067578
92653,18634.03718409523
92654,9290.05726600339
92655,20712.914995307627
92656,15532.273579111716
92657,16767.90621919928
92658,23057.638513529455
92659,18223.02198044328
92660,29470.018880580126
92661,35169.07124654397
92662,18788.869841953572
92663,13503.303897792763
92664,10318.02872983829
92665,16461.974931227225
92666,27500.135716963192
92667,26240.065175219454
92668,26648.27894235564
92669,13744.716964277326
92670,21001.513334436266
92671,18611.55967346487
92672,33650.79947025689
92673,20136.324550071615
92674,9958.974961203563
92675,4737.355411181217
92676,22039.498450078958
92677,16619.063945245427
92678,17700.58243856947
92679,11988.375310243046
92680,21104.852636629927
92681,14152.809623562192
92682,59783.12063523053
92683,25202.359298714764
92684,24695.681267812
92685,18730.343475690635
92686,24869.526990770137
92687,33323.81098977538
92688,26557.370311460058
92689,29308.827393003914
92690,28165.843259880483
92691,26179.807458060037
92692,25069.752111698443
92693,26069.787969098867
92694,13855.564387462146
92695,15095.74637288626
92696,22126.646566368403
92697,25077.590629659615
92698,30107.974791536682
92699,20823.667925063746
92700,35407.149730259385
92701,23663.2357011453
92702,27700.497969171778
92703,18400.77072981721
92704,20365.71904425649
92705,24302.986390488957
92706,23553.503252287752
92707,24142.018551680994
92708,2393.4153523484547
92709,20934.950096748522
92710,13203.569625474065
92711,18162.16025622046
92712,33591.23880620527
92713,46851.40432273742
92714,20738.406867254682
92715,26384.147226577203
92716,14516.693226861904
92717,40877.24049568335
92718,15275.3843500386
92719,24782.114870220532
92720,18473.788129901124
92721,18988.985479907453
92722,43489.90861572092
92723,23758.864344272824
92724,40147.14186880966
92725,9972.02829105242
92726,20795.15020542981
92727,13072.568209698282
92728,25358.79281692659
92729,19232.541894879694
92730,46541.560742820075
92731,21849.02592641284
92732,30785.727262515284
92733,22158.398455772927
92734,40994.94250050376
92735,17578.355952250058
92736,33621.92476579795
92737,15081.846124900421
92738,25055.816782828602
92739,41142.172444603755
92740,19847.660623744254
92741,10478.909554035483
92742,31157.220903994155
92743,17584.30188277769
92744,16555.628079425813
92745,31549.40456728452
92746,31253.096018104134
92747,26822.82703303208
92748,57344.735806084034
92749,43917.19167549933
92750,24737.60394203965
92751,17466.362278792058
92752,24103.221138003908
92753,41050.970095170574
92754,14777.18642912164
92755,20287.666784438214
92756,25043.188481669597
92757,29126.15402041962
92758,18322.463560451917
92759,14798.676572350745
92760,14203.805346281755
92761,19870.71482263908
92762,23099.125984530758
92763,17330.69810503882
92764,18292.85325137637
92765,22538.37516293816
92766,11924.372586546386
92767,23997.937024275998
92768,24151.60685867274
92769,12735.305520329377
92770,24314.867612498027
92771,18521.777705028442
92772,20044.318512231686
92773,133415.6031308811
92774,40030.677997091545
92775,24991.484813621548
92776,26081.388329663445
92777,38367.83799817074
92778,18218.054843677604
92779,25174.654396098915
92780,20995.56254948902
92781,25991.994584611843
92782,20084.352350602465
92783,29118.637546240345
92784,17204.85947965996
92785,10496.472967465637
92786,12556.443083455895
92787,24670.67232441806
92788,31977.45763775675
92789,57087.83233891629
92790,41939.6311011701
92791,29443.720028834334
92792,29640.757253911685
92793,18035.179686372576
92794,20474.00202846988
92795,29267.866981751624
92796,12483.204403023346
92797,42755.20301087989
92798,16266.64930027752
92799,23019.305348600654
92800,12350.096994494808
92801,21551.65335112791
92802,25440.34327984845
92803,15903.679579405682
92804,16351.062980780778
92805,18326.961661728412
92806,20364.79698163834
92807,24659.95895488831
92808,25151.26052784158
92809,17864.635514245558
92810,57292.28988230202
92811,23463.485051815776
92812,29992.685880266123
92813,30947.343518531452
92814,47621.65247890868
92815,26621.096645953916
92816,15247.739570596801
92817,15377.428878182749
92818,27255.94600804003
92819,41782.74159527464
92820,14880.996258277373
92821,13836.428079758658
92822,15347.686976510477
92823,25198.823042701493
92824,17551.01468388224
92825,25575.566332880295
92826,30521.135654078447
92827,27095.453868998527
92828,17291.1550078727
92829,19086.42478911257
92830,25041.435854236934
92831,13659.403560919563
92832,20130.254231961015
92833,15518.967793579011
92834,15723.714323119304
92835,28939.50569359245
92836,14916.558616915112
92837,16257.990316341238
92838,29954.137365354523
92839,16693.724535171154
92840,9942.705744120316
92841,28872.559654188437
92842,50554.646426959065
92843,13938.048806064022
92844,22136.71837910405
92845,58698.39365001519
92846,19775.07196407295
92847,24348.650584809053
92848,25875.681854515675
92849,25875.681854515675
92850,22177.896288324664
92851,31776.05866913206
92852,27881.677356195047
92853,22199.75284230025
92854,18666.361225639223
92855,20685.009529273222
92856,14972.749670752493
92857,18323.935473311474
92858,13899.144621323008
92859,11026.96598543353
92860,24551.343963757092
92861,28217.219639673436
92862,21601.11220977925
92863,18292.036800013477
92864,11824.275523764696
92865,18569.993138424717
92866,13953.703060879066
92867,44735.09771946563
92868,31315.246304782566
92869,29983.543444899296
92870,32609.518706455616
92871,22244.664491224994
92872,23630.61479296347
92873,21589.5726730743
92874,23875.535965264928
92875,23493.52772179532
92876,17834.703831981522
92877,15496.714565327706
92878,27575.104197146953
92879,23672.26424824298
92880,25238.571524179497
92881,19747.629749360807
92882,17551.080445723495
92883,21283.104615843607
92884,19148.681298994154
92885,14642.362310400122
92886,22129.374463805056
92887,20544.36669153314
92888,59869.58760713946
92889,17514.66130603641
92890,18846.267687021646
92891,12002.229517021784
92892,31109.86248665428
92893,17479.948085051903
92894,38572.79250247745
92895,16833.25860956092
92896,31824.020783352884
92897,14485.21109225319
92898,34338.394223688636
92899,27326.73466883114
92900,24643.58478842747
92901,19848.597802709846
92902,23023.537120887027
92903,7694.046399340087
92904,24247.908166215264
92905,36819.071846386534
92906,29547.797383414792
92907,18754.338442126373
92908,26517.251270094726
92909,25734.35251698277
92910,30468.939247924707
92911,20473.532043771625
92912,19430.469327807743
92913,34971.61952785001
92914,22020.247434444056
92915,18539.652925094
92916,29370.827295159328
92917,26368.141038733767
92918,19998.46984219199
92919,24246.02517347215
92920,21839.67120927378
92921,11148.311188473088
92922,18664.428252726626
92923,19967.89658987629
92924,26402.55087818808
92925,19104.96569877667
92926,33784.628671190425
92927,20004.929002088033
92928,24501.328119516074
92929,21481.963297256207
92930,18993.886608845227
92931,51375.65138011499
92932,29200.245913782677
92933,22092.098754002225
92934,25890.753976675634
92935,20931.94527963665
92936,20557.008878894954
92937,13541.29032930265
92938,29884.39811899876
92939,16228.442944903742
92940,12837.678805688634
92941,29128.574100296224
92942,19094.43441782109
92943,29764.989681687937
92944,20896.032904899745
92945,21726.149256474684
92946,41103.87199659638
92947,2351.108465692896
92948,27770.590562006575
92949,16598.0768649744
92950,72062.48684312715
92951,10061.83121636647
92952,24332.370442471587
92953,18877.33537418685
92954,19106.13834167129
92955,27223.915703919614
92956,19967.89658987629
92957,20845.97213940949
92958,102153.18422900335
92959,16100.052058091509
92960,35725.789837372926
92961,14999.009971953305
92962,22139.146991158887
92963,24975.22721386969
92964,26711.639995654776
92965,22229.518297188013
92966,28611.861386316403
92967,20616.896336470607
92968,14215.485052925596
92969,21116.01547097427
92970,27181.184605480892
92971,16877.707894036943
92972,21735.758258285656
92973,22345.91298095631
92974,18925.695104013026
92975,26569.364887845324
92976,21980.083189202214
92977,24682.469779273775
92978,25788.28838893382
92979,25635.91404040194
92980,29202.362598495547
92981,34774.97213426938
92982,44253.375378960016
92983,32177.1148061343
92984,25401.452748247364
92985,12314.226302042556
92986,25924.591672478924
92987,17078.967786926616
92988,24833.91941170289
92989,20547.659780943188
92990,17260.402600299785
92991,23084.60468816042
92992,14280.749497469049
92993,22435.319245014798
92994,19978.691510567558
92995,16996.35106984402
92996,21139.33011743577
92997,11963.922886991406
92998,11905.819784627729
92999,17802.20435201165
93000,23723.464006706174
93001,32044.837948924673
93002,28925.345798278813
93003,19665.267286543254
93004,14548.605209469211
93005,12495.553057317453
93006,30784.14144548558
93007,25394.779801573335
93008,14341.8970503819
93009,24092.179416753195
93010,26301.854337075823
93011,16261.055982562333
93012,16681.81560399032
93013,20684.317469522503
93014,16179.5432495062
93015,18963.360043108703
93016,19521.359515421464
93017,18168.094980286412
93018,16141.61410619295
93019,27189.25677375392
93020,11235.901771588015
93021,21146.119692158878
93022,22802.12946626106
93023,16098.199804733515
93024,26181.41054160161
93025,45888.927844579455
93026,19293.60038753171
93027,15521.040790966763
93028,24426.951942137086
93029,20010.611366746216
93030,35110.08319657978
93031,21636.667860158992
93032,18635.734819744564
93033,19129.97524555419
93034,24101.4796470559
93035,22731.584556168866
93036,18681.22636797504
93037,22557.016894494343
93038,21719.93688413911
93039,26958.994810119213
93040,16974.46580688339
93041,25420.66593946732
93042,34336.61269705572
93043,25751.695787124103
93044,12188.460228558444
93045,21757.452096490255
93046,17962.491662203684
93047,16444.927810027628
93048,18814.418553854186
93049,24290.209777398988
93050,16338.570959437031
93051,17966.00102244279
93052,25246.49945872638
93053,30793.975614767052
93054,18800.604021870276
93055,18035.0926833033
93056,25430.052152901757
93057,29019.216529211146
93058,27308.215597723545
93059,40127.36998819084
93060,46114.95049957339
93061,19396.335493453065
93062,47720.06060409993
93063,17058.279089613694
93064,14928.201007714644
93065,40692.01278546329
93066,29963.385475154755
93067,10664.957242602808
93068,36824.1648467644
93069,22920.233206909434
93070,41583.553239845016
93071,15686.921502658963
93072,64361.520202470056
93073,22706.76113282954
93074,36863.13594674435
93075,25193.61835525548
93076,17986.20614783391
93077,19880.78645431952
93078,18979.954100646006
93079,68614.48002330693
93080,20026.850518365543
93081,33080.789103889765
93082,20815.198555041454
93083,17811.807595563645
93084,26833.49443561882
93085,16469.81553988842
93086,12439.187592242843
93087,17991.334194266507
93088,27456.11473377674
93089,37518.33338175684
93090,17599.34585506279
93091,20965.698118007822
93092,18426.417863423696
93093,16197.295430022918
93094,24006.75263836448
93095,19390.854338467263
93096,18753.24382645796
93097,14137.888720344437
93098,26644.58236022786
93099,27241.089949079356
93100,31788.01086708573
93101,24947.638802776055
93102,17493.950861554946
93103,15557.83981579724
93104,24513.487975111908
93105,23281.834640525078
93106,23248.703329015585
93107,19009.648493603272
93108,21310.03168632085
93109,31432.80530900828
93110,17919.80799509737
93111,18309.81024329775
93112,13483.110989303457
93113,26406.621770921614
93114,30893.733378527606
93115,42844.33426502741
93116,19632.906663941525
93117,23328.670612344664
93118,23558.064232517543
93119,15666.657067945953
93120,12319.12198177804
93121,17678.189941778954
93122,15362.889153746906
93123,56736.338626102995
93124,17100.223151907223
93125,27302.83827350469
93126,31745.402988289097
93127,20308.7003024398
93128,26229.89472016386
93129,18445.76288068539
93130,18757.488427161254
93131,16276.09478703543
93132,27208.50612085445
93133,14980.594975745043
93134,24594.656376252977
93135,29679.081813263532
93136,29363.52830259956
93137,17195.157437200854
93138,12949.687407264766
93139,42945.839653952105
93140,23194.046818421102
93141,31511.548788740307
93142,27865.054639994327
93143,57344.27963956337
93144,4592.490754030632
93145,14886.798966738941
93146,19905.542756025974
93147,26146.39980430292
93148,25889.083332467035
93149,30341.736673668216
93150,26112.4476863452
93151,46606.60018014716
93152,12282.799644659935
93153,21424.511107369064
93154,29789.506221638003
93155,18424.886861052488
93156,27180.232227594868
93157,26170.170699724615
93158,17622.668211640703
93159,55429.30340992018
93160,20054.16698308105
93161,26239.099595050924
93162,26593.18671683852
93163,33841.20142678855
93164,16301.223239295534
93165,15488.877647196752
93166,18057.751076951943
93167,25875.681854515675
93168,17761.451842661307
93169,11666.20604851855
93170,18045.614113867545
93171,31516.366359061576
93172,26398.08704673161
93173,34541.10682276052
93174,27986.910579042087
93175,16208.362537760535
93176,31419.09708728628
93177,33844.18625990288
93178,20754.134385606165
93179,26274.376875661324
93180,29668.0982972728
93181,20636.19784527547
93182,29934.78738821711
93183,16569.269577691113
93184,10877.013098091364
93185,19610.68461164848
93186,13879.360015335702
93187,25623.669934650206
93188,23897.249647517347
93189,20231.198619691793
93190,35693.79338389417
93191,16075.632042247871
93192,30743.441294215794
93193,26480.624800670485
93194,20603.888485759177
93195,33158.242134321066
93196,59555.58784966867
93197,18210.073840176883
93198,34382.99097763509
93199,22922.4694316965
93200,23167.997711197568
93201,34596.90563988646
93202,24333.74019196398
93203,32152.94005198915
93204,34046.29997603231
93205,11741.078037838797
93206,30061.269417915864
93207,26769.760947781135
93208,23963.322743912548
93209,23458.692680088814
93210,30841.143285652994
93211,24118.327363372435
93212,15109.985584869042
93213,14371.61694350667
93214,19562.578920246662
93215,19264.665224135082
93216,13148.593813830768
93217,18066.949494823242
93218,15494.349945354783
93219,16324.240917681527
93220,24147.960646348445
93221,14080.09721441562
93222,18645.011707606274
93223,17391.262346729483
93224,26369.53790537751
93225,21767.085688596257
93226,19258.861349965722
93227,48661.41198540173
93228,25645.839512836577
93229,22381.116586558222
93230,20857.389073738945
93231,29610.720002750175
93232,23369.944157443555
93233,31806.999988374955
93234,14770.292260253533
93235,27089.94054679131
93236,21767.40241319116
93237,32438.292067601353
93238,31922.702462290807
93239,13755.712545022761
93240,25393.944990652093
93241,16510.360127726824
93242,28113.012492337308
93243,24163.614852896757
93244,43304.24132882945
93245,20892.338451288946
93246,54926.930250293124
93247,17781.29905293465
93248,21546.81558922657
93249,30117.17199520699
93250,42320.289524205415
93251,13672.069724815698
93252,18841.9805962236
93253,31985.33027864179
93254,31245.421440950162
93255,26236.566300250728
93256,25903.829544760323
93257,20005.021719559336
93258,29739.905931960224
93259,113377.61627192298
93260,48343.300629379446
93261,13559.246716912417
93262,23206.08139256212
93263,31926.00855983352
93264,41842.98542317553
93265,19474.667863693776
93266,30367.83276842835
93267,18756.72458916223
93268,45551.57995072201
93269,46934.162989844364
93270,31638.55590051928
93271,19627.762113176468
93272,16544.79726080721
93273,20054.013274428216
93274,10026.738969276816
93275,28943.13848393959
93276,19102.550404564252
93277,18534.058862077647
93278,57962.87851721734
93279,34044.9966749761
93280,15643.908787580523
93281,19594.454684939647
93282,12412.67278018719
93283,22120.42477016055
93284,19962.32726852723
93285,23087.40416622377
93286,24679.407733577464
93287,22726.392382504688
93288,17042.035290044765
93289,18024.119541871667
93290,15553.079921479788
93291,28050.71054249945
93292,20136.324550071615
93293,46568.748630384696
93294,19069.082802221314
93295,22121.320252105565
93296,18304.75320239253
93297,47552.16589623349
93298,25875.681854515675
93299,20661.734344796438
93300,15703.229972126304
93301,17765.01231360263
93302,28253.733651407892
93303,17295.440316773722
93304,26491.01219159262
93305,20560.337827277624
93306,16438.4306378828
93307,20618.056840466423
93308,33768.38119764149
93309,30634.41178622145
93310,20987.00111982427
93311,15316.900417417764
93312,19695.956081312946
93313,11805.3354627002
93314,20528.58144849717
93315,26747.519114887764
93316,22970.197998684744
93317,26079.579036205385
93318,10696.09997057413
93319,25748.024336360304
93320,22944.92173609796
93321,55370.19907673082
93322,25191.724563066335
93323,28247.75388791735
93324,33423.78581603716
93325,21205.30016891422
93326,16412.097281169772
93327,32340.437575459982
93328,23140.3204980077
93329,15054.279245023003
93330,17975.60167435061
93331,22153.189797825577
93332,22843.632748854838
93333,11920.6197778302
93334,29542.20808200257
93335,16452.94633823487
93336,20995.051288524526
93337,21034.628229680966
93338,36085.030812867815
93339,23055.667480015254
93340,27684.487104594595
93341,15756.01870894472
93342,18396.54849455331
93343,28375.88844429535
93344,11655.336021494797
93345,8892.126081152614
93346,15922.397897212757
93347,19600.810755387574
93348,14462.744350304802
93349,32305.432263068644
93350,16738.703376217483
93351,18198.331272597512
93352,25630.548312965962
93353,20505.645864500406
93354,13633.283760219547
93355,24272.79931697085
93356,23923.80607887942
93357,10542.788446219805
93358,25328.461692091296
93359,15740.553472387226
93360,25349.435692769577
93361,16533.36997810553
93362,14744.071948914396
93363,27375.921141010003
93364,34846.755167521085
93365,27745.161932998657
93366,29232.625721779164
93367,23596.05381859775
93368,23671.803516353917
93369,25875.681854515675
93370,22431.723052878428
93371,16624.495386224557
93372,42886.16639198802
93373,40549.763557883794
93374,22414.299085846516
93375,20599.892982269987
93376,12510.301876617146
93377,25931.84663896122
93378,13961.311227659568
93379,19278.87718380859
93380,24516.04299326085
93381,32965.30970723651
93382,46757.07169285461
93383,21757.167067907838
93384,24862.960058955272
93385,29534.86787708113
93386,22719.79141924569
93387,24527.53343124417
93388,16412.923136557914
93389,15947.739894624874
93390,16501.306904553345
93391,24987.464203870564
93392,33187.129805861754
93393,17383.092258238124
93394,15948.502798565205
93395,16658.592773101536
93396,21786.60888578542
93397,32665.546711406154
93398,19397.814501286575
93399,16361.944150381143
93400,19819.59889780415
93401,20391.908816963667
93402,14479.83221623571
93403,32216.022441937792
93404,32177.1148061343
93405,15657.037460683565
93406,20226.42094101772
93407,21072.668078302224
93408,47360.82956885506
93409,32616.724515281858
93410,13547.684686654198
93411,30248.34820541957
93412,17094.560779153795
93413,15459.215911716054
93414,11857.39269745054
93415,15385.835750545055
93416,18283.379127087854
93417,14948.784838504445
93418,20762.128437850144
93419,29078.83095833713
93420,27456.103755413547
93421,11462.313709366072
93422,19575.956078030187
93423,22977.26227768457
93424,7561.697494239588
93425,24120.692622881113
93426,31184.328642515866
93427,18645.09284950555
93428,28298.901775227172
93429,27290.978421865697
93430,20678.25519756726
93431,24299.612782736855
93432,29171.04833924187
93433,16231.226759973422
93434,44138.05452908246
93435,13499.21857306217
93436,26664.121256129773
93437,40530.40238867177
93438,31937.509486149735
93439,13692.086153285203
93440,31220.821346025416
93441,21535.520320096966
93442,10324.031472723687
93443,27273.575072097512
93444,13536.656509113489
93445,29738.82030193943
93446,13326.01023790482
93447,29015.58327893757
93448,28065.51992714361
93449,21769.10823359609
93450,16847.559205466077
93451,20077.14892016173
93452,8981.661344844522
93453,30152.67345946705
93454,17806.321798367833
93455,78309.37001411678
93456,23520.50545229829
93457,11797.92385467131
93458,38876.25020172885
93459,30031.147170937707
93460,37722.8061150847
93461,21405.971048720105
93462,29453.060368572507
93463,17861.857822820697
93464,19509.70989635914
93465,17257.966206496887
93466,17521.732909111208
93467,32514.629609461525
93468,34455.484408400254
93469,12884.349334516004
93470,21284.646749516724
93471,38435.06559699953
93472,18774.450235560973
93473,15416.860025170621
93474,14790.441964957956
93475,16012.952847541725
93476,35449.892320248866
93477,19989.57357145318
93478,14503.877513192132
93479,16497.185661709806
93480,18451.013393371883
93481,21323.117015874013
93482,58272.46096773849
93483,33176.762484077684
93484,30812.97508688822
93485,18903.800178643905
93486,18407.52397446228
93487,18800.604021870276
93488,32521.733669770823
93489,15923.153536815691
93490,15230.2706952759
93491,17241.09522595188
93492,6826.454634754584
93493,23441.686140317543
93494,27502.170504751914
93495,18853.676236313004
93496,26621.096645953916
93497,24044.15311130847
93498,28243.71192302232
93499,20566.010865358923
93500,16624.612159725035
93501,25226.638357700136
93502,16009.039161417197
93503,20564.5593075454
93504,16056.125262702244
93505,14392.051203984003
93506,26547.21478201023
93507,34708.597037013154
93508,23222.50111510409
93509,22161.397118948633
93510,21910.802719176456
93511,21090.736112556042
93512,14565.593864264392
93513,72078.51495117007
93514,31156.92720893289
93515,24255.068550699245
93516,20183.999429626347
93517,24740.12808895513
93518,15208.376116322288
93519,33422.364231514955
93520,21462.785606686062
93521,31003.451526843957
93522,35292.638424500525
93523,16246.095573620783
93524,30714.33289490408
93525,21804.971532387262
93526,21947.92967257702
93527,14483.729882996626
93528,29616.765886300287
93529,31168.70005537552
93530,40799.14714131615
93531,20611.90085275042
93532,19652.022453553276
93533,21204.389136797407
93534,45557.94217012989
93535,24101.471523630622
93536,18109.43037975062
93537,50253.69373597282
93538,30102.313759968845
93539,16633.260700968385
93540,20906.483060789036
93541,26221.0261639899
93542,19634.607254663268
93543,15477.665872542602
93544,17049.26980256542
93545,28678.58885443629
93546,27594.072201214454
93547,21196.636445350836
93548,31544.04470513262
93549,16617.861162604477
93550,30310.62952895859
93551,72543.67919597676
93552,43228.411158387775
93553,19304.82233584571
93554,15507.94782665731
93555,22311.37543851559
93556,14299.442589465354
93557,24400.0576064794
93558,32989.26845271798
93559,22838.65489113021
93560,18777.817441999527
93561,41077.18452459633
93562,31798.293459715966
93563,31712.388915931755
93564,18640.24949600559
93565,28202.621466850673
93566,27763.248950839617
93567,17315.142766772748
93568,38353.04049071973
93569,16908.944656063402
93570,14034.040582876902
93571,21611.63759090517
93572,10964.812560854667
93573,27167.098371171523
93574,39671.65772330447
93575,18180.073373600193
93576,13479.844179002315
93577,25721.025425875276
93578,20317.854651769587
93579,10817.755794366502
93580,25875.681854515675
93581,24677.080290339803
93582,37461.91881914601
93583,33356.783113840196
93584,15569.369375297176
93585,40638.78303169779
93586,22230.845718411234
93587,28862.336332921463
93588,13602.093704887873
93589,30323.157234763195
93590,15423.849137377552
93591,28538.550051962968
93592,25438.377999512944
93593,8539.12131182693
93594,26512.215523939576
93595,25938.494883641455
93596,18973.737633875608
93597,16328.010134128443
93598,21968.68870768238
93599,17761.901134147585
93600,26235.462094386705
93601,31356.206651325734
93602,26381.806854894414
93603,21761.53276272348
93604,19335.476946419847
93605,32648.93698993268
93606,23666.819837044608
93607,19639.44822817243
93608,16463.38710513121
93609,28241.98000689659
93610,27537.86862407723
93611,31678.169517547518
93612,19547.55590196525
93613,14691.78498060409
93614,22950.48231341077
93615,39816.2431997453
93616,24309.600124711025
93617,25875.681854515675
93618,21766.52182389825
93619,17051.484146685158
93620,19965.411471324667
93621,14638.156252166715
93622,15725.593966677905
93623,26917.66527543775
93624,26414.427943964634
93625,38760.5129993357
93626,37602.35594686579
93627,10349.337845666527
93628,20100.189411705047
93629,19736.480015031597
93630,21655.436363124096
93631,16272.123635003154
93632,13856.225233359008
93633,15659.537532539543
93634,36206.28276370441
93635,47194.39280599674
93636,63088.78460837918
93637,20154.122337767443
93638,23351.001103642844
93639,12338.019589668478
93640,31377.70004989649
93641,20743.24120581428
93642,29061.862659324135
93643,29846.493603087816
93644,10060.027113003245
93645,19019.309104445732
93646,25865.940327423108
93647,27301.762708408805
93648,17713.533598032274
93649,21252.78754270312
93650,21058.523311988047
93651,32259.299163697484
93652,25178.95774179942
93653,16555.80361674695
93654,18854.36593794427
93655,30923.998723845296
93656,108485.78214100888
93657,18269.898774678637
93658,32403.259510252843
93659,20082.96174227655
93660,48817.034377133576
93661,26285.041113207426
93662,27320.988420307396
93663,16577.5430575984
93664,25685.477797737505
93665,28374.753518015306
93666,24940.595218758466
93667,18369.391575265
93668,19169.875095454867
93669,30875.286554461043
93670,23240.525295972446
93671,17573.53899180472
93672,19871.482606473735
93673,19928.302165033318
93674,25847.52483735271
93675,32496.4553895411
93676,14883.070991926863
93677,20805.157031054543
93678,35630.30196459124
93679,15937.951551291739
93680,32177.1148061343
93681,14834.691483275908
93682,29207.663949100286
93683,32822.335592952855
93684,17966.859614134624
93685,11213.828801028882
93686,19301.778910237623
93687,21265.69321099678
93688,37294.6818069868
93689,14240.912257431399
93690,18170.798047941007
93691,22416.264910624872
93692,29256.721383083146
93693,16755.085599334863
93694,35267.47367884152
93695,13955.252526764256
93696,23342.323047194484
93697,17544.550455502587
93698,48035.201112844385
93699,21006.543944481436
93700,30083.910534848615
93701,39252.591192230684
93702,27302.83827350469
93703,18657.112299313136
93704,16312.237720547084
93705,22965.38556413276
93706,18129.372561854536
93707,37908.578771397035
93708,13845.115745131094
93709,12640.894887360571
93710,66549.11682596244
93711,19279.508786726314
93712,24441.39213864559
93713,27362.582175623425
93714,24827.67722736061
93715,28482.24508896349
93716,61392.26361634056
93717,18791.44558582618
93718,15438.230402067642
93719,39120.484603622346
93720,22045.184093119926
93721,54455.313928826
93722,34786.24086876944
93723,46338.94015372866
93724,31256.189074636324
93725,19248.706052735666
93726,13609.482898219145
93727,15445.275950919955
93728,20639.102309325444
93729,21432.55788030559
93730,18366.256225343932
93731,21226.929428645268
93732,24884.032831388628
93733,22771.931518673984
93734,11857.079718780613
93735,12063.177122234192
93736,19322.49366118124
93737,23008.703064036712
93738,30237.51308201047
93739,5702.116209747366
93740,41563.513678177
93741,12618.28490331681
93742,18323.998239614222
93743,16407.83300404551
93744,19917.033431062373
93745,19670.433246508008
93746,15676.313645798306
93747,18387.46378969098
93748,29430.39847059885
93749,12222.869543339526
93750,27629.559066301943
93751,29116.363183365447
93752,13750.926944196672
93753,26890.16110832816
93754,31940.447868578638
93755,27840.08549076457
93756,29361.54085878782
93757,16643.91537291893
93758,21591.281281516625
93759,26657.3471440539
93760,19446.61816111496
93761,23508.19080366614
93762,27529.9929448756
93763,31197.701797685335
93764,20209.256761843404
93765,18276.562225085796
93766,22024.180304695856
93767,14797.976115844522
93768,29157.15377603325
93769,21294.52234969569
93770,12886.741837801961
93771,17972.150863604333
93772,25119.26622734926
93773,29705.86084470572
93774,26123.561082449552
93775,18577.224775864506
93776,27232.671696896687
93777,15744.621110696055
93778,34180.481756073335
93779,24097.285561837423
93780,22672.16766193437
93781,25004.735712943766
93782,42743.25729193077
93783,29081.536195130328
93784,17750.273006990355
93785,11790.45371991142
93786,29587.24379644293
93787,15840.618769826886
93788,30887.822547145566
93789,17298.461094151306
93790,31904.591023028283
93791,24683.109849712593
93792,14571.506563676194
93793,26454.621868112714
93794,13722.101007755322
93795,18446.042097908852
93796,20249.25139568205
93797,19807.087287902374
93798,24888.707868480604
93799,18084.585116677263
93800,18810.518805960346
93801,23986.50830667984
93802,22325.952133975075
93803,10180.29101073576
93804,20338.53536116572
93805,17941.28355438298
93806,23337.445141443284
93807,32421.009050447203
93808,29938.15794807206
93809,29939.39489977302
93810,25261.256284392555
93811,10175.286470111256
93812,34702.553238808454
93813,28150.54897614638
93814,24993.544209953263
93815,8049.804852428483
93816,23991.633305850206
93817,3862.418262157921
93818,26612.548134911973
93819,13944.120412505064
93820,24859.731664827414
93821,34240.84190466083
93822,17361.0320441134
93823,32215.605186628218
93824,29634.19074610866
93825,19236.072413841073
93826,25340.60731404327
93827,19779.87651797062
93828,31826.033773304705
93829,58727.43191774796
93830,24572.19861906845
93831,27776.34564618527
93832,24054.351427475645
93833,20544.246348537017
93834,15379.903376919778
93835,16737.578673517724
93836,39412.79781320279
93837,25641.335460049355
93838,17880.99946200839
93839,22351.35135363514
93840,39636.89014256574
93841,40290.658325126555
93842,41565.45705059692
93843,17785.640793419578
93844,57093.45880266561
93845,17466.38458910702
93846,9137.366747092481
93847,25005.83204561532
93848,23287.898570698108
93849,28312.6408642437
93850,29627.55431780438
93851,16489.268355285156
93852,26253.75060384841
93853,14151.870655660981
93854,20102.514144564564
93855,20884.03019922092
93856,13746.502647669637
93857,33724.08822506237
93858,17177.731423423007
93859,21287.77383344354
93860,19107.29735048349
93861,15592.855148035082
93862,18768.43008639
93863,20885.861925058336
93864,9542.93214612532
93865,15936.502105153002
93866,13068.92580915556
93867,40772.03724081688
93868,21924.323257391337
93869,17797.931833481394
93870,42437.40958348571
93871,23905.329946010108
93872,11395.99640389712
93873,20370.50269992118
93874,15887.943364547995
93875,18256.821246934865
93876,32162.364709807112
93877,15085.466740039075
93878,25708.228932040798
93879,9949.979951829759
93880,4126.91539562422
93881,40748.915074998
93882,25758.343563255636
93883,16178.113358893233
93884,14210.298320076727
93885,24888.707868480604
93886,28096.480959990593
93887,26718.08875779812
93888,30175.105498375808
93889,21238.94389572151
93890,13376.989974828979
93891,10082.424489894574
93892,16190.697578203992
93893,12421.538242664496
93894,26638.611041853896
93895,34717.47052488291
93896,23520.50545229829
93897,11247.986679044485
93898,16551.867261762112
93899,13839.754847951237
93900,28919.652783175938
93901,43333.49521282517
93902,18224.057561622387
93903,38701.968451715584
93904,11014.664216974468
93905,25691.960729909544
93906,20631.88521427961
93907,8929.577006874135
93908,26424.8154263733
93909,32616.724515281858
93910,19996.922359846423
93911,21180.68507664727
93912,9223.88456107903
93913,19011.682480347437
93914,24274.63602397926
93915,22347.730065337837
93916,15399.910654288751
93917,29222.56743499948
93918,30840.229795593586
93919,25149.513616574273
93920,25696.446286315568
93921,22181.809392818464
93922,14880.184851146056
93923,26789.30371872217
93924,19207.846089688104
93925,17544.56143522561
93926,29294.7106766106
93927,49419.24445283078
93928,24956.698595655194
93929,28487.570244283917
93930,40127.36998819084
93931,17481.37756167812
93932,17902.02990448228
93933,25241.57320845078
93934,15508.706053195698
93935,22040.40866457049
93936,15825.597091196396
93937,22269.62013232141
93938,28294.824421965674
93939,20229.243565107703
93940,27829.783539058688
93941,22737.627382403945
93942,26339.829791538083
93943,21384.926724256504
93944,16717.372701155145
93945,29007.45814041295
93946,21190.449731589222
93947,27342.04813228196
93948,35638.157208906196
93949,31038.1818289242
93950,28828.273937352376
93951,22278.517686945575
93952,14686.223164117937
93953,115170.11952479501
93954,19403.98654882156
93955,19906.3480388678
93956,16899.84209924974
93957,36037.00351138125
93958,18521.4845033139
93959,24083.6303476
93960,31042.52964582421
93961,48391.424339550395
93962,29266.623953321963
93963,56200.73796812563
93964,22140.255849819136
93965,18817.716532206858
93966,12848.197332928386
93967,29099.34274817315
93968,22767.641603685966
93969,43402.21778066538
93970,6809.594373870009
93971,18680.513967377155
93972,15089.301565400034
93973,29895.64633823222
93974,23608.38172071932
93975,14159.25731186863
93976,19883.363746915395
93977,19240.663429078326
93978,39691.48476863837
93979,12664.194157721347
93980,14593.783737236168
93981,14520.980819750494
93982,14223.640255599119
93983,30078.837875272267
93984,22794.49012335973
93985,24199.89188795592
93986,23575.02341859087
93987,18260.11199509105
93988,15791.011822706885
93989,59515.8413721144
93990,27261.470058271712
93991,39514.964557870146
93992,15391.20186178104
93993,32812.3549247751
93994,28846.747254647566
93995,22914.834596490393
93996,22520.85602432142
93997,20233.02180346742
93998,19036.75029509416
93999,19907.63630900949
94000,31047.71833849375
94001,12908.961181916644
94002,31574.673794306174
94003,22877.549307637826
94004,26343.259118586757
94005,27121.657793072056
94006,20566.75655819516
94007,28855.176941991886
94008,19135.153051383582
94009,32867.438116299716
94010,27120.013580516028
94011,22408.36237879823
94012,28872.949028829622
94013,25440.72472544826
94014,25741.060811221316
94015,26263.740161914917
94016,43886.75449100542
94017,15585.176164430479
94018,18641.164847193868
94019,56168.48113909931
94020,22481.08666676051
94021,22341.396450049906
94022,12604.540808399965
94023,15908.57384248139
94024,61832.3506053279
94025,11646.097723541214
94026,101619.08246578356
94027,22067.224521699136
94028,18011.17654852755
94029,30130.60301091395
94030,31944.68092597116
94031,24994.177004172197
94032,13449.410802300237
94033,37642.862882099544
94034,25355.000857502368
94035,22589.25687785659
94036,23103.527700744402
94037,32989.293675367975
94038,29228.00743421765
94039,17563.40451876119
94040,29844.992965447054
94041,31766.979217769825
94042,39963.37128631676
94043,15572.094425430929
94044,15229.2048207486
94045,33603.93658108126
94046,16401.71209147757
94047,20463.54242085378
94048,18721.426660694673
94049,19539.767477779664
94050,41321.42175641936
94051,12938.860446799892
94052,14002.251982122474
94053,26967.405797425206
94054,25611.050913621897
94055,29338.215115901297
94056,19160.622201787646
94057,18585.530842185544
94058,54419.667278929766
94059,30158.295468750315
94060,30673.12044879239
94061,27076.748035352575
94062,31221.38118812292
94063,15412.417406935354
94064,23798.90028407938
94065,19528.900751939887
94066,11931.118235838972
94067,26437.82057697207
94068,20272.375062091305
94069,16437.434682572
94070,26253.75060384841
94071,23852.457571232066
94072,16225.207907835396
94073,20929.283783842806
94074,28699.895089371603
94075,44495.59046823144
94076,19419.72051170957
94077,24831.447007183244
94078,19714.205965910758
94079,15405.206190300978
94080,13714.85052936841
94081,3886.465777106696
94082,36031.56914158213
94083,30485.31794703388
94084,18671.995738523983
94085,18417.75317832816
94086,30081.85367532476
94087,12061.915691025308
94088,21297.458321606406
94089,26323.04966931678
94090,19050.81602992312
94091,18645.308319097407
94092,28896.870375675477
94093,25257.734496183693
94094,16150.354547032697
94095,19016.618894892144
94096,21670.25282620045
94097,20760.707198566703
94098,14397.232051696425
94099,48192.344815386656
94100,17667.456923356636
94101,20797.48843781924
94102,26310.98833007316
94103,18525.617340398385
94104,34415.02048398947
94105,21128.857477441605
94106,29563.87912116589
94107,42579.50003940666
94108,19029.259453329876
94109,29769.16590598565
94110,49219.443346121145
94111,16281.020263615526
94112,18348.810758264903
94113,18171.054156101945
94114,3684.9536477603306
94115,29619.950874147842
94116,26677.419757591208
94117,21328.42361368418
94118,21397.212561053053
94119,20380.59840915312
94120,10250.862710935739
94121,13560.088381245472
94122,22745.492554939017
94123,31740.773717376112
94124,11041.966492270712
94125,25051.93989002044
94126,24176.52813348909
94127,16305.31574813621
94128,19371.093033253303
94129,18110.927351841503
94130,26190.67475057119
94131,29904.75881752305
94132,22354.974028579913
94133,20612.0112522136
94134,17041.95471616205
94135,28103.14618891754
94136,26445.04017710241
94137,19306.393057342677
94138,22753.551249209442
94139,40030.677997091545
94140,18325.804279214022
94141,25070.250431279692
94142,19070.88393843627
94143,19737.5334983974
94144,18688.0065727875
94145,22565.943678996322
94146,16400.2407089509
94147,20182.192585006163
94148,26859.56514923092
94149,20446.271895775175
94150,29215.19144590535
94151,11280.691081689263
94152,6270.636091547925
94153,16266.758129577993
94154,16306.36867586026
94155,31451.15032898793
94156,22138.47129850855
94157,25219.13218101697
94158,15469.08479999005
94159,26908.460110308362
94160,22968.951483889447
94161,24511.061532544445
94162,25119.46082883112
94163,10901.638947022351
94164,42289.68779561995
94165,75948.34948691013
94166,34323.594750324424
94167,23730.46063750697
94168,32310.884475951323
94169,21416.560309644887
94170,34378.346980169954
94171,16418.626051373212
94172,35388.3088409277
94173,29350.834973598277
94174,14901.160654429776
94175,17371.984250085545
94176,14744.575375658478
94177,16355.346562084462
94178,15683.187760818411
94179,19939.50102926725
94180,31488.97907254896
94181,25027.87309023366
94182,18961.95197181531
94183,22286.5392267164
94184,44875.74174429504
94185,17525.56690344988
94186,29645.746870495295
94187,25786.49033496568
94188,21876.31075529926
94189,23914.626815770644
94190,17271.133799859308
94191,29184.39791236579
94192,36955.5057614692
94193,29380.278781054145
94194,39899.288504441996
94195,19828.26889850997
94196,20370.040638848368
94197,23939.310499630796
94198,44319.914859063705
94199,33650.50271605846
94200,24467.98461011366
94201,20851.698979945744
94202,14122.767038501952
94203,12376.947337040097
94204,10101.533720944957
94205,23378.757159602297
94206,21784.650970694966
94207,24343.7234484441
94208,21079.05343019437
94209,30303.505226179943
94210,48093.10578136324
94211,10095.905748598261
94212,15728.793275308333
94213,11011.912916609148
94214,25103.96041863136
94215,35620.72369306705
94216,9839.91281870046
94217,13006.233497826765
94218,36816.01089537029
94219,37300.23587776903
94220,39007.8597957069
94221,34662.329377511676
94222,21332.250728585717
94223,15671.707786400179
94224,28549.843469417545
94225,8383.575330316995
94226,25076.200984403516
94227,22039.864882585018
94228,20534.535807419183
94229,28376.65184890804
94230,31229.502562508853
94231,19848.31104565492
94232,28009.300695729115
94233,50085.27531604481
94234,48341.700258966484
94235,34474.99483587913
94236,28820.53871839245
94237,22550.16644584494
94238,19724.5055339041
94239,26719.50768157244
94240,13843.722218406896
94241,25553.316785955954
94242,23826.083830286938
94243,27940.647619451112
94244,20254.099673818906
94245,22979.350547569637
94246,15488.679243845783
94247,19972.88968957569
94248,45134.123202768336
94249,17881.690360999644
94250,19014.13461201409
94251,18247.046014694904
94252,22040.110990572608
94253,24560.964244105213
94254,25209.611963952375
94255,11277.122192752528
94256,27634.65804756421
94257,17484.974124474844
94258,36671.856463331926
94259,23773.531332201914
94260,24007.120471757607
94261,31275.671814763013
94262,22064.802143190846
94263,15242.97477702119
94264,18754.338442126373
94265,25352.764405997426
94266,25966.545961587984
94267,31888.726165811044
94268,30865.29948113417
94269,13661.139707755949
94270,41817.10801332592
94271,13281.859668523635
94272,72178.97319999244
94273,44432.38662849668
94274,25223.017925364897
94275,43822.77078309674
94276,18908.233011474793
94277,12757.90969964341
94278,18377.071459388346
94279,19230.55701302117
94280,12408.24826870326
94281,29629.376912050546
94282,33981.064295707634
94283,12658.338254501094
94284,14558.675626213193
94285,20911.921927727293
94286,9932.88593605626
94287,21398.438615028375
94288,21308.371675271977
94289,24856.718608970594
94290,22032.283426340397
94291,29114.029115501093
94292,26338.910090060497
94293,4438.080190560376
94294,29078.821209046426
94295,31922.702462290807
94296,19057.923955562663
94297,14642.361747135994
94298,18902.097430962487
94299,24281.801413348963
94300,18231.902545006982
94301,26015.858378352947
94302,23658.519831973987
94303,14327.169664399758
94304,16648.214809048906
94305,41609.88684976785
94306,15532.897424128805
94307,19967.63346797035
94308,25425.163367659334
94309,19177.893109418867
94310,19640.39229295795
94311,20989.369279633825
94312,15660.590236019789
94313,30092.781243454105
94314,20682.195686444982
94315,34883.73260587953
94316,38022.44696315889
94317,13670.030053949407
94318,17391.20149571528
94319,36745.34612738811
94320,19012.827123454146
94321,19080.17902315065
94322,24197.16032484988
94323,46023.30531521498
94324,30224.15573457881
94325,55211.75234118318
94326,10619.22885666728
94327,15798.490171016805
94328,17561.37614319168
94329,21123.15965288782
94330,22396.21561909582
94331,14947.21800187417
94332,28224.56725586539
94333,14797.976115844522
94334,12768.96702649096
94335,14885.551461933712
94336,11994.42283694413
94337,17968.83707686778
94338,24438.5545273768
94339,25788.28838893382
94340,18037.898819762333
94341,37475.125511513776
94342,15820.055919387043
94343,22178.652108850853
94344,15651.68142870392
94345,13184.615224824829
94346,11789.749795202963
94347,40733.04168441976
94348,23782.44041269248
94349,16605.369779180364
94350,19707.39480043118
94351,31236.98992802156
94352,20892.158979479984
94353,25777.796187232154
94354,30983.95803141573
94355,25344.33079139795
94356,2926.943605125327
94357,19197.88550384545
94358,15594.187982837604
94359,11920.921879400006
94360,20531.08321257364
94361,42276.68305938276
94362,18083.232540857025
94363,6792.582425467292
94364,16369.824626526486
94365,19035.66783973415
94366,23139.023485549136
94367,24800.97705236079
94368,30375.831881078688
94369,16066.951775155223
94370,18504.912151977507
94371,27953.575125327225
94372,26462.27648068092
94373,18268.94663293341
94374,23344.100425473043
94375,19247.238158629905
94376,11714.909972833277
94377,28574.130056038986
94378,20722.330826772522
94379,25106.053409665
94380,28309.430857688567
94381,44748.8374739972
94382,20046.743089762946
94383,29683.408680439567
94384,42864.19775211341
94385,19631.39715514575
94386,34261.759068282016
94387,15587.456140501405
94388,38736.5995764016
94389,13986.602321756325
94390,30601.949970758862
94391,34685.245021332375
94392,22848.009564464526
94393,42295.49670054625
94394,16183.56779480141
94395,20893.035159903888
94396,29530.68483256331
94397,20688.576955970962
94398,16658.345490509164
94399,14556.374639133981
94400,17131.776662145796
94401,28266.971006959546
94402,20329.02583274137
94403,19655.019147976433
94404,16921.34041939388
94405,31640.692931725738
94406,60769.95657171971
94407,18702.35652280899
94408,22006.421536747963
94409,20777.02502691083
94410,20537.661049464128
94411,19882.106498829125
94412,30495.45827475281
94413,18262.182089831098
94414,27876.007942581742
94415,13757.38538620678
94416,36816.01089537029
94417,55933.534365278756
94418,20624.02537664688
94419,23860.41081359416
94420,10483.859819543857
94421,21790.319532495807
94422,20936.144993198013
94423,29584.79847575661
94424,20271.87910051339
94425,23852.217532446797
94426,16554.038810113074
94427,23901.943542501773
94428,9036.67772371341
94429,22510.8049757697
94430,16422.90962298312
94431,44905.29914074614
94432,20383.77391066929
94433,24787.082608507044
94434,28753.01896703564
94435,19763.063546397087
94436,17885.60684467479
94437,14962.933074148403
94438,41670.058683027775
94439,26076.23525031036
94440,22977.54432943418
94441,16137.906890392245
94442,15544.804374373123
94443,21160.39848170767
94444,25306.99094405218
94445,31050.521975603395
94446,18358.06803237806
94447,18626.12042717344
94448,26934.196223572013
94449,33607.307376136116
94450,23037.346870476373
94451,19062.64127863998
94452,16063.44879023664
94453,21102.043709529156
94454,32682.700575144314
94455,25358.387060136978
94456,18554.363618442076
94457,13570.37285724208
94458,48770.24080899405
94459,15723.732304879753
94460,18935.03365688468
94461,21574.551576185186
94462,22095.297759692916
94463,17132.124689675187
94464,19321.642474807893
94465,16244.740584357633
94466,27358.77477891431
94467,6884.171060347433
94468,32664.019259776793
94469,28991.810457113024
94470,36398.79881408161
94471,19715.214078828714
94472,20986.03664367152
94473,21075.49745267343
94474,20728.603848008253
94475,18317.10011947724
94476,21847.90633913376
94477,38535.92757379265
94478,25266.021016632076
94479,25679.831273778407
94480,25026.52227482001
94481,13318.795133604988
94482,18270.003311634486
94483,19719.4823660178
94484,14045.851159211465
94485,40500.86203741583
94486,26251.59110741313
94487,22970.63234912046
94488,25302.039988993678
94489,31574.673794306174
94490,32177.1148061343
94491,16188.34828231309
94492,15565.646460811862
94493,38022.44696315889
94494,20321.293322184996
94495,19019.645851086774
94496,21804.461772903134
94497,32281.061372855733
94498,11642.40078202578
94499,29854.615634891208
94500,20829.21486265933
94501,25830.657512979793
94502,41162.06309784915
94503,49195.889253386355
94504,4309.52237741696
94505,30388.895991318328
94506,15073.482584615216
94507,15654.965722337613
94508,14867.649011347668
94509,19627.797265586065
94510,39844.9139756429
94511,29939.68705307172
94512,20957.007050877033
94513,28866.712601195017
94514,42345.45372492715
94515,16532.446195484994
94516,18973.67704277992
94517,19903.510401657793
94518,18534.058862077647
94519,31453.247746057074
94520,16617.01901032892
94521,54100.12245034288
94522,24086.56795229551
94523,25184.212261462082
94524,15929.644741341715
94525,25353.742919978864
94526,23189.546549039253
94527,22558.98283850179
94528,19138.188787311286
94529,25704.985934238444
94530,32177.1148061343
94531,19372.73522002165
94532,24293.337007851565
94533,13719.10002736953
94534,12990.984394255855
94535,15273.867792629888
94536,15239.025324046948
94537,20156.017620624967
94538,8484.309153378768
94539,23530.109295880346
94540,26658.70472679578
94541,50201.11258545496
94542,20642.427969908138
94543,24343.7234484441
94544,31135.134649007654
94545,27237.368265699686
94546,18281.821721695407
94547,13303.071380271107
94548,17779.12812897107
94549,17493.10167904829
94550,21148.943157608162
94551,43148.804582981684
94552,24605.32967344254
94553,7143.453688451862
94554,16324.763212744157
94555,34047.790837924826
94556,45884.70912322242
94557,19110.089468496404
94558,20521.155033884737
94559,55372.85177353637
94560,33098.69839251929
94561,15188.098203465552
94562,21561.33906573579
94563,20387.479106156978
94564,31089.720201324883
94565,16019.963026273794
94566,42310.314668605606
94567,17032.824656543242
94568,18193.75909529952
94569,28469.93087086717
94570,16224.024071995065
94571,31096.74189351277
94572,30620.317105558763
94573,18675.57293177885
94574,16231.963324832032
94575,31871.54474252976
94576,4356.942127824717
94577,30323.802990357108
94578,22822.524705587584
94579,29442.511820819625
94580,10642.132227145012
94581,115371.5011505265
94582,35425.456105287056
94583,17423.33119982607
94584,15582.067539314085
94585,15876.993784999773
94586,27762.821035776753
94587,16736.082451614537
94588,29837.662211417002
94589,35634.49544795054
94590,24388.410836269613
94591,27884.06177597911
94592,30366.900364523593
94593,18572.48155292337
94594,20029.450452569923
94595,20315.358398112516
94596,14627.976887395527
94597,21514.5150515129
94598,40932.024099211696
94599,25209.26959187522
94600,23127.43778647401
94601,24172.746013174354
94602,16410.209773621922
94603,22000.53358395445
94604,35208.93411806542
94605,24118.386906863678
94606,22363.54094768449
94607,24933.409309904717
94608,22873.375394519426
94609,16160.017823898048
94610,18008.449851672332
94611,19602.576254942906
94612,11651.27300442123
94613,19251.441986869704
94614,16170.691390997894
94615,29856.457639408058
94616,16396.12350823941
94617,20700.98957998983
94618,22058.769175633723
94619,45571.94325341724
94620,38724.04085259751
94621,41510.45653784608
94622,37377.49582708586
94623,23842.66662194612
94624,10578.79987157124
94625,21760.30893333376
94626,37229.01987639616
94627,3032.4189131671415
94628,21718.824554293707
94629,25619.443984680005
94630,8064.863887476893
94631,22728.504346711874
94632,12756.027210014086
94633,20211.44207500403
94634,16474.905100643897
94635,27119.135924559312
94636,11497.304516487378
94637,27129.04835298268
94638,15023.648581475743
94639,31325.898251069037
94640,15156.886404639336
94641,18812.289061455223
94642,16614.062246048266
94643,30599.05362587702
94644,18579.163129382556
94645,15139.557276447913
94646,29630.836779213736
94647,11704.334010697848
94648,35373.93217867921
94649,11492.785590877622
94650,17362.265535935738
94651,30461.992427885387
94652,28889.320530629448
94653,22408.36237879823
94654,16324.760624852945
94655,28860.324579257052
94656,28527.940205707022
94657,16673.042541208248
94658,27321.095127637735
94659,12012.0238511405
94660,22736.82828807552
94661,20294.155519546875
94662,23514.213161398544
94663,29381.324436257717
94664,24056.62143661687
94665,30768.707537167076
94666,28133.70244878579
94667,30272.828479446
94668,21804.97307566813
94669,26930.163576513558
94670,13059.536812398328
94671,24386.854004123263
94672,20383.458501644498
94673,47474.35346939224
94674,21961.171546258694
94675,10004.93760673652
94676,26301.66560938608
94677,21199.466647260706
94678,15445.284083502653
94679,15917.257814701557
94680,23062.96219773758
94681,30093.498553005287
94682,40910.79622962445
94683,18227.28598772157
94684,34579.90358711618
94685,24053.578034050843
94686,26175.716704781833
94687,17860.43539287045
94688,21456.982932349394
94689,47370.60799163469
94690,24914.36979538574
94691,15745.347545734694
94692,21702.836959925688
94693,29677.441616391145
94694,23945.37034726726
94695,38194.352574593344
94696,25792.818501475165
94697,24315.144755774618
94698,17264.653908044973
94699,38586.486064794364
94700,19434.842609475083
94701,20947.268442310524
94702,17506.6801393219
94703,26663.30320182906
94704,30383.624865948106
94705,49510.86221620753
94706,22135.667271268772
94707,26443.65339252212
94708,22257.038107470915
94709,21506.706960611304
94710,44087.37545132626
94711,19515.63484361288
94712,26239.099595050924
94713,12002.218485115229
94714,20987.62029766091
94715,20348.710228994933
94716,18742.14985698847
94717,22316.677031243427
94718,54413.42079385875
94719,26257.38795461863
94720,38873.66088874074
94721,28960.89284282267
94722,32609.518706455616
94723,18982.56364407973
94724,50998.54100688792
94725,19515.303880212618
94726,18009.282599778944
94727,3657.866675498926
94728,23072.92019281663
94729,16216.97531990019
94730,18108.70249557138
94731,16346.717918568751
94732,47282.56987459183
94733,20057.9315443764
94734,18829.722061857916
94735,31488.79129281676
94736,37816.37933866127
94737,20010.847110648818
94738,26400.752014170554
94739,11349.997565801565
94740,34249.6110645818
94741,29219.3106922559
94742,30687.152932585916
94743,19934.81813742902
94744,19800.55234741736
94745,35873.56502995681
94746,11378.454495023463
94747,23627.51975511165
94748,20597.379368474343
94749,41837.996239874985
94750,19711.85019029397
94751,14506.353563158023
94752,15046.21386366471
94753,30613.583185214684
94754,23060.35245309306
94755,28241.98000689659
94756,23842.66662194612
94757,24315.56162028854
94758,19172.615831190004
94759,22760.88893093445
94760,21888.994376682727
94761,20821.74045067303
94762,16227.025319556757
94763,24937.90888917548
94764,26320.840013427347
94765,31802.86480187689
94766,25333.124625168886
94767,22474.935918810115
94768,44168.27781603407
94769,40866.115615318355
94770,30612.650777875744
94771,16395.966107416985
94772,22873.68893307832
94773,22955.47069572701
94774,14200.862295754807
94775,28267.48889446151
94776,26007.224140527076
94777,12144.830521552893
94778,25034.597307318458
94779,19672.838387799038
94780,11840.516402182502
94781,20326.919070364027
94782,10205.605969826187
94783,27001.15679629631
94784,16294.564670360909
94785,14748.120900547561
94786,28895.181734313643
94787,39918.23950961916
94788,21167.789699246918
94789,23426.81622592198
94790,37722.8061150847
94791,17837.580367995233
94792,19595.471333140442
94793,21852.295053347327
94794,30342.78622681217
94795,18153.674862263862
94796,16673.72858071728
94797,25982.694442792
94798,79211.42706817227
94799,26754.432888019925
94800,11312.834250052645
94801,18038.04494639271
94802,29595.4855769824
94803,50137.23820353595
94804,32377.780532102865
94805,26654.324955089658
94806,29048.677074191015
94807,17900.666915200665
94808,19526.09523320019
94809,28154.4256265394
94810,17411.854925442993
94811,19265.17823208738
94812,29608.194593504646
94813,19581.182749594656
94814,27138.274210849173
94815,14418.567929366123
94816,36984.57759313479
94817,23612.5518294111
94818,13900.32276741074
94819,29223.899835523654
94820,23580.513965379134
94821,50201.11258545496
94822,15191.84696229902
94823,34583.623323106825
94824,24251.728302671658
94825,35372.29314682644
94826,34930.219325083934
94827,24624.939546817346
94828,26400.500821131616
94829,25478.21369657379
94830,17868.76015858061
94831,22120.15409801398
94832,4570.940408388473
94833,16136.485858680147
94834,14981.932106259937
94835,21706.782340071903
94836,18561.01482958817
94837,30327.30233238019
94838,13750.025906546729
94839,14809.700687359473
94840,10757.266877487995
94841,24876.17003032413
94842,19894.161160372052
94843,22038.77114207523
94844,28688.46731400512
94845,16039.082725951497
94846,18702.04099451827
94847,12636.062213965815
94848,23639.2534267786
94849,30884.38163508303
94850,13486.669783524256
94851,26167.290689827973
94852,12556.443083455895
94853,18770.355889646595
94854,29676.741960742445
94855,32449.724927823678
94856,24621.477934642207
94857,18936.294766019855
94858,27022.570136175418
94859,28316.377984700972
94860,44478.08816668899
94861,16251.430438480664
94862,21070.060626508435
94863,18533.431141546564
94864,31937.509486149735
94865,15610.039839902875
94866,12671.491880763713
94867,18848.390353779763
94868,15546.414887765277
94869,34324.943090855486
94870,25438.164573900125
94871,18424.357190375013
94872,18425.49159640551
94873,27765.67518843894
94874,18668.99976650004
94875,32177.1148061343
94876,32609.518706455616
94877,17805.88924640153
94878,42145.72144910423
94879,15949.530263098744
94880,24225.66601355039
94881,11389.778185260031
94882,31990.986334939334
94883,17961.31785632013
94884,26131.924412022265
94885,27839.381190159576
94886,22375.41882118131
94887,23240.270197308782
94888,13694.64966170335
94889,20606.941929813493
94890,20764.273054323996
94891,12429.533666661318
94892,28774.422471234953
94893,19775.07196407295
94894,31707.31226655307
94895,13752.53572136473
94896,27532.665502038282
94897,44579.72764741152
94898,20280.703646508213
94899,31043.444326689238
94900,25432.448716261373
94901,18822.287215065997
94902,17168.805797821333
94903,24495.668836239012
94904,12638.707866246416
94905,20940.668238941682
94906,27661.483784586264
94907,23572.713460994277
94908,25284.0944435287
94909,22343.243676720762
94910,27150.513507971034
94911,17186.997241534824
94912,26573.38667065506
94913,20134.78202446803
94914,17980.72566534644
94915,29540.606507212775
94916,24769.137921560116
94917,19661.140021234663
94918,31878.106915935146
94919,25070.250431279692
94920,15008.680576217437
94921,29960.316728053993
94922,37344.79095531846
94923,20624.77991434868
94924,15040.472592499176
94925,18344.487252664632
94926,14276.054799340836
94927,24309.917330557488
94928,20645.292103738957
94929,28881.13342549016
94930,58729.391197625126
94931,14412.770795441842
94932,16812.363322487603
94933,24484.993555493224
94934,18247.861162081397
94935,20726.218111121074
94936,19023.113261524366
94937,15913.850583948648
94938,25388.71024455134
94939,16010.143296784903
94940,23350.553929355076
94941,11577.805657564048
94942,25611.431751792978
94943,23816.978796998723
94944,27442.82273355678
94945,56563.906396586535
94946,26566.02837132167
94947,19365.540808451588
94948,25742.927932881732
94949,21922.987769853215
94950,56341.563216967144
94951,15731.641979653949
94952,51733.04740263449
94953,21392.846647242714
94954,21139.297475848485
94955,25191.89978463343
94956,21615.07185270802
94957,20107.10569830236
94958,21535.849601425667
94959,18457.0478238528
94960,9107.26072253554
94961,29724.60481067933
94962,25008.437933054392
94963,15154.530104766638
94964,19170.565879739184
94965,17902.31356963484
94966,19966.521217867346
94967,15054.239672383668
94968,20976.595615939586
94969,48797.10201491237
94970,29064.090970725443
94971,18153.51460538421
94972,25400.51036323168
94973,16976.469231535
94974,15474.75804312028
94975,10111.602375572855
94976,15733.650012987844
94977,23610.475683247692
94978,21145.826883594153
94979,20196.26641324126
94980,11957.401098135444
94981,22351.9414137746
94982,25875.681854515675
94983,107864.21220043433
94984,20383.486337526407
94985,11958.531056556829
94986,21676.52922706103
94987,22355.889226351872
94988,24734.767104996354
94989,11574.989637416053
94990,32103.228063915365
94991,19097.40110253369
94992,25269.268388729946
94993,23772.938488183427
94994,12531.080144286318
94995,32178.540919669787
94996,15672.445529735935
94997,25457.07028924363
94998,13491.410775526905
94999,13040.900800812324
95000,21776.697070102087
95001,15874.856492511299
95002,14930.729464321535
95003,15765.031655434901
95004,19871.7429881422
95005,16311.646525194954
95006,50429.957671330805
95007,22283.79165230442
95008,26766.735939477476
95009,37857.26631255473
95010,21382.335766088734
95011,25225.40008229805
95012,50613.10509689148
95013,26090.218430741625
95014,13669.721681134262
95015,61744.0869969592
95016,30359.22147141958
95017,24239.900880697183
95018,21983.119114563087
95019,12024.262988595961
95020,12323.997107909336
95021,22990.88878657444
95022,14098.537742558085
95023,10294.400119085436
95024,23257.217003863112
95025,30609.012664195783
95026,20958.115434393392
95027,24557.89302721098
95028,29945.464419689597
95029,5866.310355630494
95030,27410.87399693543
95031,29132.670945956186
95032,21010.128146407522
95033,27293.286802670453
95034,17282.36729226944
95035,34617.63912442481
95036,15207.618981524807
95037,32616.88290096697
95038,14991.012766524298
95039,22668.07428392096
95040,15439.473329519597
95041,32886.445956104566
95042,18116.917164051556
95043,24419.864063105062
95044,44718.52625686943
95045,20868.149881460155
95046,34234.92234294074
95047,45953.956774782135
95048,25398.131280022488
95049,21647.27028342274
95050,26077.8864100385
95051,15977.37606494502
95052,19336.87834281561
95053,46690.40791423335
95054,16751.653104551417
95055,17131.16562503969
95056,29308.827393003914
95057,19445.440486444255
95058,19266.489461664823
95059,33240.55376216711
95060,30440.266527511067
95061,21626.471938858318
95062,25526.86718028473
95063,26204.823028834086
95064,7608.437130267958
95065,35455.75044465027
95066,23121.549076422198
95067,16977.886763443097
95068,33061.621068215085
95069,24662.828168188556
95070,19447.389190081623
95071,20725.803384275707
95072,19634.607254663268
95073,23784.90240320978
95074,25197.522513105236
95075,12693.173845537007
95076,24971.298329789737
95077,28641.310704133146
95078,20604.523837351473
95079,45056.217604868056
95080,26718.68568412702
95081,10233.878883640573
95082,16630.367492799734
95083,56587.73349853044
95084,11612.388682167613
95085,25167.799419402763
95086,19263.59902151085
95087,28215.36161935619
95088,20405.908794950337
95089,48439.544382085776
95090,21290.909545861512
95091,20916.598628095562
95092,42521.91642859705
95093,26848.221376157588
95094,78617.14193870091
95095,18325.90717259344
95096,16875.166159092267
95097,27017.01845296626
95098,26885.5121320503
95099,28525.735646904344
95100,17172.305602446697
95101,22888.1636734587
95102,34946.12079398253
95103,19939.50102926725
95104,20634.187718735844
95105,17081.280587058816
95106,17495.32183463791
95107,15627.073270266035
95108,26028.489515446643
95109,21419.01354844414
95110,24258.068649534856
95111,19247.468504461736
95112,26006.056215179968
95113,21992.948696655476
95114,24340.315890613496
95115,23733.356639618796
95116,27226.09273694607
95117,34680.64569534194
95118,16033.707112267817
95119,26135.275515470206
95120,27612.53775385381
95121,21964.256693313597
95122,13036.1668610003
95123,12899.67817981479
95124,11006.007569317013
95125,25846.396688100438
95126,38885.31006385386
95127,33390.0788705084
95128,25716.85185351836
95129,26987.797080834454
95130,11554.0107904393
95131,18496.255985326483
95132,26366.25322687222
95133,13642.90308992216
95134,59866.23293809366
95135,10249.49957828378
95136,17127.307539728823
95137,43433.782540266
95138,18218.57893075372
95139,18461.417043000598
95140,19272.560876878604
95141,26982.028590444945
95142,29233.386788130425
95143,18267.305473894947
95144,13422.180786213945
95145,18758.748166410962
95146,20041.878222508658
95147,28052.6278304233
95148,26497.970739960976
95149,27096.390026248988
95150,30558.80868854774
95151,37318.55728572537
95152,41605.65398815064
95153,19066.299361213336
95154,25314.92503694981
95155,14996.396638569517
95156,16490.518340423805
95157,27278.882244637614
95158,20858.79960110262
95159,30024.86180225891
95160,32727.127017112998
95161,43601.002579122964
95162,16507.02050151205
95163,18970.13028427779
95164,17262.794944459198
95165,15857.442777631722
95166,24315.980436086487
95167,32253.390952843984
95168,40936.604653400806
95169,16427.186364789344
95170,19314.47639451998
95171,20374.307277930922
95172,18713.500573744324
95173,23389.08192035872
95174,4249.919238448023
95175,24969.75374368904
95176,15431.149181475344
95177,39060.30981365962
95178,18645.362478309893
95179,34422.3317388853
95180,50349.57982377954
95181,13407.599434673415
95182,23819.363867758646
95183,18981.930470051066
95184,37722.8061150847
95185,22698.94226155821
95186,18900.935884560047
95187,10370.517430199097
95188,12172.105828027394
95189,28340.303028003
95190,26842.083219694738
95191,21073.971425451236
95192,13181.792762114088
95193,19607.854048443445
95194,26553.706760736677
95195,22421.646432783804
95196,18325.90717259344
95197,32326.511708201167
95198,18708.334430864554
95199,22230.845718411234
95200,27705.827023181628
95201,12835.71154636444
95202,26188.990200526583
95203,16142.900342912431
95204,17467.42039345474
95205,8605.010541224176
95206,13906.224839258999
95207,10926.580149899173
95208,10417.172055310482
95209,19669.436137270295
95210,20766.883371984688
95211,30243.06375566285
95212,21129.045589951475
95213,14313.488420394446
95214,23057.10608714312
95215,21469.364215743022
95216,40127.36998819084
95217,20271.88333669241
95218,24049.85642990062
95219,15623.372007794966
95220,15234.525749849636
95221,12746.25881960722
95222,20381.116965657948
95223,41516.90409708282
95224,33982.81390395053
95225,17302.395631945088
95226,26462.39538708592
95227,27466.016477807054
95228,2840.3556841650184
95229,19164.95696174191
95230,31402.70329984683
95231,30678.722530614214
95232,16172.26035204818
95233,18080.76398772059
95234,21004.770405928204
95235,17658.55107598009
95236,28174.115184430244
95237,16092.36893888434
95238,26400.752014170554
95239,39123.50776706188
95240,19676.636721509338
95241,20823.34171994068
95242,13970.33094343801
95243,51769.83822414622
95244,34070.033296608555
95245,44667.17942555123
95246,30192.194604463606
95247,13733.109855374541
95248,30422.787074556105
95249,21173.22425988708
95250,14356.410505965687
95251,31244.50951481924
95252,21235.899368909042
95253,30694.268332547646
95254,20294.515405133847
95255,35407.149730259385
95256,25598.940577640104
95257,15048.832530580512
95258,27114.451103204196
95259,28210.564781278732
95260,17475.821799714246
95261,30445.178097531887
95262,19977.4294871412
95263,22993.813820905434
95264,28217.285096935226
95265,18099.149486377686
95266,17120.830153057606
95267,32496.4553895411
95268,31061.297387591883
95269,11741.83210477425
95270,14389.712725054316
95271,26781.280006062174
95272,27428.84857874739
95273,21599.614661674583
95274,21894.64609520575
95275,17787.965991206853
95276,38627.240461087626
95277,47404.90626633469
95278,31105.078935439415
95279,48163.05107415204
95280,11284.44170541415
95281,15858.728013732738
95282,16204.716571755376
95283,20214.87329529418
95284,17665.882397849367
95285,23173.885787376727
95286,25722.666097689646
95287,17165.25578780656
95288,12006.0467114359
95289,16105.931564041146
95290,20784.705862022718
95291,28701.90476315276
95292,28697.234566630585
95293,30380.106750402796
95294,31742.228933649192
95295,14692.272243084586
95296,50000.22114365
95297,21363.118690406176
95298,17494.576765530663
95299,18924.22285946975
95300,13628.033531752104
95301,19071.193034585012
95302,15433.05678730966
95303,13103.5120385468
95304,8444.415088394155
95305,19466.246269953313
95306,30844.41679068833
95307,23839.718680528837
95308,21004.147128120567
95309,19040.738879887365
95310,20331.382720210102
95311,18946.055777429847
95312,21106.141992829587
95313,38558.6688961981
95314,21357.961531414097
95315,22202.380737740117
95316,10675.522766049464
95317,26080.375717152274
95318,12286.11298762106
95319,46273.052830144676
95320,26909.200652151605
95321,20868.54932482105
95322,24829.995788783675
95323,28969.43842682479
95324,37722.8061150847
95325,20089.54753235408
95326,18197.80052476477
95327,26906.67721287923
95328,12752.26988049729
95329,26320.184871012418
95330,35267.06369333999
95331,17562.21922969282
95332,21105.017483627053
95333,26703.868372502722
95334,18537.288864868173
95335,22916.479763822485
95336,26251.59110741313
95337,25070.250431279692
95338,11924.175272132947
95339,41917.2593364991
95340,22387.21144356087
95341,26956.24134963857
95342,16816.110682300765
95343,57771.288073910255
95344,23148.423557215123
95345,13845.626027733993
95346,16441.33988593236
95347,20774.619499422035
95348,13749.315414561446
95349,18314.896062285527
95350,19962.955126836023
95351,25175.00853005665
95352,17116.704163115613
95353,25314.32148515484
95354,60125.572631132425
95355,10854.550951807896
95356,64060.61635642157
95357,14509.243794747486
95358,21465.50893113324
95359,16313.31137960399
95360,30564.127339328268
95361,15360.637884981923
95362,20711.73911436191
95363,16651.19772795827
95364,13068.92580915556
95365,15178.288701391837
95366,13313.38992188223
95367,29222.594745413004
95368,21707.901907774754
95369,15952.231539110093
95370,14655.95014671445
95371,16395.595650456828
95372,13894.996070071658
95373,15372.29542774705
95374,21318.446777357363
95375,20818.533620684662
95376,19596.63635189334
95377,21640.47870355921
95378,30160.904885329794
95379,26647.652567437657
95380,20218.258559953152
95381,39070.75224680885
95382,19030.080884705705
95383,17391.729842098102
95384,1915.0965497431116
95385,13815.841097523999
95386,28299.282847207007
95387,17466.79974020371
95388,27601.73006797211
95389,21267.110454272544
95390,26796.03903779127
95391,19886.58118116842
95392,18823.2334518122
95393,19659.316409512736
95394,20004.929002088033
95395,18433.75595471533
95396,18619.85131706059
95397,26228.55725530166
95398,28851.779202877417
95399,91413.20683579278
95400,43594.4428232615
95401,13017.490095326973
95402,15262.225605733354
95403,24427.828991678307
95404,21490.840833084745
95405,16572.29766122064
95406,18714.764120432133
95407,20879.226008199046
95408,19900.42891908202
95409,26207.522353134307
95410,14090.227356918958
95411,32315.575412385442
95412,11755.889838751551
95413,13000.660914555796
95414,30341.58153653693
95415,23530.267151000393
95416,24461.62385871436
95417,27111.000741967986
95418,23206.76091265367
95419,9720.401451124486
95420,17926.14740403337
95421,23175.338271206507
95422,12801.066820947977
95423,26854.522663671618
95424,29364.486158866945
95425,16096.53090405757
95426,54029.25992352335
95427,14314.572491463827
95428,29438.309555275275
95429,20862.68784018044
95430,14092.438431976114
95431,30024.046483253325
95432,27347.486049399995
95433,24884.032831388628
95434,19637.56299960718
95435,14076.085970644963
95436,25696.065132545828
95437,23531.377556312647
95438,19036.842493845532
95439,21858.011278690254
95440,25434.26831191822
95441,16109.717405443189
95442,25854.52477552554
95443,26389.169040833192
95444,23898.025321336863
95445,30489.18416281671
95446,28525.723736366934
95447,21163.931792030824
95448,26852.672729989812
95449,23872.700043920253
95450,15764.562068080992
95451,20609.835792032718
95452,13959.052459326671
95453,50971.30184358964
95454,18002.58302078172
95455,24059.54458377955
95456,25911.421583905718
95457,18518.35541881504
95458,13360.612635673053
95459,25114.465849568274
95460,19609.5008520731
95461,36694.28126889702
95462,14818.69289837691
95463,12510.023967867543
95464,11518.878766872907
95465,17478.291989972946
95466,23079.149385213233
95467,23808.749118951397
95468,37870.515206218086
95469,18521.779420414838
95470,31374.118647950876
95471,10234.638411534594
95472,32876.48646443224
95473,9210.917272460378
95474,22380.74238109644
95475,18720.339846988994
95476,29256.63287535628
95477,24230.557340801864
95478,28099.953883382754
95479,21964.77174405328
95480,48425.76168213991
95481,23026.125009049756
95482,48973.56958871518
95483,14068.865634258376
95484,45917.91570634346
95485,17580.821876891358
95486,19142.071950647678
95487,10817.755794366502
95488,32950.77010970317
95489,27360.491060004453
95490,27899.1303936902
95491,16484.86339727876
95492,26778.41003968283
95493,29599.984227371428
95494,28653.38109032623
95495,15361.840165794292
95496,30127.447833709106
95497,19250.01336847613
95498,16382.234727253246
95499,28746.74031184659
95500,18220.014574573932
95501,19874.748972678924
95502,41033.508277716144
95503,17322.011970490974
95504,2546.788556482362
95505,19871.337250045442
95506,13874.156490927042
95507,17070.672098659787
95508,41033.508277716144
95509,32561.308690043224
95510,13589.426845238257
95511,23016.236602920475
95512,34589.48593073565
95513,29901.46391551224
95514,16008.423319034384
95515,20148.298689029994
95516,14711.807354120581
95517,20084.54354886679
95518,20531.096410031565
95519,13793.362489864701
95520,18563.051460875027
95521,25030.746695839123
95522,13610.845462836001
95523,23789.02305491725
95524,20150.067647626536
95525,19066.819941223468
95526,24240.350786956617
95527,24308.666778965522
95528,18656.748670808367
95529,46761.1359943876
95530,49127.68619750514
95531,31990.986334939334
95532,14784.31434567639
95533,28761.89942433931
95534,17519.94083029629
95535,31313.099591590668
95536,41922.30309680765
95537,18871.4251486669
95538,48630.485169860156
95539,11562.32550012595
95540,14724.60607815955
95541,13614.406384328333
95542,16876.6235530958
95543,15236.477105336002
95544,30254.385865610224
95545,16932.055990299865
95546,41993.65889950449
95547,19033.004669232156
95548,12555.797662139847
95549,16922.961930993653
95550,37836.137287427984
95551,20095.385976282814
95552,15165.107397548323
95553,29831.53269641145
95554,15960.83164486308
95555,23170.659341878098
95556,24043.179279513297
95557,13768.509713469546
95558,18497.444985748407
95559,17542.619181789934
95560,14879.6333166049
95561,19679.02445710475
95562,30586.789737520743
95563,26969.177040216528
95564,22891.796881120903
95565,25248.713235904484
95566,20527.296168699228
95567,45867.77021094496
95568,31941.753406717988
95569,30223.369999066457
95570,30928.242919649405
95571,19698.354361878577
95572,19438.80904879678
95573,23880.141143676752
95574,27452.46868772559
95575,30621.166072174634
95576,27513.801182053045
95577,17036.637567914968
95578,7735.757572093709
95579,15987.269943265754
95580,40538.07409031049
95581,11068.510227597599
95582,21858.395625642377
95583,19654.74230311747
95584,25831.621993952736
95585,22071.96829007659
95586,12309.003617588447
95587,29769.16590598565
95588,17727.788802246105
95589,27707.66581808037
95590,24750.677735104666
95591,19609.819239368007
95592,31859.487922925324
95593,19290.952214665907
95594,29367.2690622742
95595,26908.469416591623
95596,18486.529381853405
95597,44785.8930665555
95598,14410.080774883085
95599,14074.913517183304
95600,19622.29056614531
95601,15146.27342796907
95602,29973.409332749558
95603,16472.81092238061
95604,30006.09300738283
95605,19832.999916583918
95606,14761.676486297023
95607,23670.19760276027
95608,28271.33906020202
95609,34325.479014503304
95610,26729.815902045862
95611,32387.245300251157
95612,24252.183081689735
95613,13535.743655032156
95614,13720.9146064157
95615,24142.018551680994
95616,29364.92988041304
95617,42010.34426235489
95618,18261.37416391474
95619,26771.163328543415
95620,31977.3014536882
95621,16722.454415368527
95622,31922.314547385555
95623,44403.04458675351
95624,16872.15795688139
95625,29620.00502024284
95626,17230.435759498938
95627,39390.44263800902
95628,22740.54512222919
95629,32936.69420053586
95630,24197.412168957013
95631,17281.109710947927
95632,24557.7685349522
95633,16927.671573584557
95634,34047.790837924826
95635,26064.86258773521
95636,31173.12562058384
95637,10718.111933244494
95638,14270.99391513148
95639,15243.544234569063
95640,16443.847367306404
95641,25123.43888965916
95642,30740.270838641074
95643,18296.299026510034
95644,36930.85930640386
95645,21100.20405143372
95646,19031.37446150585
95647,22562.43261491698
95648,34859.4984510225
95649,25800.665401482285
95650,22133.49077879313
95651,18610.37181908732
95652,29001.767498064924
95653,5125.235420371708
95654,28317.977507916083
95655,21993.73635865514
95656,16456.44289189361
95657,27724.861585867184
95658,37696.609836188814
95659,23778.925094662984
95660,34475.21395743702
95661,26987.797080834454
95662,43602.9870299985
95663,21114.535922783958
95664,17589.308931534786
95665,56434.513452606814
95666,32227.857398451222
95667,15174.980700885731
95668,21635.70101344987
95669,28027.47827571918
95670,30788.47892996276
95671,23828.483572649828
95672,27686.51476646989
95673,13831.694822491167
95674,15764.585833639789
95675,26010.680350002127
95676,15243.121207610417
95677,13402.548867329095
95678,18377.071459388346
95679,29044.281758351128
95680,17914.85857342048
95681,14361.122843884195
95682,17984.52330155053
95683,17436.49608807372
95684,21526.563115877107
95685,22073.738878318276
95686,14064.983421049898
95687,16853.721473979356
95688,21119.23521651071
95689,22848.424798898668
95690,31934.26013772311
95691,23441.714389226916
95692,28381.89842987795
95693,18037.500217625493
95694,24962.848394654087
95695,19470.413307970328
95696,29510.963970277226
95697,26436.356425915383
95698,16920.237261383583
95699,25691.811622876965
95700,23833.777302553084
95701,25982.52803749432
95702,33414.823730308926
95703,25723.66782241892
95704,16443.673938438125
95705,26490.03218665359
95706,33602.86252988392
95707,18423.093060396688
95708,18742.081411462885
95709,41661.38298924858
95710,28379.962586352947
95711,22190.269824977502
95712,45164.22861758717
95713,27252.1395738426
95714,8933.817885961522
95715,33784.92175014378
95716,15633.010217853409
95717,10072.860561787982
95718,17598.352686475344
95719,28539.159474430002
95720,34183.124873605615
95721,23156.577612595698
95722,24802.62416254982
95723,11472.730671695408
95724,19972.942603932395
95725,26362.119358386983
95726,25678.606299573767
95727,44383.11104632268
95728,14420.056870705364
95729,28207.66397969686
95730,25465.760358985477
95731,16380.280675699758
95732,11588.94465185288
95733,29643.8758088839
95734,20642.427969908138
95735,29114.029115501093
95736,16995.30958844438
95737,19094.98923549489
95738,30773.754176723538
95739,16050.185047804487
95740,24079.654531249413
95741,46199.34501088681
95742,29183.450274817616
95743,24532.46297176882
95744,20106.305378875746
95745,25380.584357313903
95746,24991.868279252463
95747,13537.506981051069
95748,18621.480699565232
95749,25011.34344914962
95750,9247.167784714176
95751,16297.435364008343
95752,33070.1880459314
95753,28132.62870086907
95754,31322.50339333834
95755,43935.47585110388
95756,19680.021119569705
95757,19241.509071664084
95758,19412.549904400174
95759,33312.91512129963
95760,14729.210618717418
95761,20167.360583932546
95762,11636.499393129016
95763,13928.935117688543
95764,23184.002216082663
95765,25875.681854515675
95766,21223.934680925675
95767,10014.505795969417
95768,41050.970095170574
95769,27768.123390618734
95770,22975.629297152504
95771,19768.97723015387
95772,26480.53227449734
95773,26219.264124470574
95774,40929.511870014176
95775,13793.59839634538
95776,53597.862634016834
95777,14216.239136472956
95778,21219.148123534942
95779,15351.074079728092
95780,29213.537568752996
95781,19158.005984726242
95782,26386.771096625307
95783,13748.38693214721
95784,22587.603561919623
95785,23565.553190488172
95786,25269.491956273487
95787,19914.41783937071
95788,17358.71868745134
95789,15252.118962801045
95790,12547.171649419299
95791,34382.45066317863
95792,33886.81428892762
95793,31515.833418741506
95794,26265.76972682433
95795,11789.653154633905
95796,17063.428860772503
95797,19838.743341453788
95798,31419.89204345134
95799,23862.115554864213
95800,12296.013723056138
95801,24954.820345024244
95802,11373.671214387203
95803,62310.40193517519
95804,35273.563185051185
95805,18664.042710400157
95806,29126.221456435916
95807,30461.992427885387
95808,26874.155705740708
95809,23063.467149672128
95810,12603.456751877242
95811,20389.21137293474
95812,23950.637603302097
95813,16246.66163481474
95814,15730.37547677745
95815,44850.556041397074
95816,18494.12643612999
95817,32177.1148061343
95818,27105.491118693768
95819,46999.70719173038
95820,37423.17602910072
95821,32869.061873777886
95822,19227.4152377661
95823,19326.335751049446
95824,16775.882972308136
95825,15624.748184882512
95826,40578.09559565675
95827,27134.20763840039
95828,12325.110491243438
95829,10873.542659716724
95830,22496.080049818484
95831,28323.44456134884
95832,15046.21386366471
95833,22478.70603352526
95834,19210.634855151104
95835,16869.849481547582
95836,16866.140183202675
95837,25901.09409811807
95838,39818.15582820157
95839,29294.38842811347
95840,12853.104036451768
95841,15837.124690472076
95842,20798.17653300942
95843,31003.514744411812
95844,19167.647098165464
95845,27528.60360305477
95846,38287.87162952963
95847,23773.99005570473
95848,21932.708432942258
95849,44703.35139546063
95850,14063.2783390159
95851,12804.516426440128
95852,40124.74960207677
95853,30230.709174668937
95854,19322.949916638187
95855,40640.80214223718
95856,24865.055220565686
95857,23359.744296087934
95858,19930.823718121508
95859,26771.163328543415
95860,16727.54223340231
95861,18968.700593013516
95862,22909.71171415002
95863,23078.634454759987
95864,26080.86739394159
95865,35048.291537054756
95866,54318.736481942906
95867,27714.51617290942
95868,7374.306459489837
95869,27607.161493617135
95870,20601.25884759888
95871,32375.2132042679
95872,23896.513124655943
95873,24624.951346316688
95874,24543.177235477084
95875,14358.037556560994
95876,30652.17158275662
95877,13606.684464054051
95878,41489.05934031423
95879,16136.146287490252
95880,40671.639071160425
95881,19371.100011180642
95882,20250.045241517684
95883,10239.760523880974
95884,22119.099062939364
95885,29976.658581932956
95886,19686.522489482428
95887,21625.290214111905
95888,20993.805460964104
95889,30040.637538880273
95890,19777.868521546185
95891,23476.697748485978
95892,16151.988486661678
95893,27570.418520152816
95894,21329.33572838558
95895,25212.402406168323
95896,16636.945269175412
95897,26239.099595050924
95898,25370.197296872837
95899,28019.210634690146
95900,21050.413175507878
95901,32449.724927823678
95902,23096.775083981105
95903,26412.33999948875
95904,23688.77984725775
95905,12591.896334779978
95906,25127.886881990722
95907,49018.58326946339
95908,29667.78489585595
95909,19467.011499785564
95910,40775.01837755811
95911,26997.62525573579
95912,30829.22920093937
95913,42358.72685377691
95914,18922.765748087208
95915,28623.24873295133
95916,33329.696324709024
95917,31370.38128987523
95918,32177.1148061343
95919,17537.883600031637
95920,19335.11042609648
95921,20530.550794763545
95922,39057.26633225173
95923,20559.258269973172
95924,32817.21526816047
95925,18867.425209867506
95926,22355.31687648411
95927,19666.56468173748
95928,18163.47915908599
95929,13944.98585723504
95930,19595.471333140442
95931,27167.035289365343
95932,30596.54795065592
95933,19360.899477654
95934,25332.03211712726
95935,17700.77699174089
95936,33299.42063438523
95937,27865.978746230212
95938,16746.49515432941
95939,20289.454849338545
95940,15960.968854017477
95941,14743.193060246544
95942,22344.81384459837
95943,40251.836545852246
95944,18747.291161001864
95945,14945.714224159443
95946,19761.55195880761
95947,38198.41475363243
95948,21997.42930218204
95949,19503.90379964383
95950,19280.83917660667
95951,21260.176145287023
95952,36544.31863381619
95953,19555.82018190986
95954,16666.80565127894
95955,18554.363618442076
95956,22020.247434444056
95957,19313.918399459504
95958,10186.066550053154
95959,22328.246434267377
95960,29369.793392252373
95961,22073.221696716188
95962,28997.924659263765
95963,18569.993138424717
95964,33697.04581386039
95965,32249.903885974134
95966,46276.92980940318
95967,19542.26797863937
95968,15571.621953732647
95969,32279.74054816972
95970,21344.893707568554
95971,26398.347968134658
95972,44031.168214160425
95973,25875.681854515675
95974,23937.98884058243
95975,16978.518152524455
95976,33144.193721158015
95977,18417.75317832816
95978,15133.506537053427
95979,23361.60009089092
95980,16801.988762874684
95981,25328.780976781214
95982,18714.62210807346
95983,41124.545445318174
95984,30893.733378527606
95985,14797.976115844522
95986,15817.412272164402
95987,10218.558810541115
95988,16114.646219138482
95989,21227.997297957954
95990,53190.30397128686
95991,19729.29018387175
95992,28771.55800558129
95993,20900.606685151117
95994,21938.495998521656
95995,18892.254789763498
95996,26241.549640333345
95997,23844.508977277976
95998,24323.658223065955
95999,10225.361966894754
96000,17873.960743359512
96001,16318.34873234867
96002,25003.775339337735
96003,10075.510423719441
96004,13506.773204966063
96005,10513.08362654573
96006,10281.747896272622
96007,11741.116515610029
96008,8983.131552762592
96009,14490.985468154016
96010,20722.080789204352
96011,9437.730197610987
96012,13306.17203508889
96013,9959.821131217082
96014,9779.755634108787
96015,26585.392816175718
96016,19398.798881242477
96017,24947.7317030334
96018,9198.78512052503
96019,18223.970813256637
96020,16347.264454138942
96021,19018.66304524421
96022,20519.375728490766
96023,9361.540920259888
96024,18181.35833628793
96025,20458.697563495618
96026,6611.156127080758
96027,10318.645224236723
96028,23176.86757091502
96029,25167.332084121605
96030,31543.56600294351
96031,26490.9377482829
96032,20932.189947981766
96033,19943.18329804152
96034,18778.227326569937
96035,10592.109855256691
96036,16750.542230449737
96037,19338.407510918656
96038,17828.72325370367
96039,9878.884025428539
96040,8626.06660523184
96041,23491.47846792502
96042,14338.29894433542
96043,7492.570854529238
96044,19538.103563181732
96045,19880.023587302177
96046,15101.961799414923
96047,12846.93287107464
96048,10582.598247620117
96049,6329.243322608332
96050,18855.30452286679
96051,13587.648939722796
96052,4839.052564968508
96053,8546.596840786817
96054,12270.567389107458
96055,7721.600614384073
96056,21877.815961990244
96057,9612.30303432588
96058,14807.59429281402
96059,10458.61598801651
96060,7340.307632498967
96061,11410.62881877799
96062,12036.584258804209
96063,22601.63821215256
96064,10371.065072447514
96065,25512.9868435172
96066,9029.783385382554
96067,9377.555390754707
96068,12563.181082581725
96069,9217.690555771036
96070,23695.7812620777
96071,12128.13507547099
96072,7248.2643655947195
96073,9071.441300959086
96074,27459.808296954936
96075,15265.891481498056
96076,5016.761556899464
96077,14044.311015624948
96078,17774.432241211038
96079,29109.222136429507
96080,10447.609181233754
96081,7096.2517548084825
96082,7914.196574323548
96083,9226.195454710985
96084,7445.044000122834
96085,7611.002748215251
96086,15393.852166034332
96087,7046.641619658476
96088,6961.484916309859
96089,12236.75710779642
96090,16590.39591065159
96091,10493.162636743291
96092,18605.40629208705
96093,10443.994401630756
96094,4990.219016112985
96095,20679.12293993923
96096,13626.316511604611
96097,27547.435706050306
96098,26955.80313610553
96099,18088.520977060183
96100,10207.977971728422
96101,12411.310936671229
96102,17637.432094308133
96103,28112.62118428995
96104,28811.785251556463
96105,13058.77655354376
96106,9006.374788581337
96107,11322.999499497808
96108,12605.986572869428
96109,8536.326915689788
96110,9061.007380895735
96111,13680.25574131547
96112,18900.718416801905
96113,13233.719595916638
96114,6432.029246768772
96115,8684.55742125842
96116,12785.955550713257
96117,21876.159975441602
96118,10544.645933750118
96119,12600.123036332956
96120,14277.96585225407
96121,18557.844977096225
96122,25025.05192728313
96123,8779.5843345799
96124,7384.3039973375635
96125,15341.827204223537
96126,8747.554321605567
96127,19064.151448095756
96128,18894.668765428505
96129,15575.202026486457
96130,14308.041921549788
96131,11565.78465962266
96132,17551.718620881053
96133,18574.74362309832
96134,9083.131036459408
96135,10093.253219984252
96136,12853.152827561804
96137,12614.48403291448
96138,18897.885088201798
96139,18368.482932729967
96140,25541.08832693938
96141,12243.337944853443
96142,30424.180597534916
96143,18155.76366714436
96144,8142.288430858083
96145,9138.861201480546
96146,18967.490506449838
96147,16594.620814784692
96148,11588.19130785209
96149,21349.528654003974
96150,24961.850906216023
96151,17760.25234034125
96152,25186.1811537339
96153,16962.19802998186
96154,16845.624101234007
96155,14233.299454649157
96156,14213.458549665775
96157,12807.092006639527
96158,11416.993581738367
96159,8148.512959459398
96160,8904.999006014632
96161,9613.120718456683
96162,7874.783774564816
96163,23220.396397995777
96164,19859.983078948855
96165,9143.49813765888
96166,13409.778721048377
96167,14082.809337047522
96168,21599.7181676442
96169,9601.810510028314
96170,10002.30673602682
96171,12851.852457735722
96172,8334.252243290874
96173,14878.35514642826
96174,26682.749776821478
96175,17422.672569152674
96176,13411.642248157525
96177,9134.989191163573
96178,12224.581803076228
96179,10090.42605041888
96180,13374.824226264853
96181,16826.658844743266
96182,25475.788004358037
96183,14632.325716994066
96184,8416.810903604084
96185,10894.683643033655
96186,10075.48495676681
96187,21768.343691227696
96188,9162.428052163237
96189,13042.941704430435
96190,19889.0934119804
96191,7433.749716475833
96192,8589.767218936622
96193,11436.660893281256
96194,21681.85613654421
96195,15138.205757695294
96196,6294.757266461444
96197,7687.076317705423
96198,9411.589371046768
96199,21703.333517046216
96200,13858.935308099753
96201,12946.428331338902
96202,13978.250603296132
96203,8888.696757239491
96204,26095.848625772465
96205,7063.2402903921275
96206,18986.681927791782
96207,16193.679523719507
96208,18629.698775950936
96209,8334.39477017551
96210,17674.983675257805
96211,10635.333266406786
96212,20818.646616539
96213,21994.873387016865
96214,32788.31702632233
96215,17388.651079745276
96216,12822.965557101918
96217,15933.941705864207
96218,30302.500514247433
96219,19967.952312782494
96220,10120.341103341554
96221,7950.272031231011
96222,15962.662271460935
96223,8321.000944036095
96224,14352.81239460569
96225,21345.254388933638
96226,8134.106567514314
96227,26191.636326844833
96228,13446.016031520168
96229,16970.5966312271
96230,18255.703788104318
96231,9947.708581501991
96232,9245.28815731701
96233,10467.833342574748
96234,14010.692755636244
96235,16190.595002637881
96236,9361.540920259888
96237,13257.282596149227
96238,18783.316270519786
96239,10289.622405882143
96240,15658.944067106884
96241,17525.151568233072
96242,12545.391606779362
96243,14494.422054910225
96244,10013.845074609431
96245,15240.837858092811
96246,24012.25112729882
96247,20569.993337765376
96248,7888.712206612808
96249,18536.2576396192
96250,17334.55649982198
96251,12221.77005479631
96252,19925.32203677187
96253,13421.33424381448
96254,23457.815275285997
96255,9090.820816250354
96256,14706.785756949432
96257,14920.324399434458
96258,14909.009995113734
96259,12025.684662691387
96260,7162.112260082606
96261,21305.062265889585
96262,14297.641028358768
96263,13672.28118115503
96264,17634.285211171835
96265,24973.874873882072
96266,23801.970615265993
96267,22624.733268069893
96268,26300.757725277217
96269,7538.544547420115
96270,10967.524890920897
96271,8246.162476936188
96272,8163.690160113158
96273,9238.080774917122
96274,17928.636551617834
96275,11928.081445964339
96276,8162.671321627925
96277,17598.618398780207
96278,17062.69716088846
96279,9480.291242885674
96280,18285.96119169453
96281,9605.464467412023
96282,4133.787586610304
96283,10172.810838205476
96284,8310.825518122041
96285,9443.69567246897
96286,27240.34928700117
96287,19173.278823140812
96288,24944.872908745805
96289,22265.396224312994
96290,14182.582089935218
96291,16008.242720537133
96292,13705.817433024793
96293,15494.354586456353
96294,26514.40604972235
96295,23280.01193740829
96296,13452.248520930461
96297,13265.724351817018
96298,20890.997914853884
96299,9182.50467270239
96300,31535.595526510093
96301,4879.942960375869
96302,13052.831056014102
96303,11781.736018456804
96304,10301.245979929612
96305,14965.498771381437
96306,33236.90294563637
96307,11090.520785620318
96308,12915.68860904187
96309,9104.977918234232
96310,20898.185005658575
96311,18746.095107138106
96312,9243.409737946085
96313,16599.56063715884
96314,11781.802830397519
96315,15700.982034727247
96316,12180.695856013266
96317,13602.46455865257
96318,8810.761866469926
96319,10250.859143442005
96320,32141.137040641566
96321,8049.768762051339
96322,6952.276413953659
96323,8935.316926971107
96324,9715.563161886488
96325,12380.096399931364
96326,19806.438038251683
96327,7687.3832545075575
96328,22470.17260010225
96329,28008.62382938024
96330,18175.740514768208
96331,14698.831361131566
96332,11800.154419006909
96333,8202.592334591502
96334,13116.215458601346
96335,22797.066473314728
96336,8206.937641094717
96337,8099.410393601465
96338,9074.32566789664
96339,7119.184130966247
96340,13624.52801922581
96341,7562.549409864258
96342,27561.791056342743
96343,9628.939530689038
96344,19408.01123601218
96345,20444.073862568206
96346,13368.65215398928
96347,11289.934513033077
96348,21125.859882520515
96349,14600.375394843135
96350,18675.885402142478
96351,7618.327367561465
96352,15346.332822953427
96353,26899.767167303984
96354,8171.229013112803
96355,11410.266165653855
96356,14247.75607068733
96357,8916.721451650592
96358,6657.101601717106
96359,12098.391493374187
96360,12023.302789659227
96361,11884.449411744303
96362,30204.82254119095
96363,9338.756327177904
96364,13346.550893786001
96365,13932.535818648554
96366,18939.414235999622
96367,30051.71331956095
96368,21843.58676458367
96369,15617.827896671792
96370,13624.720794463923
96371,14554.827543762325
96372,7048.92843170802
96373,11056.695596285503
96374,1920.0373140250776
96375,7542.519007140605
96376,1859.9006914066804
96377,9328.418971510395
96378,9026.187176471527
96379,14600.375394843135
96380,13885.45916576495
96381,19827.713031475767
96382,13851.379930157422
96383,8699.25810524105
96384,21352.8039815348
96385,13390.740130418937
96386,9597.699619819916
96387,11192.296298007732
96388,12966.396123002229
96389,22717.027356377497
96390,7930.222286773815
96391,16802.016225489664
96392,15881.516848000256
96393,23551.948959175912
96394,9262.866178043392
96395,10343.70200583829
96396,6815.726533478795
96397,17700.678123547244
96398,22041.369246684793
96399,19370.930365400964
96400,15087.653196615036
96401,14271.126117415675
96402,14544.269009360742
96403,18720.517676340474
96404,12225.39553350637
96405,10178.377486930756
96406,8497.769324467303
96407,12701.29584340207
96408,25071.24859884852
96409,13382.659181628216
96410,19242.003402838465
96411,13501.01340218302
96412,26389.284043771986
96413,13155.133936291391
96414,12314.986210390805
96415,13176.143648720812
96416,17625.171877995344
96417,22440.782966657018
96418,29432.678108728425
96419,25403.005132588718
96420,10823.369446291323
96421,10162.113805269044
96422,13447.634466128407
96423,6472.198716673187
96424,12582.045087598604
96425,13013.682422106878
96426,16470.960164708387
96427,21919.99238613373
96428,31983.422724110624
96429,11610.23053540341
96430,25583.641695166625
96431,7936.932678085102
96432,30480.606403187197
96433,10811.770923486642
96434,7782.667684758434
96435,6212.1134945436825
96436,9631.929296267332
96437,22319.792663037508
96438,18238.166156290274
96439,18332.83312305928
96440,21319.522964492462
96441,9940.182500903862
96442,19586.601760371712
96443,9431.818224188119
96444,5949.959848980845
96445,20484.478154788732
96446,20835.645419477696
96447,20575.199823503262
96448,12236.695603993263
96449,10997.578763622518
96450,9653.906420412175
96451,9606.773621002421
96452,6678.975232085325
96453,13372.011098160874
96454,10228.126362672529
96455,18503.67878226383
96456,12852.683184768644
96457,11650.48345179549
96458,16791.92812228611
96459,10308.72384618399
96460,6681.554621397101
96461,22890.223367630595
96462,18492.3110681433
96463,31114.96827944422
96464,23573.807948379126
96465,12088.540576153013
96466,26944.873704754835
96467,11772.691060973259
96468,11903.750657084383
96469,8972.37900842425
96470,10011.159647857301
96471,13595.787541321748
96472,25511.723195978248
96473,13054.684147666623
96474,29558.59589353427
96475,15553.64218133421
96476,12890.222435381174
96477,30429.063814234796
96478,12271.388905673773
96479,19630.811310933175
96480,10919.835812306492
96481,21324.912570094195
96482,17195.953082017004
96483,9008.612502142547
96484,11641.175994238638
96485,22286.04579615827
96486,31940.10961832366
96487,10590.251942632587
96488,8514.756024313154
96489,8659.949554049463
96490,10226.202438675096
96491,31885.57949139929
96492,5275.903872771253
96493,12376.86236038159
96494,11288.962668572618
96495,11949.000977487913
96496,11630.275203443982
96497,10583.489639239704
96498,35194.93434878148
96499,13690.934343145851
96500,8110.635759023111
96501,20262.790736189207
96502,6830.1045413042375
96503,14114.802403858193
96504,16248.74904908432
96505,17478.51066137916
96506,12237.085890255858
96507,12809.115637805988
96508,9604.995505713645
96509,27537.39644184206
96510,14537.70169490077
96511,11937.919594295707
96512,18429.179232694005
96513,11776.793935012323
96514,11406.602525178088
96515,10357.967492951373
96516,5992.238017495234
96517,12640.30510450764
96518,13395.364994118569
96519,17822.057939658196
96520,8832.222374899564
96521,27685.486114468556
96522,30308.47301456436
96523,12691.237636819518
96524,18491.845927828457
96525,17604.652701270265
96526,21153.96664685983
96527,15934.484250540525
96528,13707.775472828802
96529,13393.795466728548
96530,18831.6129514615
96531,10650.368843853077
96532,13915.792116023846
96533,22909.74756902494
96534,13506.96928804281
96535,16750.285895555124
96536,13156.673907697223
96537,8810.075186068381
96538,10213.417534059528
96539,7926.7595520876
96540,13606.651941177912
96541,10335.186636117607
96542,11856.567678886557
96543,14768.504487509883
96544,8217.461031710049
96545,22482.48303836253
96546,13666.456481586663
96547,10449.550722407406
96548,31632.378528840258
96549,10423.667992308146
96550,16566.498319173603
96551,8801.241931868733
96552,5966.843321028717
96553,17063.872568284256
96554,9887.965429822376
96555,12121.047442838331
96556,9443.30387782845
96557,20978.76893390018
96558,12974.326168996777
96559,12195.467842861723
96560,15345.900337760866
96561,13414.002171919423
96562,8526.816288814734
96563,8108.801943376759
96564,13318.732567947754
96565,12290.37053466255
96566,12511.632130529058
96567,10429.013046805374
96568,9433.80587375004
96569,19441.796574063203
96570,1914.8535660609255
96571,25777.30903250546
96572,9280.79481543538
96573,20279.418996973745
96574,7179.925977612997
96575,26769.944364641655
96576,7201.237613999794
96577,10419.16454673738
96578,10480.162049442111
96579,12478.409369992805
96580,25816.789719142653
96581,12954.965831535083
96582,12128.328524207605
96583,16906.616959893094
96584,13653.201697489683
96585,9819.942939624332
96586,6568.341797024178
96587,11663.62567617057
96588,24425.01454641229
96589,8986.351035923295
96590,10759.699397913231
96591,8025.562809693654
96592,15551.695608997157
96593,10148.596725411546
96594,8219.579132127836
96595,17199.205088427523
96596,12954.278975131641
96597,29975.694503014023
96598,10863.774286005679
96599,9544.696714254176
96600,9253.30453098873
96601,12409.92125212914
96602,6567.909854439053
96603,8417.268655299125
96604,15388.770064071148
96605,23174.24517422408
96606,9354.823505582308
96607,9653.077165721337
96608,9779.884986863975
96609,15404.794734722942
96610,11065.038685754764
96611,12274.836237125022
96612,13781.023600616383
96613,12892.458590845325
96614,10367.257771362501
96615,13702.052218692825
96616,14697.933083651147
96617,13124.949238358262
96618,32725.157485284963
96619,6212.421071386393
96620,22934.647965932876
96621,11412.541658881604
96622,23408.491632465477
96623,11463.628072321413
96624,13325.21866221301
96625,25284.901885242205
96626,18688.87081336233
96627,11189.32908614758
96628,13992.713883275388
96629,13710.591101844744
96630,17184.839175980174
96631,13854.26490218522
96632,9554.079421345175
96633,15858.24216151561
96634,8852.3169129368
96635,28281.064419791717
96636,11827.719948992963
96637,11066.646393758623
96638,16997.090166602487
96639,17862.215712350873
96640,7901.578032902407
96641,9556.3324405981
96642,15111.9867292532
96643,9547.137265525027
96644,12306.13240520631
96645,14923.656770279873
96646,8971.08640865214
96647,7497.243206389436
96648,5586.519050204648
96649,15800.951785693076
96650,12809.23998475328
96651,9592.684386391777
96652,19583.822804732383
96653,12573.606686630483
96654,32003.14556337581
96655,12268.011586959747
96656,10901.197214291436
96657,16180.779812522338
96658,12902.866720715616
96659,6559.016820087925
96660,19299.581470523597
96661,12390.446578037267
96662,15867.763478938974
96663,11100.082913696486
96664,13742.910828703862
96665,6540.256586593471
96666,7984.8503145136165
96667,15410.265888673408
96668,13341.685114161999
96669,24643.7692416571
96670,8948.262071634108
96671,11189.064611852715
96672,21438.25077319141
96673,8935.138951697307
96674,11448.081048653177
96675,23125.13943878169
96676,6905.883439026658
96677,11028.738187457344
96678,10655.159798842045
96679,12306.264192880091
96680,9029.072696882264
96681,12160.610597336541
96682,25248.134608591798
96683,15622.928064265312
96684,5749.4258057414645
96685,27023.53394470602
96686,22068.405713422795
96687,13550.161705277766
96688,8897.529804481394
96689,25346.102409401938
96690,16876.276694642795
96691,6343.414277504347
96692,13175.675497736094
96693,10322.04512489818
96694,15383.74139180476
96695,7052.9382384939045
96696,11187.1348297298
96697,8594.885192533513
96698,7266.347757622047
96699,13428.072593354767
96700,17411.557498786075
96701,11882.136679801735
96702,20686.072766521087
96703,26279.790004669394
96704,8840.310876631687
96705,12326.276632414218
96706,9126.052227471664
96707,10157.232171302197
96708,15358.614849754103
96709,13028.657583873857
96710,6328.821104820157
96711,15988.816745440861
96712,16551.491327762815
96713,15812.25059251121
96714,11651.872946431211
96715,13325.310516780726
96716,17894.954774268357
96717,9879.34215165144
96718,26785.86654991431
96719,17828.714672548656
96720,18464.25228155937
96721,20605.6382129876
96722,18658.718477688886
96723,18455.853002890268
96724,12570.876181732654
96725,9456.019131706533
96726,6911.158451938062
96727,8107.870355676644
96728,20134.468581889956
96729,8737.121897222942
96730,11999.406617077051
96731,7885.845760654451
96732,11229.340772959156
96733,9557.03646527994
96734,6316.754021682874
96735,12256.643449400333
96736,9350.63325226087
96737,24035.8396271137
96738,12643.950302717976
96739,16084.806098017309
96740,14166.440661177914
96741,10122.015806668373
96742,7054.786837869504
96743,12820.4842182354
96744,12101.077259314177
96745,7754.89430021874
96746,8095.132128030204
96747,13525.30727167148
96748,3964.1082707436353
96749,6877.471489307636
96750,4357.943677673373
96751,11067.6551200772
96752,8122.635646886234
96753,15345.900337760866
96754,21614.799618645935
96755,6596.934189354496
96756,20589.23089902714
96757,9053.9059233568
96758,12333.306008413618
96759,17499.591173029803
96760,33544.185115141314
96761,10226.268492565352
96762,11679.98843804669
96763,3684.0497511437784
96764,17215.851835600504
96765,14637.367471834017
96766,21647.605735658435
96767,24161.520360349197
96768,17571.947397969878
96769,11217.854099668402
96770,9482.86323102743
96771,13300.193039498712
96772,15516.995790707115
96773,18041.30059717189
96774,21820.52348277635
96775,15038.983025423157
96776,27651.542836190376
96777,10733.531995121546
96778,13975.68521114189
96779,24629.657310197683
96780,26765.593484305857
96781,30960.778346446452
96782,19836.757977436726
96783,31464.277142271738
96784,9085.492823524864
96785,18137.52167100964
96786,8595.082183858169
96787,13636.067077202671
96788,7570.878066052948
96789,10107.467172698845
96790,6664.695306539643
96791,15315.961191501272
96792,8333.352855110263
96793,10190.23792004916
96794,12889.759105354926
96795,11107.740046865387
96796,21844.017208696896
96797,4969.2750034840565
96798,31112.229128711617
96799,12580.165040088277
96800,11804.478316443667
96801,13241.645346557467
96802,15509.069507732454
96803,21463.818341146027
96804,13339.40249138102
96805,12873.95762910229
96806,26816.36929710214
96807,17854.155317204895
96808,18548.047883472325
96809,12276.145226046734
96810,1656.6526648917693
96811,33093.96818618795
96812,12299.84247260859
96813,13885.904511521443
96814,22683.170886451473
96815,9984.53800949055
96816,12920.394706250008
96817,11448.097722518862
96818,12841.128015537455
96819,29330.4908372266
96820,9543.320580661763
96821,22292.084565892168
96822,12197.536524937863
96823,26109.86860384778
96824,6181.66050550472
96825,5890.581590639827
96826,13944.34091660037
96827,20486.51967696067
96828,11636.939819516974
96829,12171.18801346956
96830,13556.67626337783
96831,5124.665458830257
96832,8867.999463944556
96833,18459.066704143683
96834,13721.449736794148
96835,19819.078935417485
96836,15076.756271429207
96837,5963.343960127592
96838,24931.29851577743
96839,14823.010191925085
96840,10223.348508810595
96841,6684.157074340492
96842,12616.168328939926
96843,6255.321182471949
96844,11146.767701295703
96845,18578.392868159113
96846,23029.474378091872
96847,12274.258223185228
96848,4201.7884030170535
96849,13708.3925250774
96850,22093.89922907861
96851,8350.135472965434
96852,6939.225917210224
96853,18835.686477939824
96854,12136.195759036756
96855,10787.29812054343
96856,10223.226449206342
96857,8919.397970088714
96858,7216.4165350748535
96859,7776.473367655219
96860,25318.97808221646
96861,17472.12381890965
96862,9115.160619844733
96863,9266.425570720294
96864,9465.22359199763
96865,12918.201427977077
96866,24677.91570095533
96867,7958.164474204901
96868,19704.284525539846
96869,7982.976534017688
96870,9714.340743651486
96871,17267.65364814705
96872,13657.69008752197
96873,12313.822479948889
96874,5957.849644292781
96875,12872.852009090117
96876,26372.600013932413
96877,10187.685065350168
96878,21349.658981437642
96879,19878.564560389106
96880,16459.56339375384
96881,7239.648753068168
96882,8053.770868508942
96883,21629.439627146014
96884,16170.546102849283
96885,17049.436562351057
96886,12720.117608762976
96887,15887.657748610221
96888,9549.289765450578
96889,17683.706456919375
96890,3644.590828025985
96891,15175.110571724103
96892,26643.996224658105
96893,6982.4989436414635
96894,9106.46284334871
96895,12648.160175833746
96896,12161.306923896485
96897,9731.689798517045
96898,31681.195850858916
96899,8636.093371572926
96900,14612.004106446942
96901,24589.55962287486
96902,22592.440846618934
96903,17214.156840388394
96904,5429.8104857807275
96905,18096.44753261189
96906,12737.461304322012
96907,12610.309662291464
96908,12515.475033659603
96909,13351.486268382294
96910,13873.269253457456
96911,29927.540986300286
96912,12160.738572809638
96913,16674.043150929232
96914,6849.900467552153
96915,27691.280066008858
96916,13462.62423600482
96917,11376.020441559525
96918,19102.740313118957
96919,7106.774986963434
96920,19005.947740251297
96921,7671.807628332153
96922,13878.771209175133
96923,9350.919208534277
96924,29249.981066017288
96925,14027.339208000853
96926,32483.875254787945
96927,8948.069082122533
96928,21785.566112545108
96929,12010.686277230747
96930,13351.08825119423
96931,16912.180996328105
96932,30526.463005366422
96933,9839.443605043238
96934,7956.570064828316
96935,21651.510079934196
96936,25810.831401826075
96937,11657.526616321957
96938,16564.970806789817
96939,20580.14474692521
96940,9100.382550517725
96941,8265.213814482055
96942,19493.32197925914
96943,10953.143696742653
96944,12273.463040831299
96945,10236.586046193283
96946,14976.505866397869
96947,8304.626313818679
96948,8701.854168325002
96949,18663.187221601707
96950,12118.606941684155
96951,19388.450735376904
96952,6766.685629544383
96953,18603.287138203566
96954,24263.193707986433
96955,12561.86653755305
96956,9311.61836061346
96957,21250.473358384643
96958,13327.578176689609
96959,13376.50139927382
96960,25172.488774513957
96961,21799.873089422654
96962,11691.257774236117
96963,12162.005848062081
96964,6256.473566307162
96965,8932.123530846062
96966,6390.4521701161575
96967,12929.377842837599
96968,16408.14625491984
96969,8847.730221655467
96970,10490.852993727767
96971,14362.733251816915
96972,9372.888045020072
96973,16890.895723737733
96974,8982.162476788722
96975,12698.790970819931
96976,16567.772863613634
96977,20863.45380360916
96978,9106.822126476884
96979,19208.45670822973
96980,8879.53573150532
96981,8824.135614338567
96982,17640.612748650277
96983,18842.212473166797
96984,18066.899674269327
96985,13320.857310000352
96986,11692.78837390157
96987,7067.039562047836
96988,6571.409524455265
96989,13481.649209821646
96990,21930.295361542165
96991,9449.000397628266
96992,9774.854776849483
96993,17214.813462843384
96994,1756.946324544367
96995,12993.77262130829
96996,17043.942491149253
96997,29363.568716508227
96998,13421.894909628052
96999,8418.013520433218
97000,21039.526332143196
97001,8771.362576056657
97002,18058.94571808323
97003,7427.839202405337
97004,13544.429470989387
97005,19256.49368040965
97006,11674.37674826863
97007,19902.045413048476
97008,12676.191312770876
97009,22042.882700527338
97010,14532.93043823427
97011,12562.551612342479
97012,13214.36625662979
97013,7941.704814249917
97014,5178.7306289318185
97015,25857.71287569891
97016,11376.03500803614
97017,6662.789463561304
97018,13148.440924958672
97019,21893.855869776024
97020,12472.10238039099
97021,26296.065154883065
97022,21147.974824176676
97023,13895.298402293618
97024,17367.074477482216
97025,13634.869021962197
97026,12607.450714495837
97027,10212.284112587407
97028,9254.19865619647
97029,12667.316330404276
97030,7681.621211938564
97031,9310.164951991756
97032,5366.993119018377
97033,8825.571183420247
97034,11436.151509735377
97035,8185.904645264155
97036,9126.35684057247
97037,14312.63971194794
97038,12434.34139337813
97039,18220.51573164748
97040,8342.79119450138
97041,11168.23902359515
97042,9560.085517956924
97043,13249.522387350207
97044,9757.349521279515
97045,5391.5582505473
97046,17679.88764075796
97047,10889.590334543216
97048,8766.767051698629
97049,6540.214979818297
97050,10735.39338634465
97051,7562.747674497151
97052,12195.224198721618
97053,14523.44017147868
97054,11859.485138239803
97055,22235.965725021015
97056,21498.808432964724
97057,9577.953168092765
97058,22911.122806201773
97059,12515.727983945646
97060,14117.912026607837
97061,2356.88245929198
97062,15242.944097577492
97063,18301.570962197948
97064,4727.2066943067075
97065,6702.701146387511
97066,12541.766312522954
97067,27248.889516747506
97068,18314.56796663915
97069,25790.223888394597
97070,13373.4075165514
97071,7863.024125346539
97072,13495.746058817746
97073,9939.401388540093
97074,17032.860967291417
97075,19589.44969047213
97076,17884.419520912452
97077,11649.600626227279
97078,16550.95370745378
97079,13075.64636906332
97080,21664.11651787657
97081,11782.558459914104
97082,29648.652522442193
97083,12306.746131222691
97084,9357.185009144763
97085,5454.221439304989
97086,13540.142032050568
97087,13161.257694246626
97088,16690.74223639286
97089,16668.523994800205
97090,14951.244925097413
97091,11244.191959511747
97092,10113.691859362323
97093,25281.886946288305
97094,14551.161126914576
97095,21128.80921025141
97096,12515.83552502903
97097,7551.85091276012
97098,17757.566677911753
97099,6702.239446792212
97100,9131.371797923133
97101,32126.18535108513
97102,15069.637596321536
97103,32388.355826171937
97104,7986.707295608516
97105,13363.469505621635
97106,16009.447947973636
97107,20646.58763374368
97108,17588.277604938667
97109,8011.043513435266
97110,14664.559754571248
97111,11576.738577826927
97112,14113.679905572691
97113,14346.275272547198
97114,20596.073742706776
97115,6719.465573344183
97116,7435.8473453270235
97117,14976.460157952028
97118,13741.89138180975
97119,17426.087402899626
97120,13433.618870752345
97121,16542.13789372802
97122,11451.633261402072
97123,11392.143661809929
97124,8228.381359825722
97125,6850.964652555146
97126,10545.335744850103
97127,3652.595922912963
97128,6651.042610373623
97129,16101.161373506415
97130,21380.82748894218
97131,12394.451192375225
97132,5850.77998525729
97133,9802.055135994335
97134,26383.26310698171
97135,12929.191953852398
97136,10279.592754619662
97137,7762.058426860195
97138,11270.819893281801
97139,12276.581194214754
97140,13060.073633623346
97141,19915.214347266603
97142,20742.506372057545
97143,27346.836071434187
97144,9755.601869809978
97145,7217.249468618307
97146,14813.43364167312
97147,28691.745623398172
97148,21401.202949203725
97149,8889.607173880413
97150,16409.49300289475
97151,18547.102800067863
97152,22127.989104715132
97153,9225.276016781845
97154,14041.605000571086
97155,8966.471842154973
97156,8376.69526822603
97157,14705.076754940193
97158,11968.654881390092
97159,18434.303349698606
97160,29292.47178116841
97161,20512.56936586582
97162,7278.275192789331
97163,10855.28623998696
97164,20603.917178372125
97165,4564.88140371791
97166,13376.429743136556
97167,13380.388001951545
97168,8737.26550359174
97169,7694.40582535099
97170,8015.210978751406
97171,21799.41428066631
97172,12544.325651695826
97173,11896.98039124638
97174,12104.346848854217
97175,12270.769410981431
97176,19317.427106988805
97177,9263.496364410683
97178,8847.882775564836
97179,14762.210250591828
97180,31035.575639750452
97181,16978.082408725986
97182,11730.472221572621
97183,17406.43044090509
97184,6734.329250450079
97185,14616.308464057083
97186,9848.830111463607
97187,8771.563087601751
97188,21002.13766975476
97189,10987.207276483809
97190,7007.042211948155
97191,16693.769529644575
97192,10190.897205881793
97193,9684.245504544777
97194,11686.422752993825
97195,26561.15763678609
97196,14001.201825970416
97197,14278.415334800407
97198,8517.67409031324
97199,12216.865295118325
97200,7952.962848800995
97201,10885.506644675119
97202,24632.284820181405
97203,12471.84768182315
97204,27735.29826954555
97205,4224.498905643768
97206,6603.091754502069
97207,11600.578161979513
97208,13659.943926185088
97209,6821.848513175195
97210,15905.677143783783
97211,18493.286915316203
97212,20840.578631010663
97213,25237.941764225652
97214,13999.80111147667
97215,20064.821723506117
97216,23846.528324177663
97217,18617.657664601662
97218,8758.91882089206
97219,9612.008093518923
97220,15830.286461174475
97221,9629.383538466143
97222,17874.831641501823
97223,12700.806868371308
97224,13981.214773118783
97225,17634.033550369277
97226,12830.243975829619
97227,16436.271557479773
97228,11707.573059756174
97229,11998.136690826974
97230,18036.861532172836
97231,6333.14237058831
97232,9524.410976919682
97233,26454.626104281047
97234,13448.284810949186
97235,12290.593554265855
97236,7533.707803916651
97237,8303.732558754105
97238,4975.150584200507
97239,24772.24213800219
97240,11964.284617829668
97241,8122.762933301253
97242,10641.223525623562
97243,10401.253369435457
97244,28096.21418592424
97245,27456.362333305897
97246,11464.406000889798
97247,13126.636645500334
97248,12138.796523660028
97249,9012.127033235236
97250,16855.987067536124
97251,16121.496262221706
97252,14117.522925014426
97253,8795.108165776346
97254,22989.99577662159
97255,9006.007254407044
97256,13170.95235609321
97257,25906.716855786442
97258,17406.831549570783
97259,15894.739265313241
97260,13269.716141395027
97261,11919.27857087526
97262,8908.091168677747
97263,12295.093154970476
97264,6924.6683887429535
97265,19456.687909603155
97266,10932.93890721319
97267,22028.42164261613
97268,13435.272569997083
97269,9561.735740758057
97270,6399.8858455135305
97271,6415.85295448832
97272,21888.07537402961
97273,31586.96458118682
97274,12491.059309531294
97275,5569.122648286011
97276,6861.797120965037
97277,20642.233932213458
97278,8220.7318227668
97279,13063.167393458269
97280,14435.051125154541
97281,9136.840238982104
97282,18654.91488849675
97283,24198.894905322504
97284,2230.2426746965966
97285,10039.582743452414
97286,27487.48547198099
97287,8480.370252176868
97288,9127.522111848932
97289,13029.497904189233
97290,31350.48837639512
97291,9481.77207694058
97292,12113.054091985909
97293,10555.455829701967
97294,8650.054177038699
97295,8702.946426841965
97296,5252.031426010002
97297,25695.443315856977
97298,12247.415639574225
97299,14571.014387914867
97300,8378.519872442772
97301,13049.488946993946
97302,6494.624381474343
97303,31007.36357743278
97304,19293.821235706906
97305,12549.686375229492
97306,9929.085654367354
97307,11493.71101820932
97308,10821.826872502706
97309,7971.232677586162
97310,7391.715336746127
97311,10102.847342729694
97312,13017.322906858204
97313,17716.39855201552
97314,10037.384177313437
97315,16683.893421421366
97316,9121.622841279675
97317,10597.505998808283
97318,8345.536191399402
97319,10872.67607167931
97320,12256.53914197733
97321,16931.529828676536
97322,8129.148185116362
97323,23021.662001881155
97324,5580.683676520819
97325,9428.138291861267
97326,8050.764382074623
97327,12221.387301068155
97328,12495.176096428479
97329,6199.778532698042
97330,10497.219496031188
97331,16574.776199189313
97332,15840.143739792707
97333,17780.84171099626
97334,9322.94252182206
97335,20481.918289822548
97336,9074.920332847356
97337,10821.504463060572
97338,7451.8428061684135
97339,31818.159149928317
97340,6783.361228526997
97341,14532.58970281561
97342,11569.823324343208
97343,24831.96157443356
97344,5807.362955812439
97345,26035.017430702428
97346,9498.011315416155
97347,14476.125411111148
97348,10885.556809351307
97349,6676.81350355356
97350,23043.0697019945
97351,11333.820006638536
97352,11784.676792751041
97353,10898.760880794183
97354,8160.136519834192
97355,16082.424328113713
97356,9438.921286873534
97357,6811.067625551088
97358,8098.310290747524
97359,8571.621529112801
97360,7637.828181717673
97361,7694.837706319362
97362,14058.416344224448
97363,11027.164595408822
97364,12731.136776118867
97365,15533.262853496217
97366,13047.694791746431
97367,10670.608956142594
97368,9487.105210213827
97369,25190.02211820028
97370,20038.587631117178
97371,12764.054265595123
97372,13250.604728504328
97373,20057.215807439847
97374,14256.808583027228
97375,11289.749372186396
97376,7315.183515293784
97377,15879.170289381782
97378,21849.485010397933
97379,24541.80716283369
97380,16008.534829159893
97381,11793.01413970321
97382,15989.84093948496
97383,13597.393554338169
97384,12341.92544660471
97385,9512.851711222153
97386,17038.37632483591
97387,8969.894553585653
97388,8731.189739441214
97389,32621.54090906669
97390,29088.147103856463
97391,14871.763113166618
97392,25614.80639571454
97393,7962.905191338324
97394,13284.052585421985
97395,13480.939624598308
97396,6645.494713207043
97397,9191.423100440279
97398,11414.694798097778
97399,12704.521564379636
97400,11190.830472530522
97401,7853.163941216927
97402,9485.329889427452
97403,13980.542249518101
97404,13527.122606628753
97405,11108.350294963479
97406,5868.548803245292
97407,12293.318190904456
97408,20009.422720933268
97409,10148.919006382419
97410,10790.848123379285
97411,6495.306453683817
97412,10106.416146340423
97413,11554.749910006387
97414,31688.705045078408
97415,11870.126941783741
97416,15622.293517672813
97417,15505.99245988601
97418,19797.090371605475
97419,7547.970442141053
97420,14313.935875072617
97421,13237.7920539396
97422,13049.898850889178
97423,14361.894096636746
97424,20180.008701827574
97425,12173.86091098954
97426,7841.162374579937
97427,19011.42541559932
97428,16941.117029130357
97429,9095.391079529383
97430,13483.59097491048
97431,19770.96250871086
97432,16224.302987327777
97433,10358.454753775979
97434,21702.418449473756
97435,8095.8563560683315
97436,4883.998969358265
97437,12548.65319271843
97438,8880.473787064766
97439,14700.051713715122
97440,12805.651770028508
97441,29712.919345220616
97442,6287.2908441299915
97443,26245.686209997984
97444,10759.177617090241
97445,18365.665189150153
97446,23784.67492359237
97447,29119.81407717579
97448,9290.10233645359
97449,12822.82944740268
97450,7957.984799325639
97451,9119.362721328813
97452,8097.041867998092
97453,14151.124428023817
97454,15609.856898008722
97455,11722.554998520971
97456,25614.629690742142
97457,20378.819635765496
97458,15158.245466550912
97459,8053.56671923367
97460,9872.185420315338
97461,14288.436645938877
97462,17898.897217130936
97463,9906.579945758349
97464,11064.548761504677
97465,12677.476320463542
97466,10906.61782368748
97467,21931.2766963663
97468,25225.15328888333
97469,17714.302605706696
97470,14890.34395601129
97471,18801.332835363984
97472,6742.766533284052
97473,9212.01443602215
97474,13301.135956321847
97475,12155.24115906582
97476,25520.301011740576
97477,12802.826369720267
97478,12991.030666906881
97479,26301.322303533678
97480,29958.507489611562
97481,9128.193410871369
97482,7849.657291013844
97483,6568.146339208855
97484,12810.14962769518
97485,29259.014892277857
97486,13305.37830060485
97487,25127.699840621346
97488,23171.88691264136
97489,10219.96070967267
97490,7056.042256981911
97491,10114.435489333217
97492,19437.510424138156
97493,17641.445329624785
97494,16604.66027595284
97495,12647.618745431922
97496,13205.349411579653
97497,6096.999172896043
97498,10042.83371803125
97499,8378.06316406708
97500,25696.777003819385
97501,9607.838478018617
97502,9366.140457283582
97503,16276.460938967544
97504,19964.63346643659
97505,14783.381598496853
97506,8450.731965109031
97507,8054.837145998714
97508,8617.970950847255
97509,19471.032936994397
97510,17773.762958245596
97511,12487.922321572285
97512,17608.30595804468
97513,18165.81160976913
97514,12237.085890255858
97515,15526.296621207393
97516,8394.895502928024
97517,24540.540575605628
97518,13132.611977575241
97519,20190.08518169296
97520,20931.220533299485
97521,6678.098839945512
97522,12880.886237323493
97523,18995.076521824623
97524,6895.920066610493
97525,8809.773484397338
97526,17864.820008902225
97527,4985.726981020844
97528,8423.193326126013
97529,21128.04650262035
97530,8420.840892353615
97531,29470.001815081494
97532,10160.931045913552
97533,25874.706665348207
97534,7373.394013529427
97535,31789.566583455253
97536,14706.753024645277
97537,14254.358636037043
97538,16312.669265090572
97539,8094.582661357395
97540,12447.975859420547
97541,10202.976502269876
97542,11403.019934798183
97543,10023.050285963236
97544,12665.044911733032
97545,10903.595262572486
97546,13003.344490573892
97547,9138.401014247782
97548,15287.886427969692
97549,18258.717219541875
97550,10821.149704994965
97551,21066.068674060036
97552,9172.98521795496
97553,19184.957754586554
97554,4298.624671371221
97555,12770.875219945632
97556,13647.416689681555
97557,11353.178106536143
97558,18122.448533843795
97559,14419.839448060418
97560,5917.675262492312
97561,19731.463174528675
97562,12898.226182143891
97563,19432.263254771875
97564,14614.448161389002
97565,25041.610377178815
97566,7732.700867467789
97567,7240.203527679134
97568,14714.371541884791
97569,14450.077976098395
97570,8085.264496129175
97571,25936.918949491283
97572,10606.450689999529
97573,12751.370186361732
97574,7936.757760250857
97575,9961.392855860155
97576,11800.67458227774
97577,7396.167598223502
97578,8997.920470315488
97579,8439.07889327639
97580,25124.66204783361
97581,21597.76751418828
97582,23374.393802310395
97583,8678.21948325374
97584,6922.628112048882
97585,25748.950919878065
97586,20382.747424063688
97587,9400.27857119721
97588,8964.113927177477
97589,26014.96784510638
97590,13509.363168097354
97591,18835.760367094168
97592,18976.749191483963
97593,22349.55891663069
97594,13667.575689862624
97595,7864.585549333517
97596,23826.570129346896
97597,9747.168370918815
97598,21706.76509513759
97599,9033.928006371
97600,17707.76062876562
97601,10172.435438378325
97602,21897.39687441525
97603,13941.247299847255
97604,10155.621422896631
97605,16395.24860143593
97606,6557.642128346875
97607,18550.908344649575
97608,11183.644629700513
97609,6632.560286436488
97610,27923.49122182709
97611,17328.122089981618
97612,11279.382293883318
97613,13385.082215513805
97614,8707.310251213556
97615,13943.571712882034
97616,13451.097925068387
97617,13038.539961570223
97618,8778.094173288795
97619,31118.755528752026
97620,6779.707291966884
97621,20985.866420255268
97622,18887.963255893257
97623,8719.957647754418
97624,11816.080826823172
97625,11507.262867073736
97626,6669.341900196447
97627,21476.815815115846
97628,19786.090061425955
97629,26032.041335624366
97630,18965.20608572588
97631,13657.339308436607
97632,10667.98249471368
97633,11371.766694137063
97634,13196.86570856441
97635,27041.27174358464
97636,13559.522559260382
97637,11356.974059447359
97638,7557.879445256326
97639,12643.087177908379
97640,32349.334334133557
97641,6253.641842260395
97642,17750.63657629815
97643,7833.9300143710425
97644,6917.9378067606085
97645,12132.926356062222
97646,18141.72605647533
97647,8046.014998244649
97648,7035.4325362788295
97649,11359.085839656558
97650,16662.247726168564
97651,8148.9987020797835
97652,20628.632974212556
97653,15544.907118445328
97654,6253.979776364546
97655,15723.752363056203
97656,16303.064894287667
97657,29264.310810970564
97658,11822.72370011425
97659,6942.762796217261
97660,9344.74498572071
97661,10608.956693510037
97662,8720.359206454788
97663,17826.542455740288
97664,28349.831574461845
97665,8125.99410702291
97666,12465.320084216293
97667,10827.590492053374
97668,20000.116577576242
97669,23047.30589396334
97670,21210.603619707537
97671,12493.55609889927
97672,22841.402514339337
97673,12140.089580267055
97674,8998.20248327907
97675,8996.32335473894
97676,6844.550759732927
97677,14138.280440632101
97678,7666.504746267216
97679,12190.264369433382
97680,12276.676714797104
97681,6155.959686296859
97682,22371.509518704577
97683,13496.244873020441
97684,10875.933035108927
97685,7196.620772005851
97686,14302.6393979959
97687,11031.880331754404
97688,6653.643768161206
97689,8507.114843724625
97690,18212.674467888275
97691,17577.056161351917
97692,20213.9962135414
97693,15644.344405401282
97694,12593.705957899449
97695,10996.877096593944
97696,9011.647557215203
97697,14282.932475149217
97698,5687.103899123272
97699,6458.346236877307
97700,21609.354557344384
97701,16120.563568964611
97702,7442.524466844396
97703,12464.158510605039
97704,7420.9401496158725
97705,24863.188082235174
97706,17204.652859622765
97707,6633.299558276972
97708,12941.774053749406
97709,8695.561106457611
97710,17309.957138780715
97711,10428.066068878736
97712,15235.003523541865
97713,13378.583846283413
97714,16606.6234441256
97715,9621.496765836908
97716,15410.064335881794
97717,21721.941908459594
97718,10092.838241196356
97719,24638.979340322498
97720,7826.9621371899375
97721,16775.298046967262
97722,16278.225378155035
97723,7318.606620581862
97724,10713.974341776753
97725,27189.86641560767
97726,1914.6757219806705
97727,8472.72200690846
97728,13148.186562465165
97729,12366.412533106242
97730,10277.519487703548
97731,19127.508154455707
97732,13281.437973054071
97733,19964.71510650393
97734,12573.682367341255
97735,12342.59293803604
97736,8383.216362833731
97737,18864.949764415538
97738,6729.413114418088
97739,11531.215125375966
97740,26792.34149604498
97741,17671.83083208488
97742,9454.42899596824
97743,12956.311846640738
97744,17197.59667407837
97745,17867.252180819964
97746,7888.937508685953
97747,5785.682170217013
97748,12673.173673481871
97749,12412.893834094415
97750,31944.618839728828
97751,6743.1113307921305
97752,6869.873914145578
97753,9887.60364585334
97754,16740.648604698512
97755,12469.331681789765
97756,11495.083429922233
97757,13995.531530027502
97758,9568.54537434535
97759,18040.351345290685
97760,17133.864309303244
97761,19039.317995413996
97762,9287.96175550366
97763,6948.2099734314
97764,12825.813148721547
97765,11113.91522308677
97766,20080.001690365647
97767,26660.32125336173
97768,19035.247983364156
97769,7928.422852351451
97770,11034.571052348621
97771,8691.487108602094
97772,16120.549034563835
97773,26776.23468283771
97774,22615.902863747244
97775,10055.99237000393
97776,13367.656341962662
97777,24235.83741800364
97778,10610.066708904596
97779,8861.660834675069
97780,27129.11970326367
97781,10741.942228320393
97782,19845.018683646562
97783,7524.3089699544
97784,19191.94867733514
97785,8522.389872382475
97786,17303.67102762621
97787,20936.73877916597
97788,9701.421955874532
97789,11957.254022867455
97790,13311.719831686452
97791,13096.550745824235
97792,17570.275821339907
97793,12767.24410086139
97794,5018.4358641004765
97795,14071.461869396102
97796,10541.018388749351
97797,12814.513308306025
97798,9395.220884325445
97799,13420.481842478799
97800,9726.59214760824
97801,8730.980725153993
97802,11178.137203191836
97803,7276.944704995153
97804,18303.440316393175
97805,6843.478258756384
97806,23189.19396666372
97807,12684.794455414161
97808,13171.24893561182
97809,8957.714958961265
97810,9675.610064058103
97811,26567.44310176007
97812,31105.48238771109
97813,12839.9866987805
97814,15420.967469405328
97815,7365.544842991829
97816,15660.172241643024
97817,23036.86517980933
97818,13450.879417683256
97819,3821.218187385639
97820,18478.08297570661
97821,14598.488743420407
97822,10062.161831232996
97823,19085.48246344999
97824,9616.458664434282
97825,17523.38537130398
97826,32224.45883772654
97827,15972.979754422387
97828,13607.0954316987
97829,23239.707776110386
97830,10373.584352487815
97831,15353.432409793728
97832,14319.647848921211
97833,20929.147232380525
97834,10074.385071458637
97835,9149.904355094905
97836,4585.7794935972315
97837,13587.482754698116
97838,14588.209275735011
97839,26687.895697498454
97840,12134.723494789318
97841,16720.130012361886
97842,6323.797019677423
97843,8682.648256872912
97844,18712.5959114319
97845,9074.054404751065
97846,24983.579325523708
97847,21847.69693933871
97848,14907.408582128995
97849,8658.331993899714
97850,14269.62264865166
97851,15299.91368690817
97852,10406.782864158464
97853,8341.746508198617
97854,29665.849109547984
97855,27486.01233790401
97856,11213.85070368421
97857,9830.359319200694
97858,14856.068734554805
97859,12934.941812891426
97860,9202.916241859242
97861,6723.3851259626845
97862,9173.844556663964
97863,8687.289368736563
97864,13732.825736816321
97865,14407.57656419147
97866,25346.98200113213
97867,17369.333239854368
97868,27114.504472787958
97869,13513.971077437734
97870,9653.42106242366
97871,6664.867747545541
97872,7797.461635422194
97873,12447.587113429243
97874,12718.406643144997
97875,21713.239914391277
97876,11162.446252196994
97877,13469.524529916307
97878,13428.066044316858
97879,15267.686542539188
97880,31159.582347141215
97881,3517.4316019881253
97882,12268.7046654355
97883,11438.468982163977
97884,9569.930148250245
97885,11123.76455741298
97886,11090.448622676464
97887,11451.652278863283
97888,20304.73809728749
97889,11359.94449485658
97890,12348.740104922412
97891,12207.975025067492
97892,10106.668808713468
97893,14238.741491554614
97894,7150.176016850584
97895,13691.381368507595
97896,14604.574423586657
97897,13412.344610559154
97898,12205.736374898974
97899,8844.358080648575
97900,7094.81717744825
97901,7780.42986018321
97902,20538.30043216441
97903,11860.674220355599
97904,19578.66447243109
97905,9518.492231586932
97906,18274.68371928598
97907,7093.484167978309
97908,12244.658196828887
97909,19144.62735789367
97910,8334.777619088898
97911,11874.548730170598
97912,5501.280700683242
97913,19299.301817192125
97914,10260.468525186276
97915,15675.465170914207
97916,6170.444408782988
97917,12187.720977570818
97918,23551.735571318844
97919,7811.85727924787
97920,8942.202217511403
97921,13375.795990694049
97922,13011.14324072792
97923,12331.93373415863
97924,12183.602170230464
97925,3431.4286372529677
97926,10077.302754714194
97927,6303.737092604574
97928,6996.517256558052
97929,19637.75295550406
97930,6946.766865483554
97931,10792.725271740659
97932,12386.915173522402
97933,24366.036892087526
97934,20523.17824670858
97935,9610.764665222861
97936,13738.469782834329
97937,8490.510632061843
97938,6677.413469219997
97939,16373.024438935216
97940,10241.306973320681
97941,10203.740550496448
97942,24665.55042264412
97943,24366.92696180525
97944,19139.810822146836
97945,9076.373004954845
97946,20167.732153016
97947,10312.610096673503
97948,8457.70342326918
97949,9552.370172431176
97950,17644.56940790443
97951,16878.369247769406
97952,12952.341067681034
97953,7427.830976485764
97954,6024.0871516267825
97955,12167.501917843576
97956,8063.407120584791
97957,9645.41177842077
97958,21209.141166437556
97959,17724.29077308086
97960,7293.297886480295
97961,13142.833576722613
97962,14961.401839563467
97963,6121.55575881285
97964,12485.684340470409
97965,13710.137545788339
97966,15853.084496052259
97967,15641.51889810125
97968,6813.682086113966
97969,24086.681555811134
97970,6934.598605684615
97971,49537.02472035271
97972,9318.216948409416
97973,8717.236667191075
97974,7408.418613202357
97975,7859.241411670868
97976,12106.041103394102
97977,11389.363803333412
97978,9870.306433932154
97979,11933.193072923727
97980,20619.9236364386
97981,9146.118206900086
97982,17025.352576605586
97983,10990.041802779635
97984,26808.471571595634
97985,6197.464206696655
97986,17736.73309047564
97987,11935.354625752032
97988,10533.893977603519
97989,16819.75973588573
97990,7730.895413164592
97991,8835.094912102657
97992,6987.592914261489
97993,9185.462934781091
97994,9211.059162934338
97995,13443.00236372801
97996,24310.41243975333
97997,14386.671550203224
97998,8747.329438101931
97999,10368.740195162463
98000,11499.127296515911
98001,18335.377784965105
98002,9339.184624202411
98003,21735.518119356148
98004,25524.96065529072
98005,13320.414604532943
98006,8163.860300588405
98007,14659.755867296819
98008,13374.310969348282
98009,12078.648447456035
98010,8266.565061376778
98011,8667.593585249491
98012,9795.830522832517
98013,6524.31433738883
98014,6455.790373062999
98015,7788.182538719498
98016,13343.66597058306
98017,21383.238541542632
98018,6334.361768259294
98019,9598.480283456047
98020,18828.44482228694
98021,24245.67595574863
98022,20791.79634136754
98023,32370.64752817005
98024,9618.35373105503
98025,16834.834242283934
98026,9908.561591358284
98027,1895.0181934110265
98028,9091.43957551858
98029,8241.248013512477
98030,22168.68894282435
98031,14597.783227407766
98032,7856.463424531875
98033,6137.534852472339
98034,14360.627461447268
98035,10594.776260662748
98036,12414.789074270264
98037,20949.424188473207
98038,24466.186349679254
98039,13721.307141699095
98040,9059.647801296143
98041,6175.312522806988
98042,18578.266274806007
98043,14255.784903155796
98044,7861.676121539629
98045,19154.587273858742
98046,14654.76236953086
98047,11903.564779464223
98048,14681.316220088771
98049,12664.680711679292
98050,11913.685651572723
98051,15274.221871776763
98052,6673.146429612954
98053,12009.021660888364
98054,8923.976148802196
98055,11763.851519423415
98056,26181.080307879187
98057,17674.662197946913
98058,6610.619630753846
98059,9466.201427554652
98060,11485.080038134147
98061,8435.649990914222
98062,13083.110340113115
98063,11915.899216110083
98064,7623.141126038044
98065,8787.78952098226
98066,5562.062564239079
98067,5494.22109907836
98068,13417.449521152603
98069,22200.266769525708
98070,8629.244203048023
98071,25636.717277266554
98072,7604.841156355097
98073,10911.86178300971
98074,20847.159326963832
98075,21504.321606605823
98076,6479.589565502383
98077,11330.22318997264
98078,29743.642440650423
98079,13486.125652763676
98080,7507.914650238987
98081,13430.077669750197
98082,8957.13771623604
98083,23225.352011964533
98084,12910.85391823036
98085,10052.719253315792
98086,11570.558908020526
98087,6707.4418383007305
98088,26871.891885322813
98089,9043.597041081639
98090,2684.5101390409673
98091,18968.94255741329
98092,8881.421812605191
98093,14076.987948024886
98094,21245.560578956283
98095,6557.993974396568
98096,7008.6939402241605
98097,9614.423466722263
98098,12091.199299057349
98099,10202.575032607763
98100,20182.566417435846
98101,18410.0916771633
98102,10240.666352702885
98103,7252.856456931027
98104,12319.845785371868
98105,12626.709495602972
98106,6830.351278583222
98107,8778.762604244137
98108,13261.533226133752
98109,24208.42898657362
98110,11068.279018641719
98111,7699.351071925014
98112,10808.244004410584
98113,8570.473689773455
98114,12579.415407833654
98115,10712.69802702198
98116,7315.647813028152
98117,22062.696431706307
98118,8844.59694324862
98119,13460.334587270921
98120,10907.544985054712
98121,8506.47463242793
98122,14615.37181823648
98123,15512.226582127641
98124,6968.926186672914
98125,6386.064620918305
98126,19730.964520145877
98127,9932.953815594672
98128,24959.36703258493
98129,11932.579582102366
98130,14657.88327673879
98131,12219.760213324429
98132,9232.158258412052
98133,13972.593882592068
98134,10826.056120260815
98135,12162.912547294534
98136,12668.288705000998
98137,10443.917810288065
98138,10954.813656711553
98139,21311.988328227326
98140,10000.45758572848
98141,14136.732036657295
98142,2396.031353435421
98143,10822.046813905512
98144,17783.856446250884
98145,15890.768537584105
98146,9271.937184829032
98147,8803.862060636695
98148,12307.549794573746
98149,3958.315721114709
98150,7741.908218560255
98151,6816.5061683568565
98152,11951.094903415305
98153,6761.055095441594
98154,8376.53181689571
98155,6686.769462923856
98156,12073.315549168929
98157,13373.27500446733
98158,14967.607361922092
98159,6676.773139801516
98160,18808.369405261335
98161,8432.130962521076
98162,7425.270002403935
98163,8456.215542766162
98164,4586.457946520277
98165,9996.857918816653
98166,19498.793840244405
98167,15414.464880703745
98168,18706.946916519206
98169,16110.820248311229
98170,6752.9551886788595
98171,18283.51280311177
98172,7919.153531267171
98173,16511.143273228085
98174,13335.772172753921
98175,11946.859935123226
98176,5530.155627409191
98177,9361.022098354126
98178,7850.651507331957
98179,20819.248654037587
98180,13082.103987644317
98181,12100.332844959776
98182,2279.2157525957787
98183,5447.250640092206
98184,6199.733386954456
98185,10503.551200107726
98186,5159.979449866354
98187,12007.758199466902
98188,12633.635890633013
98189,8886.903109985153
98190,6530.740864851538
98191,12679.385831164072
98192,12023.77853058701
98193,46810.18933818927
98194,10756.970311252777
98195,6896.72103121494
98196,8051.378807115339
98197,18890.61703273094
98198,10755.332688693454
98199,7513.099747179973
98200,10770.575492654927
98201,36149.73296737463
98202,10742.986688071462
98203,7236.845713070925
98204,9299.995882500476
98205,5257.241522194093
98206,11933.193072923727
98207,9068.342994434666
98208,15575.758956773123
98209,12416.32987861157
98210,13426.912360779254
98211,13065.131072705131
98212,6680.373227544471
98213,17533.034493077437
98214,10824.012010056564
98215,10750.446874774294
98216,9610.173920148369
98217,14528.47474717247
98218,15324.44727820262
98219,12104.537504913835
98220,22205.146102501778
98221,9765.653421746852
98222,6387.163042592518
98223,4636.58734490563
98224,20216.7493537434
98225,9285.71324133873
98226,11570.340008717409
98227,16420.860792355328
98228,8114.752058686515
98229,11840.46934907815
98230,11719.224927651332
98231,24192.74916829163
98232,9675.63380851618
98233,9727.435998033341
98234,14890.566326876538
98235,22112.31634720602
98236,20811.523693605428
98237,9226.751446396
98238,9476.398184065969
98239,9003.56491026523
98240,7366.556682070192
98241,12836.497241972402
98242,13611.797132331629
98243,16777.304370166334
98244,6808.6846295754185
98245,23958.689084483027
98246,6958.049776167662
98247,9634.705256819627
98248,6806.920046191988
98249,15585.010371292552
98250,14204.544682099378
98251,19428.657384189137
98252,8805.590065647415
98253,10117.071322486428
98254,6903.051573382338
98255,10494.968525374014
98256,12790.281693576764
98257,8883.08529810941
98258,5991.343686114078
98259,9548.346137312594
98260,9963.442483393137
98261,22087.982745099755
98262,21998.335211780195
98263,19370.410272144734
98264,11562.939944833268
98265,5321.762385494736
98266,11165.445066100348
98267,19677.36211295476
98268,10891.048114994655
98269,9128.481429167776
98270,10423.313452352248
98271,7494.968010927056
98272,13496.620972314468
98273,9454.832745600363
98274,2280.7214260311102
98275,8999.684729222965
98276,9588.170957981849
98277,3562.5519192122965
98278,11093.879318729052
98279,20791.803566842784
98280,8856.296767754331
98281,20318.79484283285
98282,10522.199621180445
98283,6900.510870171225
98284,21265.52427036749
98285,20532.425645650277
98286,5865.574920500594
98287,9918.592279313956
98288,12627.029668488172
98289,26899.99969468903
98290,12620.595389742002
98291,11755.674362495476
98292,7381.170548604147
98293,8826.971272149909
98294,8778.852666797313
98295,12737.994073655025
98296,9763.01493605662
98297,9414.759845481727
98298,11524.485459556048
98299,17635.169970875435
98300,17707.1087905786
98301,30661.209521841127
98302,7231.8313228741445
98303,23160.533172062285
98304,20307.625566984774
98305,13885.949481076084
98306,8968.12898507381
98307,6889.771117728412
98308,17628.8854856388
98309,8549.816049228293
98310,18425.802643277457
98311,12806.5326350125
98312,6530.563621321005
98313,7682.372832420919
98314,10413.63777527622
98315,5231.571402260324
98316,9223.717011214188
98317,20368.398074290577
98318,10820.829396172398
98319,12414.99177023477
98320,14373.851818491363
98321,8579.056986925025
98322,33760.62386880778
98323,11075.833084852702
98324,7326.657090539966
98325,6936.776039092051
98326,48847.33316291019
98327,10834.549934541976
98328,9184.234396060714
98329,6214.500871235106
98330,6578.777390135621
98331,7429.411721578415
98332,8573.412156480143
98333,12105.187748500448
98334,43422.465866272236
98335,8997.079530482262
98336,9234.095747495676
98337,9523.280436579265
98338,7749.302477854162
98339,7747.306135545422
98340,12915.627380218222
98341,10000.264356167356
98342,17662.515335082862
98343,11718.929012552582
98344,3112.883364614864
98345,7956.7835921352225
98346,10093.884605272924
98347,6957.258690089835
98348,14715.805360318758
98349,11506.521551788072
98350,12425.665308979842
98351,8748.348407827552
98352,10316.199129864202
98353,14180.0859289879
98354,13265.173379237647
98355,6454.764472179668
98356,10424.35140634323
98357,9742.742369206671
98358,6460.023110548812
98359,13010.476523925587
98360,7118.710986989492
98361,12811.459344085644
98362,2731.013503927664
98363,10684.23735795769
98364,10320.499283240199
98365,9265.95055831916
98366,9919.090243279334
98367,15653.851209167675
98368,6610.556342726388
98369,8845.58041592745
98370,17580.606883293425
98371,13772.516064888812
98372,4104.3556287251295
98373,7745.669726439699
98374,22742.64866450143
98375,19414.300113839716
98376,15356.337753118085
98377,10430.99067144019
98378,7904.172442077841
98379,6561.171020045431
98380,10738.414882546018
98381,19227.389476621833
98382,10315.09445220864
98383,48946.44070471385
98384,7922.9095330047585
98385,15430.11797584605
98386,15979.451092930769
98387,20621.985508677626
98388,15072.434690066388
98389,6448.948347694073
98390,15050.524122122613
98391,6334.050650195765
98392,9417.597576570039
98393,7352.955200657258
98394,19272.106552568148
98395,22560.53431398939
98396,7443.058545065817
98397,20185.113348466017
98398,7565.799634130437
98399,23011.845458619187
98400,9717.158390467173
98401,8547.411889075955
98402,7030.185263429721
98403,9106.079693424483
98404,10111.804630261151
98405,17794.9721372555
98406,17722.838039888786
98407,3519.4641318874037
98408,4036.6577273124058
98409,7633.732264298926
98410,17262.374502296447
98411,7645.7822479636
98412,8938.269145465532
98413,17372.574807075696
98414,7754.37747651523
98415,12413.485625782472
98416,8671.845106422024
98417,8005.874900089271
98418,6717.5347740176185
98419,10324.620618820813
98420,8572.657498353936
98421,13468.584793687762
98422,7243.260873585649
98423,12922.306767468537
98424,8962.493037621229
98425,14260.215871652894
98426,8638.465452608863
98427,9415.564591000506
98428,18742.158423365596
98429,13202.345602635956
98430,9763.580076648857
98431,9576.973108783666
98432,12682.84399804221
98433,20248.570880936604
98434,12036.926422346987
98435,13474.597314527122
98436,21738.370418349376
98437,10146.004632796295
98438,7529.907069298097
98439,8296.406732877584
98440,15282.031926780957
98441,12347.60683879973
98442,22687.35817678952
98443,19018.365365211725
98444,22307.56304547846
98445,12211.845551592009
98446,9161.782840619635
98447,7060.866880739606
98448,21235.243318348035
98449,14207.068646353047
98450,10424.253248721736
98451,9016.195896349005
98452,24956.096569856643
98453,8640.702910100981
98454,9946.785748086115
98455,11943.339236913329
98456,24529.40712215418
98457,11137.021698419052
98458,12722.076236344528
98459,9365.632273428098
98460,8842.902938751291
98461,23637.344978812835
98462,11389.239936327454
98463,22167.613912444594
98464,13823.956829008715
98465,9248.062520010402
98466,15045.37983376069
98467,7719.247380713883
98468,9232.503942793386
98469,18964.60258865382
98470,9659.83631257273
98471,18623.737680978214
98472,10859.380846730728
98473,11607.400976374834
98474,6292.337636893004
98475,7072.355476138135
98476,8003.060625372466
98477,10364.544563143656
98478,9087.905951631406
98479,6668.72182835124
98480,10821.812873129205
98481,6173.951820159634
98482,9583.871992898581
98483,24079.539111871218
98484,24405.618596274242
98485,9628.382555969509
98486,9518.90983804079
98487,13372.004775051519
98488,10053.85735010657
98489,11375.61779395942
98490,9911.112143317096
98491,21362.374969772714
98492,6388.377042383336
98493,13753.673947645279
98494,8789.316455709391
98495,11192.38572749495
98496,8205.121559961855
98497,15008.177926443426
98498,7886.1376409213935
98499,9647.226734709682
98500,7770.7855718581395
98501,9009.82371832478
98502,5917.6710586779245
98503,7761.177854479936
98504,22124.960788932385
98505,23095.953522443015
98506,7280.153376124458
98507,8134.086146046651
98508,10374.404655890681
98509,6456.331210119779
98510,10836.261678115352
98511,18077.357301375763
98512,7005.823638337533
98513,16290.585778287508
98514,11347.195302893731
98515,23030.82148953335
98516,14742.67892998573
98517,21023.515012193195
98518,14642.40894741543
98519,6870.686478086799
98520,13268.718193842924
98521,10870.370041968534
98522,10007.294327409047
98523,25010.788024835347
98524,8843.198434073314
98525,6673.04103439338
98526,13801.040019418095
98527,9810.166892591038
98528,8790.321094130857
98529,20998.051875243786
98530,8862.165461345567
98531,12908.647868930864
98532,12352.833506592793
98533,13640.614943580384
98534,10264.498432685183
98535,4580.454894651347
98536,6846.050468864704
98537,16335.073375983327
98538,8565.789523533329
98539,17601.44581889799
98540,6740.73337123807
98541,28254.08261917754
98542,8886.47523115655
98543,14756.77515727247
98544,10839.590702306434
98545,10036.128231375566
98546,7825.066340335656
98547,17883.043836668166
98548,2799.367502088685
98549,4863.635623817456
98550,12140.582761622822
98551,25994.57611107802
98552,14110.047695343805
98553,10058.732246465026
98554,2037.5469266454875
98555,19223.49646094793
98556,12471.713299017661
98557,9628.103990254538
98558,9615.440762673154
98559,9865.7127839017
98560,2045.8416742241202
98561,20406.584529547523
98562,9231.310396034112
98563,13710.699269799816
98564,7584.591987879992
98565,10292.406042559593
98566,19415.615889856846
98567,7982.460930995627
98568,7493.96024373492
98569,19180.413335829195
98570,12728.74734957183
98571,10122.991701752122
98572,30304.71772482496
98573,7658.101653920436
98574,25410.675348936486
98575,10792.908636986838
98576,9172.400689990754
98577,9256.865822719588
98578,13332.325865484476
98579,8261.352395398393
98580,6056.97607489966
98581,9214.196399971135
98582,8120.25088330666
98583,13062.696700994813
98584,21924.57305328954
98585,7920.07483662811
98586,11704.47692783674
98587,6160.049018362868
98588,7341.240830924001
98589,20660.89948355695
98590,12542.793226922202
98591,9576.684334709906
98592,22082.41936480894
98593,10065.551671308023
98594,10035.579759494587
98595,13833.490148001352
98596,7581.814841799181
98597,6189.065782177653
98598,19663.354848335977
98599,22149.558149535344
98600,4130.066381902934
98601,10744.233652840066
98602,13164.836922202969
98603,14138.843018530588
98604,8864.626096619591
98605,26757.891791001843
98606,15612.571249456842
98607,6578.967115914746
98608,7233.955890410349
98609,14980.437824555931
98610,9777.12840884386
98611,4425.82070355864
98612,12225.345391525268
98613,6167.0996770917345
98614,8898.386420903882
98615,9824.352331452994
98616,8648.388350066196
98617,10802.235426052423
98618,23198.742384583325
98619,17014.697008027688
98620,7949.091359918597
98621,8354.954999647878
98622,11771.284242753944
98623,10186.77995149341
98624,6005.839336101724
98625,6627.0797812204655
98626,7633.307889182813
98627,18468.87264973716
98628,10985.922292124878
98629,15500.359117096385
98630,6122.913152832558
98631,15265.429061514433
98632,24469.6524039143
98633,8390.419613760807
98634,8828.252667523388
98635,14248.870761478724
98636,12922.910966964937
98637,10685.899882074216
98638,9580.458229953932
98639,7462.661723929622
98640,9384.464014863497
98641,21818.11258918609
98642,14713.855349124507
98643,13655.5559695599
98644,8005.552294012471
98645,22257.16370750034
98646,13104.83027702096
98647,8532.167911993856
98648,9493.838132261755
98649,9686.375305735919
98650,6060.789478726244
98651,7060.6352827462115
98652,13698.039794360344
98653,6789.709674123387
98654,7759.268469318564
98655,11358.64324975951
98656,15209.437397969306
98657,9326.341879319782
98658,6800.426112985852
98659,7582.539933729204
98660,11261.91164448309
98661,9678.038586717637
98662,12714.938986152876
98663,10693.026030775407
98664,22063.32455405454
98665,12176.224856199626
98666,9068.796678342309
98667,10941.868323338627
98668,18220.749612506617
98669,9270.667228765426
98670,14726.224085782227
98671,15845.48796142143
98672,5903.074360190236
98673,9275.81708338473
98674,12662.303560894557
98675,23040.233216140598
98676,12001.005344614572
98677,27874.864675566525
98678,9576.390231243751
98679,7493.502161665108
98680,49800.35215683357
98681,10833.541403476751
98682,10237.91816579204
98683,12102.122744178567
98684,21376.98828983656
98685,10757.960664468468
98686,24911.28761426198
98687,8002.616859867039
98688,8885.961538431722
98689,11909.770580501143
98690,9437.439240579391
98691,7644.744802866803
98692,20565.357488786743
98693,7834.611756152798
98694,14905.839132953035
98695,15943.465050605326
98696,14166.726704957033
98697,15852.549703358414
98698,12220.41587837556
98699,12855.516544389739
98700,18040.289447213312
98701,18835.131844156545
98702,9518.817798908733
98703,8931.782331739052
98704,23152.769941202398
98705,9669.008708767848
98706,17590.54935119495
98707,24182.120967148177
98708,11487.299356797681
98709,9208.459916304577
98710,9256.906342601935
98711,14386.151547279955
98712,21159.53144117927
98713,9571.854705880785
98714,10394.421989320914
98715,7524.082577615081
98716,10856.349705431147
98717,18737.028355137292
98718,14539.839302684704
98719,10246.479276376092
98720,8932.96916158595
98721,19413.830936197926
98722,4422.304911693563
98723,9004.347209327123
98724,15102.409866193002
98725,26844.35354752145
98726,12356.76970724791
98727,10542.753940634522
98728,9398.113120347052
98729,21940.846557808894
98730,13536.580951613729
98731,7867.0876258390745
98732,14276.953447617932
98733,14798.925831318553
98734,6911.052394523036
98735,13191.672213386253
98736,15008.16015370834
98737,22095.214326660804
98738,12519.0341298506
98739,7472.934062095535
98740,6919.325383521828
98741,23024.106672298334
98742,12904.167774983762
98743,10784.5484586078
98744,13598.449312474964
98745,19261.167102319185
98746,11969.646592641162
98747,10304.534993348561
98748,21944.043260456434
98749,14361.551853321193
98750,9779.108450320764
98751,25267.70744634026
98752,24433.063659883675
98753,7664.758293540638
98754,25167.37985976209
98755,8305.116624353544
98756,9898.680793189647
98757,18856.4572061594
98758,13960.65157684894
98759,8862.920977260603
98760,12663.784039348098
98761,2149.8887935327175
98762,6749.376097203402
98763,4647.076485382213
98764,9613.99678336694
98765,4933.530865240016
98766,17321.13834455502
98767,8521.420668045166
98768,4107.412072726533
98769,12592.771588956253
98770,25113.335080269142
98771,22121.998512802318
98772,10232.223410574248
98773,5916.92206261368
98774,11933.930110313118
98775,8058.733493492768
98776,7379.319157501641
98777,15396.996897958774
98778,19040.090016553226
98779,16770.784692083304
98780,21913.051524929273
98781,24198.36271121316
98782,9249.937421691206
98783,11554.840103707527
98784,9234.297735190257
98785,7310.559775149274
98786,1638.272963764034
98787,10472.113271050068
98788,14059.092314751513
98789,13716.785448679937
98790,13962.813772861136
98791,12102.829910869848
98792,12398.368215606368
98793,8541.346300426325
98794,8508.921516790402
98795,12404.117330370358
98796,12430.237155639099
98797,7035.526465433881
98798,16260.705152312885
98799,2581.4019754652813
98800,16386.258959937724
98801,15104.255844242782
98802,20419.79054969734
98803,10852.63288179557
98804,13500.727966644085
98805,9219.998458913156
98806,6535.480521877584
98807,9575.092006691237
98808,23044.43650905929
98809,14826.954173532391
98810,23403.920485752038
98811,29349.10824354135
98812,12830.72196722398
98813,12623.264106406485
98814,2693.295528785617
98815,10415.199418881457
98816,7009.208722365937
98817,13707.656890560476
98818,24496.98925676247
98819,16556.893048084996
98820,18647.559414249976
98821,11742.076814513224
98822,10793.697694382965
98823,15145.372371369493
98824,7748.756507374937
98825,5910.875782121459
98826,9209.38263141756
98827,11706.047177894943
98828,22534.885545164565
98829,14386.859862963609
98830,30184.34067376279
98831,7327.549826495679
98832,18689.435664651024
98833,7417.830764622897
98834,22889.73614045255
98835,23978.563599820733
98836,10113.967565360623
98837,6125.943828434489
98838,2281.9424543832533
98839,21085.44520800246
98840,21247.716650740847
98841,10201.18257252613
98842,10203.347912943069
98843,9286.609449673546
98844,7781.8576446699535
98845,18123.828798092476
98846,24264.02340665409
98847,10464.23665260812
98848,11981.8166299745
98849,8505.750875492915
98850,14447.435130094684
98851,18919.94954843346
98852,23894.048236454168
98853,23200.387919884062
98854,48563.239405409935
98855,10068.187508792134
98856,14767.166155694078
98857,25973.410943921648
98858,9926.17501015569
98859,22701.927133593425
98860,12236.373749646988
98861,20560.49610970577
98862,7234.308326902362
98863,9439.67361458507
98864,12200.123833270192
98865,24887.453915167076
98866,12102.122744178567
98867,7982.903328728926
98868,6117.3430264994095
98869,12559.265041683298
98870,6722.173982015216
98871,9918.174806008761
98872,12825.429002684981
98873,8408.609111801092
98874,5931.710089696724
98875,27353.71919559731
98876,4697.579747650716
98877,21641.47449871144
98878,12202.351282026542
98879,12782.579908909767
98880,8604.572302922086
98881,7571.738828070629
98882,21951.543017822747
98883,7438.91479587888
98884,8864.466038361767
98885,7777.0396248700945
98886,21141.63357861461
98887,6911.051682362402
98888,10435.110629694915
98889,7907.704214427031
98890,17185.835958498013
98891,20783.77935447162
98892,14265.800754214113
98893,8948.497057843486
98894,7379.811830560577
98895,2444.948254576517
98896,5956.349628868539
98897,8043.850600465283
98898,6852.124076456554
98899,13109.719099496622
98900,19490.28720941621
98901,10641.710031782379
98902,11956.08913897087
98903,11312.680082799925
98904,10849.553553236128
98905,13290.498036742172
98906,6736.425826469944
98907,24801.041008872813
98908,8909.526742242817
98909,21022.728288231287
98910,7662.84034404446
98911,48479.19033219514
98912,18809.486600759592
98913,6813.172598522383
98914,9317.061215781283
98915,12746.23895250605
98916,8450.297014132302
98917,24144.93617757631
98918,18048.714423068694
98919,12000.949153649657
98920,10852.618536420727
98921,13807.336887662315
98922,6945.270857034515
98923,9578.627847841286
98924,6500.228074742161
98925,14776.999275232478
98926,9920.37450459401
98927,8270.13201323586
98928,21519.748941332935
98929,8940.21060682643
98930,7740.031004281943
98931,6990.856786046984
98932,24265.627734710382
98933,11054.412395629664
98934,15894.443840799833
98935,17291.368497741358
98936,10243.198416231882
98937,6493.148644446306
98938,12923.084577478117
98939,19570.89516469612
98940,9395.247284508028
98941,14474.1737320569
98942,21220.80328741118
98943,11093.711722325823
98944,11706.87593010904
98945,5484.922789764418
98946,12003.615603654245
98947,17856.641188915826
98948,17618.480168535956
98949,12599.525221647646
98950,6953.9834819201715
98951,25012.86872547876
98952,10458.531020582544
98953,6609.322932514004
98954,9250.15344236339
98955,15780.420224160838
98956,20392.01087624677
98957,7002.531454794793
98958,7742.259964958681
98959,6855.307142968573
98960,11686.522608677025
98961,9299.38047893264
98962,5488.272434742381
98963,2213.3655552450846
98964,6956.514435117037
98965,9198.84528205247
98966,12844.179668041625
98967,8844.0336150224
98968,18402.799169647722
98969,7742.762313538031
98970,10502.62439545325
98971,8302.149831481169
98972,20091.795851632953
98973,18003.567494653496
98974,11847.53911532232
98975,24900.596496798837
98976,11919.313634708853
98977,31590.811982905998
98978,18876.66270127789
98979,13398.797117771155
98980,20941.993228743704
98981,20154.713286869464
98982,11512.279460334805
98983,9935.156163323722
98984,24976.816136060712
98985,19012.348344283662
98986,9186.356424843745
98987,19495.68031994681
98988,17321.624252209815
98989,7192.367774658304
98990,9593.14391925105
98991,10081.384341364474
98992,8117.163645644974
98993,21023.754744384318
98994,9453.538143242225
98995,25045.87246958593
98996,8895.74840998644
98997,16679.607765638015
98998,7851.647846576718
98999,9053.167022236983
99000,13700.09433145051
99001,9907.811615592476
99002,11025.612499007339
99003,7592.012052393528
99004,12004.351188922526
99005,13493.306635514304
99006,26181.835406159058
99007,23249.919158662047
99008,7659.142723359713
99009,32091.654684148652
99010,8897.870881582385
99011,12704.53196943226
99012,13806.040999906498
99013,8888.662734449128
99014,31253.99612899148
99015,20510.15312073375
99016,14334.22194810453
99017,5857.494222083301
99018,10413.889215178568
99019,9448.750699817083
99020,6917.383520728988
99021,26953.666001616562
99022,11069.682708055381
99023,24209.391934429266
99024,8766.179739141078
99025,6186.5790690685335
99026,15765.341321188691
99027,16703.4282030403
99028,9641.806487821275
99029,15575.335950830507
99030,8780.402800558728
99031,25104.434799619994
99032,6065.022186063392
99033,9643.526607089369
99034,12065.25383472327
99035,11905.31869831675
99036,25351.104250424352
99037,19127.420146393422
99038,21858.1190259949
99039,10503.302013437717
99040,16886.16656735614
99041,7707.71002110249
99042,10228.642970837143
99043,18984.978316385466
99044,15253.595245551638
99045,25141.321636426386
99046,7439.394259097518
99047,7152.669016765525
99048,9094.4210229727
99049,9606.038390787604
99050,10233.68430467528
99051,7060.406844183536
99052,9273.575464368148
99053,9390.876776106918
99054,20192.399111177037
99055,8606.904967415518
99056,9134.863730183952
99057,12585.799255980128
99058,26987.217934753586
99059,9017.318754879203
99060,13034.010847881978
99061,13166.40047489
99062,5980.150990178635
99063,8814.345301064715
99064,25008.351634882332
99065,10064.631431278865
99066,9582.704083674547
99067,19406.743313587547
99068,12709.645081110151
99069,7170.823232684137
99070,8143.484943173063
99071,11482.974764786253
99072,14705.39662299376
99073,12934.748558674117
99074,8104.879155225473
99075,15315.988384210745
99076,24072.51906374025
99077,11772.72023800308
99078,25354.039540538186
99079,15048.482802484315
99080,6986.2937718988305
99081,9389.561539769522
99082,13852.15968071941
99083,9603.396611563485
99084,13749.73179969806
99085,7088.561147251461
99086,8221.904470440082
99087,7814.319996488935
99088,10314.659203048905
99089,12221.686960307787
99090,7194.38783747
99091,15723.583435706261
99092,17282.757362691795
99093,9408.772729949964
99094,24086.591767596852
99095,10374.404655890681
99096,11671.708384866988
99097,11005.296589679498
99098,21565.436186360326
99099,10067.794107731002
99100,6174.096527034966
99101,8914.398617400351
99102,10521.717813638776
99103,6596.356288219022
99104,12767.690608001143
99105,6358.397279680631
99106,20523.168110266874
99107,12139.082636896881
99108,14198.85451101305
99109,12415.087697627241
99110,19337.010167923465
99111,7387.387824670219
99112,12424.60604628851
99113,13547.588247381344
99114,6197.72327285495
99115,10006.402981405898
99116,6926.622122802741
99117,4175.851999371547
99118,22200.38896324855
99119,12536.003870009084
99120,6420.602702818857
99121,11719.440770247027
99122,9272.072143725565
99123,8865.583346139225
99124,7988.2030117806335
99125,12734.662098799443
99126,7889.276287900084
99127,4467.421763725599
99128,7649.15333907198
99129,3341.26865305473
99130,9910.187904223363
99131,17651.785214996366
99132,7688.257275221943
99133,7152.665906583727
99134,22442.21890109696
99135,19270.73739731754
99136,10752.109693614064
99137,6178.030679770707
99138,20808.16075695368
99139,13404.733326493915
99140,8577.119069975628
99141,22117.52419116121
99142,10807.146057108252
99143,7087.999625313414
99144,9595.405717687754
99145,27286.741319098444
99146,18814.597778467167
99147,10667.938150435359
99148,10057.911685016386
99149,8492.364176577412
99150,44436.77338747594
99151,10323.69348536739
99152,8371.43977467673
99153,17438.53405488663
99154,7420.927026912619
99155,11025.323646329698
99156,8364.192905856473
99157,9772.942688553252
99158,17459.211163853346
99159,21133.972889395103
99160,3111.607375091854
99161,12809.099030671227
99162,9938.963147391676
99163,6699.581655984499
99164,16838.525594842562
99165,11184.32772062843
99166,7955.4411944452195
99167,7843.187503515423
99168,9354.020559239783
99169,14128.145238487963
99170,6031.735670360237
99171,14011.180600700389
99172,9693.92949853758
99173,10360.393678792107
99174,12625.357589157988
99175,7832.393469799434
99176,12251.09728670134
99177,7343.808161502682
99178,10946.65814988588
99179,9441.656385119255
99180,11128.472226960337
99181,7169.138497259517
99182,17125.13011656273
99183,4894.582752847762
99184,12278.944441118862
99185,6982.111476042599
99186,11451.976234881475
99187,8189.329331173455
99188,4068.8643432905346
99189,15140.477179934845
99190,9749.759109871326
99191,14751.281095511918
99192,21533.625481835603
99193,13419.54367303388
99194,13764.104679792903
99195,2309.3847777611454
99196,7161.474688894174
99197,8047.5112976387645
99198,22935.649639215626
99199,24468.041904975304
99200,10156.810956197092
99201,29999.45906428573
99202,12572.606706042701
99203,8970.389327122264
99204,14223.958200820016
99205,19416.71258375179
99206,11546.130427768057
99207,11597.165489200475
99208,10424.056213696364
99209,19149.965948827266
99210,6983.233687328695
99211,7837.178191317847
99212,23941.159897691658
99213,8299.341064568313
99214,11352.399631027714
99215,11112.357612666961
99216,10376.848378915061
99217,10963.08395767756
99218,8388.481185741202
99219,12373.908138938783
99220,7999.1210094497865
99221,9783.464929667207
99222,13065.131072705131
99223,8943.15433789882
99224,7466.1079693469965
99225,10422.310173782667
99226,9112.144757782122
99227,9263.772338250332
99228,11506.438725975131
99229,11935.391563788522
99230,17981.221242793727
99231,18039.82163100121
99232,12280.79826255468
99233,6669.2263883662345
99234,20638.547942909594
99235,24861.531019606817
99236,8856.698897470022
99237,6738.338383839682
99238,12227.89374035236
99239,12163.98002132243
99240,20529.926903058804
99241,5176.183399545966
99242,7691.6031324988235
99243,19584.78857263519
99244,9868.393989803455
99245,17803.31003811249
99246,13777.43639600789
99247,9098.431484811263
99248,8886.881333581307
99249,8642.392100789082
99250,9569.416950412113
99251,13038.269216964407
99252,21079.902475872474
99253,9451.064072608686
99254,23929.58839853442
99255,20483.57159834048
99256,20569.695829254564
99257,8719.288242933831
99258,15812.397270626425
99259,7809.398047025572
99260,16753.125581175722
99261,12426.59936619208
99262,11300.317083103659
99263,6445.437624480543
99264,18711.01465790581
99265,12301.37062440643
99266,10381.351735670354
99267,19541.473083941753
99268,10384.023031653971
99269,8806.37369469383
99270,8849.864839160002
99271,7752.106986922907
99272,13681.443109873122
99273,23278.137904737316
99274,3475.578441929517
99275,14251.764444421748
99276,11126.726963833773
99277,9181.968608502912
99278,10821.832162799055
99279,4625.427874150782
99280,22114.593167265513
99281,15677.672211223438
99282,10133.035676760479
99283,2520.167504880452
99284,7910.009104227375
99285,24753.517436056245
99286,7469.148335113098
99287,11527.454069039619
99288,19984.57952031502
99289,16592.032528966476
99290,7994.853222954904
99291,6393.264968663476
99292,18879.446413262875
99293,11428.568493069548
99294,21762.914072642146
99295,13460.900678308608
99296,14878.602632963855
99297,6191.052746668638
99298,7306.843214690702
99299,9628.66147422039
99300,32280.349442021936
99301,6684.958778103781
99302,7831.828927132632
99303,13788.813184767057
99304,10501.991295683809
99305,6138.934758222209
99306,8175.777381381842
99307,13069.049839826996
99308,9672.98841499856
99309,12513.786656436203
99310,6238.454655860143
99311,19274.644165758316
99312,7757.710296642764
99313,7390.182800843495
99314,20722.5702424364
99315,8907.61053540277
99316,13044.16957018811
99317,21193.221342255187
99318,10840.603829393456
99319,14571.809635515729
99320,7404.835237303013
99321,10269.847107596985
99322,19943.141508044628
99323,6772.765886308033
99324,7944.283552146523
99325,12241.136858323276
99326,7208.914469617086
99327,3380.629313629397
99328,20836.41017294397
99329,7909.008267469504
99330,6316.812311998656
99331,7852.78502912431
99332,9614.168782872099
99333,13212.123266435685
99334,13076.51656549199
99335,18330.432979574492
99336,7248.51016017047
99337,25147.58677005993
99338,9275.914079833472
99339,13921.068255281218
99340,7673.130238896745
99341,9575.003490936298
99342,23846.74966801233
99343,12203.650966850184
99344,7196.445251161166
99345,13361.445627417512
99346,13280.240178486605
99347,9820.618203479917
99348,24456.973054976872
99349,23512.560731079044
99350,16498.865955587105
99351,13299.71828348352
99352,9480.013253314803
99353,14878.005388937137
99354,8452.426174092885
99355,8805.967688610022
99356,8857.736951039926
99357,12226.964441248365
99358,6103.671359816939
99359,7579.625661576355
99360,13999.342398494136
99361,8895.67857181399
99362,12244.131950748735
99363,10517.977827672283
99364,12400.2576877625
99365,11885.324960213196
99366,8972.199248442612
99367,15523.538002906376
99368,15852.357098884937
99369,11136.248252385481
99370,22018.35461045735
99371,13341.46002626049
99372,13602.9427366399
99373,6764.501455692889
99374,10634.744459511016
99375,12206.201095473956
99376,22515.53189297161
99377,10545.823044443136
99378,7004.77847533081
99379,24337.99553208949
99380,6619.251081203674
99381,3673.0160554340046
99382,20787.504628309565
99383,9801.776296286862
99384,8997.921182095704
99385,24964.361259216865
99386,12740.95115566911
99387,32901.78492839775
99388,11767.238990132202
99389,23652.300041933773
99390,29107.293672973145
99391,10800.623370623318
99392,10430.751814656056
99393,10861.801299807423
99394,9267.462885979938
99395,7219.727245565083
99396,12932.96764672687
99397,10783.083744801372
99398,8833.785364272964
99399,8344.899143203942
99400,8389.457556060312
99401,25069.457065666644
99402,3087.611757097078
99403,28564.712355352614
99404,13192.702391799969
99405,12993.896889195414
99406,10084.043486964028
99407,19088.84318870183
99408,11754.017970467257
99409,8578.724973979693
99410,6634.989791869306
99411,7104.760616404211
99412,10407.936853928406
99413,7281.083660738596
99414,20294.37778945843
99415,10315.10209789612
99416,11746.854616470364
99417,10284.147437871852
99418,10890.339540593506
99419,14316.009783619993
99420,3378.9562030776524
99421,11768.359707606622
99422,19626.77524830064
99423,21405.328128948262
99424,7020.787734281372
99425,13475.840044398963
99426,10385.25289069118
99427,7392.767964764054
99428,5575.30240534521
99429,7423.396353638811
99430,11386.795116165973
99431,9132.260266595247
99432,9923.730089198876
99433,7198.823855599503
99434,14212.743021174472
99435,17045.94863503485
99436,10167.338663061768
99437,12114.480314900084
99438,7917.133177131436
99439,17483.509058117
99440,22539.271643643722
99441,14547.372980192495
99442,7107.459545108253
99443,16210.839198073478
99444,5896.277465389043
99445,11841.446512428764
99446,17726.922264525845
99447,9123.784342190553
99448,11708.065576166267
99449,6494.72311442797
99450,6533.417201427221
99451,7679.18283864784
99452,22811.181253704082
99453,23307.10221599082
99454,21675.199645284818
99455,9020.328942633168
99456,10330.52041545508
99457,10170.683983502367
99458,8086.983835377185
99459,13796.715220851882
99460,7165.379289419972
99461,9605.987691887598
99462,9930.376607010585
99463,14917.526412224364
99464,11940.181433594946
99465,12734.426264768372
99466,9894.206118517852
99467,7016.659864085379
99468,3633.700597145974
99469,15575.179834300438
99470,9528.12208252625
99471,6800.232603867746
99472,6106.393393545596
99473,9639.300451357132
99474,11962.12563462758
99475,3495.4882565822327
99476,9831.399628234443
99477,9604.779317498103
99478,12219.369182081347
99479,6094.005204018732
99480,7507.113965298718
99481,29539.27734391982
99482,17776.433754688034
99483,7162.098587316657
99484,4264.828294626322
99485,7423.657969247613
99486,8881.733517786504
99487,28355.77942607048
99488,9157.279244401143
99489,6821.88797162831
99490,7753.893839130862
99491,20456.67020497474
99492,21117.681513908832
99493,10064.644998003092
99494,6848.938138676187
99495,7051.962110997318
99496,9723.820839829874
99497,11236.966645157898
99498,9562.317876718032
99499,6432.742876958799
99500,6411.3590538879835
99501,9049.942907333132
99502,6166.748271145709
99503,12189.883976149782
99504,9698.256720563175
99505,18994.391505393134
99506,9034.150473455184
99507,19533.41967305705
99508,7389.431545220161
99509,24313.644622923577
99510,5173.622652747582
99511,9496.46496874017
99512,18002.679874631976
99513,13851.652715020937
99514,9896.045489733004
99515,10812.860612362821
99516,11108.234283424477
99517,8780.129162528407
99518,11173.045567917608
99519,6711.403316534552
99520,8474.268292970446
99521,17491.638208622095
99522,11043.217151842713
99523,10776.372897001787
99524,22990.865823812197
99525,11359.521394756244
99526,12264.654429249184
99527,13624.307201920634
99528,16175.891400562115
99529,11537.145265538395
99530,7270.265778321118
99531,11586.508208482863
99532,6736.397430085158
99533,9860.066351175457
99534,6639.61413839725
99535,7810.992777740567
99536,18705.396880361644
99537,11109.87421264571
99538,14580.922849897743
99539,6546.261426301657
99540,11719.916675134304
99541,9709.477410521202
99542,13330.134195452425
99543,9257.34889737702
99544,21201.991454083614
99545,20288.905164421216
99546,11940.519853420239
99547,18036.222764420774
99548,21940.899466257953
99549,10833.067872525653
99550,9994.912176338663
99551,5924.966566168808
99552,25541.9312088128
99553,12321.887962915249
99554,7147.0653805906795
99555,23013.082304441283
99556,8501.6191584262
99557,9649.6841462339
99558,7483.5826482180855
99559,9454.16695719417
99560,7524.418256383704
99561,9556.2103318188
99562,7777.52855433058
99563,9095.10871617402
99564,14409.837501265227
99565,13109.947828914701
99566,9754.977081047324
99567,11739.146419518838
99568,7181.651611877492
99569,24119.892723292534
99570,8707.64007792261
99571,10524.906344278199
99572,19962.24748822114
99573,9570.045291698627
99574,5991.945356697054
99575,10725.41428559142
99576,6672.787699063298
99577,17035.934359992745
99578,17033.385479271386
99579,20359.07227380808
99580,10761.084760101905
99581,8248.014504738747
99582,15404.926743097541
99583,9259.156893605903
99584,12442.065047466836
99585,17803.076385105454
99586,11666.008816773703
99587,11476.684385297023
99588,8797.311784239155
99589,6862.870560052616
99590,12224.440723183881
99591,12745.030348484253
99592,8020.11596263313
99593,10611.585099712403
99594,13313.274086711623
99595,29405.636619357836
99596,19809.688605246254
99597,10800.096096367373
99598,10155.607812996604
99599,14843.654432371342
99600,10081.67111489018
99601,25792.07736038462
99602,22342.885990976887
99603,9610.764665222861
99604,6726.919277135193
99605,14268.763739129648
99606,18624.714685581646
99607,9320.99300270427
99608,12005.801884367123
99609,7382.264019694667
99610,10803.050008969309
99611,7961.567926721498
99612,9957.517504335985
99613,24421.54562902151
99614,12760.858850874867
99615,6178.794568847734
99616,8842.80094765765
99617,7425.094564100173
99618,15068.07017775505
99619,7803.212502208658
99620,12184.28940918998
99621,3117.867424173586
99622,6481.143454902574
99623,12764.99054978552
99624,21209.887127941183
99625,11097.102611397304
99626,24338.36761295843
99627,10898.374124222599
99628,15116.88344122672
99629,7724.845440874355
99630,9602.722496364982
99631,21427.42408914452
99632,18516.754362330634
99633,14361.73579650811
99634,11165.507007779597
99635,10199.713685440653
99636,7429.794238302537
99637,14617.35810684958
99638,13274.426717114085
99639,8578.62867030601
99640,14438.555795646183
99641,6994.694430807347
99642,10981.718376352823
99643,16536.01770201581
99644,12003.51613839067
99645,11528.489697907236
99646,4202.26725801357
99647,29923.521276683634
99648,18002.679874631976
99649,16936.477951943692
99650,8998.72041321787
99651,27350.38080417279
99652,18276.33386167238
99653,8370.999942222372
99654,12722.088671057072
99655,7944.9078818330545
99656,7947.769828366676
99657,12736.523910196243
99658,24237.947092721548
99659,8030.404579195037
99660,13219.861261811611
99661,9096.999912248486
99662,11931.687814096083
99663,6744.613549596836
99664,19784.78647277447
99665,22968.269363416068
99666,12277.078337040759
99667,6435.06976769731
99668,20514.901837025573
99669,19846.401127530673
99670,9022.349308191013
99671,10624.229596506812
99672,7897.044877816579
99673,19359.195645180935
99674,3079.972578454313
99675,6710.296070956252
99676,11715.758696951092
99677,5869.4806252650915
99678,6958.938558733849
99679,7945.536559200938
99680,8298.719018140584
99681,13996.773985486256
99682,7015.76537498747
99683,12289.613072425629
99684,12140.56939495942
99685,13317.964976713418
99686,13380.582964095007
99687,9174.997587967544
99688,12221.783361508244
99689,10866.027227700488
99690,11712.74175177703
99691,11593.847980197963
99692,20252.804608684775
99693,7818.906958908343
99694,16471.164817967638
99695,7729.456072080995
99696,13584.643724605674
99697,9013.53889843089
99698,11246.758487669287
99699,10788.820212918938
99700,15689.59949321246
99701,9044.280596423425
99702,8037.462397877642
99703,20527.06985540589
99704,14634.498280079308
99705,7899.915102473049
99706,21492.75958319812
99707,12468.440123678567
99708,19149.911389679786
99709,11007.745974284293
99710,13956.618872670948
99711,8462.575771491494
99712,13627.57333622406
99713,17577.465390899837
99714,15799.16660334849
99715,16463.774771529148
99716,9176.402639726737
99717,13658.187768716221
99718,20859.65256711096
99719,8233.44218382793
99720,10427.875960350628
99721,6106.896027418568
99722,10379.329969746437
99723,12192.208245695743
99724,10038.437374576712
99725,11618.786282139321
99726,8814.512268234637
99727,12643.494067480227
99728,44628.14344267343
99729,13285.517505603748
99730,12222.880203711657
99731,12751.904101066597
99732,11616.958397986147
99733,8818.911889512521
99734,11993.490936346047
99735,13824.50558738377
99736,27482.829462003723
99737,23407.560016021416
99738,12735.848074517027
99739,8871.994491453725
99740,20939.247677389412
99741,17312.76626806234
99742,21467.717151325985
99743,6384.621584443332
99744,7808.915777280209
99745,8827.807090868428
99746,11048.057923869806
99747,8801.618487006119
99748,2032.2610163969366
99749,14484.094666230518
99750,18546.090568245905
99751,13385.860598709802
99752,7395.947843956733
99753,7191.3365412750845
99754,12891.775035666706
99755,11005.46732370762
99756,7130.430684395208
99757,12155.14120396417
99758,7886.716692278094
99759,6755.35980970369
99760,9753.74987916395
99761,16612.924173271418
99762,8377.04595921621
99763,9890.60683915609
99764,7098.497334129004
99765,9681.87071598639
99766,9598.591382459563
99767,8330.154480980525
99768,14901.109456570768
99769,12522.140218895498
99770,14689.644129705779
99771,8643.421240619824
99772,15865.570531627343
99773,13872.41491762417
99774,24632.352910796697
99775,12596.60316423339
99776,6723.228885116381
99777,6562.611430412931
99778,12172.291443454918
99779,12659.38616415134
99780,19776.37144306752
99781,3831.9550824799976
99782,5222.111792457909
99783,10338.069351011336
99784,12267.554139291791
99785,9634.715812316408
99786,12725.945561130235
99787,21000.844959007463
99788,10880.654339140645
99789,8139.420021197866
99790,12638.094001028818
99791,22730.297035740725
99792,7002.626042317436
99793,15204.179943336372
99794,5861.19742931988
99795,10240.422658680865
99796,15096.215064204283
99797,6555.993511137229
99798,6143.673863057096
99799,5981.891352418974
99800,8901.645398567101
99801,11234.561159861956
99802,9254.539952575213
99803,26301.178573684105
99804,7823.194192855589
99805,11881.430867126881
99806,21865.44663855471
99807,15964.82123961291
99808,20612.5074397891
99809,18516.87598481622
99810,16683.388065588093
99811,20761.46185079107
99812,10953.263034388616
99813,9164.051270165059
99814,11921.370554712623
99815,11911.51823146725
99816,8420.443953358495
99817,20581.635257586786
99818,32623.42638054636
99819,22089.998198090034
99820,7354.1727414247
99821,17621.402526506856
99822,7171.7101877206715
99823,8950.538279781282
99824,8099.037561610909
99825,7920.312547127787
99826,13753.186927447488
99827,13836.132410859853
99828,12713.756235816349
99829,6318.271919731225
99830,9559.668748775457
99831,11886.215612015872
99832,12225.862602587844
99833,12760.178504172649
99834,8808.82150846863
99835,17025.933874887553
99836,13867.8449323758
99837,19533.70016596864
99838,11192.358191177886
99839,8927.987920921905
99840,6236.761229654296
99841,11703.358961294394
99842,6923.654463341052
99843,7218.292111858598
99844,9202.320948322365
99845,18152.440685195164
99846,7769.572477245015
99847,10264.762197952525
99848,13517.526151048158
99849,6610.556342726388
99850,12486.062897706124
99851,19690.00700210261
99852,8526.361189208656
99853,10776.700040225303
99854,10687.639091894927
99855,9649.376066974062
99856,20896.930999255248
99857,7835.53160544277
99858,12133.875377003265
99859,19766.84361597172
99860,1792.3211481413664
99861,14187.37383361096
99862,6903.442340375775
99863,12655.127237595338
99864,13314.749692417314
99865,9830.214263983211
99866,22136.847352779296
99867,13408.83354174951
99868,4866.703929882326
99869,19357.102770226717
99870,12182.081176925985
99871,14601.248934060997
99872,7466.824256241407
99873,10834.191884380538
99874,11565.569981366314
99875,49004.54040065601
99876,19300.10462423196
99877,8928.307490648993
99878,12833.132086909663
99879,13768.032172710176
99880,7040.833823519584
99881,13289.662845777075
99882,18915.253190753167
99883,23806.954773400066
99884,7629.011085169785
99885,12428.400958825125
99886,10526.834087055595
99887,6987.555427955583
99888,21551.274870772613
99889,12392.266936182023
99890,7774.304366112046
99891,12330.428006268268
99892,9368.48584409127
99893,7966.6015987983155
99894,24236.70078089583
99895,6722.685960051626
99896,10583.424988727547
99897,6875.83934039827
99898,12001.085814692671
99899,7889.357067944544
99900,10869.229444240449
99901,11652.141585234061
99902,12002.213539246091
99903,10006.477622148293
99904,9567.616754315917
99905,10600.753136024028
99906,15543.806903298315
99907,11606.352839474945
99908,5306.135174866626
99909,14447.883470853147
99910,9473.111801544213
99911,15222.992788989606
99912,9575.834362995203
99913,18020.948191041134
99914,7356.991441841469
99915,11606.872702573952
99916,13003.02134275192
99917,15523.0858784505
99918,2770.792653032163
99919,7585.234628702617
99920,14327.665663773283
99921,3830.65552563903
99922,9220.65554494721
99923,12124.59342196718
99924,9971.119119803441
99925,8761.741207800122
99926,9862.788243813855
99927,6018.091540653291
99928,7455.587238008809
99929,13923.575068929287
99930,14655.744106464277
99931,16490.530504722716
99932,15682.263921099478
99933,2517.3831798022466
99934,6613.153457637207
99935,7868.3951042500685
99936,8943.881351100168
99937,13377.552857328063
99938,9697.046021510028
99939,9742.381062499688
99940,9552.072877299248
99941,8992.574995639075
99942,12975.528203054275
99943,14915.692854797571
99944,9553.322666259868
99945,12128.639530577704
99946,7490.77247169492
99947,13361.376216160108
99948,7722.800394023194
99949,10720.93147141363
99950,7415.108161706887
99951,12685.067058235267
99952,10243.719299140786
99953,12557.405716058693
99954,10435.97304526411
99955,9007.51752995768
99956,12303.215262406502
99957,15997.56840522814
99958,12892.723893835038
99959,10756.491355865714
99960,7848.408782238963
99961,13496.563052572816
99962,21193.592212314394
99963,11612.833044370838
99964,7238.713302355117
99965,10563.321002944554
99966,5831.420764632443
99967,4775.02350022041
99968,6765.650890983682
99969,7019.244977632989
99970,9068.355777591627
99971,5762.013469695366
99972,12946.466117053358
99973,6954.993047708958
99974,9859.102439039587
99975,7050.066723702574
99976,21169.018950624202
99977,13060.309217543761
99978,14510.699389427371
99979,12558.850020971868
99980,8144.4235209392045
99981,9831.771999314422
99982,11851.335638371185
99983,6110.540925921792
99984,14913.293625585344
99985,13618.099215633967
99986,15999.664784368237
99987,8323.72008362114
99988,7371.823204299009
99989,10447.3848569425
99990,14162.354802508858
99991,15120.954094991183
99992,16876.42054452963
99993,11260.45938560077
99994,8194.83675899629
99995,9925.07780573186
99996,14826.926937045435
99997,6916.2333949621825
99998,11281.550549193445
99999,8257.656384531927
100000,15629.75840151529
100001,6888.086804539245
100002,13058.001107139797
100003,2803.4517715716315
100004,10987.746588530066
100005,7547.043295086087
100006,11184.481739373921
100007,10742.770467525937
100008,15505.029304184614
100009,10825.20523735657
100010,12822.815131667423
100011,11022.420203131835
100012,8004.960161084402
100013,12573.58916424092
100014,14594.819624072772
100015,10651.796059995326
100016,7886.901925154071
100017,9171.23765798925
100018,8050.556702261187
100019,8830.585926623404
100020,8127.0527919592505
100021,4926.055302459148
100022,9290.638082629739
100023,7738.152040957932
100024,7669.002858298351
100025,12193.643356562337
100026,9713.545247992828
100027,8778.062906012436
100028,9056.570119424006
100029,14754.932887607352
100030,11550.15798377581
100031,7930.299249433638
100032,15991.958973447501
100033,11028.735788929804
100034,18109.618071798148
100035,4478.626756149107
100036,7268.164478917208
100037,6449.274169451965
100038,9429.193955136823
100039,10379.073544782674
100040,7084.087707711747
100041,9210.139525007835
100042,7749.303151122251
100043,10051.317083870774
100044,7683.082521286247
100045,10684.617108348852
100046,5674.884308342574
100047,10717.633824650547
100048,13149.023545388583
100049,9444.630024029728
100050,13500.408911082885
100051,9237.777698056543
100052,10563.321002944554
100053,12792.056523223513
100054,10987.207372062345
100055,8708.09985196422
100056,10429.076516590329
100057,12525.713906757033
100058,6258.306840183699
100059,6961.394592223758
100060,8486.679299642574
100061,10499.720017082156
100062,9378.269791392268
100063,7704.809077606541
100064,10846.608864492086
100065,11847.71131743251
100066,10093.416778883822
100067,5844.360058592656
100068,6647.730521149311
100069,15555.193056350563
100070,6444.873868857603
100071,9305.4406307327
100072,9197.344445003577
100073,14448.939573791458
100074,9039.271987613625
100075,6884.927487892271
100076,13690.485499603245
100077,6462.952342511413
100078,10495.562757314277
100079,19409.935792690252
100080,13164.556288032261
100081,8082.720002051219
100082,9759.515629080917
100083,13125.537271195532
100084,12367.865147881748
100085,10828.315335455762
100086,9466.135157094319
100087,6282.146093542797
100088,6121.1415730456665
100089,5989.361381398372
100090,16157.503831822445
100091,11335.973438272098
100092,15557.876982041471
100093,7128.050948109946
100094,15505.029304184614
100095,17298.91109844506
100096,11799.603004000835
100097,10167.135606116743
100098,10563.321002944554
100099,11247.99601505209
100100,17960.436366270744
100101,9626.613942781463
100102,7204.88559629816
100103,15999.664784368237
100104,10675.667862435079
100105,10783.35121350658
100106,11733.64357603761
100107,16916.355676268184
100108,11281.550549193445
100109,9352.20180311417
100110,7802.833408742682
100111,14865.769922456162
100112,10670.789383487385
100113,10916.517206469016
100114,12534.105904055687
100115,15835.167418503992
100116,7665.134348488869
100117,11999.872989445641
100118,13293.707080186867
100119,10350.994337786255
100120,10523.292829739461
100121,13736.669937450839
100122,6175.656882354087
100123,10563.321002944554
100124,11779.360934793367
100125,6287.151899935687
100126,8218.805714915945
100127,12964.811902199512
100128,9044.707460845504
100129,7620.2403991221445
100130,10906.184958245602
100131,11832.926830316957
100132,11442.636285656852
100133,9865.37139917711
100134,8204.93439051801
100135,9930.905534124682
100136,11305.765521313224
100137,22008.372812557605
100138,11536.739399904818
100139,11509.006939544568
100140,10022.012420479648
100141,11205.313069162352
100142,11493.797269120092
100143,15505.029304184614
100144,7151.196053093625
100145,15841.439220207874
100146,9730.730040322167
100147,5833.681993723364
100148,7957.221054751362
100149,17131.53936935369
100150,5955.241565118664
100151,12422.741807002654
100152,8563.599712824218
100153,8649.02793343378
100154,7713.309229198808
100155,15547.85845235597
100156,8349.69826882244
100157,13147.385405752695
100158,11290.67860737967
100159,9776.690878717589
100160,9997.270273327058
100161,12633.99544438664
100162,13105.845744444849
100163,13802.652587611157
100164,15505.029304184614
100165,7426.857075569312
100166,16303.606363102022
100167,14664.706157802533
100168,7386.96681627604
100169,10563.321002944554
100170,13894.425296578444
100171,5407.186308162032
100172,9533.988854767213
100173,7647.934447981384
100174,16837.533549546093
100175,13909.865402632167
100176,15479.868310592445
100177,7405.537719400476
100178,9465.91329242587
100179,12897.358358301017
100180,9957.80024206423
100181,11571.47160588828
100182,13164.089549517052
100183,13406.256796364782
100184,15731.534100540244
100185,6346.555727207975
100186,8958.87073299618
100187,8971.044461181546
100188,11442.211416402462
100189,15700.62176843211
100190,16307.6191350766
100191,5920.514415910842
100192,8311.194170306942
100193,9010.784043652708
100194,1907.9384315630632
100195,7168.326443295935
100196,19182.15189946445
100197,14782.596409836182
100198,8790.556471719861
100199,10884.561507312384
100200,8174.806876172464
100201,8215.802456326399
100202,13261.019401905223
100203,6122.007885323198
100204,10370.300827724623
100205,6951.675663667819
100206,11607.494357904781
100207,14312.481718791845
100208,15374.209726102143
100209,16391.440380322187
100210,12290.04844443853
100211,11251.03707474433
100212,6774.043135706759
100213,9378.179545522042
100214,4953.4507788594365
100215,8787.220093119293
100216,8851.280055946383
100217,5239.617902498394
100218,13103.041827522655
100219,8827.616088233082
100220,6027.905161500105
100221,11280.386325775358
100222,7527.293673593602
100223,4725.261066730132
100224,12050.500764605451
100225,6798.644081657443
100226,9499.241909834182
100227,1078.641501544409
100228,7678.360665793989
100229,6265.630112746229
100230,9915.094701091031
100231,11488.927104170354
100232,10646.147604694579
100233,8204.171825358782
100234,6075.909289199218
100235,9877.365885011342
100236,9964.020765234276
100237,10925.08653013677
100238,9941.076605274491
100239,11259.154466774715
100240,10063.331408222319
100241,11249.959303260286
100242,15959.964363903335
100243,7803.800000433916
100244,9693.707918113958
100245,17124.373174309414
100246,3185.8645010476976
100247,7779.890808038709
100248,12870.96927036201
100249,7783.6386215209295
100250,15721.026039540968
100251,14634.887546413429
100252,8146.394133905788
100253,10503.149260847771
100254,10954.196032732478
100255,7524.8520396303875
100256,16910.907949602646
100257,6195.971245737563
100258,9451.515760504946
100259,10845.036938926954
100260,18498.418073488727
100261,10129.947041426494
100262,4857.281304497485
100263,10312.041902795507
100264,10419.95516295428
100265,12086.330715287626
100266,13515.343552428334
100267,11390.086632670937
100268,2959.2404151785513
100269,7124.650525463492
100270,10665.555687821054
100271,11770.142281354729
100272,8054.001426074281
100273,9929.552232456454
100274,9022.177389830093
100275,9949.765022801033
100276,11077.624533514423
100277,7483.010311009466
100278,15195.675876780671
100279,8754.367026859625
100280,7894.703273775327
100281,8007.332422498214
100282,8475.926728561019
100283,11335.64089166771
100284,7609.365912790945
100285,20918.697132270183
100286,6486.115456180279
100287,6934.414844835037
100288,10863.974127820908
100289,14609.863089224244
100290,3418.166171927668
100291,7948.192545180584
100292,13890.192378181828
100293,9746.013669651242
100294,14618.78474698699
100295,8492.348795073784
100296,8833.616824143886
100297,6950.226457989915
100298,11417.912459443807
100299,9695.551420070318
100300,7437.502577372788
100301,8677.156708999832
100302,14441.563297458471
100303,12735.355497595834
100304,13961.887183197974
100305,10608.556455765189
100306,11124.816469196741
100307,11669.804621656825
100308,7280.245872160306
100309,16065.872758973066
100310,15683.5218722498
100311,12189.649854266794
100312,17389.00932905179
100313,9364.964159025587
100314,10103.991868359448
100315,20954.456844553373
100316,11302.951631012404
100317,6686.396718716118
100318,14277.02592649238
100319,10046.294911162026
100320,16800.761430563507
100321,8359.974113884382
100322,12001.460715070763
100323,10563.321002944554
100324,5893.311680282537
100325,9452.273985728303
100326,10551.220479467585
100327,13978.767423921818
100328,14544.540542429424
100329,13881.238360451727
100330,10831.630277041459
100331,12759.851656448871
100332,12051.208396616403
100333,5500.809939710367
100334,10157.083870617753
100335,15497.244555933801
100336,17020.039295611645
100337,7299.50831437455
100338,7193.046604289324
100339,6131.162381523096
100340,14180.957307419696
100341,10467.252255759857
100342,6108.476306383992
100343,8522.087805224362
100344,14855.817011756208
100345,11341.451880820852
100346,6132.959256224183
100347,14148.10619933421
100348,16123.379255569856
100349,10529.332921088539
100350,6518.044567743616
100351,10295.359278703048
100352,15880.941413253113
100353,9770.72722045245
100354,8662.899719943089
100355,13874.37267419263
100356,7896.377720190611
100357,8109.098851494875
100358,11736.83807004003
100359,7536.828445996231
100360,9765.658282008377
100361,9885.054812556704
100362,7832.2777952616325
100363,10359.309660400319
100364,12825.349153228297
100365,11359.710429212697
100366,10713.122568763512
100367,8186.600996099096
100368,16621.33908769688
100369,10651.086166491874
100370,9820.702866072603
100371,13030.126521999573
100372,6450.180396416258
100373,9860.611528864258
100374,10116.681988640918
100375,1701.267874487439
100376,10580.900289970177
100377,7582.487255014825
100378,11847.098672836379
100379,11260.830775365099
100380,13400.972114632088
100381,15405.281877977412
100382,10148.311700546074
100383,11398.04036270419
100384,10512.78793942272
100385,11226.759775846076
100386,10291.352270611564
100387,13733.096060832115
100388,10502.197571637244
100389,11247.444031624695
100390,7934.390787813414
100391,6611.057188460069
100392,7369.502691443363
100393,15490.216252048207
100394,7777.75736117724
100395,9516.715658976405
100396,11331.92597444664
100397,10891.352975289283
100398,10384.031695141173
100399,9733.91466282595
100400,9765.776571593013
100401,11338.882324719361
100402,9679.920712671854
100403,9446.021025991986
100404,13040.870575826819
100405,12531.973531700667
100406,13474.950473317842
100407,5435.739783022782
100408,7102.842033931842
100409,7199.422215846655
100410,19178.795172861493
100411,7004.84964483287
100412,11129.24753920478
100413,11793.934057725543
100414,4260.319514389344
100415,11739.948795218894
100416,11063.108840999688
100417,9290.705797162922
100418,3239.316224208991
100419,15246.978368756962
100420,8358.805855322302
100421,10552.812629150181
100422,7457.567977537399
100423,11321.30519945309
100424,8950.03841301599
100425,9594.190456186212
100426,14277.875932717394
100427,10997.382572890103
100428,14035.729854452435
100429,11980.784527757354
100430,7608.730320947097
100431,15505.029304184614
100432,10895.708119515537
100433,10071.201347338814
100434,10546.516821208226
100435,6810.093821685938
100436,10222.06826902387
100437,11007.161606496311
100438,11862.97581943608
100439,7620.973234900803
100440,10762.223538665141
100441,5776.948333485467
100442,11276.033921577982
100443,8468.619694082
100444,11660.853525448394
100445,5512.291885292105
100446,12138.0864149158
100447,9075.876100132387
100448,11281.550549193445
100449,11287.51170694149
100450,12238.186458829889
100451,10864.929217742627
100452,10563.321002944554
100453,8021.073214358567
100454,7214.074772864198
100455,10634.92464505185
100456,7360.25259136099
100457,11317.214369754845
100458,8558.150800469677
100459,7222.845216787864
100460,14313.807959591344
100461,17377.39033484469
100462,10053.109605171927
100463,10158.771913394507
100464,6154.826852969874
100465,11695.784109360446
100466,8958.595409066145
100467,11624.060232149932
100468,6140.8923203541835
100469,11927.375157365052
100470,5672.195910667811
100471,11791.126215983404
100472,15886.691084600408
100473,10463.273388196192
100474,10715.51173820845
100475,6997.95069784288
100476,8878.284077527798
100477,9862.949914836767
100478,16068.785084706615
100479,13444.379471296674
100480,7822.7742089524445
100481,7442.456935917087
100482,8610.350518039291
100483,6542.4362246799865
100484,10233.94225441226
100485,8868.29134475832
100486,7445.1638846049445
100487,19045.512677926574
100488,7915.302339536998
100489,8164.2763345154
100490,14200.249287998351
100491,7093.910379593526
100492,11148.497959926579
100493,13066.24808136457
100494,7896.100858321261
100495,7824.482666422216
100496,10444.516111887457
100497,12394.002316819728
100498,6089.546307686528
100499,7018.282738426158
100500,7166.501394781806
100501,14775.990496557968
100502,4079.160894643183
100503,6896.403812171893
100504,9891.47065274178
100505,11229.031669933374
100506,12557.513165991822
100507,13092.364033701555
100508,10339.221434438561
100509,14984.457324119687
100510,16262.378411145448
100511,7214.53629183947
100512,7792.842794240929
100513,8622.506413736022
100514,7548.105035938541
100515,8530.596684918262
100516,5854.460228043219
100517,15200.361354853832
100518,9579.022128427356
100519,8800.026314153327
100520,14014.638519060092
100521,10952.33882220983
100522,11817.310552411593
100523,6445.805215163837
100524,10315.74128666954
100525,9263.913041550666
100526,16773.239643548273
100527,4989.150556692751
100528,7836.026007459102
100529,9787.580976763058
100530,18876.94953523882
100531,10306.732119638546
100532,13120.676608979209
100533,10552.191527263447
100534,11701.184639846051
100535,6324.4211120230575
100536,8771.47572808959
100537,13764.203666472265
100538,10803.183977425171
100539,13129.726203822742
100540,7767.306273729686
100541,16818.382270636204
100542,16473.03665884138
100543,8652.325153388585
100544,14020.696430350123
100545,13418.281974453464
100546,6285.861970738866
100547,7052.77053843849
100548,15405.281877977412
100549,17857.36866997638
100550,10473.521855728439
100551,9813.613250583385
100552,12125.988292989834
100553,10575.196950144094
100554,17497.986975411735
100555,9300.058853757948
100556,4458.523893832103
100557,15083.912005601967
100558,7205.218218907461
100559,7408.844751450719
100560,12049.3377535494
100561,13209.069519308683
100562,7165.861468243984
100563,6533.8189908097465
100564,8001.408557860701
100565,13270.621995057067
100566,10521.659412851997
100567,3079.9485240807
100568,6924.673137337681
100569,14691.94358267757
100570,8079.811227251652
100571,5693.8662168559695
100572,11800.542192545006
100573,7654.075356520007
100574,9559.110579795553
100575,6912.9849246406475
100576,14033.439976319249
100577,16933.094696694297
100578,11139.240639877858
100579,1446.8872847478442
100580,9119.668477961293
100581,7023.423961884957
100582,10863.5559547126
100583,10372.320221989978
100584,5809.954286195478
100585,5684.400556555336
100586,16982.581438697678
100587,1701.1455904345212
100588,10794.589945382804
100589,13491.687752146769
100590,9118.035028862832
100591,6879.323883683328
100592,9990.26810084244
100593,10804.923029922547
100594,16346.166266975983
100595,10597.16430633636
100596,16756.681825604002
100597,17092.884642654815
100598,8453.080529104107
100599,11289.825416325288
100600,16159.724406300322
100601,10563.321002944554
100602,12259.35575590851
100603,8689.022805770852
100604,6040.312269620585
100605,8159.35080325842
100606,8928.30958799183
100607,15190.934290417132
100608,13020.909037872443
100609,9141.186988314941
100610,6969.405344934296
100611,15642.338158362905
100612,13147.24301959484
100613,15094.579197868981
100614,9141.296361522163
100615,9962.77127244865
100616,12426.611728605982
100617,10493.501232874274
100618,14006.572409506694
100619,4024.355693471485
100620,14520.470963305415
100621,9611.344552133498
100622,8222.388026294175
100623,7351.8800272495255
100624,10649.094358841401
100625,12059.11871855459
100626,19222.115191593133
100627,9141.09905139155
100628,9701.169838975748
100629,6870.4476604068195
100630,5197.5599896799595
100631,11037.765358024313
100632,11837.365280331225
100633,9790.218499853461
100634,9158.308545952688
100635,12823.228928858545
100636,10913.823337423973
100637,16558.64631609529
100638,11715.271621615346
100639,11371.488972392244
100640,15287.636902904878
100641,7700.582782529469
100642,15505.029304184614
100643,12494.329136386918
100644,14343.525184735185
100645,11896.727110857013
100646,7233.678020623912
100647,2068.075313350713
100648,13949.731223417408
100649,5460.131256666124
100650,8326.52263982064
100651,8476.045078368435
100652,10800.140921146542
100653,10498.145408653316
100654,13764.768703790754
100655,8746.94646603869
100656,7866.239623162863
100657,5410.065160249953
100658,13474.04869393299
100659,12752.41590304101
100660,10131.10882418845
100661,10587.515260554563
100662,9789.96614038784
100663,3355.321300420079
100664,13157.674520789635
100665,10715.51173820845
100666,14034.47668095299
100667,15886.324299853637
100668,7268.583370206032
100669,9626.219322108951
100670,7544.138517931375
100671,9170.209580501174
100672,9893.710421505923
100673,11341.071794098934
100674,16810.294340243803
100675,12747.67950167571
100676,9282.948127639242
100677,3257.561160946754
100678,6036.811127638792
100679,6975.900153995295
100680,14097.531667798257
100681,20015.48151778037
100682,10492.491413211701
100683,10986.604230089233
100684,7961.471976264842
100685,8596.217719919105
100686,7235.499479338896
100687,9306.819217456454
100688,7810.666622279157
100689,6811.052416739312
100690,8950.401001043687
100691,12243.169473476479
100692,8192.790609010419
100693,11582.260444228486
100694,15425.796078010415
100695,12532.092997521613
100696,10242.62842431464
100697,7967.240855529566
100698,13722.326661367311
100699,6004.551998075035
100700,9067.025762493682
100701,14000.244093752488
100702,7798.840118317727
100703,15637.64934653238
100704,12490.317256338
100705,6037.686368758539
100706,5020.103353960404
100707,10332.211526160507
100708,11537.212095186333
100709,12110.566391138265
100710,13739.373703167474
100711,5930.878076555831
100712,16984.063440263708
100713,8224.005325106502
100714,7541.201509634962
100715,8772.074680795191
100716,9338.534376195612
100717,10963.529071084315
100718,13567.274397335486
100719,9394.963403608406
100720,15911.016612196392
100721,12561.46007210428
100722,9136.544768777097
100723,8556.680606672937
100724,11423.778298729183
100725,10514.746363573162
100726,10590.748398376218
100727,13681.81699413707
100728,10710.943166926736
100729,9737.895577811101
100730,7650.500017328684
100731,10324.822582063873
100732,8358.887448156567
100733,10612.861063137409
100734,7954.606302755731
100735,9483.87780959445
100736,15505.029304184614
100737,7901.157916646836
100738,11227.75484812198
100739,8736.301574988798
100740,11133.990431831557
100741,12132.586813890206
100742,12287.501540458848
100743,9787.267810022786
100744,7092.490488931619
100745,14927.870455519287
100746,13283.8908073586
100747,6960.51098723972
100748,17592.707197637443
100749,15911.016612196392
100750,14109.706163326762
100751,10175.436917560364
100752,7794.468903993014
100753,13819.862189752577
100754,8688.663691946227
100755,7930.578505462212
100756,17240.655259435633
100757,6970.526395056311
100758,13210.067866936926
100759,10536.493207192132
100760,10187.20809868915
100761,9189.94141727765
100762,5825.554472258358
100763,8544.335524229124
100764,8285.262109135443
100765,12692.7735381887
100766,7614.831294642554
100767,10912.491059581662
100768,17119.59914241292
100769,10839.819830270235
100770,8587.579063108808
100771,13429.15058601118
100772,6286.8460825878155
100773,9831.703338446581
100774,12756.47232947357
100775,6333.629540543493
100776,14567.143990341076
100777,9169.893351754614
100778,17171.866080629443
100779,13228.047320361238
100780,7494.52336968843
100781,14350.21929697047
100782,15826.067551383769
100783,6276.079910847314
100784,7964.4158479756625
100785,7678.172866741535
100786,12336.503051276077
100787,8841.959092842226
100788,16607.26305747103
100789,17040.53372471572
100790,13193.458352632628
100791,11783.726088782849
100792,7296.7210009620585
100793,6780.392619697171
100794,13127.16231100798
100795,10156.146183132061
100796,15183.929447899383
100797,15505.029304184614
100798,8586.683540501472
100799,7414.293880431349
100800,13445.997762975268
100801,9998.191403438672
100802,10757.423770951813
100803,11908.032703087276
100804,9721.255807642603
100805,8723.62462918905
100806,10655.642584111576
100807,16512.82120687199
100808,11804.101800559793
100809,11702.517250298348
100810,8025.5276688844115
100811,13495.232153423987
100812,12352.79884034576
100813,11900.662256794865
100814,11264.85403544934
100815,7197.397944085387
100816,12595.116388956227
100817,8054.001426074281
100818,11902.80670810174
100819,7197.641117823865
100820,7024.432082380212
100821,10115.370245080589
100822,11115.169527749636
100823,6216.969545309857
100824,11190.489119502281
100825,8663.527928756488
100826,14120.400469293745
100827,12029.73349026818
100828,10119.301600074285
100829,7567.402567347946
100830,7598.382961247854
100831,9582.886111038915
100832,14197.376114765166
100833,14911.934423499897
100834,15170.296368552017
100835,7181.093173809557
100836,10171.44726089822
100837,6665.426058155122
100838,4158.9402588178955
100839,5329.359617645041
100840,9012.74410995708
100841,8268.546462858943
100842,7388.197428499092
100843,7593.962251690298
100844,6071.71643017336
100845,10042.94694477983
100846,13672.407446033681
100847,9713.080307567192
100848,10916.345528553935
100849,11567.367211061737
100850,8782.819162287356
100851,11159.003589941236
100852,6437.30637732568
100853,10859.387597868877
100854,13145.009486170435
100855,2617.4313284276213
100856,10519.598842759606
100857,8082.707876253384
100858,9770.490796512731
100859,9848.81084457165
100860,10677.526374200623
100861,11144.776806069796
100862,6097.7043386558
100863,10229.609897718954
100864,9031.863324417996
100865,12857.183145774401
100866,7058.3032803362485
100867,14012.076466817593
100868,8026.391699638171
100869,10361.212257166091
100870,14528.105227319164
100871,14570.132778387106
100872,8882.735938088585
100873,4722.113333771978
100874,8204.479692346935
100875,8392.465382781305
100876,13597.259372244047
100877,13491.63887040711
100878,5321.675068231067
100879,5988.560552801476
100880,13362.222406638804
100881,8734.608170249445
100882,12189.572777434227
100883,2706.884199640017
100884,10674.573666612017
100885,7948.60112031519
100886,11137.91552366321
100887,17164.00035335531
100888,10021.600251296986
100889,10060.801217826036
100890,14424.223920398395
100891,12265.985518551399
100892,6017.59676327259
100893,15505.029304184614
100894,12377.70544208294
100895,10093.340698909218
100896,7822.047894594769
100897,10108.472187304571
100898,9917.501551796395
100899,4765.304783682521
100900,10267.343648923921
100901,9168.86767308896
100902,12014.586201506541
100903,7646.980676269819
100904,14966.96110170359
100905,9118.020024795194
100906,10956.940362832764
100907,6693.149267287494
100908,4057.611019187678
100909,6245.163232987434
100910,7486.482835741341
100911,11836.055866776856
100912,16512.82120687199
100913,5978.413280100042
100914,8205.912438527546
100915,8629.469556910008
100916,9791.73428730776
100917,10736.790489901112
100918,10173.5016333887
100919,13133.180388788891
100920,7665.450527842243
100921,10282.10189093295
100922,7138.455154941026
100923,10752.39215078739
100924,13950.111570735737
100925,4638.295451481714
100926,14154.613320227925
100927,7373.143040198658
100928,14041.751245858068
100929,7165.861468243984
100930,16157.503831822445
100931,13507.272429925075
100932,6967.652422665111
100933,11045.575114518284
100934,8022.451305927334
100935,9997.374016819718
100936,4546.039040880836
100937,11060.305115040308
100938,16277.23090071988
100939,10569.280770232102
100940,11852.063476130968
100941,8526.010543142209
100942,14173.470064820382
100943,11133.016800513094
100944,8904.415792364698
100945,9712.892992386434
100946,5725.153462627344
100947,9325.237374130862
100948,20330.338727153678
100949,9677.527290067675
100950,7862.5398272782295
100951,13755.333713811033
100952,6229.394310992937
100953,7858.550008883574
100954,6932.683622094982
100955,12159.466172909846
100956,15219.413826989727
100957,12233.868886857312
100958,6520.367934197116
100959,9201.037966246928
100960,16190.956275706452
100961,10601.35014720709
100962,13266.037869487121
100963,10934.73522447262
100964,10755.643055182216
100965,2381.6556180679795
100966,7926.100495017727
100967,5919.292520240431
100968,10311.319182626383
100969,5741.485570138833
100970,11843.3562166956
100971,9843.14695946412
100972,6750.889993169285
100973,11621.74120715772
100974,12454.206967658487
100975,6040.592605858981
100976,15911.016612196392
100977,10499.723950206175
100978,9384.492989049686
100979,10549.786524229497
100980,7433.784478501943
100981,5742.073548930764
100982,14021.86055785169
100983,11901.492413630804
100984,12558.397048825978
100985,11499.04939090064
100986,14622.09683558053
100987,10305.444554118028
100988,14403.537220469936
100989,10777.548962169692
100990,11374.667013210566
100991,13020.479566167101
100992,13230.47637935634
100993,9715.356494861186
100994,12046.986718610078
100995,9170.206491278794
100996,9960.346458529571
100997,14195.061092937114
100998,7896.2390150742685
100999,8637.600655596634
101000,8009.646144514352
101001,13277.56474930052
101002,10231.401966660575
101003,14416.278925252536
101004,9529.696745212295
101005,14648.484284286586
101006,13897.900106758814
101007,6938.228542446084
101008,10565.642720809214
101009,7310.669955308083
101010,10444.262541665546
101011,10570.20356352356
101012,16237.508847849258
101013,12388.740758346525
101014,7666.283458442281
101015,13745.248792541122
101016,15505.029304184614
101017,8527.924965621465
101018,8225.388450103848
101019,13365.46227812107
101020,9531.232030654188
101021,8600.15520089708
101022,10228.750562104964
101023,9843.35526002169
101024,7788.5844601037015
101025,13557.035250739322
101026,13893.223061614277
101027,14658.989869911875
101028,9892.17251414283
101029,13202.580320765017
101030,7619.012040807125
101031,5543.040397823717
101032,16157.503831822445
101033,8337.289970429701
101034,10286.964108055992
101035,16567.181982534225
101036,12288.134054252854
101037,9600.35033656635
101038,9348.10911840339
101039,10917.68403736295
101040,12923.144675119507
101041,4252.929021902954
101042,12932.618833616507
101043,9767.031267188844
101044,5455.326558240053
101045,12625.336414231988
101046,6873.16191144069
101047,13978.767423921818
101048,8704.378494140543
101049,13568.027648581712
101050,9413.587997290799
101051,13048.410301985372
101052,14014.131133623052
101053,9770.083297227397
101054,15154.07581692109
101055,11988.859855426912
101056,7634.498722222016
101057,9168.147660327282
101058,16450.32435302295
101059,8937.007197630614
101060,7532.331878847728
101061,12182.543464581588
101062,10415.115762417263
101063,12606.223196767778
101064,13196.273465738755
101065,14931.77796347659
101066,11374.13098928504
101067,5105.316149241355
101068,13472.211785286594
101069,9432.441558297325
101070,12568.687897116131
101071,15392.863343748955
101072,3890.73763458072
101073,13207.751120595156
101074,7810.46292006518
101075,14658.525419212996
101076,8010.953957320304
101077,12569.293327246798
101078,12029.62915113508
101079,15201.941717741764
101080,7154.480070889948
101081,8242.446404745373
101082,6345.425429336111
101083,8858.113181887795
101084,9859.886275603729
101085,5411.210826022479
101086,13265.112299908189
101087,14374.177879676383
101088,8286.462713184994
101089,7798.650356255841
101090,12709.259387130613
101091,9855.679445975058
101092,19576.909385988318
101093,6877.331810976304
101094,11235.147249777694
101095,13468.39035270571
101096,6770.907555754191
101097,9855.609357757094
101098,10591.75918205887
101099,15570.131911161745
101100,7849.998038328832
101101,9214.748800496818
101102,9092.271684292173
101103,7833.865446801807
101104,11104.043506508926
101105,9179.756289077446
101106,16642.385710475606
101107,16374.249338587404
101108,7697.960000668463
101109,10882.820361199701
101110,17152.64060586758
101111,14012.78467105374
101112,7943.654338208167
101113,10993.164976440858
101114,7715.523043447949
101115,15760.321046120347
101116,8532.26834371461
101117,9819.534969130991
101118,13388.719423401408
101119,6928.664624784092
101120,7922.975718022162
101121,16473.03665884138
101122,13369.19726909664
101123,9458.2114070766
101124,5329.55729455909
101125,10078.766302673906
101126,6712.425460653613
101127,10401.025497473933
101128,13502.722512970024
101129,8733.190053382223
101130,9717.987910780668
101131,11201.462374436562
101132,6824.71291105067
101133,11294.609879115102
101134,11717.342080865952
101135,9809.814789833086
101136,9772.960453660111
101137,12993.753966590491
101138,10705.641235795658
101139,6919.827354468199
101140,6910.9476918883665
101141,10963.04466914647
101142,15772.570208776831
101143,8298.388887190584
101144,7980.789136185788
101145,7818.128595352726
101146,10199.65742900088
101147,13911.144742641252
101148,10515.998565178805
101149,7442.913014860993
101150,9823.367073379262
101151,13144.207265929348
101152,7613.347598512937
101153,9970.079112682739
101154,8204.55013702008
101155,9072.708475143674
101156,7732.835762232828
101157,14683.009137663114
101158,7127.361937982372
101159,7245.413825246392
101160,11386.174457133562
101161,11717.770176445012
101162,11514.184866405094
101163,8822.225466992928
101164,11646.382786967653
101165,12922.425089202621
101166,6781.310186998473
101167,10888.359996315146
101168,8839.482003468684
101169,14058.441384913709
101170,4172.111387549383
101171,7762.027748011218
101172,5862.751734052157
101173,9088.82396207407
101174,8655.700188715706
101175,7251.973140765262
101176,11901.978742889685
101177,11734.574989538398
101178,6432.90986979246
101179,11090.701964084928
101180,13798.92191220263
101181,5735.089892302308
101182,8121.858646196437
101183,7945.62825969612
101184,8968.382737009202
101185,5508.459078007685
101186,7968.925038028033
101187,6988.1719898401225
101188,14056.274940216103
101189,8182.687582935167
101190,7362.202253216953
101191,9434.435465929437
101192,14183.127385674858
101193,6711.54219870773
101194,15426.056681606584
101195,10291.250948463727
101196,11988.708133627424
101197,4492.72000470889
101198,6530.021078242447
101199,10563.321002944554
101200,12924.994388003848
101201,15954.287391302576
101202,9715.852778732467
101203,10174.504654263315
101204,6782.603995224885
101205,10563.321002944554
101206,7226.510466686297
101207,14044.234997438503
101208,11787.45012529175
101209,5834.398956763506
101210,8034.079203336727
101211,10116.265414862391
101212,10965.388432341633
101213,6530.277023644488
101214,7498.903736454546
101215,8211.565379523856
101216,12898.139716031652
101217,8138.548168565763
101218,10566.481216788728
101219,17026.12344032066
101220,11987.67487611176
101221,8600.15520089708
101222,14036.643674545696
101223,7181.13710943312
101224,14318.15891996192
101225,12176.149367335593
101226,6790.754200031304
101227,7889.017583735229
101228,9222.46752179452
101229,9390.503754816156
101230,10977.67432858749
101231,11238.196052058298
101232,10280.511899595975
101233,11354.69130514394
101234,16210.712298733804
101235,10245.514254436057
101236,7443.709287402611
101237,14558.997900355347
101238,10110.82582461236
101239,14322.614417569152
101240,8714.424947296742
101241,12935.561568180558
101242,13827.723332118527
101243,4270.630075855315
101244,9351.011853471533
101245,16691.00290683486
101246,7844.446992607101
101247,10620.67084477943
101248,7717.820937192026
101249,17037.375006013815
101250,7666.191198685714
101251,8214.718518750726
101252,9499.20059057279
101253,8737.542239234743
101254,12393.742751815264
101255,8174.341511091721
101256,8327.51997152974
101257,16455.395810692648
101258,9952.586860677848
101259,10290.344210250872
101260,10951.549576328875
101261,10498.346104242986
101262,9412.703224215289
101263,12425.633560034013
101264,7676.600442872189
101265,16157.503831822445
101266,12456.227234168215
101267,9379.56026235038
101268,6357.912258512555
101269,10082.16497792633
101270,9900.819159093875
101271,9085.783002569284
101272,19820.52130108135
101273,7554.527268051896
101274,11615.751250857136
101275,7541.749192513993
101276,9349.854127487259
101277,6695.291288689026
101278,8448.56469855631
101279,10625.384790582339
101280,7783.438051940877
101281,11833.099306866925
101282,10415.246996024538
101283,7951.380956299113
101284,10650.183950025625
101285,13493.455086136924
101286,15829.929950553811
101287,14859.106008023398
101288,7524.05377535546
101289,14560.938832637461
101290,8323.733936215305
101291,11861.312465047264
101292,9752.90824996313
101293,3260.421842270188
101294,8008.4935192231205
101295,10335.260797908879
101296,9151.446362227878
101297,8247.461188184214
101298,16846.153192262085
101299,11723.212552094406
101300,11621.599593430201
101301,15384.998023307355
101302,13203.565231914306
101303,6031.989339430385
101304,11653.34613137209
101305,12127.657244184946
101306,12259.855404511181
101307,9317.908782719816
101308,6098.29743559877
101309,8424.58988479335
101310,8931.262786051953
101311,9298.572494606527
101312,14647.867910200042
101313,8850.846256850307
101314,12163.667601654888
101315,12781.65198300896
101316,8327.626995158878
101317,10974.655467577468
101318,13378.986601189456
101319,7427.4071420316905
101320,10218.149330344677
101321,5850.550846083994
101322,10820.056244973255
101323,13818.592134017474
101324,12041.578282285494
101325,15445.807507471454
101326,7160.199867760002
101327,9905.880124013216
101328,11562.517780327675
101329,13806.259997021336
101330,7103.558562857277
101331,7276.061955800542
101332,17068.13888325636
101333,11441.973928742604
101334,6912.9887119749565
101335,16184.32513406395
101336,9972.048396850249
101337,12904.744289084934
101338,11901.297633241871
101339,10760.012361961335
101340,5818.259436103959
101341,6738.78390725098
101342,12065.253705228159
101343,14901.074917842754
101344,7708.934303814376
101345,11228.157526767438
101346,7967.318041754239
101347,11007.616956385753
101348,10639.792405038574
101349,4601.115502512055
101350,16636.693733437627
101351,10154.829862517807
101352,7152.364581381374
101353,5908.9051791754355
101354,8299.543366749163
101355,10797.391299980032
101356,11419.915471252789
101357,13499.223713776639
101358,8690.073787677149
101359,11880.92285534771
101360,15183.004325995777
101361,12752.55649349852
101362,16157.503831822445
101363,10801.811504591029
101364,3970.8248789698273
101365,6647.412187073599
101366,6858.006376491347
101367,10499.862376907
101368,10043.757204473226
101369,5831.329759308359
101370,10611.996095720571
101371,18053.810427295648
101372,9269.937683896413
101373,11661.00978106941
101374,7270.723413594691
101375,13591.103316856668
101376,14547.020563878541
101377,10182.129602530797
101378,11067.259812821785
101379,8772.896202414682
101380,9711.096716729615
101381,9547.473230084308
101382,7901.592609560812
101383,10383.946961351954
101384,10641.569725878253
101385,12253.650572593018
101386,9329.365753173688
101387,14113.799580229097
101388,11411.728386335757
101389,10941.037352645691
101390,5811.123313594801
101391,10874.557513850243
101392,12078.651829098173
101393,9091.238653951863
101394,13054.15286124462
101395,14379.37929556035
101396,15999.664784368237
101397,9585.976037307177
101398,5411.150307981836
101399,10069.708587589965
101400,14557.831201248318
101401,8426.470771367656
101402,6170.567083014141
101403,8079.109496021102
101404,8348.79373643795
101405,12984.104650590634
101406,13124.995889798389
101407,8641.410390545012
101408,7212.390456578652
101409,18998.792593806298
101410,5782.49426843091
101411,11866.465709703296
101412,9988.826238265334
101413,6671.582326332145
101414,13795.257891025412
101415,8957.763134518622
101416,11131.11211101894
101417,17547.769692425332
101418,7050.826968985661
101419,6042.66260528808
101420,9831.448312945911
101421,10413.188056864159
101422,12982.925347723323
101423,10289.92920374495
101424,10607.88058331063
101425,7195.6145509956295
101426,10674.632414493284
101427,12897.4649038255
101428,6244.63988400719
101429,10111.178921512923
101430,7328.22171721825
101431,7541.125770192473
101432,10508.372447257521
101433,11453.820490622044
101434,15505.029304184614
101435,14040.55661444602
101436,16781.574650169958
101437,6695.285695238557
101438,16800.255783017255
101439,8191.44937939095
101440,11679.754712586178
101441,11518.98433405803
101442,12402.31960959902
101443,9111.380544839409
101444,10507.90221559553
101445,9321.777792568197
101446,14100.576313508911
101447,11239.14006383418
101448,6650.620057731698
101449,15488.628739547657
101450,8965.89011657711
101451,13158.61964261313
101452,13918.962815101815
101453,7787.806617171481
101454,10336.78845112165
101455,9754.58413314112
101456,14291.683518800313
101457,10594.503306644532
101458,18150.196919083304
101459,10204.866057716157
101460,5594.407092088637
101461,8013.0982825778865
101462,7104.66244445994
101463,11417.912459443807
101464,12098.14721368203
101465,13532.68640185562
101466,15266.826809918985
101467,9841.854852418588
101468,13709.960072530914
101469,6148.379488255556
101470,10659.426585844758
101471,9758.611870035627
101472,5798.865853067616
101473,13575.408602001811
101474,10178.090867884646
101475,10600.874951512142
101476,10566.5756750684
101477,10166.862811936286
101478,7218.458719885823
101479,11184.248015378369
101480,4887.456360557621
101481,10118.373630138727
101482,10863.23923344259
101483,8004.487474244532
101484,6475.820472292878
101485,9103.322813445953
101486,14625.886159619675
101487,12218.459009141647
101488,14026.635694690809
101489,6845.890246552724
101490,5224.432098948293
101491,12627.370500813246
101492,10919.250848908147
101493,16359.26757395183
101494,9906.84741135058
101495,9002.688517702123
101496,5659.4406132472595
101497,6968.093400254281
101498,11922.827490445301
101499,6255.628767349026
101500,9670.273261960367
101501,19467.730124134225
101502,12353.534856073515
101503,9813.384016897155
101504,10101.924684492722
101505,12920.971369659728
101506,10890.208740533206
101507,12357.066187551238
101508,17633.20522339632
101509,17255.879910392872
101510,14909.025769069784
101511,7589.286934163796
101512,6487.040226678972
101513,7028.893923945171
101514,8776.507042661115
101515,8210.343431731295
101516,6965.090619752727
101517,9541.892543788099
101518,8156.0304049702845
101519,18562.469854327264
101520,9945.228210481771
101521,11931.21355254556
101522,15505.029304184614
101523,11721.042906564335
101524,10395.289180670683
101525,12930.429914090626
101526,12681.773305114093
101527,8939.94023651092
101528,6237.085055961543
101529,7902.578580469659
101530,13157.006757513267
101531,14167.714590295558
101532,6601.879363068334
101533,4558.5518825224335
101534,12865.859509955077
101535,5181.700954319624
101536,10108.356474225322
101537,7472.6926313500135
101538,8731.291097716445
101539,14608.348893307011
101540,10801.811504591029
101541,9292.372561402306
101542,13219.088950244732
101543,14039.328473039788
101544,3624.592202882007
101545,11294.315905805694
101546,6233.093553429106
101547,15959.964363903335
101548,12641.975284213224
101549,10799.558823047388
101550,9900.493288261936
101551,9209.615290267444
101552,7749.376366957667
101553,10090.553108425032
101554,8321.534047914838
101555,3409.6744614282916
101556,10274.848110750587
101557,14606.707039034596
101558,12708.883405025015
101559,8474.895559125094
101560,7339.787544779847
101561,10139.326549395795
101562,9572.85320440492
101563,17395.378979481142
101564,9199.68285917935
101565,9999.276291862192
101566,12723.074506725989
101567,9803.340394876497
101568,11952.028373115265
101569,14186.00928022923
101570,8390.887701820364
101571,12306.63823397696
101572,6384.2312776928775
101573,6087.2639550688455
101574,12546.26058806544
101575,10043.385497032632
101576,13893.835542582921
101577,10776.122201343818
101578,16787.377217489237
101579,10244.169695425397
101580,8595.323734830217
101581,5770.485402710448
101582,5951.307820155227
101583,6336.95328942012
101584,9102.965806014348
101585,11129.46755578717
101586,7046.0916642941975
101587,13092.561122642812
101588,6936.78241651042
101589,10116.658096918221
101590,8473.277360450304
101591,11935.698496633311
101592,12865.73185091643
101593,11109.72589037727
101594,12236.145188157969
101595,13881.644862199073
101596,11805.180948824633
101597,10176.041812386853
101598,19179.345184669903
101599,10563.321002944554
101600,13918.003565675794
101601,10782.854902053514
101602,6012.220554269916
101603,11132.989533718555
101604,10798.03572751319
101605,13060.791052132972
101606,12168.56751368654
101607,10169.881146378044
101608,6532.210396714246
101609,13893.856466166122
101610,11762.42021312574
101611,4926.090536645739
101612,7335.339339621962
101613,7889.055242729657
101614,7473.092026233335
101615,15959.964363903335
101616,5455.28051272853
101617,7852.647662388168
101618,6161.22350180797
101619,9339.057717594409
101620,11248.788334516601
101621,7300.1416994832525
101622,9773.560626522845
101623,14984.612922895976
101624,8257.426232816995
101625,15505.029304184614
101626,9953.689818196184
101627,10252.068606912377
101628,15129.12240069153
101629,11117.698987381356
101630,4682.5260154627085
101631,7293.4508993704585
101632,7666.876113530279
101633,16677.926308040915
101634,10508.475023851784
101635,22404.249326718014
101636,7228.840675554604
101637,9180.708664996913
101638,8279.298926724081
101639,3629.5990898073787
101640,9687.637502577762
101641,12046.333948321106
101642,9639.69781837293
101643,5066.268581882368
101644,7491.712053254935
101645,10922.604424232819
101646,11535.019575107428
101647,7786.223789462982
101648,12059.11871855459
101649,9833.58412780713
101650,12770.43017064692
101651,14953.682021530025
101652,16136.625462206215
101653,17504.147767615526
101654,7363.606297824875
101655,12544.060326503635
101656,7597.355716513917
101657,13590.319861184556
101658,16925.219387789744
101659,9482.377048202568
101660,10563.321002944554
101661,10175.335071760153
101662,7077.0425155385
101663,7617.3170799685795
101664,11809.788272718632
101665,9131.80952478122
101666,8528.427478376052
101667,12156.824251354908
101668,8812.559024432197
101669,10535.12625852646
101670,14013.727743673002
101671,7953.237172168216
101672,11552.63193630885
101673,7065.1422683841065
101674,8822.308192698289
101675,11443.561902303574
101676,8823.740839314207
101677,13712.38388393375
101678,10267.946320273459
101679,7806.387065461056
101680,11048.534253363501
101681,14171.199234167034
101682,7180.65145336071
101683,10654.888403642099
101684,10881.69786785623
101685,7518.717740070187
101686,11736.93924855767
101687,5614.913873845503
101688,9700.344428727918
101689,10365.383741254944
101690,9738.071112787131
101691,11620.972481269891
101692,8340.83045808784
101693,5138.944430579428
101694,12541.616406668765
101695,4689.556463735045
101696,9072.13252612642
101697,13470.293141368653
101698,9483.985850108587
101699,8456.346482956236
101700,10151.409615739838
101701,11663.576653471171
101702,11919.079233533517
101703,10257.188604317025
101704,12621.953779085574
101705,12318.333301958413
101706,9569.546031805989
101707,12137.662968265491
101708,10924.07286110472
101709,9207.12197317916
101710,7507.4932126662525
101711,5253.12694608503
101712,9491.357345223167
101713,11022.65569632698
101714,10453.366910289697
101715,6708.659049640522
101716,9981.486460105087
101717,5659.738249947395
101718,12378.367977856464
101719,7251.032755940232
101720,8786.292477319217
101721,5664.962940180996
101722,7604.157798613705
101723,14563.802975421087
101724,10096.512045020563
101725,13573.127387242122
101726,4989.7378385019
101727,16391.440380322187
101728,12517.716575238555
101729,10919.263150871826
101730,14214.811162424736
101731,13574.773478224473
101732,11799.984487175741
101733,5963.375802090703
101734,9662.67167644609
101735,9486.888360151162
101736,14318.79184640468
101737,12169.873868279232
101738,13137.143509646226
101739,11313.017425409365
101740,11709.277589467372
101741,14477.915836448134
101742,8380.224463586941
101743,6903.593419565554
101744,8733.545311666869
101745,11578.587974941733
101746,14435.940193818973
101747,16368.987756561288
101748,9801.65872227362
101749,6560.691478689558
101750,10292.225662733712
101751,15505.029304184614
101752,13182.510854425473
101753,8362.958389040403
101754,6968.427123885887
101755,9518.934112411547
101756,7752.390044529102
101757,6029.805852774894
101758,12297.315563407707
101759,14950.892853594742
101760,16157.503831822445
101761,15930.682165051257
101762,12690.66090607009
101763,6801.3549755119475
101764,8613.26189759827
101765,7080.560722507424
101766,11277.722724562509
101767,15694.432975642187
101768,17960.436366270744
101769,6037.950794109603
101770,2416.422544151801
101771,7219.827134681693
101772,7754.89144151765
101773,3964.1233110813255
101774,7735.0388373688675
101775,7659.1607591519705
101776,12003.369008428659
101777,8268.970713003286
101778,17466.375338590587
101779,11117.416040756521
101780,8675.774217030845
101781,15472.370159770515
101782,14015.76147769768
101783,10985.091327300495
101784,10010.869478713677
101785,10471.325277049695
101786,13332.849197464766
101787,6218.229423946634
101788,10511.998161982276
101789,4680.2327003487135
101790,10329.220828010493
101791,11701.691037075005
101792,17117.135037237655
101793,10322.10261117035
101794,9575.419663642373
101795,8124.386869953076
101796,14773.196891501455
101797,1556.6864211423922
101798,13827.817896999577
101799,10004.414216365478
101800,11193.39658774743
101801,11154.769044440083
101802,9530.988368203529
101803,7186.630363753633
101804,11198.641759938755
101805,10368.406897507353
101806,9390.752225959779
101807,16349.35795894167
101808,5295.6397701108135
101809,8539.159291117398
101810,7851.232086272752
101811,10967.62240914689
101812,8748.428362240435
101813,14021.121019411908
101814,8755.539009045748
101815,13609.008815526291
101816,9995.099482295998
101817,9324.31757157674
101818,4352.839919629934
101819,7995.262862284344
101820,5922.919640164911
101821,10482.084250210955
101822,10847.632790194213
101823,15959.964363903335
101824,14123.462897671832
101825,16676.698378832345
101826,11473.809398006655
101827,11862.97581943608
101828,7931.594808541606
101829,11931.607451803131
101830,9713.693174382313
101831,13810.606381599255
101832,6572.6394779024395
101833,12798.622161889753
101834,17212.73070165835
101835,7708.313033780838
101836,9433.02611514107
101837,3835.1120388335416
101838,6260.906942855569
101839,15990.118113956523
101840,7473.8916549533515
101841,5726.9674815089675
101842,15050.816024656096
101843,8154.236731966652
101844,10238.1071205317
101845,4753.191310437207
101846,9606.074621404836
101847,11140.39380622864
101848,8746.002216360746
101849,15505.029304184614
101850,14946.478867460215
101851,9459.567895709442
101852,14593.29951693728
101853,7707.117806880327
101854,10945.283615867618
101855,11831.895616711492
101856,7916.900453835884
101857,10563.321002944554
101858,9347.519871447646
101859,7412.682568500604
101860,14178.437073848632
101861,9115.893529606219
101862,14818.338631516188
101863,10597.669734076182
101864,7150.158601165631
101865,9909.60533778701
101866,16068.785084706615
101867,10432.585239255264
101868,7813.2661816415275
101869,11708.352734895529
101870,16870.513220384306
101871,7321.518515864898
101872,10551.218859259385
101873,13863.887814686686
101874,14056.274940216103
101875,9800.924640237878
101876,11304.295986196437
101877,16014.575313706053
101878,7908.864486445793
101879,10505.156513336158
101880,7248.889642649054
101881,9702.811363553781
101882,7947.355480723545
101883,8270.210660113182
101884,10209.28041360452
101885,8452.719551151462
101886,6946.309793910148
101887,13253.232188061425
101888,5790.602963243342
101889,7225.007874225481
101890,13518.581766407397
101891,14929.4413989148
101892,15247.562028894014
101893,12736.53834224264
101894,8950.856193738571
101895,12792.563802194669
101896,5988.108722651481
101897,4812.471213658837
101898,12815.642860118227
101899,11021.484806491382
101900,12951.07705991159
101901,13860.241870351789
101902,16723.18525369673
101903,7127.96333971977
101904,11059.947558901174
101905,15179.093309610314
101906,6589.837842770172
101907,16484.907447972895
101908,13490.030784379498
101909,9293.557230295977
101910,13993.875082647739
101911,20176.27141041158
101912,8604.733896103668
101913,9171.063968663562
101914,11950.577513621258
101915,10971.684184884607
101916,8376.730638944511
101917,10070.857411063684
101918,11892.227035208574
101919,11229.6783259183
101920,10209.937523770383
101921,6923.029224324888
101922,13134.0398432072
101923,4845.207347882559
101924,14699.836440559797
101925,6485.286876749333
101926,20540.585464945892
101927,13270.622143821274
101928,7195.271589261873
101929,12036.329669975272
101930,7966.539469312861
101931,9873.846025236535
101932,9660.006073159955
101933,12169.213565319664
101934,13182.791557364751
101935,10984.091172374665
101936,12741.577463478
101937,13562.817281979227
101938,6134.420935975339
101939,8591.058580329738
101940,9491.608218359444
101941,6692.1765065168565
101942,21116.58083960612
101943,15956.345899050986
101944,8069.221629696185
101945,8469.691354720118
101946,11256.08785681847
101947,12986.500538513492
101948,7121.689102706872
101949,6569.971101329291
101950,12408.350815061622
101951,8452.295143759959
101952,7957.58668713199
101953,11583.904276520732
101954,15038.255195931211
101955,13541.51091508369
101956,8400.69419148851
101957,13274.150473636932
101958,9799.881627040284
101959,11641.605465717566
101960,13426.314459806727
101961,6398.450935186593
101962,8854.258505506055
101963,6928.539447423989
101964,13934.195316925321
101965,14006.652670247899
101966,10648.101807555337
101967,7075.794346001696
101968,9585.138533241734
101969,6530.832496633753
101970,5538.757257281093
101971,6854.612113630088
101972,7709.396072007834
101973,2393.2897348450424
101974,5922.671838502863
101975,7595.627447319275
101976,8067.5939814007
101977,11872.247616822571
101978,13968.880261304294
101979,9273.79804211109
101980,9265.246422688078
101981,6425.760047772172
101982,7245.6561798951625
101983,7469.142086696242
101984,10825.339822881473
101985,5602.510935825021
101986,7423.154885231173
101987,8669.361317658215
101988,15760.280889566071
101989,7594.297342488175
101990,10326.761604280979
101991,11917.398189324598
101992,9174.36331451566
101993,9984.073141647226
101994,10943.986392290988
101995,8751.89408072623
101996,14041.217945851315
101997,8189.794790834389
101998,9967.233319677012
101999,8804.576950883096
102000,7296.918147961505
102001,11273.475995408724
102002,8948.398536665194
102003,7214.280909886012
102004,15454.285649432066
102005,7578.647506713269
102006,9197.567786587566
102007,12617.341397311598
102008,10442.391845049675
102009,9573.102374935934
102010,13130.01875036931
102011,13632.73207870857
102012,10855.165705633279
102013,9591.284483372056
102014,8814.048462616429
102015,9427.671695363646
102016,6776.12640755131
102017,10945.91085837762
102018,1253.8554589844327
102019,10563.321002944554
102020,8887.253645163139
102021,7745.8491325782
102022,10781.108236199743
102023,13495.989515734382
102024,12646.167890182616
102025,9551.076955972298
102026,9142.996921000129
102027,15407.569482095594
102028,8099.79356899173
102029,12782.447889988256
102030,6392.086453462191
102031,5744.223206473775
102032,12244.701165406352
102033,4356.318506575415
102034,18229.209765010048
102035,9093.969331136908
102036,6064.680128415786
102037,18647.993572967735
102038,11011.414621785218
102039,7140.318469673212
102040,11258.613779096733
102041,11211.136351411471
102042,10650.20798213789
102043,10397.554530581523
102044,10410.836148822054
102045,7534.513846526406
102046,10093.333964537838
102047,10535.081122853408
102048,9058.980177558005
102049,11894.585764546584
102050,10570.039388589183
102051,7466.77334065136
102052,8330.01636564422
102053,6987.546485774127
102054,19020.125680469853
102055,8888.503793675554
102056,13948.214559604534
102057,7438.655824359092
102058,8669.01425163732
102059,12816.161281502904
102060,7634.807117508686
102061,9286.394931922623
102062,10265.443439880055
102063,8841.364983703883
102064,7978.216825915275
102065,10545.457105319361
102066,11134.861122838949
102067,6434.370317387093
102068,15959.964363903335
102069,10763.223344268577
102070,14647.430623814787
102071,17644.933475406993
102072,13193.438453191437
102073,10181.337802914253
102074,14759.698351444868
102075,6956.556542699099
102076,9681.44167638111
102077,10861.394176964368
102078,6748.922539611441
102079,12039.322641609051
102080,7431.316487426213
102081,8008.4935192231205
102082,10509.12827656733
102083,6996.01469666417
102084,10116.70789374509
102085,15121.784534484716
102086,16068.785084706615
102087,17037.56732337788
102088,10208.145874221109
102089,10022.012420479648
102090,8924.62941690718
102091,12219.99965687029
102092,11932.138132761836
102093,15431.442299491535
102094,11192.76659227601
102095,7568.348544209684
102096,15420.879653695234
102097,10563.321002944554
102098,10085.154708209084
102099,15366.69798140831
102100,10273.216202800413
102101,8148.511222040466
102102,5787.210706490219
102103,9473.023516339861
102104,9109.38313608382
102105,10669.492518107476
102106,6458.723563047152
102107,7279.986720646397
102108,7847.095104173721
102109,10031.188838931805
102110,8076.749273348869
102111,9906.525411142382
102112,16473.03665884138
102113,16391.440380322187
102114,15642.338158362905
102115,9860.436355918628
102116,15099.501064422202
102117,15999.664784368237
102118,9923.693170448156
102119,10101.193351925704
102120,13276.662997086492
102121,8718.049882261548
102122,11028.146668313766
102123,13020.293853935824
102124,9598.563484362388
102125,12557.720263259482
102126,5491.04973574211
102127,9816.006701040224
102128,7367.007655954902
102129,10244.055833585313
102130,10036.55278730079
102131,11480.10548269168
102132,3605.7307102168033
102133,9423.837395724775
102134,15505.029304184614
102135,6280.881525660616
102136,8286.936622886951
102137,11869.94917143259
102138,12060.098744965431
102139,11804.240435245996
102140,8619.522789765279
102141,13015.10778826824
102142,11007.949011686545
102143,10547.001729123966
102144,5233.46633287952
102145,7821.8063681929625
102146,10591.02622014739
102147,8754.976437647263
102148,7787.344346864367
102149,15542.27998169652
102150,8586.63915915554
102151,6392.809484887095
102152,10185.267356168595
102153,7816.516309206777
102154,10895.833215832947
102155,5726.047963826838
102156,7482.609810445354
102157,10790.9627899576
102158,9885.433248289171
102159,8435.357135720298
102160,9677.355325984066
102161,16157.503831822445
102162,12778.91055225705
102163,9229.274434887771
102164,7935.561875811518
102165,10321.853733059204
102166,7405.454182924275
102167,7196.848153259347
102168,6672.601555942449
102169,9813.030538558887
102170,8333.440178819805
102171,13886.219287274576
102172,13762.041806772486
102173,13618.297996688141
102174,17261.139452848205
102175,22378.14326939323
102176,5106.34684507081
102177,10372.987407054577
102178,6426.128320980197
102179,9297.302726128131
102180,6955.364883378976
102181,6648.628612143069
102182,10455.101655277882
102183,11239.557502079744
102184,11622.23303646739
102185,16321.500070328453
102186,14237.83893768429
102187,8227.069598194965
102188,13887.449685624155
102189,19114.876326172023
102190,15640.320577347109
102191,15540.151340540213
102192,11371.94227645039
102193,6902.198663898302
102194,8661.089134432794
102195,7685.375445031756
102196,7987.109579245429
102197,6255.443680332174
102198,7010.07656088897
102199,18812.3788849844
102200,9114.654738344743
102201,5562.375718560873
102202,10299.991213670997
102203,7557.118128927529
102204,7317.39065233315
102205,11346.368795758452
102206,9814.817719002876
102207,14908.374727956718
102208,10552.812629150181
102209,8321.037027343413
102210,12532.881955272856
102211,18112.41856989269
102212,13821.14480896364
102213,13661.144150657463
102214,6165.408194949996
102215,12409.214384592597
102216,8651.140607914662
102217,7796.937954010611
102218,14247.818809794819
102219,7385.9523526968005
102220,13434.385267278663
102221,7432.073261848354
102222,9797.727232478863
102223,15248.989866605149
102224,15305.326189060253
102225,13852.19773030475
102226,7628.496392608384
102227,6502.433104850883
102228,10188.093478197385
102229,13551.278735544456
102230,10540.330453424793
102231,10360.115750987483
102232,10035.618172994287
102233,6169.421237580767
102234,10234.164990772791
102235,7873.747747879179
102236,7246.9432451750545
102237,8644.441368226071
102238,17022.216739770858
102239,13369.489839496026
102240,9624.6534511176
102241,7886.87510690968
102242,10299.33608536845
102243,6493.302651899375
102244,9907.101999029263
102245,11447.943720908166
102246,9001.781507086662
102247,9774.03963077844
102248,11667.479655094565
102249,9886.91005469863
102250,7667.870478786228
102251,16186.15580063705
102252,6779.497293125212
102253,9149.909960559016
102254,9858.392596326496
102255,6984.035462466345
102256,9801.903385452624
102257,9773.538446781047
102258,15121.112038638683
102259,4172.111387549383
102260,10314.887058594544
102261,7128.612611278826
102262,13937.89115586313
102263,9210.622024900775
102264,11702.79933261851
102265,15505.029304184614
102266,6573.839573531806
102267,7834.3136435033275
102268,13986.512550204374
102269,8205.035516591983
102270,9189.02830428633
102271,8884.923144411609
102272,10195.772609353353
102273,2115.237315842328
102274,6298.4790670095335
102275,9758.12712317512
102276,10314.887058594544
102277,5405.63880572183
102278,8954.710962042396
102279,10223.473521593458
102280,11247.617378843905
102281,7212.745262265462
102282,16068.785084706615
102283,8749.083779042434
102284,5545.486483839403
102285,9779.38479947903
102286,9899.1827026801
102287,9695.705623517715
102288,7865.276541381455
102289,9582.474619295923
102290,11271.984226511682
102291,8325.684801999645
102292,16901.580178733
102293,16068.785084706615
102294,15505.029304184614
102295,9496.057749857882
102296,15700.821845047896
102297,9923.241427404448
102298,3977.128341305396
102299,12832.229512143997
102300,17265.764865618556
102301,9807.329337384843
102302,12366.419709551781
102303,9481.739917986422
102304,13439.292991933678
102305,7123.502471803253
102306,14582.07926670328
102307,8188.5431462445085
102308,9705.163893871624
102309,10827.026870407499
102310,6576.0621079094635
102311,7861.7046129032915
102312,10386.350846966037
102313,5952.882429180259
102314,8521.965439295815
102315,7746.098037318114
102316,6256.86349024141
102317,7794.46274139131
102318,12522.76974163658
102319,14478.09077450354
102320,9765.278550916162
102321,15700.821845047896
102322,7577.5687134583095
102323,7512.156076607061
102324,14479.632716546937
102325,8088.971673082949
102326,10359.094038936168
102327,16733.435712927174
102328,10291.717072598645
102329,9521.312448184777
102330,9177.68173773431
102331,12988.105367846396
102332,10006.286031081665
102333,8621.784284730154
102334,8645.78405352912
102335,8394.03144366965
102336,13592.10861233568
102337,10475.134856309603
102338,7633.826269270563
102339,12747.407203587034
102340,9897.742054252765
102341,7609.617606002779
102342,8047.215733937848
102343,7194.920085040349
102344,17960.436366270744
102345,5587.319895043169
102346,12943.9255133144
102347,13274.335572688306
102348,6585.611779944149
102349,10933.20063080519
102350,20025.97950080413
102351,8974.483955664644
102352,7568.7726793646825
102353,6793.41013371228
102354,13614.642653861029
102355,13112.286312957258
102356,9093.430220162445
102357,2466.173763221783
102358,6580.036395384994
102359,10058.405595457098
102360,7318.671960579144
102361,9882.550485025411
102362,10145.850758013381
102363,7684.431622617218
102364,8499.519869619671
102365,9697.025803918237
102366,9456.712237005173
102367,10599.69235042834
102368,9836.928458413291
102369,12482.03118988446
102370,8213.761711065246
102371,8293.366838305443
102372,7827.822150692993
102373,3873.36275555437
102374,4405.6139837616665
102375,11676.442882277253
102376,13034.851208872547
102377,15359.224985221867
102378,11477.348433483407
102379,3789.6524745883257
102380,10915.795834018822
102381,9379.136332292912
102382,11044.454333985757
102383,12867.51770819375
102384,9601.864625930397
102385,16440.106135826492
102386,12530.485864905208
102387,15771.864108226211
102388,10225.348174721767
102389,12908.172923726375
102390,6354.650873060664
102391,11509.518521334208
102392,10500.83301570317
102393,10600.220421441374
102394,4181.622904332873
102395,7931.105424610676
102396,9230.179489991462
102397,12888.439147894504
102398,11432.629208278784
102399,7097.291875786558
102400,3634.746096824762
102401,9559.555462795714
102402,15212.96937029483
102403,11570.239479150856
102404,11662.719913401637
102405,10168.515165846213
102406,4752.730221355667
102407,9340.824150114597
102408,6020.678577755664
102409,12140.830383851944
102410,7532.469103875743
102411,19005.092821277998
102412,17212.29752252999
102413,9906.813325742238
102414,14645.678234191726
102415,13169.740087015045
102416,14158.691546895083
102417,10669.683258088739
102418,7764.8757510916585
102419,11389.997910400234
102420,6174.317774168119
102421,12001.131343768877
102422,11054.298935941513
102423,6639.028275778486
102424,10193.21057266515
102425,11209.660440818723
102426,11162.013596930241
102427,9165.750105380188
102428,8615.163189944
102429,4624.2842541630735
102430,6515.014100980994
102431,6440.55766877111
102432,9580.641789490881
102433,10913.444996066377
102434,18150.196919083304
102435,7446.165543010156
102436,10392.348601603666
102437,11615.758136272205
102438,10736.47189739994
102439,6413.886470196936
102440,7950.154921029795
102441,13515.688503057809
102442,10267.992597008653
102443,8693.884803392437
102444,8054.217881438729
102445,6211.905096344707
102446,11542.854857918413
102447,4031.841935956836
102448,9597.566593041303
102449,9817.909868617959
102450,9673.089876609622
102451,7298.52369845666
102452,12062.665307278367
102453,7656.456010278989
102454,14625.451947851272
102455,16618.80544580112
102456,5371.873408755735
102457,7288.322433611014
102458,9887.476689959454
102459,7161.716353916143
102460,14259.865671338155
102461,14863.23544063586
102462,13238.33056485618
102463,8426.711222265554
102464,7216.780348879602
102465,6333.064759809909
102466,6140.661004815456
102467,9456.523127180699
102468,11744.84738730034
102469,7192.00859596657
102470,12104.535853442812
102471,15320.340245108764
102472,14896.004184169611
102473,13631.904598875597
102474,10420.12770335664
102475,12851.987800301027
102476,10061.83805530702
102477,7831.7862629957835
102478,8074.893078101106
102479,15505.029304184614
102480,10341.604164842065
102481,11281.550549193445
102482,11565.573218019725
102483,15505.029304184614
102484,13211.401239388935
102485,12959.403413112466
102486,14595.376148183233
102487,7974.039218439397
102488,7273.718495247736
102489,5603.100825745385
102490,9547.343620768312
102491,11831.002839770088
102492,6186.143245783416
102493,6848.918360681362
102494,8386.853365453835
102495,13934.826619470397
102496,7555.476274388862
102497,7364.569339367428
102498,8192.894362556393
102499,12422.800371395948
102500,14041.336393946203
102501,9940.920681310243
102502,7654.767795997195
102503,11012.929997557987
102504,3705.875494164326
102505,11479.319450524217
102506,6622.944815099803
102507,7954.439123021907
102508,6587.115765156907
102509,9976.934916164584
102510,5728.691039340891
102511,9289.212716346376
102512,10097.342273722228
102513,17316.263989677398
102514,11218.107022642514
102515,8937.761837929673
102516,13805.701613796427
102517,12403.97766550213
102518,11360.905769311268
102519,1784.3323161846463
102520,12274.11028027666
102521,8882.473716708175
102522,7855.016903883263
102523,5559.543829743506
102524,9075.415666700937
102525,7865.180164181926
102526,6046.611671380986
102527,8500.024417502264
102528,6776.700357260104
102529,4668.960517146539
102530,11327.849186562533
102531,10168.737418157374
102532,9433.33267465066
102533,7036.202113951728
102534,8530.156152396561
102535,16391.440380322187
102536,5066.351021047212
102537,14765.22952201258
102538,7081.898466303348
102539,6214.1359660838625
102540,11228.261885034219
102541,13369.131747973644
102542,11030.260938354113
102543,13261.23236828269
102544,14440.048232946145
102545,14354.755580966708
102546,8088.55875744341
102547,7474.158251355169
102548,15989.775838530226
102549,11132.609328791852
102550,15279.772302187164
102551,13416.106769031456
102552,8217.199208127706
102553,10340.57112423038
102554,12152.578666444013
102555,10863.5559547126
102556,6172.098942615563
102557,11203.677318461057
102558,15123.013892815678
102559,10510.25799817004
102560,17400.982269428176
102561,14073.084744037853
102562,4340.465609457823
102563,7337.796078709058
102564,8173.773750364473
102565,11576.011732399233
102566,9782.437076380564
102567,14164.990819298757
102568,8263.306341507128
102569,11172.272330178776
102570,8319.371466773839
102571,4948.675940164436
102572,3324.362671536565
102573,12619.82661886092
102574,8959.29762821427
102575,17150.845976178025
102576,8755.701988276967
102577,10896.854777191156
102578,14916.330671754451
102579,14929.272587672467
102580,4269.109995193617
102581,11372.778746476743
102582,12602.547548440582
102583,10696.60828389553
102584,7646.311926211119
102585,10180.767133783324
102586,9456.291267424269
102587,13437.468648209653
102588,10901.509831635005
102589,15513.893190334795
102590,9611.707869888221
102591,10953.643137788911
102592,16740.113092540247
102593,11158.001529075056
102594,8371.839984209852
102595,9997.98634410253
102596,6199.288572521638
102597,8090.877259369148
102598,9868.845624891826
102599,15149.302340345504
102600,15179.975093327797
102601,9319.240946398539
102602,9595.864470137498
102603,10427.26425570981
102604,2605.2571594955407
102605,10315.665407171073
102606,15709.922535802587
102607,7346.301614204662
102608,9317.908782719816
102609,7287.159886883148
102610,8045.015746416682
102611,14526.189729488126
102612,12989.981186176174
102613,10260.047115327161
102614,10070.724639094187
102615,7511.212083638961
102616,12396.908386473164
102617,6981.521077822752
102618,14621.907556017915
102619,12938.145794784032
102620,9902.216945523913
102621,2529.2710259287824
102622,8604.09456880465
102623,15140.508832686202
102624,11844.650194024485
102625,15294.20518919913
102626,6798.607574643736
102627,7221.266591586273
102628,5195.670360521529
102629,14719.074482693319
102630,15403.367977913973
102631,16955.10241212797
102632,7492.310149069584
102633,20900.36619455141
102634,8735.133750727728
102635,16367.077560628819
102636,1488.498596501436
102637,16878.14363330121
102638,6790.272369718333
102639,8983.69289509027
102640,16068.785084706615
102641,13574.702764568528
102642,11944.655593647214
102643,10177.21600686018
102644,15774.31367401134
102645,9455.827310500743
102646,7937.453640807402
102647,17067.72422581002
102648,8232.582658085716
102649,12721.567741658175
102650,9789.365621847728
102651,11569.887133894958
102652,14397.48622473629
102653,7843.629568068558
102654,6881.324835693105
102655,8527.614692656949
102656,10356.519710520039
102657,21113.440518428382
102658,8085.077698932962
102659,7448.861605170907
102660,7191.525243825858
102661,10350.044259010032
102662,7901.319257644836
102663,11653.621766672433
102664,6450.304897552918
102665,9866.422619266812
102666,11641.250576725182
102667,14408.526978256923
102668,11880.67331373055
102669,2617.236454126609
102670,9534.018515843361
102671,11844.457324488172
102672,17008.476786421295
102673,10082.059371898044
102674,12684.23364407945
102675,6413.307056172451
102676,11683.776414269385
102677,6603.297232249722
102678,10347.897651796278
102679,11117.416040756521
102680,9171.120892573435
102681,9588.137815942573
102682,12059.669104157227
102683,5426.915358590895
102684,6744.951068465988
102685,9684.815658457053
102686,10677.969350579697
102687,13207.013542882214
102688,15405.281877977412
102689,17657.270077770077
102690,9168.746529294094
102691,6340.656786342179
102692,11864.374114116172
102693,10213.290918089358
102694,7637.429751241573
102695,9438.89864939099
102696,10780.660488380718
102697,12237.91164531837
102698,12716.732987444271
102699,4315.019903226237
102700,10624.339573647296
102701,10825.890315275014
102702,11779.494032716155
102703,10762.087849470085
102704,8956.74183416308
102705,7136.945585346046
102706,10806.367021580165
102707,12868.49077546683
102708,7744.000135099997
102709,10756.257388382028
102710,15523.0858784505
102711,10919.969190342748
102712,11416.61277993222
102713,4227.245288099301
102714,10563.321002944554
102715,11513.06343439592
102716,10398.032771573198
102717,9818.909233013957
102718,6589.310365087107
102719,15163.995002622594
102720,8303.533667961165
102721,6922.268515096377
102722,13610.211016847588
102723,8712.197534202576
102724,5787.380403854867
102725,8026.769482432444
102726,9804.606815923871
102727,7377.427779702074
102728,11863.101448165526
102729,9489.351825490176
102730,4708.09038608695
102731,3808.4113902297318
102732,18213.972242684584
102733,13901.823541003561
102734,17265.764865618556
102735,16040.91236962243
102736,8985.680197657573
102737,9624.376213935371
102738,12731.61831426077
102739,10354.588355329819
102740,7511.321491749755
102741,14821.061440083144
102742,13978.767423921818
102743,18736.705993095853
102744,14282.183348509006
102745,7746.051391313536
102746,10247.001583385798
102747,13129.994534194226
102748,7565.193831986343
102749,10318.230565794536
102750,14777.262840635862
102751,9149.668713154457
102752,13342.774811602656
102753,11528.879011790694
102754,9553.380464291231
102755,12636.951833109411
102756,6277.0864563000105
102757,5636.768701388067
102758,6581.434552108323
102759,4993.583447829
102760,10606.056677105647
102761,9467.620505374383
102762,11676.159484697573
102763,8440.569393678808
102764,8310.238044513322
102765,7126.1641937212535
102766,10865.186319818324
102767,14470.261019151367
102768,10615.884862226987
102769,9077.975983932312
102770,9880.003941484283
102771,12876.585886542545
102772,11208.002335794989
102773,15505.029304184614
102774,11818.417983060628
102775,13479.152230178024
102776,13345.915250146956
102777,9564.639318670452
102778,8343.159755660428
102779,15959.964363903335
102780,11847.018736654989
102781,17142.876831243368
102782,11246.71800528301
102783,12509.844520340092
102784,9987.706111664187
102785,7291.90187352926
102786,14816.356477681526
102787,10093.375302207722
102788,14340.57228515577
102789,9667.364590302706
102790,10128.341164931097
102791,6885.646782092513
102792,15111.12112355042
102793,9481.009927118339
102794,10126.73521161274
102795,10563.321002944554
102796,10108.440921820556
102797,6705.497352229672
102798,10261.335519556302
102799,12281.421207600131
102800,15501.365102495736
102801,13797.663622579239
102802,9662.65734722494
102803,10417.472063587262
102804,8116.120257519047
102805,6015.536352785402
102806,8285.803990602006
102807,10014.311989271979
102808,7283.729361248252
102809,5728.398445390372
102810,7201.374645492699
102811,7363.092721912548
102812,6398.494217063973
102813,7991.1559752753255
102814,9292.45686694105
102815,6649.995983826875
102816,8874.664318816158
102817,12576.750575214046
102818,10291.495133064782
102819,21241.14938058234
102820,11432.069557297995
102821,12268.50257877597
102822,11996.73588813423
102823,14033.6846980948
102824,10714.184653793709
102825,8032.353656247445
102826,10156.743727074401
102827,9001.98595764228
102828,10166.409823080283
102829,7879.32836328455
102830,12135.318747009722
102831,7278.8082727458695
102832,10292.980291093452
102833,8207.290076217114
102834,7187.575802706089
102835,6586.363760441645
102836,6464.7567886752
102837,10559.300864221961
102838,13069.662838568758
102839,9715.477664119204
102840,6396.832027898801
102841,4391.863875684307
102842,11808.051172768084
102843,8825.310507330585
102844,15217.073325976282
102845,13694.371197763741
102846,10484.295130986764
102847,11976.280399571915
102848,8499.449759169936
102849,5817.549896623321
102850,16123.379255569856
102851,12006.531811495366
102852,14562.528174881309
102853,13951.627781905416
102854,11532.981231380287
102855,12407.962221085967
102856,8211.862826499266
102857,5794.960579647155
102858,11225.899658177492
102859,20519.181970580914
102860,5407.969342559934
102861,14043.750058679705
102862,10918.9928536193
102863,11563.932497269137
102864,10175.17900900921
102865,14162.988913599987
102866,10622.39500363626
102867,7905.030866528699
102868,10618.652549751248
102869,17031.323627755286
102870,10624.970428436978
102871,16840.55003181996
102872,10533.991612221553
102873,9107.515019704406
102874,10567.99158692114
102875,18437.728207708184
102876,10838.192496172429
102877,14903.06343289524
102878,13377.49282253422
102879,12052.803450004307
102880,9633.763745744094
102881,13935.929599128038
102882,13029.751422238212
102883,8663.65236178576
102884,10491.966518739606
102885,7832.814771042809
102886,8263.306341507128
102887,9794.502873270483
102888,12223.521631829524
102889,12895.259815552512
102890,8858.491381392327
102891,10563.321002944554
102892,9774.261336841126
102893,6602.564875437978
102894,7456.140782131439
102895,5313.256702658369
102896,11677.638077352723
102897,10599.062715619912
102898,11342.610977957547
102899,4516.051443402913
102900,8584.901948599236
102901,13428.770594439367
102902,8144.110014848344
102903,10481.657787029193
102904,11688.554693039323
102905,11479.408706402457
102906,12417.829147974251
102907,10833.504778026623
102908,11573.593234458389
102909,10952.875386504424
102910,8051.2216943642725
102911,15260.399651086225
102912,11477.446567141484
102913,10429.14389389695
102914,2327.853756132873
102915,11901.819961404695
102916,10342.113192036813
102917,6556.920984883493
102918,7880.0872249758595
102919,5651.201224849332
102920,9343.771093460806
102921,8352.118939769127
102922,7184.011715653933
102923,12942.513619864756
102924,8373.536349329928
102925,7330.424642405113
102926,12828.237865658128
102927,14488.726685090536
102928,11407.537608801944
102929,7310.426779871463
102930,13611.278565303108
102931,9566.276161919057
102932,9839.16968978487
102933,7693.736115045907
102934,9933.381900196779
102935,6954.570351649757
102936,9802.810711360195
102937,10704.194718568639
102938,14036.643674545696
102939,10630.033430734624
102940,15313.182725162545
102941,12959.30894346357
102942,8782.416375326124
102943,13515.654078190051
102944,7126.761089975366
102945,10271.38432281325
102946,13161.426799050558
102947,10963.477538891864
102948,9766.817073078037
102949,10120.5449135535
102950,10792.008993565969
102951,12188.714478996992
102952,10791.914979621615
102953,9185.486799511793
102954,9142.418251779309
102955,10973.62058684128
102956,11098.434494881152
102957,13018.673659526852
102958,14981.639285524696
102959,8283.05026773585
102960,7233.205721926852
102961,3560.889483525476
102962,12259.216762178232
102963,11631.915007486698
102964,10635.844376889165
102965,9984.717995640716
102966,13938.078410123533
102967,15844.258119526286
102968,14609.987962566056
102969,11815.455019025976
102970,12927.924519742937
102971,7822.939029264326
102972,10360.322122841222
102973,9171.099209361999
102974,12556.149895328072
102975,10271.807920360732
102976,8297.563295577405
102977,8080.602906895764
102978,5259.293202442488
102979,6325.61820029609
102980,9762.812824297529
102981,4797.892428192395
102982,10234.985610275588
102983,17268.206608854172
102984,12967.665097345025
102985,11251.868855612087
102986,20329.516933202078
102987,7235.4511572333995
102988,11419.915471252789
102989,10335.991848803063
102990,3168.4081017885587
102991,12200.694582931961
102992,5731.201037498736
102993,11964.831260903447
102994,6302.009636838033
102995,7375.983906377904
102996,9813.930099476176
102997,9428.200373561562
102998,11254.374161325202
102999,4941.226717547994
103000,13143.39246135216
103001,6562.872903317086
103002,18053.810427295648
103003,12612.624669140314
103004,11935.956497224768
103005,9639.001474240238
103006,13538.696791267183
103007,10462.978825199283
103008,11525.449788995544
103009,6584.864872134087
103010,4687.660078663801
103011,3244.090818456174
103012,15324.108447202445
103013,7354.611951780891
103014,9815.828099730326
103015,6613.626817686247
103016,9828.456737882629
103017,4134.379929170806
103018,15505.029304184614
103019,6671.351415198
103020,9687.874988133382
103021,14673.372918489356
103022,13503.161976249972
103023,5963.893925213511
103024,10360.238796539521
103025,9847.565694200533
103026,11678.558246057552
103027,14607.090273851052
103028,11599.66311638863
103029,13775.656522075622
103030,7513.399226133084
103031,10362.973851653245
103032,10302.833325899868
103033,6873.4353985724665
103034,7965.423442889102
103035,11743.207756468208
103036,7724.753780603185
103037,15999.664784368237
103038,15505.029304184614
103039,12307.469455511999
103040,6890.799620058211
103041,11203.014832039054
103042,15000.241251656997
103043,9887.234012687797
103044,7822.634313469801
103045,15278.387477690312
103046,13103.463498757115
103047,4840.3342166843595
103048,8334.79966901893
103049,15416.290985479449
103050,18875.855263708392
103051,5541.393746339794
103052,16065.872758973066
103053,8627.46630633061
103054,11024.640202535527
103055,10123.058510444425
103056,11445.871351599133
103057,13193.54832646692
103058,12726.997014967721
103059,8330.969332231918
103060,3976.0665007942407
103061,17960.436366270744
103062,7298.133444807163
103063,8286.491214000698
103064,4972.901860619696
103065,9900.25609488752
103066,10051.016119772608
103067,14989.797488252829
103068,6537.091510436582
103069,6415.871171371482
103070,9565.010373634708
103071,8339.494652301217
103072,18194.319396685292
103073,8143.963491887154
103074,10990.180562875688
103075,8064.553180014775
103076,11736.829138053814
103077,4244.35444017643
103078,16391.440380322187
103079,17277.716846694977
103080,8042.538460725461
103081,5230.145151028224
103082,7370.626075710119
103083,7250.198345138442
103084,10712.49951980371
103085,11386.937840584982
103086,7843.027710670447
103087,5347.689934554201
103088,13827.727023231442
103089,5818.992134603413
103090,9548.364063495088
103091,6958.580535318755
103092,10782.803301890932
103093,13775.827590452358
103094,8442.087150108551
103095,9818.21847179757
103096,7579.769214577234
103097,9180.74653408109
103098,8151.115045500639
103099,9520.180198569658
103100,9552.87430475191
103101,12989.92330019943
103102,8392.627954182051
103103,14020.696430350123
103104,7172.529384043416
103105,15908.975055219944
103106,14754.554604243873
103107,9497.045538221297
103108,18818.427455260557
103109,7232.80849463242
103110,13408.198451223736
103111,9097.167185427521
103112,9740.627829068628
103113,5471.9450787564965
103114,9425.51388299368
103115,7326.165869235723
103116,4839.846518244988
103117,9233.61275443578
103118,3880.98245312774
103119,7905.928865873113
103120,7645.745027879926
103121,6986.626481747371
103122,6742.993270307425
103123,10414.656339880003
103124,13279.954503431773
103125,12054.483474227862
103126,7383.581165676002
103127,13958.237631617236
103128,11008.38505230167
103129,7938.011708491731
103130,10076.31422469171
103131,9809.47078977977
103132,15278.678678987173
103133,10413.230160680658
103134,11304.650043475249
103135,14335.541435803143
103136,9323.13619700917
103137,8213.700076190009
103138,11386.651451197466
103139,8160.926458971917
103140,5085.870815135352
103141,9818.734349462135
103142,10565.756124354753
103143,6971.887629784019
103144,7908.220176545125
103145,10984.612503890912
103146,8629.505529422979
103147,7225.942165482094
103148,13780.920627416815
103149,15505.029304184614
103150,11645.032497783131
103151,12150.578284233457
103152,6577.781005403113
103153,9716.632718043691
103154,10376.009857857294
103155,7475.29513474632
103156,8466.471147653256
103157,18009.77949789201
103158,8327.966222364368
103159,15651.7512332505
103160,15286.984150565931
103161,13514.998855794456
103162,8830.932484945926
103163,9737.237346576836
103164,9484.53360732634
103165,6949.378338105698
103166,9164.733901623375
103167,16609.85916856571
103168,11480.426112048899
103169,10563.321002944554
103170,12326.72675900358
103171,8539.378080189808
103172,11043.08312392702
103173,13033.929023058667
103174,9731.638673477293
103175,11239.550146437017
103176,12011.230692572517
103177,10942.290508547154
103178,8259.559399321326
103179,7712.852200311648
103180,3075.080225417716
103181,10448.895306611208
103182,15363.991517222457
103183,8244.253784744245
103184,8996.908809726912
103185,10611.992727078214
103186,9885.054812556704
103187,9976.85417246674
103188,9923.881730816123
103189,8049.863230801017
103190,11805.621454306824
103191,7219.429606917254
103192,13925.806670204529
103193,9599.292619153468
103194,11776.339782247156
103195,12337.492879473317
103196,10507.668732859154
103197,8809.07843778588
103198,6597.193208712579
103199,6693.4599879522675
103200,10561.542919239833
103201,11223.484907453516
103202,7315.300424773438
103203,9842.372322907057
103204,6569.788817422963
103205,17163.759841679443
103206,16310.894855221255
103207,12105.851497249367
103208,6236.464894231957
103209,10057.959778722638
103210,7566.647889965909
103211,5414.943095834607
103212,9846.922798872649
103213,13067.3214212586
103214,10050.952661333735
103215,12307.308266506561
103216,7321.664180902717
103217,8381.232567604142
103218,12132.46586565789
103219,18143.128756171434
103220,10754.488660258383
103221,12090.078511702774
103222,8292.471083925106
103223,12234.168965333236
103224,7235.842167761079
103225,6987.357171360845
103226,13164.612224381463
103227,3617.9476643040434
103228,11441.298769780014
103229,15482.433800207766
103230,6899.924773962481
103231,11310.096103071703
103232,9971.309024469987
103233,14208.164546789983
103234,7399.894272348385
103235,3669.1139485882295
103236,15505.029304184614
103237,13827.108424784241
103238,10292.839145282524
103239,13542.871671456562
103240,7596.42995447351
103241,9464.643695200208
103242,10418.752986502643
103243,6962.660484782848
103244,16242.289084815146
103245,7430.893876014659
103246,10399.381710677571
103247,13501.052806305292
103248,6645.2690031774
103249,9686.769046798689
103250,8339.05717530373
103251,13594.885967124199
103252,9213.951909009535
103253,6691.621717919461
103254,11366.059343261655
103255,9790.588687982643
103256,11774.521877345347
103257,7139.041578798095
103258,13156.207878141991
103259,8448.836196682298
103260,8021.668174515103
103261,9928.663114993591
103262,13223.086547062296
103263,8391.04658887221
103264,15505.029304184614
103265,9534.136912460726
103266,17032.423016386878
103267,6072.590594355524
103268,9982.672815145921
103269,16804.55367126609
103270,12096.789582945767
103271,3866.9282603628544
103272,7449.021989763413
103273,9931.627914575289
103274,7232.082124513416
103275,11220.922622132959
103276,9165.289669136842
103277,12419.444385131133
103278,9955.903720518054
103279,11890.89016444067
103280,8321.96049860377
103281,7923.180042362589
103282,11118.412453959958
103283,11281.550549193445
103284,8624.670406037065
103285,11151.137478748591
103286,10845.674639432116
103287,6626.4904160884125
103288,7703.826836937611
103289,11908.039969229887
103290,11572.01565306749
103291,10166.12981666886
103292,10101.385948746341
103293,13553.795120089368
103294,19029.440369245345
103295,10563.321002944554
103296,2592.003414674114
103297,6237.016839284899
103298,7779.524532884634
103299,10081.06526509448
103300,7569.565769315412
103301,9672.479340616934
103302,12098.80658271765
103303,17248.750824244205
103304,8553.112077468666
103305,8190.783133012521
103306,15505.029304184614
103307,5127.525603255887
103308,6879.73922324675
103309,7212.248897370984
103310,15322.512162527557
103311,4450.830117449982
103312,7550.891745153396
103313,10621.495117485325
103314,9640.020572397985
103315,5493.061738439397
103316,11218.543608613225
103317,9879.87792857096
103318,10261.741356684912
103319,13558.387126767342
103320,6023.781635826306
103321,15911.016612196392
103322,10905.442713895141
103323,9099.027815954305
103324,9663.849627739342
103325,7226.9526208959505
103326,12036.692688632851
103327,7417.196594198551
103328,10374.841732369227
103329,10813.694040954397
103330,10326.450438507876
103331,13074.845906412556
103332,11507.41422177452
103333,13569.122965407742
103334,12598.123462446703
103335,14387.625671619804
103336,11126.749247403563
103337,8299.764238859121
103338,8968.503514978278
103339,5986.619463015633
103340,15661.308552987706
103341,6218.497305687579
103342,9657.547211320689
103343,9588.481648743415
103344,9659.098043568696
103345,10611.07168196316
103346,11112.660233087336
103347,14590.654295612043
103348,13866.034554282025
103349,9920.213438447161
103350,7214.408032127501
103351,10271.012536421316
103352,8544.459508020263
103353,5584.645730667167
103354,9936.0125719961
103355,7809.591111325905
103356,10443.60107157709
103357,7182.577860114196
103358,13480.255261528186
103359,9400.87348447849
103360,4371.401857337172
103361,13337.42041842244
103362,7110.536465083889
103363,9762.063103584045
103364,11453.553757041918
103365,11790.239522774653
103366,13916.21700086452
103367,15759.075031147137
103368,11973.57346041294
103369,8748.968760156291
103370,12293.68820320756
103371,10397.363031477877
103372,11980.529880427197
103373,18053.810427295648
103374,16801.489502727705
103375,7424.930636910089
103376,5980.42227171988
103377,7788.892495724989
103378,7942.510071948488
103379,9764.929225684618
103380,7050.066723702574
103381,10067.653214854925
103382,9735.467128494412
103383,7986.869861391305
103384,11054.188489323533
103385,17281.610327312923
103386,7181.863883424306
103387,15846.201600490625
103388,9892.386431694094
103389,9052.620755533548
103390,12381.338444176334
103391,9172.184841927396
103392,9290.232275316386
103393,12695.063541216774
103394,14421.838638144869
103395,10875.131427996046
103396,10369.845689351923
103397,7163.256327579766
103398,1764.6164893552104
103399,9159.741097520122
103400,6781.296975716939
103401,14213.59114278013
103402,9224.886261429321
103403,8292.353543546957
103404,7758.501940581593
103405,12931.97316930522
103406,10940.524212590677
103407,15129.12240069153
103408,6293.166213199689
103409,10662.888559525532
103410,11313.835168199977
103411,7487.248227292632
103412,11691.603424479224
103413,7817.27325683996
103414,12693.517723059678
103415,8027.751407927626
103416,12068.427820481862
103417,5887.86954397599
103418,11606.196222166222
103419,7369.934876341114
103420,9108.279910400437
103421,11102.766964142189
103422,7659.095527107353
103423,15638.416834410342
103424,14558.478377673835
103425,8380.224463586941
103426,4844.3403426859695
103427,7559.672514844768
103428,8037.462217794651
103429,15505.029304184614
103430,13268.270989952278
103431,9764.335310596402
103432,8957.012179449925
103433,10392.392147688868
103434,6367.259777798449
103435,7999.203262089086
103436,6062.705306948239
103437,7792.350839746375
103438,11499.011514561957
103439,14055.413521411247
103440,11272.632870536532
103441,11898.659083837774
103442,6913.218534953294
103443,10170.485715500577
103444,7161.265855772489
103445,17224.703411239792
103446,10636.962521190246
103447,7960.790880869659
103448,13629.46360006624
103449,4608.534233876972
103450,10441.182018549927
103451,14539.917557965906
103452,10584.765991455042
103453,11234.048995760917
103454,16065.872758973066
103455,9624.307774196423
103456,9336.81727648868
103457,19266.422950758693
103458,8317.381254563305
103459,9986.774229338076
103460,7407.305388598872
103461,13185.789175145223
103462,6949.543285276149
103463,10563.321002944554
103464,10819.410918737121
103465,9473.721635847462
103466,13978.767423921818
103467,11770.938277308123
103468,11164.132904885528
103469,10467.13329266963
103470,11508.540099680155
103471,10845.216241472255
103472,7701.337096087083
103473,7263.484946791194
103474,8559.951442472991
103475,12953.394233956016
103476,12812.78741424557
103477,13506.505689784222
103478,14946.759706752164
103479,19395.711257031107
103480,18763.073238842597
103481,9141.09905139155
103482,9699.061896971654
103483,10675.178989029464
103484,9115.01138985388
103485,8833.760955931493
103486,7881.562289896685
103487,14228.843950118724
103488,10585.36984690244
103489,6446.787686510682
103490,12103.024753020625
103491,9903.58419430192
103492,8572.686917947787
103493,13452.209817215684
103494,14599.049658607484
103495,15808.72300600716
103496,10860.627298196796
103497,10944.92203360164
103498,14409.906515523176
103499,11036.72981569341
103500,10490.413796118948
103501,9723.775128334186
103502,8215.672144668646
103503,12695.063541216774
103504,15314.71521763222
103505,4038.53778997659
103506,7765.260071033045
103507,12271.076351379877
103508,15548.479639573496
103509,12378.849925437504
103510,10216.418453112385
103511,13328.025718236357
103512,5683.741898473684
103513,8364.22107338738
103514,10098.39685976712
103515,11550.98490477057
103516,11524.206652255256
103517,7346.772437335081
103518,8451.807855814164
103519,7793.757787225706
103520,5341.645900156109
103521,15276.16003340215
103522,16966.294765968913
103523,12797.19574795007
103524,8314.70491120544
103525,5742.492995097639
103526,7004.091950450371
103527,10491.30187909572
103528,4338.968681948578
103529,9942.149797512728
103530,13643.570626324097
103531,11007.616956385753
103532,11439.179659935011
103533,7665.791041160199
103534,11426.553978716747
103535,7691.898582397487
103536,11190.871873475493
103537,14606.596756554809
103538,12515.4124651378
103539,14299.295064474507
103540,6927.684720718732
103541,7488.6286303392
103542,10254.522163346872
103543,14558.092562046888
103544,7306.59066080429
103545,12543.700403585226
103546,14149.95228248206
103547,15640.513367360842
103548,8278.008922268258
103549,7014.169101771335
103550,12112.625383265568
103551,11954.665890223358
103552,10940.399001254333
103553,18660.403372786386
103554,8035.624902152062
103555,10517.873168014976
103556,10499.83551565191
103557,12703.24667684874
103558,8197.148922117962
103559,7401.550365120841
103560,6465.582891652097
103561,10785.35457710916
103562,16260.300546408875
103563,12972.580434399288
103564,12815.775886164181
103565,3283.698552292949
103566,2234.298829859362
103567,14016.134517066777
103568,13464.823831843752
103569,14571.3928067955
103570,7674.560253308388
103571,8032.582841720483
103572,6457.25163402212
103573,9277.376969507897
103574,14204.325944976874
103575,5326.322243941488
103576,15999.664784368237
103577,12981.248750188895
103578,4558.224834821226
103579,5879.5297392805605
103580,14838.077858289986
103581,10945.249138220812
103582,9911.725541876747
103583,16988.82484416924
103584,10228.09419346023
103585,8405.302343070125
103586,15911.016612196392
103587,6452.41554819381
103588,7540.522095031425
103589,10594.179617410979
103590,10408.156629303881
103591,7182.0218179529975
103592,6007.632450652218
103593,10185.354667903277
103594,10591.17905691671
103595,4596.6872116687155
103596,13443.319447406873
103597,10440.953402769504
103598,13104.286220143087
103599,9283.562455886453
103600,15363.010236768918
103601,4222.974258031111
103602,11376.251781877556
103603,14994.267021777945
103604,6554.945467261623
103605,5964.171605665135
103606,11148.50916103183
103607,6689.045718888812
103608,9914.650259153284
103609,12097.07902557567
103610,11824.775981302671
103611,13560.35056962221
103612,1768.5871777895995
103613,12916.321493838645
103614,10852.365418173009
103615,10211.323527880824
103616,6037.890488139792
103617,11281.550549193445
103618,13978.767423921818
103619,15280.860058860284
103620,13214.205774142823
103621,8700.256910252185
103622,10180.259649659416
103623,10386.853389444941
103624,7934.6216922286185
103625,14331.931804423915
103626,10946.727359636716
103627,10517.181516522072
103628,15414.08269168745
103629,22294.93671218855
103630,7505.81941495703
103631,2390.922904258295
103632,13970.892727822786
103633,7951.369087366878
103634,9421.63747529216
103635,10383.225140653996
103636,3123.0522384045244
103637,15505.029304184614
103638,9831.141914580094
103639,17379.125909653034
103640,5499.432270090123
103641,11482.991499518484
103642,7977.245338921385
103643,9768.469942545813
103644,10110.930303557168
103645,11143.037064418053
103646,7248.634907181588
103647,9646.727631819522
103648,9308.449367845522
103649,11477.819287282206
103650,11518.446757043646
103651,18616.49184887784
103652,9222.352263261955
103653,11926.670236885568
103654,15440.701101725452
103655,9303.02394962042
103656,10555.058158525899
103657,11850.69319061945
103658,6193.861111551298
103659,11362.923858629878
103660,9562.020272404432
103661,13401.94725183681
103662,11557.293862923982
103663,6923.0204875633335
103664,11687.621691751458
103665,13142.229419312735
103666,7826.297758845845
103667,7336.340858064774
103668,6092.653011768598
103669,14824.604901112856
103670,15768.829691970292
103671,6918.335269060393
103672,11121.660417825948
103673,8225.714760182886
103674,7280.39971697787
103675,15261.527414267983
103676,8964.813494014723
103677,6993.920073197483
103678,5126.473626477308
103679,8979.187327904547
103680,8008.900151315836
103681,12907.49924240429
103682,10552.812629150181
103683,11553.085394550915
103684,11694.865995425578
103685,8287.375549048587
103686,7858.059373970414
103687,7819.76767436419
103688,20291.257106393066
103689,16353.594624668418
103690,8307.930782352192
103691,6447.919802350677
103692,6740.644155066346
103693,9149.305272570742
103694,15959.964363903335
103695,12195.067788544991
103696,11398.288610782838
103697,7575.148824931168
103698,6791.674152511212
103699,12274.94311397883
103700,16814.680647826608
103701,16071.601206644988
103702,6941.532581510232
103703,13484.443350676838
103704,14415.183565858706
103705,17760.34281909317
103706,3766.9281207975137
103707,8706.893417450818
103708,10007.293832166339
103709,12824.13392021274
103710,9996.733423903177
103711,9400.80522251382
103712,13449.162746812352
103713,9030.393511242537
103714,10938.329895782856
103715,10602.042327588268
103716,11483.90313971578
103717,16163.55969623942
103718,13850.415884523329
103719,11369.810333879599
103720,10319.895400265566
103721,9595.77564857222
103722,12722.966719675882
103723,9982.93822528396
103724,8225.821277536159
103725,15279.772302187164
103726,9775.43293713789
103727,9692.099801620881
103728,10006.788402384374
103729,15758.370890089021
103730,11247.09493866029
103731,13437.904066873867
103732,14410.111664885892
103733,10299.983538583903
103734,6456.958324515764
103735,17038.6314944832
103736,8872.536149920004
103737,13496.163518055011
103738,13987.598177055159
103739,16865.9553314605
103740,10992.142404071095
103741,11612.472922534722
103742,7484.404584414
103743,5118.188702880255
103744,9718.180998398771
103745,11471.941726880297
103746,5937.9760981713425
103747,5309.111944792185
103748,7932.820799725527
103749,10957.38351204433
103750,11036.72981569341
103751,12142.497088693668
103752,15510.26751415936
103753,7447.164267842284
103754,10993.164976440858
103755,9893.22794234637
103756,7777.873133131995
103757,15742.669346449155
103758,8683.093575690556
103759,6948.426401515037
103760,11057.717357740523
103761,7457.7962627512825
103762,7276.36928287563
103763,11365.755411561116
103764,15799.211410094838
103765,10179.430843297177
103766,8126.576955292872
103767,12908.365205241906
103768,12287.86594864472
103769,10889.418463150405
103770,7891.187933540062
103771,12989.981186176174
103772,11955.343269494784
103773,7431.951778325294
103774,15487.89463073897
103775,7098.358127539956
103776,8227.83839001872
103777,13978.767423921818
103778,6820.836629768984
103779,6631.092756751776
103780,20411.624866009504
103781,7633.252884669242
103782,8213.635385101647
103783,10173.89119978312
103784,12617.203528240905
103785,5633.5352424344055
103786,11281.550549193445
103787,7309.290897382387
103788,11472.331715897457
103789,10564.602944889477
103790,8022.42060267564
103791,9801.771133937997
103792,16759.36102708835
103793,10848.214999060321
103794,13982.749644334841
103795,9862.138372318897
103796,12842.017070005379
103797,1836.6660834394497
103798,12155.693347476446
103799,5500.809939710367
103800,12882.913107908491
103801,10563.321002944554
103802,9915.813757359854
103803,10331.360574457156
103804,8457.863986001508
103805,7297.718380089782
103806,10454.636653170717
103807,11388.905735363209
103808,9630.826427169284
103809,13092.668019496674
103810,14634.608032797965
103811,10334.920745514893
103812,5556.561617816599
103813,5455.260426816498
103814,12225.169242816683
103815,8640.011589048692
103816,8705.902050216479
103817,10844.056105259711
103818,1939.0990598242702
103819,4420.659307987862
103820,5125.038339764105
103821,6765.47655364567
103822,10320.579733380251
103823,7182.233188568593
103824,11663.38201859245
103825,9153.252668832778
103826,6246.535173268314
103827,11650.571169964021
103828,8560.369485667161
103829,18980.144900868676
103830,11627.774340366366
103831,11274.480183126176
103832,11272.017695249906
103833,6507.493442498679
103834,11102.766964142189
103835,7459.088281815644
103836,14030.87929269178
103837,20201.110607752868
103838,9839.690734770464
103839,9391.88962046877
103840,11421.154945454935
103841,7509.896809184922
103842,13802.29386936997
103843,8549.855413561707
103844,9823.306645863804
103845,15218.18256360487
103846,10894.284229851386
103847,10160.974368771045
103848,10324.790496552907
103849,11465.918317881476
103850,12946.333388239189
103851,8092.134359111021
103852,8187.6490230026375
103853,5927.293406331864
103854,13612.656061497753
103855,13243.847743190789
103856,6605.981490558159
103857,8902.089151317232
103858,11985.591998729647
103859,4900.337601686988
103860,9946.301028727998
103861,15279.772302187164
103862,12263.224657953022
103863,12676.155835592814
103864,8533.40232794498
103865,10254.048099383872
103866,6544.173959567979
103867,10563.321002944554
103868,6924.24401014616
103869,8083.111686164879
103870,10221.941168409157
103871,7118.965312360504
103872,7709.28853140914
103873,7354.843926568019
103874,6217.915961053845
103875,10563.321002944554
103876,15179.142127902907
103877,13598.184959168517
103878,9480.796291805207
103879,9513.55709826179
103880,10010.994581671652
103881,14775.740143181989
103882,7802.17894917575
103883,12053.503504194705
103884,10602.758594758867
103885,11381.413275840054
103886,9912.481045817753
103887,10229.126556802092
103888,8018.342810425522
103889,10633.168821026009
103890,13399.168755451035
103891,11559.466760873314
103892,16755.732670826925
103893,5198.874454143641
103894,11919.43028784798
103895,8738.510846471941
103896,3304.9308947123754
103897,16375.20939081045
103898,11897.773464042039
103899,9927.735953240284
103900,7488.572632950592
103901,13809.633695861354
103902,10845.282917879975
103903,10061.926935484686
103904,11206.279566924604
103905,9436.852533911211
103906,6631.495895924522
103907,11018.370276334088
103908,8053.345114601472
103909,14488.147544278558
103910,11464.091700580753
103911,8557.485837918888
103912,16269.999229733097
103913,20002.76605752489
103914,10162.057821259576
103915,8034.559428145765
103916,14769.966715192939
103917,6611.531668776312
103918,12367.485887459057
103919,10263.95637072116
103920,7472.904684527057
103921,7793.79465447444
103922,17083.899667606653
103923,4861.529781659062
103924,10174.288327703318
103925,10045.772463641722
103926,5972.281349699024
103927,11165.717914954883
103928,9679.772326739565
103929,10159.178289414944
103930,6733.397825901018
103931,10440.884181481735
103932,7056.374036260195
103933,7957.099790973307
103934,10538.403146487128
103935,11313.730553530173
103936,10959.588658303017
103937,2155.923555702743
103938,12021.8437599891
103939,7924.049452169148
103940,11119.363973308762
103941,17201.69457648928
103942,11770.83290293386
103943,7858.550008883574
103944,7827.205296475917
103945,6664.920314682828
103946,8239.974651116321
103947,15821.542195969847
103948,11001.430979601028
103949,11228.47295424375
103950,7831.345345067901
103951,7820.156925271915
103952,13628.482586124357
103953,12145.595845053638
103954,9562.048111389317
103955,8377.093516982275
103956,12237.729745407745
103957,7398.8997161036405
103958,10409.037839824352
103959,7465.736121318481
103960,10936.583560560306
103961,11893.768474757882
103962,11232.029216571626
103963,13154.164467192331
103964,9093.720361693424
103965,5962.799347160046
103966,15838.169323925358
103967,8403.387258746401
103968,10707.254388293106
103969,9612.686984733304
103970,5552.866316666716
103971,11344.587174878367
103972,10015.860571125622
103973,6479.341856194917
103974,6136.706866659551
103975,10495.879486336238
103976,10700.915861352578
103977,13573.30928293628
103978,11319.066244225687
103979,13510.754663735843
103980,13204.66609327928
103981,9781.958113873163
103982,8658.99783547044
103983,15133.610422349631
103984,6981.076685078051
103985,8567.881203510318
103986,12977.9599396027
103987,1691.8018983548943
103988,4722.0874065061325
103989,8844.227184144826
103990,10594.313819760966
103991,7844.583410996502
103992,14183.138149555714
103993,24817.64497143984
103994,14905.179484720691
103995,9631.926361177997
103996,19370.040038750005
103997,24801.258061140783
103998,29820.968948696885
103999,20380.114261463998
104000,10727.338258691976
104001,19293.512218354255
104002,26981.67331256957
104003,9222.13961097282
104004,10216.17548176638
104005,19773.01119175388
104006,12289.41628608968
104007,20091.059049543954
104008,20199.760549988445
104009,9653.09678159105
104010,9484.093891865461
104011,14544.846969642187
104012,19387.296590491358
104013,20869.866519503656
104014,17299.932437767835
104015,13950.687719582358
104016,9869.19187125756
104017,29538.246689505715
104018,44515.588839905584
104019,10717.08440671485
104020,22444.880335780217
104021,27673.84168259074
104022,22629.930442564237
104023,12514.607022720702
104024,30810.55121774073
104025,7488.602342580558
104026,10361.328161739253
104027,18179.449899693474
104028,23581.13671934318
104029,17746.729481897004
104030,15689.866158470959
104031,19233.14110042058
104032,20701.97831370331
104033,14357.221889217808
104034,27734.23872602159
104035,21529.733226043365
104036,12154.224323706596
104037,14936.382511861872
104038,9066.119949661212
104039,6240.471278830454
104040,10456.128677233763
104041,11723.581003952024
104042,23191.12040316753
104043,15105.731062804367
104044,19900.908034903707
104045,20784.17092703064
104046,22545.78202044701
104047,26903.22565566079
104048,13113.213375945146
104049,18571.35076823666
104050,8795.246798664359
104051,8233.296764293487
104052,16697.970507938953
104053,11109.239663723032
104054,30169.453054590434
104055,13739.73632130622
104056,17723.35251658181
104057,9595.517007110619
104058,21013.87403116675
104059,12566.391687968899
104060,37499.7928904426
104061,13471.043203563026
104062,9332.222767980074
104063,8950.515241353613
104064,21185.25486806252
104065,26604.243840854815
104066,20225.448451756973
104067,11400.705741492202
104068,13359.912521557058
104069,10983.211079992881
104070,8270.682126532263
104071,22851.94271104699
104072,22112.64062894803
104073,11261.433925054906
104074,17866.434118557867
104075,13641.732093501218
104076,18205.00946013132
104077,6870.824673696587
104078,17461.82290783781
104079,14736.405885104637
104080,4617.61579533421
104081,9974.148819567825
104082,9514.953734222247
104083,27955.031650002893
104084,17408.84585638443
104085,12776.301871686981
104086,17755.93129112546
104087,9634.66433105115
104088,13507.062190139313
104089,20930.369308027002
104090,11976.415991969365
104091,10904.529589751392
104092,32604.518884877314
104093,19571.85312009244
104094,6274.180189638531
104095,17138.741227794213
104096,15942.840968915614
104097,13606.307349194176
104098,8373.4414469825
104099,19729.44410594518
104100,20000.90545751507
104101,13035.911906625064
104102,10210.486320712487
104103,23609.789827732446
104104,31287.07244738483
104105,9022.12025372218
104106,28592.390857744664
104107,13586.41309450052
104108,10474.676219987774
104109,5932.145960471745
104110,14749.009068217541
104111,19514.65713356041
104112,15098.753687187393
104113,14184.170792755333
104114,17743.55274397966
104115,9809.327627462351
104116,21013.87403116675
104117,11064.81488447577
104118,17427.67952908384
104119,12193.425976512364
104120,9133.393312651155
104121,15336.490330331022
104122,5788.111865399258
104123,25401.40293607235
104124,12802.999749115534
104125,11899.771852018708
104126,29910.180288096828
104127,18017.582041024103
104128,20265.896066500405
104129,9474.582869857728
104130,6431.658981299224
104131,10414.77594132687
104132,15358.40207884579
104133,25648.80363578658
104134,10155.005815306957
104135,10217.500042784533
104136,20207.067115486385
104137,6428.695566896455
104138,19202.84335890963
104139,10376.847370365997
104140,8703.473646086351
104141,17580.527636923543
104142,26160.80862995237
104143,21795.60522628712
104144,31572.560576619664
104145,11481.573891226446
104146,13315.04197838056
104147,32881.31208088742
104148,15852.517036760008
104149,12765.309638675273
104150,19024.73265013848
104151,9931.260897462522
104152,15204.454702044784
104153,10406.714648065761
104154,2902.5812116288334
104155,13940.097367264443
104156,10430.480376729516
104157,43227.30068121695
104158,9995.29448222424
104159,9247.012680581865
104160,10910.567074230552
104161,23648.75128401298
104162,9571.192913458039
104163,9875.397111335558
104164,8915.9079230003
104165,17667.903848207447
104166,18879.392755456174
104167,14017.9967931036
104168,27872.5393047315
104169,29861.231755037392
104170,9161.008988790087
104171,10445.194342400853
104172,21942.73700889908
104173,16267.650243602151
104174,24862.52184327413
104175,27691.301429490286
104176,11013.614206157577
104177,7903.099955275375
104178,14529.019900044023
104179,19762.05577066401
104180,30807.1218119419
104181,20092.886760831185
104182,44407.470687654466
104183,13705.650762304074
104184,29560.455489455875
104185,12390.362034003181
104186,16237.681332280772
104187,21004.511702557047
104188,9710.969917948183
104189,14872.616235793368
104190,29592.4507636766
104191,18773.0657417243
104192,9695.04933338755
104193,9301.025959232004
104194,24244.624098379034
104195,7706.382112449332
104196,12684.118246066246
104197,10711.711306176472
104198,7480.532593505894
104199,10902.000779534992
104200,24872.23893614544
104201,11844.374796573975
104202,22298.97309178944
104203,16329.968320573898
104204,17252.6432562405
104205,8686.719070816094
104206,23933.734448848227
104207,14884.04031686626
104208,17327.665697575227
104209,18672.172247495124
104210,17928.29719817956
104211,15985.36686519211
104212,19103.941143894575
104213,9327.2512843265
104214,18740.63127527844
104215,24677.65784102193
104216,14693.828112741268
104217,15177.42852565555
104218,16334.760481827925
104219,13428.056525605625
104220,8007.466216964228
104221,9954.612605662136
104222,19938.54179430472
104223,10945.853716009738
104224,15098.323504386677
104225,27739.11998872985
104226,6751.955909224576
104227,24031.315679499083
104228,13247.07485338294
104229,27154.517229857527
104230,25210.291738589625
104231,11801.255007468333
104232,25683.200938344875
104233,20194.399306005886
104234,7976.5941539724945
104235,24993.38195392044
104236,9237.878092342951
104237,29432.222397203368
104238,8867.166663844631
104239,8927.90112039726
104240,18148.61363939941
104241,34583.49712781094
104242,7356.610780102685
104243,19903.891513499886
104244,12157.655996300153
104245,21859.86476967551
104246,17804.205097766077
104247,23584.567829002346
104248,21426.292183901
104249,16310.319182087875
104250,14340.87967863536
104251,21608.915938926857
104252,12108.22323391186
104253,46988.96274532053
104254,22076.416955666624
104255,23531.43628088243
104256,21304.290084553293
104257,14884.04031686626
104258,4227.974896108671
104259,17823.2013240824
104260,9063.964812872071
104261,10419.098295859247
104262,25517.139617337692
104263,2075.1723840996683
104264,15817.546595146352
104265,16442.292109805872
104266,19070.78615084511
104267,12714.998176347795
104268,9455.52134691113
104269,19625.450796092253
104270,17078.81915379119
104271,10518.986468763549
104272,16355.047670395867
104273,10457.22968885914
104274,10334.030550624604
104275,19394.196105562525
104276,11983.086775188702
104277,13046.682291018467
104278,11220.588062021543
104279,19470.273924204856
104280,21605.282197945133
104281,9120.474661807702
104282,9265.06634375476
104283,20718.181658362264
104284,15871.869738765341
104285,5848.438707818534
104286,44658.884411850246
104287,11886.51953438107
104288,18594.150293505278
104289,20497.919084647758
104290,18478.60063468281
104291,23853.658871601532
104292,20665.711182784726
104293,20589.380397468114
104294,43236.45888595735
104295,8897.930457263094
104296,25686.840909107916
104297,17443.28917141765
104298,18098.416222166587
104299,19812.310388522586
104300,13358.042113637937
104301,11561.034558632968
104302,9896.010937291472
104303,31751.921668065035
104304,10946.684562992275
104305,20419.478028440026
104306,10151.111005806952
104307,28094.212657426444
104308,25762.86118509376
104309,17239.59958799172
104310,6866.892947053941
104311,27314.303075670723
104312,9133.948331675629
104313,11433.554841413843
104314,12328.24719503071
104315,23677.93355920018
104316,7266.214691729012
104317,12723.534218461824
104318,8714.644308539806
104319,15265.526921920964
104320,12070.730801141584
104321,52207.32668664606
104322,17187.42511600015
104323,15079.63328225202
104324,15856.46678361567
104325,13432.88272505063
104326,27554.922655113092
104327,19340.727549095904
104328,29690.84253529561
104329,7485.199783987175
104330,11771.981918018397
104331,21793.23161894625
104332,22611.134289642352
104333,3880.6291167377185
104334,16888.919481858902
104335,13000.386806197268
104336,12639.56911140479
104337,12679.355786094107
104338,16821.510567013393
104339,22748.16286065453
104340,13200.691030289105
104341,16502.89556745669
104342,14449.238561895625
104343,8531.501886218863
104344,30938.02732351812
104345,20894.579330622677
104346,12229.149343524587
104347,17765.27561925145
104348,13538.442920602718
104349,14103.765679764194
104350,20139.518220070408
104351,23961.454747459484
104352,8538.052160823014
104353,27339.797596497257
104354,8074.957751705973
104355,19682.03956323497
104356,11944.139623881005
104357,12760.905072783895
104358,27118.29569430554
104359,18970.463822681973
104360,16120.2241833642
104361,44939.699501362586
104362,25478.97199854519
104363,9805.677677536985
104364,8131.220975591121
104365,21914.293049332347
104366,20429.69294973302
104367,11995.448952910034
104368,21794.665000868612
104369,19552.01051988697
104370,8083.347619368836
104371,20106.77952919939
104372,7913.983651661855
104373,11488.382925976835
104374,9509.005325610655
104375,29368.790162593796
104376,20151.50777121809
104377,16236.657928648208
104378,16499.907964630318
104379,25283.87876881638
104380,9873.099516789327
104381,21531.82455814837
104382,19712.53557186501
104383,20356.549415594294
104384,23236.864617165054
104385,8696.254384324006
104386,29152.209579435712
104387,17764.782558535648
104388,10183.05196541439
104389,14940.733124038139
104390,14414.290343135659
104391,15234.05887542195
104392,9992.438041328573
104393,13320.894432871122
104394,22902.761979394047
104395,15354.977743220788
104396,22020.75924904083
104397,21535.101036873595
104398,50087.404097690116
104399,18272.742710134647
104400,29715.212150896903
104401,7264.768919014918
104402,18984.065383481655
104403,17305.352167235425
104404,20314.215029611674
104405,22277.708453024417
104406,15099.033020770989
104407,21256.073278530625
104408,12931.980792340459
104409,26006.934620858337
104410,19757.249593756263
104411,17737.83583159046
104412,4608.596512262828
104413,11004.283995596808
104414,21650.14326924371
104415,16062.645459460222
104416,17657.50836766293
104417,11896.084365339724
104418,15493.32875483345
104419,20650.072521153634
104420,28260.796299299713
104421,4563.76695085505
104422,21290.855573881432
104423,16125.536865374135
104424,28654.609805764936
104425,15576.254383262789
104426,18649.725839082952
104427,13745.824083878597
104428,23609.155773919694
104429,13927.18703985973
104430,18708.582305061056
104431,20530.852849118273
104432,22194.597485481696
104433,15036.072027667433
104434,19346.823870473752
104435,10195.242065150509
104436,9873.128879124579
104437,16456.572992958165
104438,13090.716569747543
104439,16932.099898608198
104440,12520.656665538078
104441,7644.634389213335
104442,12002.182092393445
104443,12246.656283962277
104444,14489.196318324332
104445,9411.489928556493
104446,32929.33058868301
104447,19810.919298806097
104448,7200.93821307335
104449,17397.915220276744
104450,21952.185149853372
104451,32814.769228683304
104452,25122.24667937938
104453,18213.490690330735
104454,13350.983081475926
104455,13029.191659732942
104456,9093.567307231755
104457,10650.422573592641
104458,7542.737776708569
104459,14693.828112741268
104460,16603.11064023153
104461,20287.547520831282
104462,5128.336069629198
104463,12276.722251117526
104464,12564.837725470428
104465,11859.847569461119
104466,12223.005590568642
104467,11353.09425557122
104468,28836.93615745686
104469,13645.8468841867
104470,10081.785250085828
104471,10581.3864908375
104472,28660.021194585446
104473,25334.61071796728
104474,30573.350027351094
104475,16775.80727758143
104476,12382.831995323835
104477,28648.948927979694
104478,7383.063616810085
104479,7322.512550693184
104480,10908.971605343337
104481,6844.299947349313
104482,18337.547719970535
104483,22872.856268746727
104484,12794.573322892924
104485,20036.689303141615
104486,22843.94333680151
104487,28067.342244793414
104488,17599.2317310132
104489,10987.517562911362
104490,8659.336052933431
104491,21391.438721890634
104492,11274.037052731526
104493,20740.987349932177
104494,31794.902200827586
104495,10728.908078621378
104496,19220.10923796192
104497,24593.592472984525
104498,23618.34118197282
104499,30006.525226829734
104500,14344.210825707618
104501,23297.22346408035
104502,11092.732898298167
104503,28271.465527318185
104504,10938.05825302442
104505,29918.677514882296
104506,20386.086616578046
104507,27213.109596059163
104508,9415.310181407793
104509,14016.681364126058
104510,9738.347113026575
104511,20094.17536349367
104512,13900.802062264256
104513,12517.578004106566
104514,17872.210935356718
104515,9694.251339889313
104516,12836.852102319368
104517,7838.992341373416
104518,13222.591624822864
104519,17479.919470689565
104520,9419.585550730271
104521,9620.75152477347
104522,16963.33757198577
104523,11227.568491066926
104524,12005.53423847242
104525,7297.780624638195
104526,17538.71969119672
104527,21170.336216295836
104528,6668.836112134095
104529,20197.237952036143
104530,15353.204124513933
104531,12437.201334405887
104532,9146.553870326017
104533,12085.708386264047
104534,10392.538370484901
104535,8211.501783577552
104536,19837.534650049107
104537,10695.853665229382
104538,9199.098550490147
104539,18459.23738410919
104540,13641.99243808226
104541,10538.920921496665
104542,14560.39495544631
104543,21711.34548242297
104544,13924.922596270499
104545,9440.02589905922
104546,24840.40952315534
104547,9907.043822121039
104548,6250.853381998122
104549,14897.18191894743
104550,13555.804621739891
104551,18447.15142400445
104552,6771.450609865272
104553,20754.540010690554
104554,12335.125455536796
104555,12770.949307824023
104556,15066.55523090177
104557,9358.066270419604
104558,20565.05459385499
104559,26770.97369690738
104560,22225.258494664587
104561,7715.931121883565
104562,14585.212472001836
104563,10593.907466173076
104564,13217.279468537065
104565,7652.602550261285
104566,9137.134625286493
104567,20798.515054702362
104568,18835.710880284954
104569,4252.1317774536265
104570,12614.284568871004
104571,9087.720890363114
104572,5429.88206029229
104573,10637.42661149372
104574,15569.024369863431
104575,15983.592933429525
104576,13731.339074788722
104577,9373.147273334554
104578,17557.723072312594
104579,9595.55011174872
104580,5716.228678094916
104581,9708.464464455414
104582,10167.524061781805
104583,19627.812750502682
104584,13257.836990057007
104585,23914.745032744573
104586,16610.881772883524
104587,16182.505767603912
104588,15038.211740710973
104589,30625.315780096484
104590,20687.174571965836
104591,5465.715309315599
104592,12633.905907747187
104593,18493.335839732594
104594,8865.728080254255
104595,10890.950141544028
104596,14822.537327157741
104597,30922.386772011178
104598,8725.835457291449
104599,12133.236065713498
104600,17790.638379581942
104601,9217.458086329876
104602,11945.44539647019
104603,13131.984995377468
104604,24871.25753668813
104605,18733.32951758211
104606,19239.54672229542
104607,12989.51227293119
104608,16103.560778363992
104609,6470.52127483279
104610,18808.603694083402
104611,13002.700496213656
104612,22372.045360906155
104613,15444.261124085297
104614,15098.776073361967
104615,23572.71895197451
104616,10012.979013035434
104617,7493.242396241505
104618,22333.575413678278
104619,14473.330972166219
104620,34519.35267346924
104621,19495.60730099551
104622,7067.536456533302
104623,16106.847948288594
104624,19532.588402612688
104625,13566.661880739433
104626,10882.604304366516
104627,26223.80790586392
104628,14406.29934401907
104629,19264.355474917204
104630,12826.133138796267
104631,12514.468530817681
104632,24609.41592670259
104633,19977.989728879173
104634,24341.05608137966
104635,20411.61883439841
104636,14526.681548017414
104637,16879.93782767794
104638,10245.34618128735
104639,19351.37391520977
104640,7329.067488751407
104641,9548.48277882758
104642,31192.72746901194
104643,12849.43942488841
104644,26025.014119786494
104645,21581.487153241364
104646,12919.091412314845
104647,16372.588354750404
104648,15792.582730929971
104649,6520.213535702091
104650,9077.529666703918
104651,9597.038175360882
104652,7116.247353312481
104653,18693.487425953885
104654,24347.582473967792
104655,21036.787625444354
104656,32783.995111910204
104657,16431.050364730178
104658,20785.09598685478
104659,20017.65413472168
104660,12199.85818061648
104661,13498.30528634289
104662,17725.007245725654
104663,14375.48526867817
104664,9477.32787388599
104665,17584.344407542067
104666,9464.742973076602
104667,20174.692672304394
104668,24724.950418469907
104669,19288.135017644425
104670,25846.86142010295
104671,15335.147250512047
104672,13786.245901941236
104673,18197.672765292533
104674,24900.136419161732
104675,12497.542177444398
104676,15275.681720291419
104677,18101.978861252013
104678,13489.615087916593
104679,8523.504138337696
104680,5595.482058121748
104681,22999.303169545885
104682,19898.25037049836
104683,11758.158686795578
104684,22047.914869846485
104685,16331.162481597785
104686,11337.229435910092
104687,20166.538109019533
104688,8782.952251512135
104689,29847.084019265487
104690,12279.807889160222
104691,22563.20577941672
104692,25612.98060780527
104693,30334.99169623584
104694,9195.23450623684
104695,14376.678148884415
104696,11949.065641115923
104697,10837.542267818604
104698,12647.191543597717
104699,20591.513770827034
104700,26406.67494733035
104701,16685.46803175612
104702,22056.042576371256
104703,12841.077310041595
104704,26086.57710322521
104705,17575.172031495433
104706,15951.004724405779
104707,27165.086047535042
104708,11321.235473951703
104709,25175.268060302536
104710,24727.891936667373
104711,12901.994655593731
104712,12000.981907487956
104713,20001.65462810276
104714,9545.063883697218
104715,27537.83455849015
104716,23503.342265347008
104717,17284.678471800184
104718,22244.64862668654
104719,10434.569063834482
104720,14314.699434365702
104721,8903.421988477105
104722,19225.067199746118
104723,14446.939361804209
104724,7129.5578107954625
104725,26635.258487534622
104726,10889.470970233491
104727,24486.699809036614
104728,17115.72286465516
104729,15546.473308819584
104730,15993.286014460766
104731,21102.388090840694
104732,16114.263284725483
104733,11151.4466540506
104734,9904.049639602868
104735,12248.80554168741
104736,14811.371957952795
104737,18784.332015429944
104738,16246.817936145111
104739,14022.717452183442
104740,14422.999501078019
104741,6940.778881043587
104742,21952.63170314899
104743,7853.437599281751
104744,14914.747969414117
104745,9579.36556409491
104746,23954.251567445524
104747,15268.47606041623
104748,11036.115133065694
104749,7913.924655018772
104750,10460.75218710781
104751,14240.5357816206
104752,17809.262912029764
104753,26210.553687570187
104754,11043.23419674993
104755,16497.19896344973
104756,10375.616557352285
104757,12490.163601139273
104758,6533.87107038452
104759,12313.329592595363
104760,6598.878197376963
104761,10380.859171987639
104762,29647.93552224158
104763,11229.166973077557
104764,16521.806992568916
104765,10883.62001184478
104766,17322.2094168687
104767,10318.202185593731
104768,10723.83750025888
104769,12666.346119884038
104770,28064.9710190059
104771,9265.526579694942
104772,22589.989951828175
104773,17546.210143586315
104774,7411.169604276166
104775,13681.550609010812
104776,8130.803457860289
104777,11734.54865197109
104778,3716.321549215451
104779,12413.990901707628
104780,18042.519493693926
104781,27899.22334348773
104782,9722.670936348959
104783,7406.509697920966
104784,24790.33577079321
104785,12456.947192190928
104786,28559.012970787044
104787,10490.732024905443
104788,20157.0217746853
104789,21038.896643533724
104790,10255.363832233406
104791,22050.853501358724
104792,9117.903101791833
104793,36881.89068706066
104794,18267.502430001543
104795,15237.020457595721
104796,10963.409704347148
104797,6518.812944486194
104798,19371.29310849929
104799,9244.897880909291
104800,16519.590387751487
104801,22012.614447896172
104802,24763.130995104846
104803,23383.353603801115
104804,9847.738635734873
104805,25035.117070355827
104806,11226.001185800043
104807,16011.955966258927
104808,11242.095934617288
104809,10118.656710494295
104810,36863.604131067346
104811,24393.412238714714
104812,10525.857540941459
104813,21030.54018466737
104814,16423.960404077097
104815,16981.199209217415
104816,20853.796299156205
104817,8423.918696297436
104818,23878.611330011838
104819,31960.97407287225
104820,8096.559440225846
104821,10857.196818734854
104822,25161.15766668387
104823,24480.179120509216
104824,6940.778881043587
104825,8814.369172384926
104826,13388.164076795092
104827,21836.423597581692
104828,14883.043076957867
104829,28105.10187499006
104830,13855.063880497524
104831,28749.954946415513
104832,7140.242124113484
104833,18615.13867745529
104834,11350.304690041845
104835,3913.4034241374775
104836,26083.45079342858
104837,13124.824045788017
104838,7459.308450733299
104839,27381.27695613836
104840,15686.259055789575
104841,7298.87235267663
104842,25699.504246897963
104843,9442.42869417574
104844,18493.335839732594
104845,11485.747838703559
104846,8531.381486807462
104847,19420.499598999937
104848,20760.12607955448
104849,19739.191129720544
104850,15553.615808669301
104851,24762.30387795608
104852,22618.230564517387
104853,7060.91755092466
104854,10101.258792792916
104855,5702.732478043959
104856,15556.67529960084
104857,16244.859196721347
104858,12316.836696021766
104859,10236.045562174453
104860,18689.686198503434
104861,17430.59050338681
104862,11817.63490027475
104863,20752.337297111604
104864,12292.71871015224
104865,11436.125632224235
104866,17742.58549186878
104867,13640.714866351373
104868,18551.40022102175
104869,13468.597113575703
104870,11592.257165211595
104871,21290.855573881432
104872,15983.592933429525
104873,22024.895516229808
104874,10661.00694718068
104875,20579.86202200483
104876,17236.201983041872
104877,10442.210806096178
104878,11075.427843041802
104879,20612.370623245468
104880,15834.272370136421
104881,21886.465772408235
104882,6347.997943843784
104883,17609.46760866129
104884,33042.396094540694
104885,12601.246747623389
104886,23578.768885294456
104887,8979.327443291022
104888,20523.744920189078
104889,6866.125270433152
104890,25749.517434760546
104891,26110.900639119776
104892,9245.619126837755
104893,9992.330016786358
104894,12756.751903294125
104895,15718.331177963899
104896,23652.731515732325
104897,7062.030067311391
104898,16163.882425513508
104899,29649.195874408273
104900,9513.681069870541
104901,16492.510964485435
104902,43600.32797269603
104903,14842.328809188368
104904,12208.983528853147
104905,20689.682509757513
104906,16233.34642504474
104907,11090.174723035312
104908,25556.108555114053
104909,19545.492245224308
104910,12952.167821203804
104911,19169.34812944315
104912,17669.575173421017
104913,11535.53956014591
104914,16818.506010714584
104915,18685.4586653161
104916,10645.728786610372
104917,8845.742769699507
104918,9959.941565139046
104919,3657.752455042716
104920,22678.565249624167
104921,14612.887798337306
104922,22838.282163360083
104923,9731.449757293067
104924,22481.60793026344
104925,7717.340954891146
104926,9138.9332801257
104927,12948.074357327814
104928,6541.100007386569
104929,15362.437604290499
104930,18987.97871078238
104931,18577.985377546174
104932,7262.092518336182
104933,15380.342806261415
104934,15926.022272516617
104935,7209.388424406262
104936,7602.080955249032
104937,7299.202765739335
104938,17339.35066043963
104939,7552.887895860839
104940,20877.817233454385
104941,9807.116518540546
104942,11768.099626527033
104943,19974.194058401
104944,24061.32984986661
104945,20977.960153386724
104946,12402.811398108046
104947,10382.76167673308
104948,17334.514045961838
104949,21986.180163753757
104950,8287.55933018945
104951,13401.060846590604
104952,12235.918422650386
104953,13536.181626650623
104954,9252.554861622668
104955,11628.37453009951
104956,22814.294435405944
104957,40333.5374139374
104958,15682.532090292587
104959,17004.80457902176
104960,12853.574528305227
104961,13137.062242501637
104962,26322.929532249007
104963,15983.592933429525
104964,2668.8640483395247
104965,17408.221101702875
104966,19356.806533490737
104967,16109.2523440414
104968,18243.885605399475
104969,20109.952479583255
104970,19702.381022005036
104971,9966.825765771107
104972,14345.385424984106
104973,19025.66803369679
104974,14380.561173840233
104975,27130.711323781747
104976,15862.762146563697
104977,20469.184958796715
104978,2613.376493590895
104979,8853.622933164424
104980,22372.99150465567
104981,44241.90944833927
104982,21123.972618097672
104983,13310.922194676556
104984,7030.208700520677
104985,10708.470269199237
104986,13860.37062464274
104987,14387.3845419067
104988,13311.123072525972
104989,12175.621263238763
104990,20292.23427340855
104991,9792.882729491408
104992,21925.8129396705
104993,20821.503306600353
104994,15027.138948265248
104995,14170.454603540049
104996,13995.617425347202
104997,13028.353576056728
104998,44861.91135392004
104999,26304.35857427024
105000,8623.834915785603
105001,6997.095217581966
105002,10118.868845586021
105003,28588.78632232189
105004,24139.13089488857
105005,17574.937082850276
105006,8809.61968016897
105007,11399.382787572087
105008,10726.302562675151
105009,19690.833778959794
105010,16945.825492159893
105011,7411.130826862238
105012,11024.191638416956
105013,9168.997058896504
105014,22340.97364624503
105015,23264.635214571703
105016,17998.349743105835
105017,10143.040629364375
105018,9460.167732122074
105019,21118.273931608725
105020,18376.486837617333
105021,21797.71353172178
105022,18988.31774566052
105023,16386.55488960543
105024,21251.54864459006
105025,16157.7813794937
105026,23590.065378523115
105027,19735.36999220382
105028,13407.086723542056
105029,18245.863149320558
105030,16659.36695996906
105031,22215.895411911588
105032,18024.50014190915
105033,7459.861609143914
105034,20299.3614945859
105035,5742.504559586066
105036,13304.644107693224
105037,20599.728214983727
105038,20215.48632331074
105039,21078.80372386367
105040,8989.474176592637
105041,12142.164034697902
105042,21082.903373951725
105043,9438.086343955838
105044,9273.687986241554
105045,10019.317982293516
105046,13150.013726796413
105047,21688.732243225328
105048,6412.873675157805
105049,10026.066564127046
105050,23799.287132530524
105051,19729.33085110163
105052,18622.092080800452
105053,28593.285456714766
105054,23223.005612473033
105055,20879.906747568573
105056,29862.714295730744
105057,13595.220829398193
105058,8495.13260416326
105059,15847.831742283546
105060,20007.3678367109
105061,46164.98097097404
105062,16820.09436448298
105063,9025.195835423056
105064,10171.808912449927
105065,12911.760197126456
105066,9286.712337111196
105067,20870.23482684081
105068,10066.482623690232
105069,20999.592201240146
105070,9658.263615044925
105071,23021.857136454964
105072,29108.083790693334
105073,15550.242180375852
105074,18446.377990410976
105075,17388.048792878646
105076,11593.340292299472
105077,14228.35184837896
105078,16607.307563544
105079,7703.829022960188
105080,6810.744275505169
105081,10340.782559108193
105082,11894.945550185235
105083,15052.348995559587
105084,23752.182815548615
105085,23898.4744694157
105086,10756.984807632542
105087,22870.062419611233
105088,7966.008677195075
105089,16275.346654148783
105090,9182.390048058725
105091,20035.929128205822
105092,4736.2594532404055
105093,7600.783676421167
105094,16139.294994510445
105095,14964.886173865936
105096,30190.941294129174
105097,13197.392682989914
105098,28389.11954668657
105099,8626.128276554844
105100,30422.77753583223
105101,47754.21067899296
105102,29740.674754125197
105103,17847.354022696312
105104,7411.8870000968645
105105,31396.13897587209
105106,9500.982559921471
105107,21157.96630018507
105108,11582.463030041798
105109,25115.751316536498
105110,19435.93049268645
105111,24652.72560539213
105112,11099.737970814596
105113,13797.345963795617
105114,10475.986487520631
105115,31542.850336537507
105116,9129.307249358762
105117,11444.971780855316
105118,10241.142584388745
105119,19420.499598999937
105120,26233.152986214554
105121,9383.668074487112
105122,10015.601729236834
105123,12850.33667756727
105124,8658.045902929287
105125,23721.03602356019
105126,7894.820132000377
105127,18303.334214991854
105128,16982.590226918157
105129,15767.640633568528
105130,15705.996857586888
105131,19608.949144341364
105132,32174.31933748383
105133,10797.592385413087
105134,12229.149343524587
105135,20637.611812663483
105136,55642.44362329019
105137,2323.8745154484154
105138,15869.131754115851
105139,24600.034160443018
105140,28422.41367814365
105141,15200.728411877863
105142,12926.455340258944
105143,15350.017298213637
105144,25820.974373469617
105145,18052.125091641872
105146,11447.439016062428
105147,23253.824168092433
105148,5242.972209565003
105149,14278.301308647478
105150,13432.444186664128
105151,18463.01497420715
105152,18923.234556038515
105153,14033.758755661305
105154,13315.024631395892
105155,17159.14590215508
105156,20615.690356044535
105157,19470.621237780397
105158,8794.840031937772
105159,21332.160605129822
105160,30547.507903995756
105161,20054.9743675782
105162,16888.205661776683
105163,14113.25220571956
105164,30103.514467808294
105165,17438.341189474435
105166,9521.752275882805
105167,10351.438057986661
105168,12722.271062561325
105169,13276.151761418307
105170,26595.38321475165
105171,8009.297951618714
105172,10279.183840150223
105173,13796.407146276262
105174,14579.569138353127
105175,25950.470479619686
105176,13306.09112634691
105177,28069.716894646874
105178,17775.83094784692
105179,24492.46096754736
105180,14144.085210723853
105181,8689.764205628788
105182,8408.347984013744
105183,12789.176924813317
105184,26331.170897296077
105185,8411.315706461393
105186,10723.931935618806
105187,31810.509667894596
105188,15783.850731055461
105189,3197.118760744487
105190,8823.26855052055
105191,13943.176545623319
105192,18942.786614731078
105193,18461.10151054884
105194,20272.862160238903
105195,9923.411694664403
105196,10043.276899915507
105197,41980.53939109304
105198,16875.04260753897
105199,24413.709859547642
105200,6117.149029502211
105201,15129.854021072517
105202,8954.041352876311
105203,24929.25110896858
105204,10247.894926723773
105205,24563.16852328365
105206,19275.411369248053
105207,25291.37112137882
105208,19936.931624618708
105209,12219.679574504593
105210,12420.63862717331
105211,9362.51977279513
105212,19839.799650654495
105213,9458.47393270221
105214,14391.692313207008
105215,12429.716637252586
105216,9444.665206437698
105217,32712.400919890177
105218,23421.902560705385
105219,17831.866175908108
105220,11207.234375743918
105221,11919.011802886915
105222,4501.465304443433
105223,10519.80289415329
105224,8792.021678971068
105225,15022.743460990074
105226,15555.491830976302
105227,19087.058823614687
105228,21745.15381598357
105229,22604.5466238254
105230,23589.534947893786
105231,13666.930737653332
105232,8197.583248535713
105233,12519.517346987763
105234,22106.888029865848
105235,14421.26319736939
105236,8056.250079983137
105237,12453.659119932374
105238,20905.656584941724
105239,13404.163217797282
105240,17966.134609539942
105241,16140.913122007045
105242,27318.88567140573
105243,18455.791314659153
105244,21830.906552956934
105245,10876.394202552037
105246,9481.195431579032
105247,14726.666935591806
105248,12940.765768075946
105249,19170.14130761798
105250,20942.04370872239
105251,21189.89732465353
105252,11996.427640695425
105253,21453.64414119366
105254,11858.851920672925
105255,9784.340291387576
105256,18748.27003796478
105257,10625.694795884601
105258,7362.961101070774
105259,7107.488351920141
105260,11739.214173524657
105261,21036.45713937997
105262,18496.92481547891
105263,9840.843472401491
105264,13243.932537633329
105265,15254.395522038874
105266,13084.563136971356
105267,28115.312088318235
105268,16028.682421247222
105269,28390.02443984375
105270,20569.502265804767
105271,5883.2037716423865
105272,14463.31683389443
105273,14511.811232459531
105274,4361.201916430689
105275,10921.558405158494
105276,19768.170517440445
105277,9375.681646137595
105278,21228.218367743306
105279,19718.844673159863
105280,10017.648855508758
105281,30743.394946341632
105282,14949.538910904452
105283,13905.900412607574
105284,9389.69561749411
105285,22927.50179676802
105286,13463.294110796349
105287,12958.367812943245
105288,9412.010831040885
105289,25441.738100296843
105290,10944.759154086407
105291,42001.347472786205
105292,17758.04938638467
105293,8772.462886562993
105294,22837.12229520476
105295,27164.113238962025
105296,23943.077198053987
105297,19248.89150477196
105298,13696.56751039426
105299,9671.357239274887
105300,16613.2111470153
105301,10998.044814807172
105302,17207.646893535064
105303,7791.371250838831
105304,6645.781928049193
105305,33071.381511427404
105306,12121.92148528904
105307,11585.451829963351
105308,18393.908960842713
105309,19684.156003655648
105310,14694.338015171823
105311,8886.150058663858
105312,17489.72842631584
105313,20353.31368205951
105314,27188.750115912902
105315,31474.020779885053
105316,23247.769364222273
105317,17488.05751995707
105318,19630.079563567386
105319,14155.648551583063
105320,15487.292965277598
105321,10054.455096046764
105322,20173.93633242695
105323,10939.667774705526
105324,20623.175467762525
105325,8897.476239417021
105326,29694.064571831324
105327,25372.246604466047
105328,12282.333573498952
105329,7050.170764019168
105330,19830.547578145597
105331,20288.004703896528
105332,17749.622252639136
105333,13447.424576772562
105334,15447.173198765493
105335,22693.20269990473
105336,28331.6784205296
105337,12480.248300300847
105338,21159.772214318837
105339,9963.809098545764
105340,20861.158126742328
105341,6957.697238919793
105342,28315.63024357146
105343,12049.229064460636
105344,10731.633581387123
105345,14546.08658083912
105346,23120.575763089288
105347,17036.064978584443
105348,12172.501715806076
105349,10128.191243954032
105350,17713.79407729293
105351,14772.535763630207
105352,10604.914129850022
105353,24265.343345653127
105354,12429.122237705393
105355,6732.299500878149
105356,19036.11286235778
105357,11670.998651621667
105358,14139.760470700245
105359,8644.952203708646
105360,6573.569886348532
105361,9681.659805807318
105362,31545.695015765385
105363,10590.636892052707
105364,18223.78927229288
105365,24664.926696930765
105366,19515.844648034345
105367,10456.413317819855
105368,23435.51166864374
105369,18507.924267855695
105370,15025.664356643101
105371,13674.353642849073
105372,10188.277081754062
105373,24360.49469783628
105374,9084.71383632021
105375,12512.871751565206
105376,17334.31826454134
105377,10484.591123544531
105378,21588.193018082544
105379,5194.403845710301
105380,8661.387906735876
105381,20627.789031276974
105382,12905.391093002116
105383,21223.432075000524
105384,6002.3430360917455
105385,15191.53095698654
105386,9523.797989673632
105387,13443.722556515688
105388,15198.070999385864
105389,22527.284126327868
105390,11900.805673858362
105391,19488.703598793138
105392,19629.80411105642
105393,10997.30109986915
105394,19999.253673132043
105395,18718.34185013485
105396,21715.855744466797
105397,12149.785234897132
105398,22327.483264244038
105399,13593.315132155894
105400,10280.202484542293
105401,8120.5412931685205
105402,9439.64470949268
105403,14807.44958915179
105404,20023.98323981907
105405,17515.04540125951
105406,13375.32703341842
105407,13994.459654248441
105408,18566.692950977817
105409,11023.958625216968
105410,19372.506056189017
105411,9139.177839582542
105412,10615.38447582569
105413,15179.145701274589
105414,11329.666421342781
105415,27346.86507180291
105416,10544.770697408272
105417,20082.160724752834
105418,9969.561963259803
105419,9686.375434266758
105420,13279.196219643085
105421,16678.46154274057
105422,29845.362565223346
105423,11466.653035282077
105424,17063.34919782052
105425,10000.100094193283
105426,22090.307750455126
105427,12892.27544982006
105428,12549.595598383685
105429,38175.599641860405
105430,8090.04904433505
105431,16738.806106249533
105432,20268.657161160427
105433,16653.73503038034
105434,10334.932785064384
105435,11785.456962955886
105436,7237.884930465367
105437,24145.640456841382
105438,28356.01480894698
105439,16861.34805744974
105440,11911.617710311773
105441,10566.236813256539
105442,18283.90390117099
105443,30887.972516202055
105444,18681.952144766678
105445,15334.12602064133
105446,15448.182981570983
105447,9604.400549036816
105448,25861.247214151786
105449,16112.201485018068
105450,19405.736694759362
105451,12523.18734450085
105452,14546.175093866743
105453,15742.677437699913
105454,17886.835808536704
105455,12646.442852233293
105456,12608.666314236434
105457,12999.33183700154
105458,6273.384180719511
105459,7737.43798615744
105460,21393.751094585998
105461,20017.513879791768
105462,29606.365369955645
105463,21298.62889075363
105464,18527.800128388546
105465,20450.203911835113
105466,26149.70194436134
105467,18979.50443229536
105468,25340.337790955462
105469,7557.9871575202105
105470,8373.76441642519
105471,12433.852095099168
105472,27884.297781782985
105473,10226.622683811183
105474,7934.509307203549
105475,13313.955539621391
105476,9823.702585733834
105477,13843.617787047524
105478,22390.08052901219
105479,19162.71092571651
105480,18772.279063674017
105481,10066.379763687037
105482,8025.105660958301
105483,12032.572736107963
105484,12227.872737041598
105485,10952.918060078313
105486,14024.709921104579
105487,18332.334969582065
105488,17034.73125314575
105489,17870.320030919876
105490,11642.986852564427
105491,23161.134793297555
105492,14585.242373380926
105493,8538.920906483792
105494,12564.292389747821
105495,16351.805749046409
105496,12420.772955998873
105497,24379.210715585614
105498,13796.97250597342
105499,7451.13620207028
105500,11748.825857524444
105501,12828.19589560295
105502,23869.814108168248
105503,15171.902928996575
105504,8999.29169741419
105505,8198.979270964963
105506,14222.580233121666
105507,21235.442547262224
105508,15574.639090705561
105509,7277.485918207908
105510,10116.03809567921
105511,19922.783380789962
105512,12491.919586342214
105513,9189.08001984356
105514,15825.709314166645
105515,44976.095798998766
105516,9522.45168209997
105517,13068.631628639465
105518,9991.777655278729
105519,10578.471319559474
105520,29534.27559989172
105521,23075.136849122377
105522,17223.38826318957
105523,6568.631523193953
105524,30275.876071146035
105525,21826.491601513626
105526,18572.737690010006
105527,12513.466574119895
105528,9240.182944978158
105529,25355.37628132691
105530,20488.904244177946
105531,14500.647449483731
105532,27734.059099332426
105533,30631.161085673302
105534,8395.038462558387
105535,8174.784991286231
105536,8109.23898307912
105537,12771.053875769216
105538,15454.433958881922
105539,11547.764050083195
105540,17898.25963977009
105541,15579.40515122403
105542,15308.619147121964
105543,12196.627275128572
105544,21596.387999588245
105545,8914.876108076223
105546,16160.890187823621
105547,13961.65776629491
105548,18963.942863352015
105549,19596.541786620084
105550,19552.42854698651
105551,11074.886983478227
105552,12060.999598083881
105553,9873.550525206128
105554,11506.869066900312
105555,31767.7610941674
105556,29714.781947794996
105557,10394.611977692766
105558,19276.462802285758
105559,44645.9008895358
105560,9570.146328745004
105561,20265.29656864748
105562,14766.578002492788
105563,17679.55745466166
105564,9835.1103715643
105565,11245.838749105424
105566,13167.193254580736
105567,14520.721497436552
105568,18572.868490646095
105569,14460.375289629237
105570,7694.275607596055
105571,12387.35392603902
105572,11641.093797352132
105573,32025.221320665652
105574,25280.26404146709
105575,13827.879625245807
105576,9338.650581704305
105577,23067.17852202517
105578,8210.495015855518
105579,26161.363383628923
105580,13818.272646155036
105581,7721.566690495806
105582,17046.72292154902
105583,10241.142584388745
105584,11021.776307181772
105585,19212.18488110418
105586,7921.932794260879
105587,15686.395403207018
105588,10696.099278710459
105589,20346.772908697596
105590,18832.790855472136
105591,29289.337197312638
105592,12851.941523619524
105593,17214.537690266043
105594,19942.57463378586
105595,20992.358704040467
105596,16353.644109310462
105597,10447.82272253818
105598,17175.280119286257
105599,10935.191877317271
105600,19206.073537912744
105601,10667.632894150338
105602,15071.509622388792
105603,14699.855294938665
105604,12200.288840257641
105605,9681.338931898408
105606,19164.290416863318
105607,18779.466706486975
105608,18570.83287651827
105609,7229.655736136856
105610,20290.29283602081
105611,10901.569161050424
105612,7439.389196692726
105613,18766.707529256553
105614,18016.917158828124
105615,18023.705990630777
105616,12197.372740643526
105617,22751.173462519153
105618,33851.955134143675
105619,8586.290182048944
105620,9294.63884098188
105621,22973.83465740806
105622,11195.154146009701
105623,12975.041277850865
105624,25600.363683130206
105625,41992.337624424676
105626,15790.834908797633
105627,20602.423590973765
105628,24361.630466014314
105629,26068.600989127735
105630,18311.46453274547
105631,10525.478418031773
105632,22461.294599319823
105633,20406.813580700975
105634,9144.053772884825
105635,7916.139880407106
105636,24175.90214732337
105637,18249.971047329887
105638,9576.09888619586
105639,14606.897078902202
105640,15062.638962820274
105641,9862.986579016699
105642,20576.28633930025
105643,37990.76877133853
105644,14188.436997019036
105645,10185.025361570582
105646,11517.054348896425
105647,17900.068409201882
105648,7103.558050019757
105649,11144.724479447766
105650,13001.617539364994
105651,18680.82536140063
105652,14017.858318650357
105653,18171.43071831118
105654,19821.68759726939
105655,24250.67230913433
105656,20392.50531029782
105657,25652.685565633496
105658,9487.640321414354
105659,11534.42752134108
105660,18103.914290145054
105661,11762.183092810978
105662,13864.141077745879
105663,17929.27558067722
105664,22554.06246308258
105665,24890.509441922928
105666,9447.64815169877
105667,28329.66506647359
105668,12519.334141548581
105669,14939.082582006404
105670,27178.133562186224
105671,9948.65797573929
105672,10194.13117781793
105673,13843.554899417068
105674,10334.161363486915
105675,22029.500587669652
105676,16397.09112164277
105677,7667.382139390811
105678,2677.168018856794
105679,7833.1453399198945
105680,8345.726200575264
105681,24970.58964643056
105682,29410.185415639804
105683,14188.145582002475
105684,22250.99862963166
105685,22709.227210466473
105686,9442.679393549752
105687,17252.663151936613
105688,27297.50114355979
105689,25961.607851100467
105690,25453.04169068313
105691,16802.827521153507
105692,29431.578528125305
105693,9694.382524321065
105694,31436.950282071088
105695,7999.812737878347
105696,11610.548207598045
105697,14407.440205730418
105698,15082.604819847238
105699,9924.704380076812
105700,7250.2748437938835
105701,26363.911840919107
105702,20604.821823012026
105703,13272.371730047946
105704,16506.597138026817
105705,12653.825900105
105706,32663.68601746503
105707,13386.40168288214
105708,29194.70682997643
105709,16873.657708028477
105710,6533.87107038452
105711,16023.522616616192
105712,29171.996619508333
105713,7145.461583994467
105714,4933.146496454214
105715,9661.158887288122
105716,14465.665316991777
105717,16632.97745600176
105718,8244.263298670649
105719,18128.68035776433
105720,12794.136519013799
105721,22730.791969481037
105722,19262.51688026736
105723,12518.575836746768
105724,21969.8725067786
105725,10853.94145761134
105726,10151.25895959765
105727,33305.647378624926
105728,16244.441378908155
105729,8020.615279962888
105730,12597.980600941039
105731,21417.36804938731
105732,26646.61406835363
105733,12655.885639119331
105734,15941.141401382512
105735,13455.324757259674
105736,14721.856273166191
105737,14905.551918964906
105738,12767.847193654678
105739,12939.263323020354
105740,10620.64708971126
105741,19922.96506380556
105742,15940.25722163269
105743,11548.073697530172
105744,7353.346134162099
105745,17327.009690858213
105746,10171.808912449927
105747,18145.57897151936
105748,13254.122887705844
105749,14278.585465846934
105750,11034.70531447429
105751,11577.308847131331
105752,17926.29855099642
105753,23936.25158488455
105754,8702.675537891657
105755,17792.867678573377
105756,25167.547710269322
105757,21790.253560046778
105758,10042.356373137889
105759,12869.701617722003
105760,10211.403450789308
105761,16884.869646120333
105762,16445.989264497388
105763,14631.201706433101
105764,12598.039394439682
105765,14637.284338033178
105766,11318.75852468444
105767,12952.522114935411
105768,10065.326885456238
105769,7672.596912580861
105770,10936.025849126738
105771,20657.942280531322
105772,8934.530286358726
105773,26242.181134955452
105774,13499.481715857819
105775,17946.754977377776
105776,18536.217773640394
105777,14857.137929286484
105778,21656.030513445345
105779,13485.288718456723
105780,24683.432262494396
105781,16488.157797170796
105782,11513.047049956727
105783,12489.20803544323
105784,22830.104087414853
105785,42693.25186672343
105786,15350.959303035683
105787,12453.621042699026
105788,15437.42186576829
105789,26871.373118885545
105790,17512.336291695327
105791,19903.836775811295
105792,25283.223664648904
105793,22917.859323475765
105794,10188.538146391347
105795,6194.4726920029425
105796,15608.413623587465
105797,19650.507220942713
105798,11341.148309400425
105799,11178.770952725074
105800,10700.394381789636
105801,13121.404569259448
105802,11827.995358810946
105803,9406.967354917335
105804,15080.629417900058
105805,19733.36388963749
105806,10297.625767249481
105807,21343.05693170221
105808,13140.63630588649
105809,8974.364902955538
105810,12168.687116264882
105811,10752.243843134249
105812,20247.736725508832
105813,13233.38075056039
105814,21480.92804085495
105815,30994.935575138283
105816,20857.8032440366
105817,12111.826939614857
105818,7199.11743080419
105819,15422.083199814188
105820,16313.146878268972
105821,19586.793847017965
105822,11021.597569168152
105823,7340.879443902072
105824,13355.761794575224
105825,10091.231863855668
105826,12237.892418301893
105827,19354.13027682194
105828,20140.142171257798
105829,17320.97481154446
105830,22048.098634450645
105831,17776.10981746409
105832,19509.63097811219
105833,10140.55132397668
105834,10956.785893910608
105835,15009.146661841238
105836,20277.685071148277
105837,21029.974011238934
105838,6973.742483796225
105839,22596.57559145877
105840,20351.93228465566
105841,28736.52745381221
105842,23504.58934902861
105843,25918.39852140125
105844,18792.250470186355
105845,7718.831591526864
105846,28111.534647084554
105847,12768.127267090684
105848,9310.849516944705
105849,22922.106834936087
105850,12377.412111555052
105851,20472.328737490116
105852,21137.138047258282
105853,6840.599183604869
105854,12954.348928934092
105855,14477.261815171594
105856,16793.66423683363
105857,20012.93253403881
105858,11862.971819586772
105859,21205.576770949752
105860,5129.933853588618
105861,13755.777560311555
105862,2088.2231120928404
105863,8165.166113542111
105864,22652.195392266538
105865,19700.6395440223
105866,40265.83039254541
105867,19495.668045748345
105868,14811.596874750943
105869,13216.291698003322
105870,27474.26618948555
105871,15360.531441319745
105872,20766.238780955697
105873,18901.128107947145
105874,11325.650276080885
105875,7133.64755704478
105876,8529.190894544343
105877,9998.475177284692
105878,12906.045737417844
105879,10795.289975625772
105880,31775.44803534456
105881,18452.74162456853
105882,9728.214846952149
105883,10716.528379461954
105884,22870.99983947081
105885,21244.76617548336
105886,27013.209146693953
105887,23731.761289375943
105888,22139.10020896978
105889,12988.10113462374
105890,10261.058624143563
105891,22925.6181832593
105892,11346.18986162621
105893,20165.731508024543
105894,16463.601744471198
105895,30215.9131342422
105896,17985.830687019516
105897,10857.078677199226
105898,9579.307855142855
105899,15330.549965942337
105900,14934.022461806502
105901,20717.350296618453
105902,4930.328269745165
105903,13360.667519732757
105904,20049.768948407967
105905,10920.096065186199
105906,8629.147966892062
105907,15295.982115799197
105908,21998.289673363717
105909,28659.18558275848
105910,11291.141534307706
105911,9232.988905484519
105912,7735.767079475947
105913,38675.27357628035
105914,26451.174724638833
105915,8721.638117652266
105916,10312.815565922283
105917,10212.481419199059
105918,23114.286794927244
105919,33345.66148930736
105920,17633.626025205907
105921,15688.351379664871
105922,27181.10496559122
105923,7371.315117281094
105924,14358.201402079267
105925,27739.380991218008
105926,6301.817308116544
105927,4440.227213300272
105928,16008.767577106693
105929,11779.689917669119
105930,11804.657204320407
105931,20727.75262474551
105932,14078.090761506563
105933,17508.241961172167
105934,9376.141132454643
105935,20229.782912048315
105936,15306.129877010819
105937,11839.947750808573
105938,11113.024941670508
105939,14742.900747295727
105940,9544.096121952545
105941,10561.920658747647
105942,12146.83241112997
105943,10509.56348886023
105944,13640.60457523438
105945,7055.107440111044
105946,22771.927488066645
105947,23122.136843281205
105948,9173.920497341926
105949,12232.846112527655
105950,9833.298560280065
105951,10346.09655643767
105952,12425.314552706772
105953,12008.8862860891
105954,15982.86714684641
105955,10109.32919594803
105956,10581.3864908375
105957,21623.304070222846
105958,20504.33016306343
105959,6395.798835758273
105960,20798.219303974955
105961,21506.46378258691
105962,12619.593847223505
105963,12006.46626636312
105964,16875.138259492705
105965,10008.832381038239
105966,13243.959469025478
105967,8045.328845517912
105968,12135.259554752225
105969,26862.343259020694
105970,54780.03033744979
105971,17403.958080074182
105972,9919.021566709067
105973,8214.800214912519
105974,12868.051436911102
105975,14540.07985022015
105976,19993.820560870947
105977,15484.496447596488
105978,9508.715099423194
105979,10596.266466520041
105980,9894.230377536049
105981,10438.639947475052
105982,18306.10520484356
105983,17387.366336223684
105984,14794.222917529103
105985,20411.61883439841
105986,14082.832572472693
105987,21331.184652140117
105988,9353.079731348853
105989,19458.10827584058
105990,24093.20521698465
105991,7438.860199294569
105992,15024.490048639973
105993,23217.74786691652
105994,24631.311710317063
105995,26112.794108362556
105996,9974.59699210756
105997,11162.040393288898
105998,17149.660447093585
105999,8189.7286938012385
106000,26464.30475985848
106001,27366.761562260122
106002,14195.512969667809
106003,12642.299665070292
106004,18837.401983073112
106005,30030.86888224344
106006,26897.34110907466
106007,27632.376669853773
106008,14395.551210082906
106009,14255.212105947567
106010,22300.232062508294
106011,27216.070907891197
106012,20882.437842173375
106013,12420.492275275426
106014,14737.436346346121
106015,9456.555618875282
106016,22452.642060459417
106017,27952.024600011424
106018,7875.469955613402
106019,25589.835499385896
106020,12201.707419115952
106021,34605.199288372634
106022,11003.041734153003
106023,11045.051764672575
106024,25130.452228499882
106025,15983.592933429525
106026,14358.333741486575
106027,16462.509617096563
106028,21587.982966454016
106029,15669.583335868574
106030,24631.3420078094
106031,16841.52167538739
106032,16379.905117881826
106033,20264.803230793892
106034,8754.112368848704
106035,10049.899818005453
106036,19628.067475323453
106037,10992.535587601653
106038,20565.76125025851
106039,13130.52444674306
106040,15651.664983282484
106041,30145.841186820813
106042,19217.00607638541
106043,9095.301714074067
106044,11091.029379930264
106045,24681.82865604405
106046,13826.924822944387
106047,17463.423594955268
106048,25845.43477639355
106049,21911.814675390473
106050,14032.814620119118
106051,11360.030583979347
106052,21756.379300145825
106053,9870.381398448932
106054,13216.090161669606
106055,7621.672766730242
106056,6868.418598814285
106057,10200.57747262895
106058,29821.005969143996
106059,21742.38556255978
106060,11031.99956244254
106061,41632.24880083982
106062,8388.416594670553
106063,14946.00191281562
106064,7934.509307203549
106065,32293.090982547328
106066,29890.56304882971
106067,19911.74366315203
106068,15479.698807340283
106069,22351.141508660978
106070,8866.038720750315
106071,10835.298226688943
106072,14069.660864440364
106073,14028.356662246819
106074,16626.139465767865
106075,22280.39245236845
106076,14114.66460151405
106077,18681.941220642628
106078,17590.91267878712
106079,41676.47869973135
106080,6365.427327151365
106081,17316.12567729515
106082,10836.142184017754
106083,30942.80534339392
106084,7639.70091372736
106085,8398.466679794228
106086,18517.059177263356
106087,16524.38822027366
106088,22851.457042129252
106089,7393.61425040428
106090,14294.30728766902
106091,13304.245115887745
106092,9629.400056538403
106093,18411.300753071933
106094,18978.35360051024
106095,11573.172735312051
106096,10080.127641016901
106097,20623.37567702044
106098,12362.635518606152
106099,25784.133665078116
106100,22104.3123012156
106101,19117.248017212292
106102,9084.059572558901
106103,19788.043779202613
106104,32231.19679979614
106105,12384.742043945644
106106,16165.754721950021
106107,21218.397499489958
106108,8189.676081395848
106109,11680.877722450066
106110,17381.03729813679
106111,17825.97371004328
106112,33517.06072879959
106113,29806.80123775684
106114,27508.2760872912
106115,20300.792616474886
106116,10056.46046480674
106117,3293.3811507073788
106118,25585.52272720303
106119,19441.745099718064
106120,14998.601951228058
106121,6187.048451581776
106122,19263.11905837649
106123,18459.004116928772
106124,7820.382443501159
106125,17077.816583677588
106126,17658.665806048506
106127,15922.886093017582
106128,30540.895191822314
106129,12764.353413446312
106130,17576.518659960602
106131,18717.36733173722
106132,8954.824040970063
106133,28193.76721772151
106134,25556.404578326663
106135,15079.503583910044
106136,20186.080001578513
106137,21821.925011305997
106138,16491.103976987004
106139,17003.242702128846
106140,10969.638377151154
106141,9424.134465611623
106142,23228.06651680989
106143,11338.550113001154
106144,8476.668763015867
106145,10124.738953202726
106146,27007.006186633353
106147,9661.62365205528
106148,18224.712760223065
106149,13458.094970131217
106150,15287.479245780778
106151,18917.6551771054
106152,18098.07927006214
106153,13199.331254269371
106154,10042.054764057084
106155,13736.266923906891
106156,27617.455116429
106157,14010.855593178527
106158,16148.959370742115
106159,18219.230663864593
106160,19310.31788558412
106161,10157.213047259342
106162,21989.445253746948
106163,17549.57302280196
106164,21941.491396747842
106165,6220.778926821203
106166,20931.745077955682
106167,25850.765995720496
106168,18191.642338723876
106169,11531.043622153054
106170,10127.893500879516
106171,31883.246701144468
106172,22459.404150352777
106173,6658.077641773716
106174,22882.727992296805
106175,9112.639014102999
106176,21053.926070385955
106177,28123.579508264564
106178,13884.499880111212
106179,6307.752597171006
106180,20600.102578926664
106181,14425.987580963065
106182,13238.691415834946
106183,26305.8282989356
106184,10848.190175469332
106185,24234.609640061048
106186,12832.637392952953
106187,10585.098786950486
106188,22576.67634363367
106189,13653.375588716393
106190,19830.882728821885
106191,10720.510144995953
106192,9729.34877382953
106193,10457.447126412633
106194,41355.18866291142
106195,10468.10970691066
106196,2309.469102149127
106197,17748.44551793948
106198,7418.8474637216095
106199,10154.628751770935
106200,5437.754137059092
106201,22844.987801012834
106202,17037.0978148709
106203,29823.795341729827
106204,23195.86238625461
106205,7893.0199637843125
106206,26924.970088953596
106207,10591.781423840446
106208,22436.358854514692
106209,17899.826148846732
106210,29991.0918779497
106211,16267.146605155453
106212,26211.395187965772
106213,20104.094659781946
106214,29273.826740167708
106215,23015.58400541071
106216,8628.342693055854
106217,13316.828433014503
106218,10218.223792571407
106219,13755.896925276786
106220,9665.439311440081
106221,20804.58334787834
106222,5599.206205499552
106223,11151.51983150646
106224,18353.68837763637
106225,15376.318323690295
106226,9606.578046969114
106227,25627.012444841665
106228,11722.893791541115
106229,8871.007998701702
106230,15462.824378341658
106231,20510.7131615943
106232,14693.828112741268
106233,14845.021999240635
106234,18116.10526949944
106235,23126.468763580335
106236,16286.3256254966
106237,9771.240331784194
106238,32484.816123738234
106239,12013.265174411594
106240,11943.950539963012
106241,18012.634817177768
106242,17730.455477706582
106243,9365.86198265663
106244,29258.662387072647
106245,14900.339336317586
106246,4323.002063371689
106247,10941.131121229442
106248,9695.969261922754
106249,13490.830511216887
106250,9190.94836690156
106251,20237.819372254024
106252,8913.50808479829
106253,17916.27214763247
106254,21131.530147293975
106255,11929.977726026962
106256,11318.426355039599
106257,29446.12985784557
106258,20209.06040321034
106259,32994.34175419494
106260,16719.762450615926
106261,14039.629325974194
106262,16038.448524784093
106263,7351.043760724993
106264,9317.704810745636
106265,3828.9319114845543
106266,16837.755053864606
106267,13406.732522311584
106268,32080.61941579107
106269,8507.379928083095
106270,16804.78745319318
106271,4475.057981019223
106272,30585.730609254737
106273,21918.573551146623
106274,7561.934602637761
106275,11889.538267494841
106276,13609.73101848316
106277,13527.967167189372
106278,24763.372625629992
106279,11535.823487324924
106280,20170.76628237943
106281,19755.11985727583
106282,9732.022999990788
106283,44804.30211147288
106284,13369.67013980276
106285,11580.59075546377
106286,16865.891601980635
106287,10865.80763441997
106288,16318.022704391235
106289,11166.725645088705
106290,13155.38043211952
106291,28013.040365661745
106292,25755.24181759563
106293,24895.809354581605
106294,27215.237065190828
106295,26146.23873651773
106296,15162.079756561197
106297,18500.013711817606
106298,12075.413550003355
106299,13476.120384206159
106300,28267.18410916403
106301,12330.245911042277
106302,25649.653177423075
106303,9563.851392065164
106304,12114.084859470668
106305,19929.099226839102
106306,12516.93221994484
106307,11385.292417552184
106308,14788.919151480732
106309,9252.357220064483
106310,17094.221798942148
106311,25917.3357467747
106312,23768.26728099399
106313,20805.795979522478
106314,20631.39211696888
106315,10389.41638048318
106316,8062.766034347706
106317,10346.09655643767
106318,15210.89007352876
106319,47443.00191775811
106320,5603.660548639972
106321,27818.598781958444
106322,28718.606395949886
106323,11978.654418573624
106324,20944.280349529297
106325,20146.899548504505
106326,11447.704353600604
106327,9154.80354493851
106328,44784.59645142117
106329,12442.772607019604
106330,9444.194188913578
106331,31647.92726024778
106332,21317.753226501933
106333,21803.533892832915
106334,9399.63442326806
106335,5985.528289277054
106336,26897.317419831328
106337,20937.416245241842
106338,10703.986991286078
106339,11537.654606863343
106340,17607.718091082796
106341,11797.535579272757
106342,11316.649469643722
106343,29431.578528125305
106344,15038.024782100505
106345,9786.201397350906
106346,12513.830939849562
106347,13253.352980088654
106348,20828.36016230804
106349,10269.524231839023
106350,28332.011510450895
106351,20523.744920189078
106352,21255.31398316435
106353,15466.183806746843
106354,24452.60123459044
106355,20865.358347199708
106356,9525.297780523364
106357,9842.244508105565
106358,13249.779034629977
106359,20662.903947488034
106360,31238.5762926146
106361,27269.51584818288
106362,14756.656490729583
106363,8424.649344147027
106364,9397.228368851407
106365,37253.48935880715
106366,19174.43749755126
106367,23951.95144044848
106368,11641.458585728698
106369,21500.327716504988
106370,10560.101651760517
106371,9077.113740072997
106372,12451.153525754162
106373,21117.171936818348
106374,45673.73256726071
106375,22394.45755007373
106376,7552.498141520793
106377,13630.879221725645
106378,13981.774506548481
106379,21395.91933178057
106380,13058.983336236646
106381,8299.283332323495
106382,8495.1146672453
106383,20865.306315958034
106384,4509.390779531294
106385,12236.59676434817
106386,25758.455441691178
106387,27040.813042582628
106388,26707.438007294073
106389,21913.05958085256
106390,10862.234523402905
106391,10365.051535989911
106392,19042.313578622667
106393,21498.284115632407
106394,19625.75682214513
106395,30174.906112306933
106396,18970.345729032026
106397,5825.302787189662
106398,24209.790000909066
106399,12323.910390183191
106400,24784.00891745108
106401,20608.858343580352
106402,12241.68119486473
106403,25419.30380686345
106404,10618.95548334676
106405,11874.333315941376
106406,19040.432653857446
106407,18793.110424840233
106408,12232.690041182208
106409,22957.295472174384
106410,10117.433993493516
106411,15329.67139213246
106412,18774.594319153828
106413,19172.916357822265
106414,25077.155101467877
106415,7350.864616120567
106416,19309.954410703
106417,10581.3864908375
106418,18697.94049313078
106419,20028.40076676046
106420,9006.618953407791
106421,13167.060837522786
106422,9367.682283621958
106423,7592.644566682251
106424,16773.815503988055
106425,12768.360001946634
106426,33767.91822151911
106427,12473.173491726418
106428,11074.905595637276
106429,8885.330944117273
106430,14736.024083705455
106431,15983.592933429525
106432,26775.238784598077
106433,8384.969624622769
106434,33070.75457970095
106435,16011.589565991319
106436,19196.917552868003
106437,13915.405338240147
106438,21524.62777055436
106439,18124.010230199412
106440,18968.24327531334
106441,12476.47282093674
106442,20521.893692164966
106443,21418.36111507162
106444,17238.76427164574
106445,18637.176945035062
106446,21361.50024746541
106447,20663.05218862148
106448,17997.79292963834
106449,21734.41422653875
106450,47061.2536575279
106451,9967.401858658548
106452,9334.569523228318
106453,21106.935374811124
106454,26291.901889824927
106455,24029.09974002457
106456,7660.246710151308
106457,11876.25199316933
106458,10811.542906850264
106459,22142.402263855383
106460,26924.62075102295
106461,12618.423986104606
106462,23687.700735201597
106463,10357.190675955917
106464,10552.821546914609
106465,44223.36136844926
106466,11607.912844009621
106467,7744.411525186029
106468,9494.405784904873
106469,16087.589711804832
106470,10467.550233294538
106471,11665.3920319481
106472,13137.877176345086
106473,11302.781559070998
106474,14118.556108991086
106475,27229.621971743254
106476,22839.12371785169
106477,8539.631603072898
106478,14113.014589290025
106479,19280.831458854
106480,15382.329887329894
106481,9243.972232145774
106482,27612.88100902089
106483,8879.307267715521
106484,13881.562110546372
106485,12065.969303458553
106486,18900.94068363918
106487,25274.324784766748
106488,12851.880741215133
106489,9404.748036556308
106490,24160.433315655886
106491,20921.562159518093
106492,10715.09617645651
106493,32186.345680381986
106494,12002.199130754776
106495,12114.35815059467
106496,3117.3962434176647
106497,9686.685631259299
106498,13587.525548921752
106499,15374.179295908507
106500,31592.957222957393
106501,9613.068730715062
106502,20690.44542298695
106503,13248.442062142298
106504,27021.46563009687
106505,21002.383254281187
106506,10262.832411471067
106507,9596.854744384611
106508,14921.585157383357
106509,27733.797296360673
106510,28484.88556798756
106511,17529.074566048344
106512,20833.048487187687
106513,10077.137851734788
106514,29972.203036596096
106515,13940.097367264443
106516,15793.761296655877
106517,17575.671923880753
106518,32093.39963230321
106519,12196.988277960936
106520,8213.455637956966
106521,23059.49012541816
106522,22933.334383028872
106523,16286.933907560518
106524,8173.309783988636
106525,9617.110382791718
106526,10226.917840633709
106527,16767.579417759942
106528,9864.300933290178
106529,12740.176648480952
106530,18399.333824173296
106531,11733.416206142028
106532,13028.564090743006
106533,13633.980903337833
106534,8280.112719484268
106535,17597.902981078856
106536,17443.986618660136
106537,19821.54894155113
106538,14851.594101980685
106539,28245.555198431266
106540,12358.4303044603
106541,11826.013094224429
106542,21573.810759788903
106543,16963.37240626023
106544,7762.564426886749
106545,31284.195728571212
106546,20606.55670915518
106547,32828.64376668218
106548,9153.904602733663
106549,11010.026540623508
106550,14693.828112741268
106551,12160.712242276808
106552,18550.726839313636
106553,8911.807469678666
106554,13979.27940449175
106555,12504.748252092395
106556,22721.13498650748
106557,18454.589283294146
106558,7486.857561342176
106559,15110.017165827798
106560,25904.562664587713
106561,17446.30491298544
106562,9001.477266114307
106563,7241.5157130347125
106564,20732.010088546238
106565,13144.498159700699
106566,44362.27047117318
106567,7761.122111749737
106568,14393.965770870054
106569,11019.817290116196
106570,33823.400937716084
106571,16951.38389582016
106572,20198.085694253452
106573,40140.02603297524
106574,16627.520861801786
106575,9216.512110880627
106576,22837.80763849969
106577,25939.37968174046
106578,11796.622239736542
106579,15150.542111200866
106580,12908.48678707526
106581,23977.57172669321
106582,11871.433016387236
106583,25556.404578326663
106584,22386.036513052924
106585,24230.557519267997
106586,10069.980218533745
106587,28443.530929271423
106588,8903.879604764548
106589,24840.415365266326
106590,14675.11653923165
106591,30722.769670681177
106592,7101.628190518506
106593,16327.596849043102
106594,5754.314023282721
106595,18673.536536806576
106596,13372.52209547711
106597,7151.3805646291
106598,11358.00364562765
106599,8916.730253806561
106600,7913.516571617256
106601,18865.460840713567
106602,35435.13427786575
106603,32086.918038294076
106604,26019.62219243706
106605,17333.596888580574
106606,9434.334273711464
106607,18381.353784978557
106608,6794.741171274074
106609,11229.1467724371
106610,18793.110424840233
106611,34295.07991424353
106612,24823.380761308457
106613,10689.776066036102
106614,8564.094498261253
106615,13425.25209796624
106616,10767.188608265205
106617,7553.161796770348
106618,10996.337066016993
106619,9351.968504278371
106620,9407.418900090004
106621,16338.76009285224
106622,20738.86239526515
106623,22293.632812851276
106624,19179.818398861484
106625,25413.23434443341
106626,10526.012260745432
106627,41570.27470797252
106628,22304.749442804317
106629,12995.54221096684
106630,19898.43292298457
106631,26747.64916170381
106632,12002.899059647476
106633,13024.8834124519
106634,13178.04914237739
106635,21009.919527216152
106636,17712.599636090912
106637,47927.091959623016
106638,14725.611488507875
106639,18347.51432201291
106640,7148.022773445959
106641,17619.23616671929
106642,12722.004931814248
106643,16095.194984591999
106644,17800.30602742919
106645,20299.076977914134
106646,16539.592235475553
106647,10970.306025201033
106648,16860.66802111712
106649,11706.03092366657
106650,9235.518694628832
106651,12290.70990803734
106652,17095.306874240283
106653,9083.848820317016
106654,18337.426211867754
106655,10956.105947885131
106656,13788.122353918148
106657,20287.569112433677
106658,25127.835774262574
106659,12174.38620288668
106660,32387.05803066834
106661,13088.792540682274
106662,21542.305302208024
106663,9835.50390816253
106664,17024.563068471696
106665,14107.18152791659
106666,7854.786484245275
106667,11424.106068406603
106668,29938.391826778497
106669,22232.753607866463
106670,13905.979307170997
106671,43949.77090356266
106672,24693.9311947022
106673,5237.5479456326675
106674,18389.454138276127
106675,21401.522779924355
106676,17447.298008198435
106677,14146.780943186592
106678,15159.46258575072
106679,20195.92195743853
106680,16094.484403572722
106681,13332.189758385237
106682,17721.20226004436
106683,7902.995705716644
106684,17886.800143392684
106685,11366.152063489679
106686,9828.489173993115
106687,17429.847040359487
106688,9152.057467081104
106689,20190.562569092224
106690,13581.72976847814
106691,22209.190639891684
106692,9580.640477595156
106693,23686.889325648808
106694,31573.908268524778
106695,11987.538990632595
106696,13675.439766093903
106697,27353.92453421584
106698,21760.156415961632
106699,14595.17318255434
106700,12515.113077483591
106701,12577.876906880254
106702,6419.765667129392
106703,9195.299000492985
106704,22085.42893173032
106705,13596.967563832026
106706,9151.18182120255
106707,15421.659886256904
106708,13023.252986604379
106709,14527.062358160476
106710,23281.545351931716
106711,23550.460576088924
106712,10216.009701157727
106713,17570.412312937002
106714,19871.198087505436
106715,17565.65885583919
106716,14915.141749016697
106717,9763.684559098005
106718,12135.648006060128
106719,12559.126192736327
106720,9831.180631695948
106721,7818.843424081916
106722,10096.38211564544
106723,6187.186205623719
106724,12024.217700881312
106725,10084.982201829318
106726,13474.690504416567
106727,5095.516962856815
106728,12745.660954379684
106729,12511.834306793411
106730,17751.462494242493
106731,20547.27152255516
106732,19730.255740444038
106733,20079.70568230337
106734,22133.83262729737
106735,9958.86269832409
106736,20162.80564031034
106737,21211.138353237617
106738,9267.992752899228
106739,20245.11515965884
106740,11801.316462652965
106741,18088.412888043116
106742,19724.67713329461
106743,25600.140058072826
106744,19145.876158260973
106745,8828.575777039612
106746,45934.243622196525
106747,26003.107309189152
106748,19548.790879035638
106749,14530.903523144052
106750,10143.721088971612
106751,22849.639567830207
106752,22866.542714600306
106753,18119.5177251398
106754,40190.53828046663
106755,30313.302969834534
106756,10547.098033291648
106757,32547.410867363345
106758,3037.801535527371
106759,10309.692185684358
106760,30189.771887981005
106761,5544.2545028796585
106762,1809.9822226067813
106763,25788.597986196357
106764,26562.019421445213
106765,18811.613365456178
106766,10518.179844908613
106767,18785.32427821104
106768,9529.27530062657
106769,14798.812242435277
106770,20944.265725285557
106771,18854.35138294111
106772,32332.151013857798
106773,14301.071671679485
106774,18447.15142400445
106775,9232.445507850967
106776,16825.416892950532
106777,22384.099524133686
106778,14311.989283303854
106779,10384.87355134308
106780,18972.72104447714
106781,11131.24107110803
106782,21358.1168427032
106783,12537.040290440615
106784,10656.0208345448
106785,16055.939811858381
106786,9875.397111335558
106787,31613.780033301242
106788,20974.1300380635
106789,16943.38663608233
106790,32412.118642806938
106791,24357.50950329809
106792,16295.180693876802
106793,13116.354717835828
106794,18758.505084314478
106795,10988.913637812988
106796,18437.608320052797
106797,30867.177885999503
106798,15062.989886414816
106799,14872.454861046303
106800,10201.237560202244
106801,15191.136063233163
106802,20084.81023105349
106803,25380.08177436587
106804,11057.789748030025
106805,14367.98519484133
106806,13810.929368567176
106807,5199.128247632184
106808,14479.798900135977
106809,6977.654625582951
106810,9787.964850267483
106811,11302.789493190743
106812,37316.79796350254
106813,9774.973223157795
106814,11261.591213325319
106815,19285.841451846623
106816,26900.99746544296
106817,10307.24920049588
106818,8483.864466971776
106819,10135.111952743318
106820,9692.557149916458
106821,15253.772588148204
106822,13993.009115305566
106823,9667.839503967227
106824,19094.149809803854
106825,16115.798959901986
106826,30461.11415230606
106827,12661.059615938326
106828,17888.23129696286
106829,11559.413279670876
106830,12785.157523512335
106831,16184.029770675563
106832,10977.4019189236
106833,8785.850183136747
106834,8322.398107542045
106835,6853.826500043747
106836,20951.50889949761
106837,12138.371415364994
106838,31317.397507601127
106839,13331.741666820308
106840,22650.66889580233
106841,15941.232237369877
106842,4322.463371520316
106843,13487.056500026365
106844,13647.294680208164
106845,13623.741124119597
106846,23257.435569498564
106847,12739.557605979016
106848,25967.030403489232
106849,20904.329571688606
106850,11910.759688931521
106851,11926.871506092037
106852,9852.80364937052
106853,28926.25214587205
106854,9153.432437710335
106855,14927.202609875478
106856,13465.30742953757
106857,10380.859171987639
106858,16584.97787879176
106859,11940.537505090026
106860,15061.879261250911
106861,21942.73700889908
106862,25936.75586449173
106863,17531.380815750505
106864,19868.081032626676
106865,17598.978320596565
106866,9137.327812110263
106867,12196.516658054381
106868,9639.029366466924
106869,9338.650581704305
106870,10082.944147801727
106871,11522.500468799675
106872,25380.08177436587
106873,17135.650353204146
106874,20504.64708148645
106875,12195.256053212079
106876,20124.827994101048
106877,5165.371053255461
106878,7051.774396808867
106879,16964.86494687911
106880,18394.83197604493
106881,9512.352627389446
106882,19770.822362613428
106883,20180.774526583635
106884,6834.49273900311
106885,9226.028802149925
106886,25086.859499976315
106887,10706.797761859552
106888,9668.504244235308
106889,6868.24617901999
106890,31964.2459471294
106891,10833.02164966931
106892,21016.62086313623
106893,17581.598446384003
106894,5251.678536331709
106895,21834.501030240615
106896,21951.697691163543
106897,17325.381290000016
106898,9456.323116126541
106899,19240.665208713013
106900,16785.24663273093
106901,18757.85851886496
106902,10616.482498642148
106903,5443.952685454617
106904,12187.657803380665
106905,20848.468373300853
106906,9670.731876963691
106907,17657.227584667908
106908,10194.775631860097
106909,24769.455430888207
106910,18453.583584774795
106911,12832.736885670203
106912,14500.472854676906
106913,27550.74875986076
106914,14458.309712410188
106915,15019.73874989696
106916,31478.861792166354
106917,14472.359746906952
106918,18079.326871019395
106919,24836.18608836345
106920,12752.846711276885
106921,30585.730609254737
106922,9163.088821804347
106923,18157.125944762687
106924,29409.757772117064
106925,23044.982732740325
106926,9848.273714374263
106927,6371.951105509489
106928,11840.167446133011
106929,9239.945690034016
106930,20549.1974310261
106931,10516.898513141288
106932,11129.44520611535
106933,22391.31679296444
106934,7014.8810136247575
106935,12864.404504389586
106936,15345.597824891356
106937,19060.80692535577
106938,19906.588443607354
106939,14444.81148394015
106940,17115.179258158583
106941,17830.91979545686
106942,8603.088172980435
106943,10998.823710366038
106944,18259.426626135006
106945,17613.77595639036
106946,11696.903731169374
106947,22871.915840148413
106948,10090.629060369307
106949,20042.14146076586
106950,10759.462588436418
106951,17549.14032766126
106952,12307.998610545023
106953,16331.08749230106
106954,20758.952814341854
106955,11117.89589912393
106956,21869.380459788026
106957,13259.666707689987
106958,28503.855787451
106959,10581.691210345554
106960,6559.496137570859
106961,25104.633252051826
106962,16173.73641398955
106963,10124.723298395817
106964,15086.653467544777
106965,12368.152863138434
106966,43259.81638128335
106967,20320.019824750623
106968,20151.526167880755
106969,14883.089980993658
106970,11024.191638416956
106971,10340.52654672265
106972,18913.03350259507
106973,10271.738838049596
106974,20382.99242593534
106975,10166.422891225007
106976,9816.198957124961
106977,12865.249991400287
106978,28956.244707194724
106979,5883.067952750948
106980,7121.186896889834
106981,30229.746518690576
106982,8738.38022489974
106983,16334.551616429717
106984,22878.130129140718
106985,21313.8793462767
106986,15657.643819018042
106987,16121.814255765381
106988,9783.56252733034
106989,10406.433320590055
106990,9287.289004067436
106991,16163.43119396344
106992,26693.861727354368
106993,15939.398932319193
106994,7799.982093500137
106995,44393.10973181709
106996,11876.679044061571
106997,19693.00409726851
106998,11006.06700714191
106999,11964.056636004567
107000,14723.138922035092
107001,27940.122561002805
107002,6597.28684022264
107003,40592.81280637668
107004,14007.005776576958
107005,9818.39415537112
107006,11810.120399583579
107007,12151.113932405213
107008,11708.507720633377
107009,9759.946737792165
107010,48645.206331199806
107011,9135.555847189682
107012,10119.005984019042
107013,8676.89672936343
107014,9924.8727429739
107015,17751.25310127833
107016,15372.479131596046
107017,9166.097403335494
107018,33503.116851544044
107019,16715.58111747635
107020,10014.99970371995
107021,9608.833014841253
107022,6869.814349396804
107023,7695.103652969456
107024,18749.3315093337
107025,8231.855094065377
107026,45066.95335468232
107027,12552.195945132693
107028,20604.1549561825
107029,17488.08780080523
107030,16774.244061979156
107031,12834.606705282498
107032,21730.826233070296
107033,16972.155076389776
107034,10969.263255151827
107035,29392.692967251878
107036,17200.554746178623
107037,41617.52729391395
107038,13518.271071444446
107039,11233.98250140727
107040,28045.75105270071
107041,17492.76531304276
107042,21510.93909535312
107043,14675.408449407067
107044,12458.78506010375
107045,6988.669461119526
107046,12609.29904067847
107047,26296.348397283626
107048,27084.053350526527
107049,7989.183496112851
107050,20102.264747967565
107051,17478.43442880827
107052,29346.589396411895
107053,3672.412661737588
107054,19454.647978850153
107055,22742.646716751886
107056,25045.35879997413
107057,14402.506685941662
107058,17677.256489910942
107059,13829.03974137225
107060,9791.78792330491
107061,11243.759073911842
107062,8633.467975374684
107063,16039.351883807554
107064,20323.18179078559
107065,24749.340270135803
107066,29823.795193520946
107067,30029.238650702362
107068,20440.883982423737
107069,10078.641667691969
107070,24538.209779863428
107071,13815.54887255234
107072,8639.49025416136
107073,10979.076241480901
107074,31003.421277469948
107075,20923.225368612148
107076,21911.814675390473
107077,9083.211456274756
107078,25556.404578326663
107079,25997.253060530093
107080,9912.508895554516
107081,6783.284825406501
107082,25890.29927790662
107083,11890.589670892161
107084,19678.92993176019
107085,16222.053720335629
107086,13771.282960046932
107087,10909.018507595189
107088,14944.840180937928
107089,28180.045847828827
107090,31285.197099136
107091,19830.882728821885
107092,15781.995315837168
107093,20570.059364574838
107094,28996.6278108869
107095,23387.831873292078
107096,9281.255826288665
107097,10597.131103313506
107098,16233.08859072098
107099,23684.305232737664
107100,18785.707293687636
107101,12412.030419743252
107102,9820.014021279392
107103,13718.688368184823
107104,13692.887206719402
107105,13677.681124625386
107106,20084.65552951254
107107,8898.1003354948
107108,30424.11806472493
107109,26942.075382542927
107110,12156.780008843245
107111,22579.75278303505
107112,13469.102474657933
107113,9785.658938311291
107114,17673.545633376656
107115,30317.880924836914
107116,16646.172344366663
107117,23724.014209471257
107118,28429.452040988574
107119,10102.97527782632
107120,13716.806026503871
107121,29407.217388994595
107122,12400.463106075065
107123,15506.347254185108
107124,17161.648034889222
107125,11750.385392118067
107126,17402.344687165387
107127,12190.471449058443
107128,19831.71809674061
107129,11282.254300633434
107130,14007.278142076631
107131,22660.81707175529
107132,17865.32331365093
107133,17715.83543378714
107134,9381.358107307376
107135,8726.657337170267
107136,10262.11569702591
107137,33324.63766106332
107138,30223.689376238606
107139,20725.61169439534
107140,14855.24775971677
107141,7255.798214023834
107142,6226.631937074029
107143,18040.144175952213
107144,20985.02752779747
107145,15602.301602592785
107146,20101.730405291615
107147,13662.309419496369
107148,20815.00966679444
107149,20115.684469820073
107150,18250.545126973775
107151,10766.965104743706
107152,13182.217673522075
107153,32727.544663991626
107154,20489.90309436775
107155,22846.783365314506
107156,19511.40728430976
107157,10653.461543593528
107158,21735.258908720214
107159,14010.855593178527
107160,10039.601651986979
107161,3966.649305262693
107162,12899.115285387172
107163,13985.139874083467
107164,7536.850785756254
107165,22852.987532039348
107166,32069.679163615547
107167,10068.996101850731
107168,50782.29046858178
107169,17593.523668344118
107170,24755.939335142124
107171,19769.515880481256
107172,9711.773082346188
107173,20806.259728222
107174,7310.669134796219
107175,24037.52635859511
107176,12287.596985941982
107177,16403.0018995069
107178,9519.441851263875
107179,18200.059132031063
107180,28779.27600259413
107181,31774.685730391055
107182,43879.37833074598
107183,16661.14341382643
107184,16764.192823523605
107185,12912.821435075744
107186,16371.909613064156
107187,21521.485083412423
107188,9100.66210041369
107189,7706.083112888828
107190,23833.60029869737
107191,9045.616275338
107192,11166.279181445545
107193,8611.07584865311
107194,22166.223582875515
107195,37442.24657826703
107196,22948.045329531313
107197,25702.55287925301
107198,8320.716640126468
107199,9458.318311038745
107200,32745.59991303667
107201,8243.682232900243
107202,8648.575844190442
107203,10785.837539948589
107204,19480.22553027475
107205,30659.48063250268
107206,12360.078809899975
107207,21331.032267015093
107208,21044.506909811316
107209,18764.848768235657
107210,16052.891434222325
107211,16148.309062602615
107212,22315.512582262363
107213,8885.902219536927
107214,17225.567653029753
107215,19912.227702563694
107216,19756.205464175622
107217,20294.314787065206
107218,12211.466884969697
107219,23004.228410401745
107220,9549.880896728806
107221,11344.107273821719
107222,10774.427290016514
107223,18134.744775967607
107224,19974.194058401
107225,16803.101837437876
107226,15929.244012765566
107227,13480.213819949373
107228,26763.937191013923
107229,6548.404371794476
107230,10140.432148808257
107231,10351.438057986661
107232,13340.767869024408
107233,14619.225090227868
107234,13260.31274555663
107235,18995.33113239669
107236,9809.045641196417
107237,17309.159780659917
107238,7699.570101183021
107239,13477.702007834223
107240,20941.223125484026
107241,13470.635444926937
107242,15612.247434703875
107243,21428.126612900276
107244,6643.755672618889
107245,13201.783427093356
107246,6276.085487785085
107247,26646.924767403223
107248,17723.67917797409
107249,7233.255538022799
107250,22285.612416830834
107251,8859.901454569424
107252,12664.653919619452
107253,9959.553411387838
107254,12311.50409067762
107255,18063.422488140768
107256,25562.984113892555
107257,6343.843061977457
107258,18471.967020706245
107259,20081.027254802408
107260,26563.83888863036
107261,6706.704369887756
107262,12399.117207554755
107263,15565.14300476222
107264,21914.722515763766
107265,8574.992948207444
107266,14242.125637027795
107267,13995.436514411034
107268,24706.88689873046
107269,18268.941192168448
107270,8092.116407952854
107271,11312.334358494107
107272,14269.047626534433
107273,18227.52898632385
107274,9953.968243918483
107275,11717.75264755491
107276,22042.022686769218
107277,16774.93518236132
107278,10702.453896018442
107279,10801.349259225593
107280,11805.258688608214
107281,17664.00437389444
107282,9858.288194771196
107283,10560.450305111159
107284,18849.74443868212
107285,18172.848687979757
107286,17001.77043118805
107287,11811.269941182694
107288,10314.512237646359
107289,20749.990867196793
107290,17601.445487161207
107291,10144.476085412378
107292,25585.94524580006
107293,9080.126826687996
107294,23147.94089840188
107295,13368.692072590286
107296,12059.16528864731
107297,9829.307690613816
107298,15091.912385566975
107299,27695.679016815484
107300,21118.070464368935
107301,25847.19863075656
107302,22015.91641152515
107303,20128.330132256295
107304,19865.42994186502
107305,21290.855573881432
107306,13427.662697188121
107307,15155.390930826024
107308,8400.747441355037
107309,13224.203402935784
107310,37756.42171319878
107311,19349.362064362416
107312,14946.309755950144
107313,13619.355829273452
107314,25681.357923869586
107315,18132.408165713136
107316,17773.799778055516
107317,9088.745660130426
107318,22852.987532039348
107319,16030.37899823521
107320,16511.44845713855
107321,24469.975393941302
107322,29466.260898764733
107323,16593.52745392515
107324,20543.576355263664
107325,14803.024995159574
107326,11937.643940447677
107327,6934.0216025287145
107328,2836.262258089334
107329,23754.804026835547
107330,14980.785950230256
107331,16683.96212263107
107332,10311.354085947638
107333,10022.203663968412
107334,11504.240751315596
107335,18792.37737703988
107336,11896.986629597137
107337,15364.166736226609
107338,8096.285485412414
107339,10380.375121325354
107340,12377.530769504665
107341,12859.364367043727
107342,8534.022713987664
107343,19881.617282294083
107344,35239.06375790774
107345,19963.548411056312
107346,13287.281543865127
107347,21331.032267015093
107348,12878.869760362908
107349,14830.768258329388
107350,19238.679384136703
107351,16382.499986250994
107352,25027.190152819927
107353,35703.989254530155
107354,8949.275483115842
107355,31000.729036432225
107356,10169.386672431585
107357,13832.583169418005
107358,15394.474789514654
107359,19321.0002946147
107360,19489.858534123236
107361,23219.123260906465
107362,9040.273808710637
107363,30462.810719361445
107364,7102.981804236989
107365,12412.030419743252
107366,11015.854261099284
107367,24227.01648515238
107368,8643.512584811931
107369,8954.765175978704
107370,9937.891861131688
107371,44782.26886834536
107372,17957.658768632813
107373,16776.80496220739
107374,6324.077485369196
107375,19433.156396663442
107376,20180.759486889918
107377,15193.392760016271
107378,21007.299490550904
107379,32185.97436514221
107380,8918.037150782497
107381,19174.43749755126
107382,7203.197986935242
107383,12319.555936579167
107384,15537.976561083637
107385,18747.1657646169
107386,11414.5599156213
107387,24735.93293819872
107388,12737.943799122691
107389,6595.93528699186
107390,24529.027269808495
107391,12501.056414835482
107392,7865.797476806285
107393,10862.362650341518
107394,8665.30182582896
107395,12711.040446672523
107396,7192.2651162525
107397,24604.80068133218
107398,24666.93467174917
107399,15260.060127102897
107400,26190.69507990103
107401,27461.325231283736
107402,25288.26090930643
107403,19800.9747063823
107404,17514.27333602222
107405,18669.59566810777
107406,10564.957120953743
107407,20167.386309501893
107408,20174.20756759629
107409,26449.043328624903
107410,20878.293791749013
107411,15272.772842487973
107412,26211.324266238604
107413,24089.60058371161
107414,9642.49822496161
107415,17281.172520131244
107416,13265.700540037467
107417,9963.945941811326
107418,12439.420279113649
107419,43643.86986140664
107420,10125.177710309643
107421,13134.309565912963
107422,10481.77067413594
107423,14204.23664308351
107424,23321.317201567254
107425,26995.06351579215
107426,11799.275219856998
107427,10901.438968908531
107428,15108.076350511185
107429,14039.907992361355
107430,22853.313507035477
107431,9899.126303338973
107432,9563.28365905298
107433,18544.11189125837
107434,25384.349378141796
107435,9792.676506724565
107436,10255.279494006583
107437,25939.088117507927
107438,14996.800874301207
107439,13715.209711619935
107440,10217.708056871514
107441,19104.407818870666
107442,9382.177913551848
107443,10522.346859446705
107444,18427.87550331279
107445,25357.97362123159
107446,9790.737940664516
107447,17749.697845273822
107448,7387.99977200802
107449,12976.841000869561
107450,17341.035330724502
107451,8397.155399947336
107452,14693.828112741268
107453,18152.907730879946
107454,17905.23330153055
107455,11832.720028570038
107456,22226.0316971702
107457,29740.674754125197
107458,12945.034874032415
107459,9629.869825189548
107460,20912.64959390757
107461,28077.233306640635
107462,8223.315977002778
107463,26290.203671982912
107464,12645.679393443927
107465,26520.471763180536
107466,30711.22799329904
107467,21994.632940529835
107468,5625.221700738654
107469,16694.99253085278
107470,19963.56418306
107471,12269.492374931808
107472,9600.599593236591
107473,8961.965837458109
107474,13232.541760856757
107475,11437.267686500503
107476,25179.68885342407
107477,15266.923393158811
107478,18045.314872554307
107479,17856.12546067159
107480,19386.91487312514
107481,17118.588816589716
107482,12704.18540395
107483,19055.98260191096
107484,20153.793489580094
107485,13152.48890415505
107486,20930.665435337312
107487,23103.74716447111
107488,24231.20466572415
107489,44401.56417275132
107490,11965.197206208144
107491,17464.24501860309
107492,9925.269275550814
107493,8674.524292936516
107494,8637.943125930704
107495,21027.895288829197
107496,18387.843018967476
107497,8106.098204387813
107498,18660.992278905287
107499,20938.40080148644
107500,31103.970680401246
107501,15103.709545448535
107502,20397.7870701711
107503,20360.14307308548
107504,11801.255083453685
107505,22575.11887201314
107506,24410.483260883466
107507,10172.177133692145
107508,23580.006269051424
107509,20071.550970622116
107510,8621.129261228882
107511,29107.67522087016
107512,11352.997813335816
107513,19778.02248511374
107514,14421.789903559042
107515,17172.212606879228
107516,19863.392540875673
107517,16981.751392750757
107518,23298.12402563446
107519,10024.332534054736
107520,42879.6016153242
107521,16334.588950555446
107522,18124.401578572386
107523,12489.89246393846
107524,11934.311365029629
107525,15332.695991412429
107526,11266.117332762013
107527,16901.005584061822
107528,9663.097757675609
107529,14740.963403708229
107530,22252.655240477216
107531,20422.743803888567
107532,9456.485354762946
107533,16139.294994510445
107534,11395.25894844453
107535,16426.456220734708
107536,12197.677953451788
107537,11877.831311442871
107538,8996.18986960002
107539,10706.40604942269
107540,20175.9359080484
107541,17082.310532885258
107542,9287.432773358485
107543,14685.403346005163
107544,11974.188066541214
107545,30539.60807061958
107546,8501.973920216049
107547,30313.993213578375
107548,20621.007112279913
107549,19932.09090195188
107550,14238.830390674111
107551,18421.17261293732
107552,21033.83822194623
107553,15605.940484644763
107554,23012.329216468286
107555,20116.282319999027
107556,14631.48258681485
107557,4960.77250870646
107558,12210.634534550076
107559,11537.364608769003
107560,26333.054684298448
107561,20892.3753479199
107562,11943.23474780034
107563,19448.28869101072
107564,6408.679140794413
107565,10593.998363197546
107566,12351.442279803538
107567,21672.638433148004
107568,21912.585377986325
107569,11854.122125018881
107570,17122.88551064131
107571,9435.574189315634
107572,14826.325679153968
107573,13776.393276671839
107574,26573.516133507615
107575,10652.30082156309
107576,10664.269846265484
107577,23480.506831101688
107578,18918.151866608187
107579,13557.001947956505
107580,18850.300808292894
107581,12441.388924248873
107582,9563.28365905298
107583,10798.636524383628
107584,16656.976795934
107585,18259.504212723532
107586,23065.823541198617
107587,30965.322581865228
107588,27109.64385900031
107589,15590.983802403181
107590,13193.97809631519
107591,19819.27899334619
107592,17731.304664221578
107593,9444.86147720805
107594,39791.88451928618
107595,23352.875795160824
107596,21851.07251676498
107597,10908.275740643101
107598,15892.89831859235
107599,17059.956264995984
107600,10825.440334977433
107601,23272.466836644264
107602,9812.91218003986
107603,13281.571701438113
107604,9236.939788531054
107605,24940.444883626442
107606,14216.131232294534
107607,26113.808359042443
107608,30164.378292188234
107609,10261.941666818868
107610,17445.655586734643
107611,17792.804616796315
107612,17130.579690795148
107613,15495.772094094897
107614,10149.349144784741
107615,13940.097367264443
107616,20158.017381251484
107617,10989.408708301233
107618,19845.48285561076
107619,9164.369394720376
107620,19524.819159720653
107621,9150.674492607202
107622,9454.686061850136
107623,11264.409755249404
107624,25096.57054447718
107625,2966.827960052966
107626,17509.79372598239
107627,13125.195640764981
107628,18201.344648693754
107629,24595.325680063746
107630,10187.176893475716
107631,20663.803639784353
107632,18513.87300624693
107633,18731.66592046134
107634,12911.67538595082
107635,14851.710060724541
107636,14209.404666735929
107637,9674.653489632656
107638,10828.165586903859
107639,15331.336004781897
107640,12463.862323305508
107641,24037.52635859511
107642,13566.671577206318
107643,29654.90489614425
107644,19016.264327246427
107645,10320.955683939806
107646,15783.784457996673
107647,19688.854963703023
107648,38318.507406274715
107649,17856.233259315242
107650,17688.32693698909
107651,6387.4844931554435
107652,7407.663406510292
107653,28318.895111095604
107654,17351.20639235724
107655,8990.135482201269
107656,21364.690176070042
107657,9232.148427393504
107658,10636.456341073887
107659,35044.57605630509
107660,19940.441564140325
107661,19501.57126402663
107662,20537.896236740125
107663,26074.884348813845
107664,20851.680831913345
107665,13298.579326705441
107666,23727.190491064473
107667,18224.17333108395
107668,17596.295346120573
107669,17408.465551431258
107670,19458.235754865447
107671,19129.898832188017
107672,24804.265163658252
107673,10528.257872364491
107674,26936.654045065014
107675,15671.098268148866
107676,12987.837691915454
107677,21705.18083829707
107678,10723.775371245472
107679,7266.594536284206
107680,20901.034973920694
107681,14044.336286465377
107682,22891.58255184008
107683,13041.16247189693
107684,7212.892347132072
107685,27967.562438147448
107686,7117.617795367594
107687,17686.85228585683
107688,11919.656350308833
107689,9868.170065641429
107690,17343.002357216927
107691,44551.27681167249
107692,30655.58112905147
107693,8993.768728481817
107694,24788.987597312964
107695,8421.486767461423
107696,28659.18558275848
107697,26791.130027462776
107698,11403.730688633641
107699,20224.747424131572
107700,9548.346115909582
107701,14680.694455074748
107702,26173.225162866212
107703,14506.215869563799
107704,9347.57504066098
107705,22996.184311025165
107706,15208.111939069307
107707,45089.43509313975
107708,24229.772822955994
107709,11161.977494258968
107710,14688.095276663593
107711,20293.32231912308
107712,14326.864926467177
107713,8363.380297644477
107714,15670.279701915793
107715,9868.170065641429
107716,14617.120974304922
107717,15212.011568523794
107718,24308.781573108383
107719,23076.965130826953
107720,14106.521758588438
107721,14759.172860102379
107722,15079.158727840917
107723,11415.838882752269
107724,22262.74173909807
107725,18818.99708377254
107726,14352.698130218223
107727,10134.273857400032
107728,7422.634163259917
107729,10668.926676214356
107730,17774.240340904253
107731,16334.853075780604
107732,21253.857283724465
107733,20132.57323550296
107734,13269.414724847971
107735,14006.348111891817
107736,15718.475583809837
107737,14255.6971137048
107738,10245.34618128735
107739,23818.6313115073
107740,20059.35747052609
107741,3458.022504133854
107742,10512.385326009502
107743,10587.621107224772
107744,15337.459176674512
107745,23040.843828317556
107746,18330.898379344126
107747,11399.10378731008
107748,12045.621484820873
107749,23804.830860682694
107750,20235.963478304235
107751,38491.90391532694
107752,17061.72960687122
107753,18491.039268636912
107754,26853.96480005589
107755,10128.852853767803
107756,10485.049592124647
107757,9628.148141340127
107758,9483.905758336658
107759,12829.371942603662
107760,14571.268280597089
107761,34146.09302091319
107762,17635.256413963365
107763,16446.504670327962
107764,10452.243230835826
107765,31651.8827008007
107766,7209.240085107763
107767,18202.04888430168
107768,10672.456719977552
107769,21005.747533025024
107770,41743.08361700613
107771,16773.956598354438
107772,15679.270265631249
107773,9197.03954266456
107774,9913.384257844946
107775,16585.705516001664
107776,14330.506042426696
107777,27613.18584963778
107778,13292.933621609824
107779,17875.137065625924
107780,35153.92627812694
107781,21258.06433295585
107782,9575.899755684193
107783,22399.207676311577
107784,21365.920149315945
107785,19558.464924207634
107786,13377.399263986626
107787,7502.115808064243
107788,30302.007480336855
107789,15757.702850379757
107790,17091.853157993162
107791,11057.053980390247
107792,35859.31434312716
107793,16245.927384560237
107794,11196.895943019268
107795,9576.397074264562
107796,21155.10575074185
107797,18512.554352109008
107798,39160.62061237544
107799,13338.73342247029
107800,13928.128433734822
107801,14599.106044870674
107802,21685.30386171429
107803,25707.36346992622
107804,15107.27983146742
107805,19538.725999720264
107806,14373.142364648487
107807,3137.2719474779515
107808,19554.596398389007
107809,22857.054577281742
107810,23072.590817207543
107811,22412.27923313534
107812,12642.251886011156
107813,28718.953130997572
107814,14199.569729547444
107815,17170.694280612184
107816,23755.64133009106
107817,7304.562015885402
107818,23436.76046185172
107819,33071.25935970385
107820,12717.898109090918
107821,24577.353172917086
107822,13569.993397429284
107823,15337.098943316058
107824,13838.70748504355
107825,5415.745528021084
107826,21638.87016274278
107827,15875.286024289653
107828,23219.232877801853
107829,20305.45465860857
107830,14065.80995374003
107831,8578.509944656375
107832,27246.16314293137
107833,16320.472630362137
107834,13592.60682884796
107835,17053.585109020372
107836,14434.316663826568
107837,10294.107934801694
107838,16607.0736395319
107839,22759.41258562185
107840,10342.714412418067
107841,9237.537040157864
107842,10408.354145776815
107843,10129.209454270944
107844,15971.647180390046
107845,7593.161217146224
107846,12609.99776115554
107847,12034.108368004967
107848,12078.723680141546
107849,20456.747708301496
107850,29618.97604319954
107851,9068.501017829842
107852,13944.0940139587
107853,12689.507000914422
107854,9516.275041485087
107855,13327.820208895064
107856,14937.443991243985
107857,15103.679452051565
107858,13442.634253068196
107859,15641.984581665954
107860,12231.04271414777
107861,18907.56705326288
107862,12624.04076732769
107863,11673.762533097259
107864,17713.321077652647
107865,18341.03035137275
107866,19002.15112213263
107867,9349.969608275549
107868,23238.692680949527
107869,18299.149196254533
107870,9244.527464962237
107871,19698.95705816733
107872,14535.729730699262
107873,21927.208600353944
107874,21488.59109419703
107875,6866.239035156281
107876,28216.564850503717
107877,16654.54608371683
107878,25071.441697970706
107879,9625.214812101545
107880,9180.228066961445
107881,42082.19157665373
107882,10241.998770626993
107883,12434.210527329487
107884,24597.13710022044
107885,24369.24747768732
107886,12350.415583140908
107887,24564.92592935297
107888,12975.076052989327
107889,20019.17109699796
107890,11196.419775721539
107891,9617.780308353173
107892,13641.49263899151
107893,17435.143839866276
107894,9542.78290309056
107895,18780.024665291676
107896,23740.45682359558
107897,6350.879281001176
107898,9096.69572046228
107899,8862.93420632616
107900,36881.89068706066
107901,13326.35624027497
107902,10181.014235830044
107903,12180.464194499567
107904,15586.70615127173
107905,42717.00590004542
107906,21290.855573881432
107907,19810.7949085554
107908,20606.778067336236
107909,14527.005935897385
107910,10159.947364115182
107911,11789.173454924552
107912,22513.783417616592
107913,15684.450748612067
107914,12014.881523994361
107915,26816.342368428413
107916,23182.378544063195
107917,12262.306969609577
107918,10309.215831199639
107919,16855.552820301687
107920,4478.060850837872
107921,6423.7729328193855
107922,15073.330854861177
107923,13338.95854431023
107924,11074.037885978953
107925,20011.181347727324
107926,7617.2788292479745
107927,26254.83049938474
107928,21451.16357128764
107929,13586.74423238691
107930,14376.588487746365
107931,32242.86649806082
107932,13557.117821662
107933,11301.843407234515
107934,4863.790945779866
107935,7271.350134093424
107936,13397.169681542608
107937,10842.396599765703
107938,11180.536814554574
107939,20754.540010690554
107940,8591.628078485268
107941,12421.282092716705
107942,12419.95810297471
107943,11285.505403662202
107944,12219.679574504593
107945,14217.760587560722
107946,10826.738731724323
107947,24003.322417922926
107948,11964.675825707774
107949,10760.57429589819
107950,30683.37519532061
107951,9069.838749503167
107952,10167.97229842861
107953,31515.71184244407
107954,11302.691720883553
107955,7825.761875786978
107956,7786.562569178003
107957,25501.821280020107
107958,25625.462322934134
107959,20258.186644724767
107960,20546.940486309584
107961,15483.598876286454
107962,20742.78200320211
107963,27255.223360609547
107964,22534.62821660835
107965,14053.237609871569
107966,22496.45985722142
107967,8835.247825279515
107968,17318.222187237934
107969,11108.8687271645
107970,23990.86572201149
107971,10661.520325831076
107972,10487.79137643513
107973,9718.924557749002
107974,8286.447944666874
107975,18332.952274862182
107976,17797.464220971888
107977,13619.626868585856
107978,26135.130325200043
107979,10147.31680156722
107980,29462.812224817353
107981,17802.304874933398
107982,8356.281118775745
107983,23309.505682792675
107984,22021.18018534297
107985,26734.617061759596
107986,35626.20347966558
107987,15338.62750736527
107988,17888.25783101847
107989,14946.738173979436
107990,15061.195423550555
107991,5225.174809516184
107992,10639.178483487225
107993,12938.581756836595
107994,18427.78136629646
107995,17508.30195373061
107996,19924.661587735493
107997,18041.25698334892
107998,26660.54272877099
107999,9419.794458120443
108000,17091.18200289902
108001,11000.152899955003
108002,13637.175836645707
108003,31571.48585890013
108004,31282.968877312123
108005,10059.531096460036
108006,13586.864113275165
108007,10312.356815836054
108008,19743.25305565371
108009,4888.5926645821
108010,4814.035728635587
108011,11295.125731219761
108012,11339.631247434128
108013,25965.91643069298
108014,12825.459545880125
108015,19198.461374099104
108016,26793.998606191733
108017,11182.374840804903
108018,8562.051723436436
108019,5592.190297626759
108020,5165.788446093033
108021,6665.9230684224185
108022,23006.525506213744
108023,22191.904463505107
108024,30461.044342304558
108025,13306.09112634691
108026,6966.192740146131
108027,19025.45072146241
108028,25787.41955449331
108029,14350.993001021034
108030,22857.59854645637
108031,4252.256885729403
108032,7457.835710083858
108033,26176.10400942371
108034,30042.04187808088
108035,20994.646626240654
108036,6012.968850255781
108037,11375.202342979348
108038,20085.501890810665
108039,9764.473398632686
108040,8071.734190963981
108041,11050.817507453588
108042,14937.026554420994
108043,14370.029180321691
108044,7934.509307203549
108045,29224.75952182149
108046,22457.337794657575
108047,29577.733566228777
108048,14931.672004191449
108049,9883.713329422702
108050,46272.21891503313
108051,25782.7913309309
108052,19206.629494377594
108053,26059.600380753505
108054,12178.95130044958
108055,20154.52179267116
108056,13333.576254281437
108057,10009.682593846599
108058,16336.016540659115
108059,13711.90618170339
108060,8287.212654940942
108061,22718.693728994003
108062,9898.610192896933
108063,14727.884325687459
108064,23681.68239099602
108065,29504.575728359145
108066,21546.616348680465
108067,18672.217917432503
108068,8494.365018249888
108069,16209.25845101522
108070,16724.086641075806
108071,14286.568922669598
108072,17277.794060313507
108073,24770.93166119376
108074,9797.814264380648
108075,8295.42916025233
108076,31010.98735307456
108077,16354.318779269417
108078,10496.766675211322
108079,13105.131507051407
108080,14429.756888850177
108081,14437.707430933655
108082,13702.238013341379
108083,14499.184366190642
108084,22693.20269990473
108085,17494.99855660704
108086,10542.085329826878
108087,9307.642990964838
108088,18044.216052267202
108089,8759.606508735213
108090,20126.868284559336
108091,10438.398626013326
108092,21533.924619819485
108093,9033.827955203522
108094,14997.138320536727
108095,21951.697691163543
108096,25127.358494053286
108097,11819.309609316508
108098,20186.790400817048
108099,26333.195202105577
108100,33630.766818127864
108101,23542.54316856152
108102,13967.017052962805
108103,17773.86161822226
108104,25683.9826936387
108105,10467.98443619991
108106,21971.768426367533
108107,7373.273496553173
108108,7203.396301684481
108109,12171.78611896388
108110,4867.79397134942
108111,34118.67336887213
108112,20765.649060895925
108113,16521.651631942026
108114,15220.495653956496
108115,11856.826102124916
108116,37759.94832990109
108117,19616.251825184092
108118,23482.097477016334
108119,13463.556061235167
108120,21929.018842263104
108121,13088.746769939695
108122,5613.928040802154
108123,10477.602886991983
108124,7278.840578429163
108125,17701.003230876093
108126,19853.413467020473
108127,12253.293552411338
108128,10392.782349707095
108129,10245.34618128735
108130,7453.463408507458
108131,44544.47194438474
108132,10119.943669666616
108133,7520.099596893188
108134,8948.09349315729
108135,41379.822882429566
108136,18677.683591569057
108137,12824.286992519188
108138,19520.15717704448
108139,15123.195424983993
108140,32699.158389828808
108141,10312.046235072961
108142,21211.217719694294
108143,30574.018033443357
108144,17107.18134261385
108145,14382.647390170727
108146,9415.783833675805
108147,13027.94055208153
108148,12489.022116445549
108149,9545.045254270313
108150,6819.015468648284
108151,12921.854850753507
108152,7879.20730399419
108153,26912.731592713426
108154,19074.220487501243
108155,20626.6038265161
108156,6206.01089244548
108157,30420.49299312487
108158,10454.0209135361
108159,41513.51388327683
108160,11013.923150673123
108161,21805.973886341806
108162,9014.671278744354
108163,13949.991390135172
108164,11139.227667226252
108165,7426.151411952063
108166,22440.575008771084
108167,17402.17402030604
108168,16397.023835147433
108169,11377.015963718834
108170,16487.170209577787
108171,14693.828112741268
108172,10146.0902948107
108173,9833.537370819551
108174,9331.447585961432
108175,15696.867041409845
108176,11839.352908521309
108177,16200.62056363416
108178,10568.845874036178
108179,26146.537038339033
108180,20951.50889949761
108181,19923.282178209458
108182,19085.49250651315
108183,15345.453951119964
108184,15476.502636600155
108185,10566.351967162049
108186,12936.819204201529
108187,17035.430077347068
108188,14329.637384059564
108189,11762.432446168761
108190,9739.52514093226
108191,14814.817067683482
108192,30653.756207670394
108193,17195.177674513725
108194,21944.482630638377
108195,6778.261427150124
108196,13976.393552027901
108197,11055.299177907807
108198,6681.379919119418
108199,4817.592688559218
108200,26460.20911253059
108201,46298.303521966256
108202,2861.838935779323
108203,15265.526921920964
108204,21672.33649837159
108205,21236.60134637432
108206,7026.6193189923715
108207,7076.084218669446
108208,11182.269436652086
108209,12469.52314158144
108210,6891.08487803461
108211,18558.208086075745
108212,11137.163490518928
108213,15097.27133407464
108214,52395.65246393486
108215,25969.211885568424
108216,20154.59017016348
108217,28823.686496137805
108218,13360.742534787867
108219,21874.11512885901
108220,10306.267736246642
108221,44625.46075692183
108222,8915.228903925858
108223,13269.870618085464
108224,13434.54120105093
108225,32221.51678417808
108226,8777.104144783363
108227,10042.83363310808
108228,10306.06008522988
108229,21290.855573881432
108230,9466.081550629573
108231,21758.265776389908
108232,29033.493782645695
108233,9655.95428832586
108234,20509.69512692639
108235,11012.445824249933
108236,21976.608390229696
108237,13052.448666561042
108238,10150.970094948545
108239,9604.64221575341
108240,19525.211312409192
108241,14654.643493052252
108242,16139.294994510445
108243,30341.648063699296
108244,10102.148854057097
108245,12588.866411206993
108246,10949.670781938647
108247,26362.962138690084
108248,10012.079736488387
108249,17161.01880464298
108250,18169.374055097152
108251,12209.52449975323
108252,20445.866558223985
108253,9396.188743229806
108254,7751.008603839491
108255,20555.946133982277
108256,16595.692122100198
108257,29695.944534688082
108258,16975.17457459434
108259,20373.042470963723
108260,12779.734970813348
108261,21213.260285396682
108262,14467.176615710605
108263,26055.401545282388
108264,7896.445225221588
108265,9563.28365905298
108266,15839.544916004557
108267,7508.301332209366
108268,14386.075296017876
108269,19036.348355713355
108270,10175.11830208962
108271,10197.612946575267
108272,11394.50323919164
108273,17953.054428101488
108274,26344.94949973624
108275,23770.786053317588
108276,13416.663536599963
108277,22375.70338734497
108278,26131.215990570818
108279,24089.60058371161
108280,11645.973991415656
108281,5572.873408825629
108282,10603.532393296824
108283,24684.931368664606
108284,22959.69307940617
108285,25496.842867798365
108286,10515.440079447233
108287,22010.104141040123
108288,25637.018248369957
108289,25902.983275934923
108290,13553.162615674137
108291,9235.321379630135
108292,17032.847547280864
108293,10255.815664284772
108294,6910.629612614634
108295,13401.85383114414
108296,25380.08177436587
108297,10164.043925672013
108298,14219.602176940738
108299,10927.792606765173
108300,11732.108865955739
108301,9544.912611242578
108302,11569.750848936354
108303,15948.331723053783
108304,26512.040991093512
108305,15140.728307448708
108306,18072.20314296286
108307,13683.511432042893
108308,23189.536456808528
108309,17635.176741417796
108310,15729.28455644323
108311,16828.902995941702
108312,18615.088346287524
108313,11850.573030979329
108314,13634.866563615898
108315,14856.814364144619
108316,23250.01911611253
108317,13202.2352436934
108318,17197.105051553834
108319,46164.98097097404
108320,13682.960204313182
108321,15775.501578134437
108322,16573.14238544918
108323,43301.84633644577
108324,20610.526211271965
108325,14139.083757354285
108326,12633.297129036097
108327,17397.550012687032
108328,11565.090188493246
108329,11003.61896457156
108330,12167.641853078825
108331,7829.502884199881
108332,16039.0123379135
108333,10866.900938721767
108334,10790.253560815381
108335,43524.32757725213
108336,8475.022999490733
108337,11414.493462406483
108338,21905.816498983826
108339,19704.762799054835
108340,9601.8394032429
108341,14346.944024937728
108342,21176.936401308507
108343,30639.325510521758
108344,11359.639953556345
108345,10402.78398007392
108346,32805.37055202986
108347,10024.948657327745
108348,19411.59920489729
108349,7490.516738799915
108350,18994.484208706886
108351,20546.69213160108
108352,19933.54771401408
108353,11335.693440788878
108354,9889.384485790119
108355,5592.4748216143325
108356,26925.358652470422
108357,17098.668753044338
108358,11002.655662226342
108359,17679.962836008443
108360,10794.306206290494
108361,14108.58089973491
108362,12212.670142222252
108363,7637.389095501405
108364,13060.941503025231
108365,9298.792654599489
108366,17758.592029129737
108367,10179.015929991974
108368,18142.086112225043
108369,22793.334816163675
108370,24388.79836026126
108371,17040.414560192374
108372,26488.35826597805
108373,20001.65462810276
108374,30419.86367329501
108375,9459.693280182304
108376,13016.373051512
108377,21173.016138573454
108378,10464.381388941223
108379,13033.190527914885
108380,19705.390122000943
108381,14395.65971352533
108382,12156.67931898978
108383,20710.17031013174
108384,5335.571008452317
108385,41379.822882429566
108386,24675.920154570944
108387,22542.696777338206
108388,14045.121159089736
108389,11448.232993479345
108390,13899.755918595903
108391,8407.935495359883
108392,17529.257576576783
108393,22326.299403894773
108394,19404.40170265005
108395,22644.80757730874
108396,21171.4206890888
108397,26903.38657514447
108398,11487.398999909845
108399,12896.589819069886
108400,2869.260471361868
108401,9803.724786955485
108402,14599.893438186944
108403,15980.21509066242
108404,9974.549054626264
108405,7050.285220611306
108406,9612.68595911502
108407,9274.484653481533
108408,10138.180581818502
108409,13988.18624022102
108410,23310.421360425287
108411,15528.05141473877
108412,27696.661663418032
108413,17614.636985351848
108414,12197.436893659138
108415,9371.551242736485
108416,28108.31299707274
108417,7241.311982774177
108418,27672.396042342556
108419,16014.57477069505
108420,28148.7869404534
108421,22267.461435175508
108422,10748.76215692701
108423,13349.368148493642
108424,11216.694135854294
108425,19505.032366751042
108426,2475.7604709413135
108427,11893.619852051492
108428,16375.749295602123
108429,25361.968734058923
108430,31825.630762215686
108431,19997.440252277822
108432,14945.371355443298
108433,17102.63223984132
108434,5220.468139312828
108435,14043.777121840787
108436,13909.499671522719
108437,42475.284313020755
108438,18201.423719189264
108439,18575.48556661053
108440,10118.525134702733
108441,36287.88274564753
108442,10815.565491102003
108443,39224.31551549747
108444,13437.524269276615
108445,8858.88555203347
108446,12498.992976776923
108447,8842.605951317366
108448,10166.213676021143
108449,16785.78676725927
108450,9790.477261602267
108451,17314.30338729579
108452,50033.24078365849
108453,18353.68837763637
108454,18759.71653410906
108455,19980.11005283641
108456,29063.251606040438
108457,16424.601895667354
108458,11479.342099364367
108459,13975.583873994277
108460,13483.63557720496
108461,18041.840237503915
108462,15543.23920315427
108463,13583.835388244177
108464,22623.925485014657
108465,22424.999611471183
108466,17540.452158542623
108467,22936.187773774273
108468,16167.829923325822
108469,20885.401404655346
108470,11681.521504402814
108471,14214.478408617797
108472,20782.07047497486
108473,19688.479141616546
108474,25783.794260978557
108475,18585.198293895817
108476,9990.194347514192
108477,13606.719565455835
108478,18452.70094017265
108479,16377.542139790341
108480,14948.767017211434
108481,10654.567182249135
108482,15058.805117476943
108483,18819.240564851552
108484,26166.931515601456
108485,7934.509307203549
108486,12745.645924044682
108487,17781.237935714547
108488,28057.336009759194
108489,8871.758397951195
108490,10177.856810488614
108491,7066.636274736281
108492,19754.04384046487
108493,29472.275691119852
108494,22948.269902220585
108495,10173.703345256876
108496,33327.30372277218
108497,21942.73700889908
108498,13522.79049494828
108499,13042.97170566602
108500,25197.297505091097
108501,23543.061773482877
108502,10561.756880401183
108503,17677.317644150455
108504,17874.99771382835
108505,14875.843389652211
108506,17454.28133985036
108507,26112.39229282419
108508,18350.033980191765
108509,12638.680147785904
108510,13428.726291492017
108511,15005.03439973912
108512,11775.053420476557
108513,31647.69590008376
108514,22118.4071184875
108515,20610.423470630973
108516,10192.836261299402
108517,13450.699763068998
108518,46916.60299632971
108519,24405.147236638688
108520,9313.484799108253
108521,14007.278142076631
108522,19831.718919107858
108523,26980.55522982377
108524,22675.93787223615
108525,13341.43168107257
108526,16621.26767363952
108527,12976.901646896542
108528,15816.1593201834
108529,19768.170517440445
108530,24123.518565493196
108531,16171.035309702082
108532,17767.979697156858
108533,19428.501991702582
108534,12258.774890545199
108535,12889.44480521241
108536,9641.647706459415
108537,18751.383796552283
108538,14573.14118376229
108539,8091.718212113238
