CarID,price
75973,9369.002718735064
75974,21617.90317571258
75975,30183.685880794907
75976,26555.449289859844
75977,16516.33151009393
75978,22289.057441622313
75979,34725.86034855007
75980,26409.538603522178
75981,15695.693741481422
75982,24558.380294859486
75983,34981.11486520146
75984,17416.70989324803
75985,31166.792342759476
75986,49578.81682239463
75987,15645.710492906732
75988,23304.53358767149
75989,16318.993868826687
75990,13343.009522901082
75991,17862.021331466283
75992,26936.62645807336
75993,57898.096493027886
75994,21877.806946645498
75995,12899.475018323375
75996,21521.40251117598
75997,10074.77228972281
75998,15274.96329561815
75999,17725.584599476777
76000,13581.608839891045
76001,12394.390952763384
76002,12288.356740918516
76003,13371.14523757521
76004,22278.38687602615
76005,28667.877109183326
76006,22046.595180558827
76007,16487.858564683618
76008,48365.10824256541
76009,18286.879075451758
76010,26872.806939756247
76011,31558.52129663618
76012,20290.595325124417
76013,27038.148451972218
76014,13125.674166919967
76015,30203.62523824122
76016,28382.708516166913
76017,23125.833433779702
76018,11194.163027579536
76019,11507.191799575578
76020,26097.939178417226
76021,19330.194674290153
76022,18544.71087806425
76023,17361.2540167672
76024,22884.72552445786
76025,20887.787007492025
76026,37648.08657897087
76027,12085.594564973384
76028,23890.824147477593
76029,11948.750205981121
76030,17142.26298422828
76031,9483.67214981997
76032,14928.20439718218
76033,25621.276775593247
76034,7803.643127913408
76035,21474.954125330394
76036,18233.17286607094
76037,33867.94437180507
76038,21860.526633771657
76039,14281.022281017718
76040,16508.71615489483
76041,21648.303479917628
76042,21037.761501314628
76043,19048.469299289736
76044,21980.945136613413
76045,12208.641256056815
76046,15149.613889846352
76047,12513.4265041616
76048,48257.57638956091
76049,21467.841763750654
76050,12914.289653738217
76051,21106.940463160056
76052,22709.318950677465
76053,18895.921665066475
76054,11793.174966904855
76055,19488.625520437134
76056,19878.872198352332
76057,25551.831001398645
76058,18897.61647313649
76059,13947.339769551123
76060,21450.371031963416
76061,20312.63329016135
76062,10076.463409105636
76063,32967.46107441585
76064,50431.56082829249
76065,17171.11323732796
76066,20106.219079679937
76067,19921.829200718166
76068,15127.0134553568
76069,29911.471761685876
76070,23518.581839834398
76071,15277.377085276288
76072,29609.54311813032
76073,18411.258198653955
76074,14680.16318995352
76075,33173.225248899034
76076,27569.09545256598
76077,18108.643498214096
76078,9459.52394540498
76079,20844.746184765423
76080,17280.881713960727
76081,24976.09122523533
76082,14682.113832748775
76083,27578.921175025574
76084,17137.00008843159
76085,17398.292957818798
76086,13314.486314640382
76087,10208.946375341107
76088,19974.05684007185
76089,25320.107636596906
76090,20653.417884182243
76091,22294.455277475714
76092,26917.36136479073
76093,32143.453681546413
76094,13850.659839846123
76095,20556.786780206305
76096,10430.296519075915
76097,19149.960102079698
76098,28472.096385793368
76099,48694.68439578879
76100,16432.032962312078
76101,23718.64731330498
76102,19128.486491130472
76103,23943.759335561896
76104,17552.291446382817
76105,18457.978583491808
76106,27476.89437839505
76107,34612.465431030054
76108,17038.540782997636
76109,10160.93341412589
76110,10908.571029433695
76111,20101.41932466533
76112,29440.209781202982
76113,20309.695830202243
76114,13402.345613147038
76115,22026.439525658127
76116,18455.64082403952
76117,13633.5418489643
76118,25422.350094713223
76119,22539.269367509234
76120,4183.3759207930825
76121,19384.159694722897
76122,27338.630730093457
76123,29361.952046804414
76124,19152.840006139333
76125,20023.815238615945
76126,21462.140657674063
76127,15684.888744109403
76128,16023.407025673141
76129,28339.976462869305
76130,13021.8354917493
76131,17223.931755631966
76132,20815.38646575597
76133,18546.824930855317
76134,14343.61597671821
76135,16796.46153439718
76136,22329.383221937816
76137,11300.912253282735
76138,23326.650358124338
76139,17769.956543544242
76140,19781.78291609459
76141,17181.15260897099
76142,25111.38137439931
76143,19070.845464354512
76144,15417.021886297322
76145,26303.294405747718
76146,17550.115906850056
76147,28841.399234025706
76148,25316.17220065561
76149,14918.225747134687
76150,36753.45511786916
76151,16709.608822490354
76152,28950.384550006962
76153,47844.343833049265
76154,30814.320501395785
76155,13367.17987019842
76156,36605.37643552482
76157,10145.632564047646
76158,13987.81775833097
76159,23836.01541158179
76160,30604.934136494758
76161,19556.521682113118
76162,30242.899663091855
76163,26100.968323490397
76164,32420.46070696084
76165,18295.276128043482
76166,12582.538555687015
76167,15134.482601513617
76168,30783.513601220915
76169,13745.500631527422
76170,17853.21140759373
76171,28662.77688517074
76172,40250.82596583784
76173,31165.455415690438
76174,34285.789692310595
76175,10797.060330842389
76176,16547.955010340094
76177,10690.227573310052
76178,19368.437589552574
76179,12180.966302506835
76180,47201.05670564436
76181,26503.90821543645
76182,31096.930401529677
76183,29292.994884755924
76184,3496.558578748012
76185,38928.469663958895
76186,13903.927453381046
76187,29818.465368839385
76188,35460.225625095976
76189,17782.48667334173
76190,11722.119880648253
76191,26389.94389788204
76192,15247.250352106925
76193,17048.929411866073
76194,12650.923816285476
76195,15271.692704941745
76196,8034.314597111958
76197,16355.96529910497
76198,15530.250783705338
76199,19884.48862771037
76200,18988.57909354293
76201,42037.57312539235
76202,15306.113060035514
76203,19202.903570532533
76204,14808.694806950576
76205,29664.87733655014
76206,50162.17444490577
76207,34996.01722607853
76208,14054.069576121943
76209,20132.152490202494
76210,26373.9290858536
76211,32330.993236091264
76212,19137.920966816946
76213,18096.901621028977
76214,22337.968230304854
76215,13463.277183542008
76216,35752.42955973028
76217,15410.041489379151
76218,54249.12800763154
76219,16623.185455472016
76220,12247.735267698703
76221,12939.531170240238
76222,26188.629191222648
76223,21129.036636948957
76224,15783.745394185138
76225,14272.672387162
76226,20195.087685233724
76227,15963.300356175652
76228,22078.12363075682
76229,17175.547596685305
76230,17903.35275204627
76231,48835.85706528431
76232,12307.382175955943
76233,20898.61893761356
76234,20681.947098577177
76235,47688.3620590267
76236,27461.32766930566
76237,22177.07658947806
76238,16488.921805387243
76239,30322.88755431159
76240,20039.73002255849
76241,12043.55513119029
76242,12802.851876663171
76243,11091.816616683334
76244,31420.017183132255
76245,20179.123697980238
76246,27184.014592173946
76247,30937.621847935625
76248,24979.741298694684
76249,42317.11505387365
76250,31541.618583268813
76251,19032.347705360866
76252,14750.299455554872
76253,21791.236814778807
76254,17734.835126483234
76255,11117.69792143409
76256,29598.52332278257
76257,12142.064185044163
76258,25504.379897858726
76259,19300.07757261937
76260,36048.648131276175
76261,13650.83417287406
76262,31761.30937814906
76263,3561.043395734615
76264,17374.269794992964
76265,25538.280957346447
76266,15730.25142885614
76267,29212.001828376408
76268,25156.16563586664
76269,24973.126503158463
76270,16366.391240455214
76271,11796.808003479164
76272,20140.78967971278
76273,15767.400559499878
76274,15532.527834000624
76275,32050.03661361206
76276,9994.942424219907
76277,23430.79967231454
76278,18126.334664670765
76279,26584.068932030365
76280,33036.698505246415
76281,10982.145273424623
76282,19071.224223959576
76283,19395.855049436694
76284,16316.469094606184
76285,19008.61670767868
76286,19051.638204414085
76287,13771.957684897832
76288,25624.56963041526
76289,29396.392273622292
76290,7973.080153643764
76291,47966.970927302
76292,20185.346317256746
76293,17567.083324863008
76294,21871.84408164015
76295,28848.69515818532
76296,18868.524565306325
76297,27236.332740960737
76298,12094.696643274148
76299,14214.691294075665
76300,39279.75797575628
76301,14797.804963057235
76302,21660.935241053456
76303,12925.302295144982
76304,26307.312849205176
76305,30698.774816466583
76306,22143.856934742864
76307,13430.37049941514
76308,43398.59102910192
76309,21775.726796108615
76310,32494.301533457194
76311,10771.241967390502
76312,17957.732011134456
76313,9720.218353019582
76314,18731.60073937406
76315,23856.07353516115
76316,19110.741626294966
76317,14337.913651280674
76318,21032.06471751095
76319,17874.781662908532
76320,15877.064785154977
76321,27924.827523160362
76322,58957.11031110585
76323,20286.996897324592
76324,20491.611137325126
76325,31585.324516432775
76326,49021.93149556398
76327,34745.31778998305
76328,49186.9944163856
76329,54725.633883725895
76330,15487.515832409528
76331,16659.410030687828
76332,29886.03543136567
76333,13569.871232272066
76334,22218.40487174747
76335,17416.692355361058
76336,30493.64226157265
76337,56738.46682196415
76338,24867.770159266547
76339,21078.45822719894
76340,19942.445354034404
76341,12014.622557784027
76342,17096.314160430717
76343,15459.432428183309
76344,15856.941665426286
76345,30229.572776191842
76346,11813.750275296625
76347,22912.19249778949
76348,6041.191489460682
76349,54079.02325868648
76350,8502.454078887213
76351,22317.88332991857
76352,17068.503327095732
76353,36552.086969237054
76354,20905.99065354518
76355,21604.210388976408
76356,11194.163027579536
76357,26027.92794255506
76358,14037.742269403348
76359,23527.08744386938
76360,13721.021194981651
76361,19289.37925887483
76362,23813.874636680368
76363,19949.457442863688
76364,20234.046787396663
76365,17198.972450304806
76366,33801.945149523875
76367,7675.319612688719
76368,18449.38028693987
76369,15675.614994873515
76370,14415.946241608473
76371,17521.991118730348
76372,23218.729614535518
76373,20279.093672961928
76374,23536.23625999715
76375,21147.683902340665
76376,14175.959884868289
76377,19060.73283759453
76378,22829.093728637996
76379,21815.95908352657
76380,19832.12304361251
76381,19882.756062946137
76382,19095.715880657153
76383,14253.029747361452
76384,43293.92029587165
76385,14730.577443773906
76386,29041.83134493328
76387,11796.980186795197
76388,20914.921353543465
76389,19002.28990231397
76390,20749.791710288027
76391,41107.937235378056
76392,80700.25104904104
76393,29526.632563768428
76394,20414.380886595747
76395,21364.66678693843
76396,14360.933835883483
76397,21110.503744799174
76398,21306.18948472859
76399,23131.558700119152
76400,27337.302449087816
76401,16689.005227890146
76402,11162.764073634706
76403,15784.992633563823
76404,20613.00782840865
76405,22858.47192186729
76406,22519.338171448184
76407,22057.815828154722
76408,45229.7296636538
76409,21683.311979830927
76410,16743.545095207668
76411,18113.399687212517
76412,44697.553683723774
76413,7318.656733819225
76414,16694.705343949197
76415,15890.682057531823
76416,27561.21068540935
76417,27833.056222131607
76418,21445.578197118444
76419,23273.689965815916
76420,16311.453778495586
76421,16221.879453988291
76422,20961.94813841536
76423,21152.97602821597
76424,2994.233394736681
76425,22782.872621628427
76426,13758.444355134789
76427,24173.4324097052
76428,18229.476157243113
76429,37764.90926184387
76430,20423.52973820604
76431,30848.309720567275
76432,18688.75957596711
76433,15648.150866936425
76434,19249.86441750571
76435,59808.106618008234
76436,14302.130828330839
76437,19194.968087418853
76438,27992.888617970908
76439,35475.73965889028
76440,21407.479138010087
76441,29691.550422190307
76442,32936.21054328082
76443,13171.629174007281
76444,29685.803988741864
76445,43293.92029587165
76446,47571.45386059255
76447,31704.206064571386
76448,23560.252210675877
76449,25351.166014494633
76450,50828.96219873187
76451,32197.74445143188
76452,33563.00964515562
76453,24500.909768144727
76454,21811.89880513698
76455,22838.089628872884
76456,19446.122194488697
76457,19431.030095596143
76458,14465.519086477088
76459,32205.19454370522
76460,10908.571029433695
76461,30697.726470202608
76462,50002.25479504165
76463,27717.588462375337
76464,11432.10623967869
76465,16243.681472040544
76466,21950.904184288207
76467,12186.866415617298
76468,9083.353442002179
76469,4649.584206438161
76470,27550.43797941309
76471,25970.58819489855
76472,12059.342656092862
76473,17360.809487321476
76474,21909.27054576192
76475,10395.094858194996
76476,10689.827798925478
76477,11016.472026762003
76478,19316.53585505852
76479,17250.58881388683
76480,21653.270951594914
76481,12800.869466633523
76482,11793.174966904855
76483,32679.892057736302
76484,18070.989315184463
76485,21522.90980539443
76486,15661.1791626673
76487,10380.926355787778
76488,19389.996459345013
76489,13589.403056070447
76490,24868.432770823052
76491,17846.451396599616
76492,21379.631515686717
76493,15209.611302750565
76494,20707.970293463408
76495,24090.32828254087
76496,12717.056231660554
76497,52052.38567919127
76498,31334.012345572464
76499,15208.0661208996
76500,15264.367233812058
76501,21225.512117412156
76502,34164.55173810639
76503,19038.705031292884
76504,20221.062820273444
76505,13137.266563511264
76506,25868.643717424802
76507,15769.632516768548
76508,22427.30730493841
76509,32596.641117198513
76510,11726.200527202396
76511,20121.52047702399
76512,18714.974198769294
76513,20571.40416190235
76514,21018.666742676312
76515,16045.440794410284
76516,19839.15729643918
76517,15130.326502713535
76518,26356.39883740693
76519,34926.83110685673
76520,17983.221486338563
76521,25541.242707910835
76522,47220.85721962442
76523,21617.435204230675
76524,48255.22894623119
76525,11399.600704570397
76526,25802.867014563224
76527,14628.990846412848
76528,19100.240919439522
76529,20975.447344398348
76530,12373.12924787652
76531,14932.818396890794
76532,17252.800111116147
76533,11568.576744059701
76534,31785.920326658226
76535,11272.26460870725
76536,31629.364887788877
76537,12287.692899260643
76538,21728.786279846765
76539,10053.333225463764
76540,39483.58934687948
76541,5249.47675602118
76542,25059.50860001602
76543,27827.143616216497
76544,47427.791461489345
76545,17220.630874152288
76546,34285.789692310595
76547,47230.88253565327
76548,17355.42529977578
76549,4417.945889644942
76550,19881.05627769043
76551,46617.205248892664
76552,25965.39810075434
76553,18976.70570299377
76554,18761.1180765881
76555,29086.772460970977
76556,19493.1197718843
76557,21700.6557855618
76558,18084.239505646266
76559,20937.59854220491
76560,22041.12098756546
76561,20660.415871112702
76562,28758.928859592314
76563,11769.672016529134
76564,29037.083529019474
76565,31034.49875612835
76566,8285.64861108566
76567,31992.26624876445
76568,19648.87899257829
76569,29950.025479289965
76570,17721.985120500907
76571,22127.916066360416
76572,15257.159095370745
76573,13508.305477470502
76574,17753.71535310727
76575,28542.21010320676
76576,13259.016332290039
76577,24939.82699833914
76578,20785.282102852845
76579,21929.771824202675
76580,12750.45133538209
76581,33701.46346922868
76582,11207.018990443501
76583,11228.555933815443
76584,51371.79859560923
76585,21056.62101880479
76586,50751.7854830773
76587,29587.615672080105
76588,49556.38287023148
76589,12514.094480365715
76590,13156.214511948703
76591,15372.8096237569
76592,18273.963477228062
76593,17571.79184386209
76594,19493.438569717855
76595,15261.435228162183
76596,22348.169143545434
76597,33503.04166558113
76598,20941.241873563802
76599,20153.023811638715
76600,20292.880453230042
76601,27865.98962554789
76602,50095.01833335001
76603,15198.51308772404
76604,13923.319597449034
76605,17629.4187109897
76606,19485.72300735055
76607,29411.43095143864
76608,20481.429396763004
76609,24983.842191581578
76610,32510.811158124954
76611,25919.19887702872
76612,27260.702053031924
76613,30536.913401185328
76614,27545.064803435904
76615,12517.802200402815
76616,27561.21068540935
76617,24178.711696400933
76618,21968.63551373648
76619,22144.933665891527
76620,34467.84798765709
76621,19927.359966560314
76622,29118.731618887643
76623,16113.036457070937
76624,14169.43341241094
76625,28328.893696570765
76626,21158.870882659383
76627,18872.437242099815
76628,24551.191517215102
76629,26255.424770708687
76630,23230.954347874747
76631,22177.07658947806
76632,21679.327592508103
76633,26086.02070769798
76634,34915.529533184985
76635,17252.574219398855
76636,26153.491778688593
76637,15474.293303057791
76638,12594.103318801413
76639,22833.69488079964
76640,10920.42146630496
76641,20074.721629987376
76642,10829.965272881684
76643,15894.62626558122
76644,9367.170199661437
76645,19269.276254817552
76646,27228.319255130755
76647,9877.7708405279
76648,46337.97172879302
76649,12543.609766711266
76650,11671.61376092551
76651,19967.002054440523
76652,17943.12312818942
76653,103624.90638667789
76654,30661.71229451263
76655,41189.93993169737
76656,50040.1455764559
76657,15844.802855781723
76658,39598.830224285004
76659,51926.713299362855
76660,11392.7173070995
76661,20057.69231543246
76662,18611.7677825744
76663,46784.27713749781
76664,29496.052042471976
76665,25685.899047877512
76666,17389.105163393193
76667,38118.517388687294
76668,22838.613419398473
76669,27008.110042962027
76670,17532.45930040343
76671,16031.821422811232
76672,28233.162342748255
76673,17464.729738348276
76674,19893.51315902164
76675,27720.98278168771
76676,25618.599180521167
76677,49733.69548120241
76678,32494.301533457194
76679,30536.62243437388
76680,24938.316948807493
76681,13289.508000703443
76682,21406.52531644526
76683,30697.726470202608
76684,26179.61257003681
76685,11942.096970376813
76686,27720.98278168771
76687,52161.899018687305
76688,14133.842734815506
76689,19182.43467049255
76690,17272.903910451478
76691,12367.703799910509
76692,46805.56991975447
76693,18136.63014337845
76694,12497.142204645492
76695,16145.657822348823
76696,12564.072860941278
76697,20374.117258811508
76698,29818.305181133495
76699,17969.713532641937
76700,26854.222822864365
76701,10279.650668966025
76702,27969.97402554457
76703,21481.865349078627
76704,12687.023052981911
76705,21705.365881003887
76706,19189.684624314385
76707,23880.242183621085
76708,32849.59982725779
76709,9308.465347111442
76710,26354.962684136826
76711,20649.638303240667
76712,16627.462804733907
76713,23001.602171518847
76714,16711.931159625376
76715,22805.58157148368
76716,21034.780891656916
76717,29359.24547608018
76718,20173.06999135718
76719,16046.14759412538
76720,11796.980186795197
76721,15108.14671206197
76722,22068.220797950253
76723,10317.00903157841
76724,18194.34690111698
76725,24820.747824215272
76726,15598.97180487034
76727,30635.5030378744
76728,16390.248328751146
76729,34072.745428585775
76730,11583.21296092024
76731,36625.91316115238
76732,17412.36428744394
76733,16575.288309673688
76734,18250.592429681583
76735,21445.578197118444
76736,25572.986518235448
76737,16634.895943137457
76738,13749.76040894249
76739,20022.737334778078
76740,18452.636838691822
76741,37686.223428875855
76742,20913.849474209346
76743,30801.226227977328
76744,18471.699438803033
76745,13991.715283194635
76746,36412.088492475115
76747,19103.216490786202
76748,16116.385241204598
76749,30470.896769405103
76750,32647.053351924347
76751,14059.514484696625
76752,6541.043919861552
76753,33003.56329328795
76754,20066.91034337026
76755,9846.322772085661
76756,16010.190161996736
76757,17108.37205318659
76758,24460.006047049992
76759,25928.842223339485
76760,16621.305567353458
76761,15761.021762520766
76762,54381.668154459025
76763,23467.735537969234
76764,32582.44328704899
76765,13353.306131199459
76766,33071.30739376973
76767,21059.713369973455
76768,13347.883015021363
76769,40943.296922466296
76770,19753.005892448356
76771,30612.801301523934
76772,26622.14224841482
76773,17724.516757410078
76774,16269.166811224783
76775,28177.97186164582
76776,31407.093487585247
76777,15148.917525262585
76778,13535.454473335682
76779,27873.596468160817
76780,19544.61474754485
76781,12264.569281319367
76782,21750.55639274167
76783,19446.835999775896
76784,3454.1972519084525
76785,39434.93573092181
76786,9945.641693942509
76787,19822.539599352953
76788,26396.10468618866
76789,35702.02439009819
76790,9827.009650858974
76791,17812.042395481374
76792,35134.17482050225
76793,32835.19454540859
76794,17279.244779929737
76795,17862.76647702845
76796,29311.626570402823
76797,14769.436028190836
76798,29050.359166997074
76799,16673.629230241906
76800,13313.898589255981
76801,20242.281397660183
76802,30084.75341495258
76803,27472.959660890643
76804,134753.26845755024
76805,12429.505888872167
76806,21250.694806597567
76807,18469.137565632416
76808,18801.416868022032
76809,11587.220295866666
76810,19218.26292169599
76811,21332.8109476246
76812,25683.86957643771
76813,28781.363292926933
76814,13247.532780617143
76815,14090.510282684363
76816,32207.34382460257
76817,23244.3042505563
76818,21563.256133760155
76819,25923.429517319888
76820,29189.815656473784
76821,19481.69117615696
76822,12921.423644610175
76823,11006.247849347154
76824,6955.4032944440705
76825,29569.80193317777
76826,20054.391494833413
76827,10550.847152271244
76828,20290.595325124417
76829,18061.026968056518
76830,35490.990168107586
76831,18804.905711144802
76832,21541.820255498482
76833,34155.187668809784
76834,54309.88105964929
76835,38587.83974021055
76836,22271.45996603624
76837,20592.0900009904
76838,120073.06223057755
76839,19002.28990231397
76840,8006.146663038067
76841,20402.473177155272
76842,23111.124194812408
76843,8354.970930573703
76844,14423.103825944972
76845,13394.582380540423
76846,17522.955783103407
76847,11120.87421177986
76848,17588.38496126451
76849,35023.56743141477
76850,26575.057788797072
76851,33040.88182871529
76852,11245.612157231595
76853,30552.809102496998
76854,14481.696709831218
76855,27968.27707469426
76856,30125.901277677687
76857,29961.458106490347
76858,22912.19249778949
76859,11264.343682321718
76860,12886.926243765452
76861,21129.00725327324
76862,30400.322261394427
76863,11276.214651802
76864,23806.754009280066
76865,12062.612859588753
76866,36639.39288882504
76867,24009.151918954245
76868,29521.887112577682
76869,16816.198647544345
76870,21500.456163748888
76871,16501.0817403349
76872,20362.70044907432
76873,15285.38603798959
76874,15003.095845101205
76875,11776.261328522061
76876,23188.1937769551
76877,13527.910819543215
76878,13287.908022103788
76879,21698.962155944406
76880,23187.204549468446
76881,16141.017631398736
76882,12135.909868078292
76883,16211.258179730185
76884,16366.729749471311
76885,11315.42361284457
76886,15375.268571263889
76887,34290.072994697
76888,45759.91066471799
76889,17353.829464506947
76890,12754.518437472312
76891,28222.00879748586
76892,16532.18608932308
76893,17209.302567919098
76894,33816.33263587642
76895,29166.590438825286
76896,31735.146295290953
76897,23328.93121056215
76898,14728.715309822897
76899,21959.821476835747
76900,13486.992967688877
76901,21947.41128159403
76902,23794.880486799964
76903,34137.25827036746
76904,21856.72587811897
76905,44873.986699025525
76906,25640.13828714207
76907,19873.462202639996
76908,20728.781891501832
76909,28799.107790445843
76910,16806.385895377643
76911,19534.792472933004
76912,12514.094480365715
76913,43120.29467884414
76914,31747.768364514217
76915,16049.193916485947
76916,30700.16493065745
76917,15785.216916516752
76918,32577.96614068859
76919,39593.14334783668
76920,22427.30730493841
76921,8690.523511869282
76922,29473.247595493973
76923,24293.932677278157
76924,20048.895076064127
76925,24774.858783586424
76926,14178.147276148044
76927,47842.02557973439
76928,24023.6506464965
76929,39017.47365332949
76930,16245.92974081328
76931,39349.60225175265
76932,11801.885611593507
76933,4486.731971055276
76934,33687.88260315116
76935,15619.455022407117
76936,20304.857596190206
76937,20293.706292957715
76938,28669.755890078406
76939,12915.466537058723
76940,15454.345185988874
76941,10678.949942216039
76942,12801.62312529839
76943,19569.566312163177
76944,36543.37239610776
76945,11110.171379419364
76946,36107.84787286895
76947,14945.403777731943
76948,17657.691249154897
76949,12713.481724385361
76950,27992.307461985944
76951,28171.774740752368
76952,33292.29835658726
76953,20351.67135718399
76954,19014.78934232318
76955,13143.144229269052
76956,13747.726064396556
76957,37648.68365148818
76958,12657.650619196002
76959,17004.341615272824
76960,36790.571755719095
76961,32264.11428075915
76962,20017.36291938509
76963,15825.21771891467
76964,17957.732011134456
76965,36962.13252027947
76966,18467.12155966638
76967,26265.32449344571
76968,18955.531244854672
76969,33704.687881437385
76970,20537.339073930172
76971,20023.881570541133
76972,24877.26459768784
76973,12449.990826407757
76974,50329.935581394755
76975,23330.02279945657
76976,9860.285407285844
76977,13767.112660986613
76978,30151.162105208554
76979,18519.76282916309
76980,16996.585428354585
76981,12026.449435285534
76982,17347.495640541896
76983,34248.56275298445
76984,22328.41389197067
76985,23378.73554272895
76986,22272.285056572753
76987,12043.792273584551
76988,22998.644124869872
76989,56738.46682196415
76990,9332.057492584823
76991,47295.04599095886
76992,28598.964753815922
76993,27298.243977750073
76994,14402.591082484594
76995,13012.62882526049
76996,6827.97275972112
76997,13959.68857642696
76998,10544.9841032175
76999,24118.090368178597
77000,27900.24019501329
77001,18036.57619480214
77002,13327.614605655084
77003,19368.61274863855
77004,19075.729929243218
77005,17355.728726756795
77006,15391.897003664186
77007,21874.667766372426
77008,25603.196428373252
77009,19182.321342366256
77010,19652.015830950848
77011,16339.342732611145
77012,35988.40554144855
77013,19698.54604659479
77014,24443.06319859664
77015,15626.971597025838
77016,46042.08903824969
77017,13787.296300264707
77018,12934.08689778324
77019,29364.81834735379
77020,18215.590298502575
77021,48255.22894623119
77022,14657.028167671728
77023,50329.935581394755
77024,11710.286445276295
77025,13584.131507517812
77026,17749.851877235975
77027,24084.12648269406
77028,56884.59796846842
77029,29493.617862966854
77030,15952.440254114816
77031,19061.289660580132
77032,7393.058344645007
77033,6470.00904757723
77034,17162.88979842406
77035,13160.020368328138
77036,13718.28515203364
77037,32455.06242223584
77038,16994.1456835535
77039,21733.228052549945
77040,12717.128593321155
77041,26214.8799576805
77042,13077.723173654878
77043,10891.094534195476
77044,11676.30370236662
77045,30693.750726884726
77046,82987.19263904104
77047,19638.597655005175
77048,18345.74471298013
77049,19233.401773588233
77050,29988.027323132083
77051,32200.277017692202
77052,17248.44766533361
77053,28357.6130951792
77054,17611.08209725621
77055,21119.790054117282
77056,18298.330957065584
77057,22296.320942279603
77058,15269.114893923082
77059,34990.69762201927
77060,19384.872701121185
77061,40907.855927808996
77062,30148.356552450994
77063,26573.778241046482
77064,11665.743557092077
77065,24053.804236679913
77066,9911.656654933642
77067,10782.994709908677
77068,16706.42368036711
77069,19030.326778994848
77070,19158.709781511272
77071,28274.939444574273
77072,19561.615693687632
77073,28073.26442870947
77074,12232.824148626682
77075,18440.1668421108
77076,11052.443397416691
77077,18966.080186293413
77078,9771.178700107444
77079,15375.268571263889
77080,20530.586502540555
77081,28132.971227062808
77082,34723.06137424833
77083,21253.417302492006
77084,11417.752267983
77085,27691.40082010193
77086,34196.211808123335
77087,15380.905809312291
77088,37592.75559481797
77089,17839.11520356382
77090,19494.106416225484
77091,15361.270947235062
77092,21129.00725327324
77093,9360.770623249262
77094,13382.925318883377
77095,47861.95337235377
77096,15459.286152962213
77097,26486.218696414846
77098,15719.758903510607
77099,29225.347305497104
77100,23846.72148609101
77101,16692.715932339404
77102,21339.624719031042
77103,13233.548546462285
77104,21937.011858661368
77105,21002.303678874672
77106,21950.904184288207
77107,30307.889317493307
77108,12280.304901775802
77109,14073.468558733985
77110,11735.6339765116
77111,21788.891062410108
77112,24648.298905842246
77113,48925.80646655458
77114,16129.14250010556
77115,8090.595550992652
77116,9185.824000603465
77117,42168.239409251124
77118,29555.054113620958
77119,12079.147375030196
77120,49582.86201404956
77121,15467.54260275083
77122,31261.65218170598
77123,26322.694533280144
77124,22480.05511454209
77125,19863.690503912145
77126,9923.0689888348
77127,23023.647448129846
77128,22953.57766946129
77129,13602.776729091067
77130,28400.635796717575
77131,45574.17456691391
77132,29571.60680722221
77133,12083.294841320056
77134,17619.673279695795
77135,20935.303076232107
77136,27720.561296842552
77137,28617.896944694727
77138,72252.55648016691
77139,24787.893210895476
77140,14210.201438753269
77141,19362.29350029866
77142,23269.374138822335
77143,29982.707385196896
77144,28008.31623732209
77145,15565.459774703319
77146,30220.965733942205
77147,18441.065309494155
77148,5234.579689650852
77149,22684.556827832064
77150,10396.9617480846
77151,22332.70493949013
77152,9146.700289303191
77153,53157.34878430422
77154,28550.108323495377
77155,24515.29713687041
77156,10408.5879344669
77157,12980.601368973736
77158,25299.30982674852
77159,45543.26822112434
77160,13286.363838689613
77161,15193.697981060075
77162,16749.24646764455
77163,18486.821876331025
77164,8751.024294311917
77165,22422.992488895004
77166,30199.50165245776
77167,16268.32699074214
77168,52558.88276019979
77169,30547.996568496736
77170,22920.87867904698
77171,17448.7740955476
77172,19025.383405188615
77173,44229.09013986027
77174,10445.970878172373
77175,46545.101511785055
77176,16820.77216989314
77177,32086.69609497654
77178,18919.269194851404
77179,19351.550778838475
77180,29086.772460970977
77181,17667.470300014098
77182,18185.33527435281
77183,20324.54948389629
77184,17489.563571643743
77185,22654.788100590577
77186,25343.67567016222
77187,15816.085469523177
77188,16945.983914420038
77189,23657.138503234662
77190,25373.30616145611
77191,20987.412790849838
77192,10227.034330642055
77193,58382.73348043587
77194,16517.401197201834
77195,83904.26923864846
77196,3590.0858006079784
77197,9734.84713576646
77198,9915.643066315319
77199,28660.438975636735
77200,21238.61482806231
77201,10683.350565989793
77202,8279.608911215173
77203,18249.81079014853
77204,16652.273355979098
77205,20385.455074966456
77206,13771.61600734189
77207,29961.4409221198
77208,12809.002535745205
77209,3326.9440495843705
77210,22013.045221283126
77211,23395.712411021035
77212,30151.162105208554
77213,20535.037009449094
77214,22797.721335593764
77215,11492.961666054898
77216,26209.09249512834
77217,21539.742294815365
77218,15718.65520888228
77219,11724.44909141075
77220,11193.64474088755
77221,27003.58848324659
77222,11101.955786559949
77223,53836.17663253196
77224,11423.006589114671
77225,19271.580108733695
77226,19597.784572964247
77227,21614.20864324761
77228,16503.367238935803
77229,16403.30026705412
77230,38947.00636277237
77231,40016.643089553196
77232,27181.68827129374
77233,48959.05159652757
77234,48727.4458240741
77235,24279.320431018743
77236,28167.486288754084
77237,32544.651179665805
77238,13402.462127639492
77239,9045.42803676808
77240,25412.089244728573
77241,13119.658889834896
77242,30132.858662071514
77243,44701.4310435342
77244,52762.49431504546
77245,24793.52073387401
77246,34217.74459370753
77247,9663.096724839925
77248,17802.527129837028
77249,17775.188736678367
77250,17446.204864524898
77251,40015.984609871346
77252,42458.16336853111
77253,11003.784788343459
77254,20572.79084979237
77255,9766.803885880085
77256,27547.96736865692
77257,18918.928530559373
77258,34252.810604572885
77259,13234.149027690064
77260,48027.60723283574
77261,55247.43270037867
77262,34399.438980241925
77263,8708.476534576579
77264,21536.080304707935
77265,24174.286827681684
77266,12618.99892105472
77267,24375.7631476599
77268,17871.790485958238
77269,26857.75842399255
77270,18301.812687294234
77271,19949.638693566914
77272,20662.01425130835
77273,22100.512354564577
77274,35101.83936259781
77275,21534.495138713653
77276,16667.454527072376
77277,22218.177866031867
77278,35129.743603041425
77279,27069.785013841924
77280,29859.29694872021
77281,9717.176675302984
77282,19928.229591378196
77283,32188.059169841963
77284,36324.938390801384
77285,31433.186487455056
77286,25218.093499265608
77287,7712.154628914803
77288,23142.49523655571
77289,19542.86417976356
77290,34644.468615839
77291,29441.500917103927
77292,10254.07485462226
77293,51390.161308305396
77294,14071.836762055698
77295,27426.82766898824
77296,13233.348552397561
77297,19599.461814716924
77298,24168.136063354934
77299,18021.283988832827
77300,55570.31559387746
77301,22580.210474526713
77302,15119.42253456723
77303,10732.711037917183
77304,24387.166872880225
77305,12907.080482841186
77306,14637.977534430134
77307,29793.947262072365
77308,16749.031179146394
77309,13615.152181302145
77310,23724.905311846687
77311,13233.348552397561
77312,14263.308298395352
77313,18054.6175930258
77314,18492.04199573589
77315,11694.90529506487
77316,20109.706437085595
77317,26951.978276421367
77318,27579.102707414317
77319,33525.956884654435
77320,16671.64889053194
77321,18392.816065650597
77322,16285.438514578145
77323,24362.95045514778
77324,14479.535403173866
77325,11679.926915974276
77326,23309.231104003306
77327,33300.62160702379
77328,28423.634413416537
77329,25785.9350997814
77330,50582.27333272516
77331,26246.32311349148
77332,15090.991778756375
77333,8857.836982506358
77334,34331.61810192936
77335,21975.937125992335
77336,13533.254998175224
77337,23725.23693368177
77338,28995.201304665876
77339,13119.658889834896
77340,24454.82120899779
77341,13755.43570132179
77342,32281.698142808633
77343,26502.742254694145
77344,30427.333716518417
77345,14574.583007863324
77346,29962.166476703893
77347,16472.0762635362
77348,27613.008514970606
77349,18553.190966130718
77350,10680.143671392254
77351,11750.19575119708
77352,30547.996568496736
77353,11384.599986728865
77354,29089.54736782443
77355,24030.758473498976
77356,32009.32058981068
77357,18497.798177137855
77358,21087.876927350706
77359,16209.695464718636
77360,24251.371796625634
77361,27330.88392878396
77362,20995.792319140644
77363,30859.545122961055
77364,20525.093141675647
77365,22077.045774329115
77366,32945.867005120745
77367,15154.38859664543
77368,23040.401282057428
77369,30317.63522400274
77370,25301.55261488541
77371,29458.637934836806
77372,30009.684268932095
77373,19375.288890977467
77374,26847.893451648226
77375,12491.05286018692
77376,12120.102028836698
77377,10991.884584338593
77378,20296.74179183147
77379,8072.990024672707
77380,21738.538234011277
77381,15718.208920259598
77382,16836.652320396293
77383,11750.971417393623
77384,36240.502126175146
77385,34601.30049013441
77386,36406.2735113011
77387,14578.91790440264
77388,39896.91041775938
77389,78791.53479382051
77390,25183.336530163615
77391,11231.334728539818
77392,5022.940454282642
77393,47313.21154352485
77394,34665.93758607948
77395,11586.71764917413
77396,16955.017490518043
77397,34417.413989936766
77398,48300.77335676675
77399,16944.353303141994
77400,11419.804853822578
77401,37851.00182600877
77402,19755.35167015839
77403,22508.90457792357
77404,9242.167372454682
77405,51362.142004207744
77406,15304.704064623049
77407,19845.754392349863
77408,12872.948518331756
77409,8333.249731349042
77410,12570.544636852559
77411,22621.59392384428
77412,27369.357636484496
77413,19018.056068663445
77414,59090.58558263562
77415,16506.945897263264
77416,25339.146527855246
77417,17587.218985442854
77418,27578.921175025574
77419,19841.229981883123
77420,15716.100829936388
77421,15220.32510349797
77422,30697.726470202608
77423,19310.859317170834
77424,14711.968090717024
77425,12430.904667367964
77426,11773.387082599624
77427,12913.73395291452
77428,25802.548351077112
77429,21359.7484826715
77430,27351.51410057877
77431,10771.241967390502
77432,27427.43877050987
77433,21291.90837859091
77434,18402.225346459425
77435,14731.14708682479
77436,19919.572322851494
77437,27298.143787717592
77438,21226.8529830524
77439,16169.581253130567
77440,15457.295745215553
77441,12075.285088906863
77442,11054.83014227639
77443,40911.01678063696
77444,17308.310703043684
77445,17314.09773142486
77446,15386.971707595665
77447,9841.901527394914
77448,36055.23064161509
77449,20640.36392327921
77450,21331.324138579275
77451,16822.12529576655
77452,27997.347616839874
77453,25190.074767530536
77454,15410.088786782457
77455,25055.497016675698
77456,31194.392251916273
77457,17474.959474164665
77458,21462.140657674063
77459,23989.06113098736
77460,29859.29694872021
77461,11938.872880134462
77462,11088.368540704236
77463,38106.71142321237
77464,30199.50165245776
77465,19624.754734334947
77466,18102.291412554056
77467,24666.308086000936
77468,19077.803125648254
77469,10162.637385637352
77470,17755.867655965925
77471,32490.035878393846
77472,34124.50337809083
77473,19403.091282059893
77474,21018.666742676312
77475,27486.08275983206
77476,13782.082970777004
77477,48460.93781370954
77478,16987.02185426346
77479,9304.826027994106
77480,11397.636166603519
77481,17960.75296460733
77482,29752.651466326963
77483,18546.330170833608
77484,10004.36281463764
77485,18580.894738087554
77486,35963.22233817992
77487,19949.638693566914
77488,12191.010828842709
77489,29088.155205436564
77490,20772.34508318949
77491,46891.22857282652
77492,17395.448900036212
77493,30534.174863100645
77494,32521.160940409565
77495,16253.168791495815
77496,16723.517254163147
77497,13412.57795016768
77498,27009.05735234704
77499,12866.93356732142
77500,24595.42382668186
77501,15740.923182681867
77502,21233.84747656588
77503,21445.578197118444
77504,16843.0871049626
77505,17713.728120867887
77506,27416.04542900732
77507,43228.62615574933
77508,34575.73349010965
77509,26950.861715238316
77510,9058.279911695025
77511,11003.621842544848
77512,21055.866889414043
77513,22785.182083703436
77514,17879.87825070099
77515,32226.576714790244
77516,8959.766453060229
77517,22846.867301464885
77518,18391.447068941732
77519,20565.12028181388
77520,19448.430075916815
77521,16425.33728810309
77522,25846.679579715892
77523,21793.48384479994
77524,29594.020735356455
77525,21953.294270376133
77526,20640.094763796278
77527,11267.504732185278
77528,18480.453629054704
77529,16065.03837460616
77530,34285.789692310595
77531,11145.51002512966
77532,13926.692854546383
77533,22028.328149299767
77534,11023.273616634639
77535,24001.80162486666
77536,13884.9204083096
77537,11501.07282208154
77538,24913.24305012275
77539,10182.739133841807
77540,14789.747745323635
77541,13170.857537154343
77542,11128.940853136628
77543,19790.899539316644
77544,30814.149061697568
77545,46527.03701123812
77546,31890.693104511694
77547,12593.752054888353
77548,30011.52571284799
77549,32876.01156924221
77550,14035.877586064056
77551,27227.4356833443
77552,28007.320890802483
77553,22028.328149299767
77554,33984.21523475944
77555,18483.17721579427
77556,30432.03794499626
77557,27944.81241124258
77558,34909.546708324124
77559,10368.914374653466
77560,16721.774615382128
77561,16442.846852529652
77562,33265.325748779534
77563,112498.32891344234
77564,17076.351023027055
77565,20363.739173074715
77566,21788.891062410108
77567,63102.939355491086
77568,17163.65682623395
77569,24871.912302158304
77570,50425.05278902779
77571,23843.790160646393
77572,4714.524068275359
77573,20580.604802757738
77574,38218.725002113315
77575,18037.90348310236
77576,13741.411098248782
77577,16045.764451349803
77578,7697.11422539941
77579,24933.808957675155
77580,31133.05663896519
77581,32140.620727975514
77582,22675.5828194617
77583,13975.917406442368
77584,29414.625744220433
77585,22083.422474176627
77586,28907.01793612482
77587,16890.330829466297
77588,23419.960147123606
77589,16071.303280660446
77590,28542.443429630515
77591,21445.578197118444
77592,11210.476198461994
77593,12988.418639360212
77594,12932.220725256642
77595,53300.037128781456
77596,21318.746455799206
77597,17207.67058914397
77598,17082.62061626744
77599,19140.46146870319
77600,16194.112843994377
77601,22672.770571724213
77602,16484.123549652144
77603,16726.556885563048
77604,23265.71448514115
77605,44775.67675682768
77606,27826.51661275846
77607,31052.8882785174
77608,58724.07309988913
77609,29755.599925356546
77610,15683.788664385735
77611,16240.337644757168
77612,13061.172123600652
77613,21445.578197118444
77614,20567.3119055025
77615,13010.703648762645
77616,17053.40763632101
77617,29323.210873120355
77618,28594.04974837946
77619,31387.790813651995
77620,10822.635238531122
77621,35311.62131645453
77622,34415.10630930937
77623,13818.153718549003
77624,18872.925705110145
77625,17615.01836023286
77626,14383.202875516918
77627,25263.520055618847
77628,27757.81074133234
77629,18346.93491422497
77630,17865.26417417069
77631,20176.801060972124
77632,32335.439186260115
77633,11870.842636119269
77634,55931.074268159995
77635,17350.31773095261
77636,6501.505417155928
77637,19461.92648117923
77638,18082.52826236761
77639,39442.25208539041
77640,28224.58489704468
77641,13185.477734505708
77642,16973.520106027285
77643,29480.211262554905
77644,13757.578196310937
77645,28821.091340277093
77646,57184.621195472944
77647,27880.685366156766
77648,15018.352833849047
77649,29911.471761685876
77650,34660.10465259703
77651,38994.361991078214
77652,19596.13835015753
77653,18054.552318683112
77654,13528.423711186384
77655,17146.353527066614
77656,13060.131133363922
77657,45322.575724426635
77658,22433.62884246875
77659,32324.60202076405
77660,24681.420395095647
77661,26987.602413895456
77662,12856.849764979845
77663,24504.292269735957
77664,37930.08726714836
77665,14851.780177894992
77666,18971.11955759239
77667,6680.888029229967
77668,20102.669688309743
77669,18163.148023093094
77670,4385.464612442827
77671,8733.794209313659
77672,49933.33105448034
77673,52424.18875381585
77674,17788.957714969416
77675,8783.730594034942
77676,16175.713201745271
77677,13904.159702533261
77678,31078.388276909653
77679,26103.69884205673
77680,24422.64425503144
77681,15829.149467393836
77682,113006.99883700316
77683,25927.145555926563
77684,12535.820317304064
77685,21378.058344584875
77686,28758.928859592314
77687,11944.41376481382
77688,17441.735017261817
77689,22800.19142632287
77690,11640.0231678595
77691,17002.969788565228
77692,16991.980797292945
77693,22069.079100049712
77694,25592.22085146304
77695,38372.443504832634
77696,33860.76874864116
77697,12771.350486715599
77698,24535.20907860686
77699,10675.236865033676
77700,12059.244246813882
77701,16119.498104802013
77702,54986.204249379385
77703,20746.804027997718
77704,26970.023978960005
77705,17804.09406886257
77706,30931.258457560216
77707,25170.968294261776
77708,27298.243977750073
77709,11008.720932905548
77710,26477.357520095527
77711,20319.258254449476
77712,18163.664551118807
77713,13594.460422471855
77714,22369.60352345825
77715,24514.211503553877
77716,37722.22919162716
77717,3208.3932774759955
77718,19813.764217686174
77719,22113.78461402197
77720,33515.20657747328
77721,12990.968924104132
77722,20994.057987759046
77723,36904.39247373116
77724,11910.525809424242
77725,10112.689704107339
77726,15916.474037191672
77727,20723.334092081524
77728,19268.926374163115
77729,26633.61984476896
77730,56878.17524610641
77731,10984.801346234592
77732,17560.354891336163
77733,20821.4695261892
77734,19989.643344493026
77735,26889.182506707482
77736,30547.996568496736
77737,14356.757504762663
77738,21499.106796347944
77739,9841.901527394914
77740,26521.00366410324
77741,15351.754606007937
77742,39733.40075552842
77743,18157.643029372255
77744,12994.617398228806
77745,29345.611380441784
77746,22165.382064321417
77747,23727.685949915736
77748,35136.53975826605
77749,26831.90769063108
77750,32015.625848504435
77751,14297.997172573956
77752,18838.840984319566
77753,12829.069506518665
77754,22900.421508606727
77755,21078.45822719894
77756,12980.666637162205
77757,30759.486765756494
77758,6933.8263287934105
77759,23513.85695791681
77760,16971.395170311313
77761,15439.08481841648
77762,17312.108442443016
77763,27633.45010815671
77764,18492.04199573589
77765,19062.184173617934
77766,54979.02288616653
77767,17998.155102932036
77768,31597.745783966056
77769,13792.735542319082
77770,18431.822576551276
77771,20779.74448469153
77772,24219.848270199403
77773,15948.108779644266
77774,27988.88331760972
77775,21014.295853529802
77776,29053.61554056991
77777,23372.42225892263
77778,38928.83981603598
77779,11543.411878944346
77780,24707.90155470068
77781,12891.249663589066
77782,10880.996711942931
77783,16022.79553728537
77784,19269.329541581996
77785,30722.08722284841
77786,21489.083093207348
77787,20249.77333525778
77788,23701.663278050135
77789,13229.473996594668
77790,19687.99682750221
77791,19299.250544794162
77792,34375.75467974966
77793,4372.9014842215365
77794,11829.190744618314
77795,12885.108481674648
77796,27487.92394456084
77797,20117.181564627623
77798,32982.090173890014
77799,16225.332213447646
77800,24377.610299400763
77801,16264.219710968271
77802,16729.502266288084
77803,19657.268249536282
77804,17290.108249618068
77805,19026.32320853929
77806,13716.355053548994
77807,10800.883690847786
77808,36002.713040882
77809,13215.778645203043
77810,14412.847332595236
77811,15025.671417315023
77812,30600.457362980167
77813,9046.9062302328
77814,22124.040267160082
77815,47008.86362165939
77816,14651.11700727193
77817,21309.20892192126
77818,37819.931242231316
77819,31043.145657692927
77820,54909.7758659616
77821,12740.959268384328
77822,19586.18469742045
77823,20829.474988405454
77824,22734.467837744192
77825,46432.36928945044
77826,23265.997468117574
77827,27548.838606298246
77828,16752.92927998227
77829,30064.107749728457
77830,12865.854464455486
77831,40706.66039352465
77832,20718.28431994134
77833,12079.159194902164
77834,43425.74500385672
77835,22103.519643644137
77836,7747.268118452206
77837,18941.456045622897
77838,11752.798611626162
77839,36994.895000696066
77840,15701.923126128568
77841,16133.871663961452
77842,15066.552466515306
77843,9379.259791345361
77844,22318.41700870181
77845,8445.496924964651
77846,16825.32146771802
77847,9877.7708405279
77848,17278.64930071139
77849,17431.132724190906
77850,10381.138048333569
77851,29137.662208271013
77852,19160.762949363303
77853,24843.201062304375
77854,18769.91374044949
77855,19949.638693566914
77856,19710.888515202736
77857,24207.96533451998
77858,25164.91970955571
77859,10976.67833304293
77860,14917.002917424132
77861,11568.751400913865
77862,17019.44651449144
77863,45658.6128920708
77864,27684.251204407552
77865,46944.82292889237
77866,15576.841545675383
77867,12075.010438292926
77868,21865.99549319383
77869,13269.803413252142
77870,11541.777310772119
77871,17782.357168148075
77872,21083.48443970617
77873,15498.23678139426
77874,19081.3795406238
77875,17204.242922406956
77876,17710.460046668275
77877,22081.48726324809
77878,30772.544968067952
77879,13007.051687141737
77880,33071.30739376973
77881,8654.00863754377
77882,28006.585665973176
77883,13329.640473544894
77884,32046.60240422634
77885,59993.36815889184
77886,10997.571560529519
77887,35475.73965889028
77888,31060.2420438559
77889,32306.665396626537
77890,21634.165051032563
77891,8454.03634755193
77892,12361.067396171109
77893,7239.59513577384
77894,45662.98688854918
77895,22718.025518164886
77896,29884.275499829826
77897,11361.404394265142
77898,28480.974959672007
77899,36749.6932394558
77900,20738.496221842342
77901,13052.07256272964
77902,15871.573215711442
77903,23629.366330771743
77904,22322.750339988004
77905,43564.80301420425
77906,27264.529874899083
77907,34265.68825593644
77908,10539.298219415828
77909,25425.63068905758
77910,17596.179228644643
77911,29871.662289435993
77912,24277.364576457046
77913,52106.09507591
77914,27590.767823248694
77915,27850.873566083203
77916,15722.135955466376
77917,24434.895267876025
77918,29706.05841637448
77919,28816.268496836252
77920,12956.297933478885
77921,15306.81170867395
77922,25563.58002465257
77923,17050.95041774523
77924,21618.892689975994
77925,71030.17185239521
77926,16038.129964273223
77927,47862.01487902283
77928,10086.064098931372
77929,28355.853768414163
77930,16624.074979555488
77931,20343.415196663853
77932,14432.908411794813
77933,11777.236940631368
77934,45366.58459608148
77935,16937.04076199442
77936,29010.309723765815
77937,19389.870379466407
77938,17628.871426655092
77939,35507.27111765198
77940,11704.23554210352
77941,25966.9605914307
77942,25603.196428373252
77943,20877.0357271148
77944,9011.246812586633
77945,11076.234572945505
77946,56328.77644299299
77947,30604.548750914033
77948,11013.192409939775
77949,29740.877035700705
77950,37075.85584966189
77951,18713.964328019043
77952,13708.33320271285
77953,22728.48112537918
77954,25838.480432068427
77955,25677.470421953283
77956,17020.462373745682
77957,11635.93596038849
77958,15386.507716073449
77959,47920.083930206776
77960,17628.77842764558
77961,20274.873871545762
77962,13924.617205320412
77963,16704.643784080858
77964,21681.313564758115
77965,13620.35028972767
77966,11882.400891328834
77967,20142.65864635818
77968,18156.057567631553
77969,8192.434617038878
77970,21177.9409028304
77971,24139.28249721055
77972,11354.43665412851
77973,40884.36623365313
77974,23773.138143665725
77975,17788.928267256175
77976,10318.97012306541
77977,44068.48904438866
77978,25408.732903220243
77979,14362.354222105441
77980,22230.953831821196
77981,10127.466025175385
77982,30773.980395756207
77983,17778.465465813166
77984,19172.36123443062
77985,25559.339896533143
77986,50594.987830877006
77987,10680.573786133937
77988,25846.679579715892
77989,18182.224173355207
77990,11935.576112227478
77991,27732.368200809782
77992,16854.433912124216
77993,31553.011168142053
77994,34399.70731691931
77995,15877.064785154977
77996,29616.77845729049
77997,19810.821573392088
77998,23369.2729861951
77999,22258.447867498424
78000,19193.78653000812
78001,33116.52731825212
78002,12219.28491527263
78003,14653.636315119891
78004,28059.301432381933
78005,21069.342434340266
78006,20231.084023048606
78007,37445.29591001456
78008,34619.637847107646
78009,15316.605031834699
78010,18616.14515942095
78011,41475.8382656514
78012,23784.89412220572
78013,34280.163457967275
78014,29898.457456702137
78015,20630.930609395957
78016,49781.34001710458
78017,22837.276865082553
78018,11278.595572293409
78019,16273.277620820769
78020,12842.319012357972
78021,16795.110542490496
78022,16908.30828296575
78023,15404.634001387163
78024,20788.561810798976
78025,21144.93094618319
78026,30314.696371355487
78027,30675.049472379134
78028,29690.471712770766
78029,51847.089670072775
78030,15722.291114306854
78031,20910.770336436053
78032,12771.350486715599
78033,15016.844206847545
78034,11331.929243597573
78035,28384.858574627615
78036,22912.19249778949
78037,37721.69401053078
78038,12078.934834830092
78039,15173.986903019271
78040,16934.204656591934
78041,22920.732034692857
78042,19775.54587274279
78043,30431.325071537725
78044,25438.424761966475
78045,14541.863603282776
78046,24650.656943909675
78047,27028.134987984464
78048,20659.739157339314
78049,8324.561929299123
78050,21827.723613309845
78051,37035.2287867779
78052,24111.949923866152
78053,36517.57695001938
78054,12577.734721169485
78055,23293.36718616883
78056,30909.60904394876
78057,13902.083956114757
78058,48529.68968486692
78059,8573.558147067512
78060,13744.745429576426
78061,38265.38109455935
78062,15528.824245587637
78063,48529.81597006271
78064,99281.05357494994
78065,20191.300282797783
78066,48460.93781370954
78067,28288.057133163413
78068,19949.638693566914
78069,15796.02426195977
78070,24868.065708223967
78071,28328.879852833154
78072,25090.370781532987
78073,15408.692552226667
78074,31367.764413215282
78075,34422.84193866849
78076,18267.20499297128
78077,25122.43577288249
78078,29479.7808566987
78079,27037.152858970556
78080,27831.994064376377
78081,20667.30523590446
78082,53676.06271047449
78083,27176.243942323243
78084,18886.394185118184
78085,22080.328539241564
78086,18493.40583403238
78087,79623.44196045869
78088,21233.30406765282
78089,45079.641995384154
78090,62097.79754337497
78091,10794.01780217591
78092,27637.975927427327
78093,12496.352422067868
78094,23121.720609252858
78095,22906.711312836545
78096,30453.00876511746
78097,15920.905707771324
78098,13661.637753052752
78099,9456.82033896216
78100,9041.33539895354
78101,13487.72547741568
78102,32055.121758017878
78103,15765.483117651867
78104,18226.75156335392
78105,21696.917156994637
78106,11165.943344254183
78107,21472.924314265463
78108,12992.877354867196
78109,29817.51224634705
78110,9814.265349356738
78111,22704.110607111434
78112,28068.60899059521
78113,20922.32692104934
78114,16022.79553728537
78115,47663.44529156029
78116,15549.10279932725
78117,17768.81466432667
78118,18762.946203246825
78119,17449.5313837593
78120,11332.123548541165
78121,53676.06271047449
78122,23709.65397474863
78123,3464.7939346420826
78124,19860.250201143077
78125,20941.241873563802
78126,16649.327823945187
78127,15055.076727504123
78128,19490.25414303026
78129,32737.56909235385
78130,25456.518948389792
78131,17632.336449300405
78132,11692.465327777923
78133,24885.389355002495
78134,18092.137465216918
78135,13587.807007256695
78136,23726.884557600923
78137,11376.08794094938
78138,30380.595882741985
78139,9505.314769897579
78140,13690.045204530772
78141,18808.55841282387
78142,21822.621029870443
78143,32495.845055101563
78144,21462.140657674063
78145,15376.28929163317
78146,23088.39795097857
78147,7601.166887360877
78148,19394.3376397071
78149,36535.647417272376
78150,12424.199201492034
78151,20622.609094339197
78152,21977.003194051304
78153,25170.968294261776
78154,14223.680276822928
78155,20612.475098551982
78156,22528.28391778801
78157,16478.61730468098
78158,22002.48106276642
78159,26410.105785751544
78160,43903.11880057587
78161,27849.653735394368
78162,12271.463945346595
78163,9707.310772295023
78164,9922.993738830171
78165,11194.163027579536
78166,30129.829531710497
78167,21064.440233531634
78168,18480.377271512378
78169,19685.504625157577
78170,34810.86241936492
78171,30937.621847935625
78172,30988.564699452578
78173,20706.252335981644
78174,11608.492305954627
78175,35393.00198872962
78176,19559.190590317565
78177,19384.023833012056
78178,49820.68004164601
78179,30400.052543005437
78180,12072.444857716253
78181,10776.470927033532
78182,29498.849851830575
78183,16357.406033110807
78184,19636.508229162384
78185,15589.533746220297
78186,11059.937137537629
78187,24627.150375160963
78188,48651.04794675068
78189,27902.710163304837
78190,22835.870445277116
78191,27358.515269216387
78192,22163.238256372013
78193,34183.46263653332
78194,12770.049008499516
78195,12075.010438292926
78196,49408.672948572224
78197,11505.176986713297
78198,34179.78887193346
78199,9511.269198887867
78200,28461.096884751714
78201,13829.425174749384
78202,32910.844450873505
78203,14035.892831849944
78204,9140.317024459073
78205,14983.428843090052
78206,26801.668054978978
78207,18888.640324433338
78208,20983.0039248449
78209,20116.26562733672
78210,67956.3856870532
78211,35530.791147328135
78212,19323.19273756836
78213,15418.99695123892
78214,24913.528338814525
78215,18302.182150638535
78216,19521.99621481411
78217,19810.813532811353
78218,24955.6810614244
78219,13135.428578391366
78220,22020.918721931197
78221,19925.987379419792
78222,21092.97777531741
78223,21575.168801223062
78224,16769.251906481353
78225,20662.336924985404
78226,19441.602685229358
78227,31911.044433806666
78228,20754.069843290352
78229,14097.932027667546
78230,21415.79528320487
78231,8976.587956674099
78232,45394.747906009296
78233,12069.652818068324
78234,47292.61812132665
78235,27828.181893786812
78236,29929.65594258534
78237,17119.56594222873
78238,11054.83014227639
78239,16239.429500657314
78240,17335.86074091339
78241,14821.659471973839
78242,20444.832121685857
78243,14783.923477704322
78244,18939.486762168908
78245,40732.24138584048
78246,10165.430030793048
78247,35954.73506523328
78248,14917.488681826022
78249,30515.048779129313
78250,17114.37843725581
78251,23180.738262124094
78252,21320.628660306862
78253,20198.270518592577
78254,14951.627141515666
78255,18231.79180125169
78256,47571.45386059255
78257,31241.056030679294
78258,25223.86866386974
78259,24227.69136961087
78260,20832.68649990445
78261,29366.36760324695
78262,48198.44093035204
78263,12698.855536362053
78264,9127.505813381027
78265,15762.796728463343
78266,17367.561247056627
78267,21437.548459108093
78268,41863.15279793236
78269,53707.63218453448
78270,12434.285647942947
78271,31253.942825924645
78272,15911.559345224914
78273,29762.33886238659
78274,20566.908519274744
78275,29711.640356897562
78276,6730.349668307883
78277,29011.787510449398
78278,27613.008514970606
78279,31744.41602042678
78280,17478.158320599076
78281,8882.286364729183
78282,14681.826049710888
78283,30483.863010093737
78284,11286.65815785115
78285,20923.243250998123
78286,14303.967868951657
78287,25042.94044388908
78288,18966.318723869386
78289,30923.73397200204
78290,20667.370092299072
78291,23722.56270694522
78292,11658.510031120988
78293,30101.91264011721
78294,35177.65307863856
78295,9021.959227441603
78296,9852.495101758928
78297,12387.853979081721
78298,16924.647745143495
78299,18455.64082403952
78300,22654.788100590577
78301,12816.967248742027
78302,21788.891062410108
78303,12722.424570040388
78304,21850.826452750334
78305,49373.34000525326
78306,34485.15954903439
78307,33441.303402877355
78308,21357.262311416733
78309,20326.724419627928
78310,19306.787652364696
78311,31533.52734863252
78312,38355.60744096191
78313,21878.978670382385
78314,16328.71407595948
78315,13152.892342321975
78316,22950.95799342488
78317,30799.19593181902
78318,60140.15110197085
78319,11011.829919600099
78320,19152.51645704964
78321,16725.006854377218
78322,34721.69456357567
78323,15833.08337821246
78324,20988.39347306924
78325,13183.254710549863
78326,10368.914374653466
78327,16982.635347792235
78328,31114.050543080815
78329,10370.145912677584
78330,34303.49626972458
78331,26782.54105859961
78332,24929.891281269203
78333,17768.849737342585
78334,38012.32068976078
78335,13760.434221767744
78336,12411.814963811834
78337,30357.87628821945
78338,21395.63982574154
78339,22782.864315284503
78340,16386.01872991469
78341,15936.59323755982
78342,20691.04813681998
78343,19823.813356282335
78344,28928.416374694367
78345,13810.80150479261
78346,15101.59087670784
78347,26707.503768198727
78348,14990.991121549298
78349,7681.82330096828
78350,28630.76368550318
78351,12607.261133810665
78352,13362.219297224272
78353,27880.847345112918
78354,30598.017187423706
78355,12770.252977384078
78356,29843.35363152508
78357,15308.088852542609
78358,26987.602413895456
78359,20998.148621712375
78360,22302.827649054518
78361,11963.211674417918
78362,19220.670346245086
78363,7753.61755036022
78364,12850.618698373422
78365,29711.640356897562
78366,27778.456163689127
78367,22767.449425422503
78368,27786.548797585703
78369,41561.647459456835
78370,20191.043852231087
78371,18780.45539511775
78372,31140.021958042365
78373,20827.243792626872
78374,26103.176921305163
78375,25564.315958342075
78376,21307.398697293687
78377,23083.97994532302
78378,45718.17074593283
78379,8471.60306386189
78380,12649.974589629603
78381,9135.807768790237
78382,34871.43722485012
78383,27426.239511143885
78384,15667.135159346042
78385,22489.08770958803
78386,21454.501340064096
78387,22922.202163994803
78388,10903.304948636665
78389,26197.82461407171
78390,41043.70225101895
78391,20974.546033708775
78392,20547.228144238663
78393,13035.895035482426
78394,20609.371748127603
78395,18375.441324272502
78396,11645.466832660532
78397,15411.995667273304
78398,20402.303090584483
78399,12072.69667551291
78400,48529.81597006271
78401,10713.97684242772
78402,11224.569880488203
78403,15191.303648090441
78404,21882.47477576535
78405,11644.437899893941
78406,19756.606705303668
78407,21411.753467776914
78408,16018.097664874098
78409,7623.582646186454
78410,30285.90862879277
78411,16925.888322777708
78412,11097.237418020595
78413,7423.29941075536
78414,15220.523456935267
78415,26955.169836689645
78416,16411.953369461382
78417,24522.265165107117
78418,30337.249945009367
78419,24379.331245642214
78420,16383.211697517898
78421,21857.610153161146
78422,18478.611638980463
78423,25335.844417234246
78424,28950.51011629887
78425,21139.271911099746
78426,23067.63485989789
78427,25125.9802103104
78428,27993.376320298616
78429,20374.117258811508
78430,28108.08729877239
78431,12564.072860941278
78432,26992.337073765826
78433,9764.794479492004
78434,18118.48687557948
78435,17370.7821091741
78436,17643.266860082756
78437,13800.267612931948
78438,13809.654989792163
78439,11281.200385319657
78440,33945.289401735885
78441,15481.440479079
78442,32221.07596828083
78443,14275.613340072727
78444,21104.57922919831
78445,21940.523219212555
78446,11157.005322513693
78447,12996.52706816431
78448,23975.665080948453
78449,45759.91066471799
78450,17163.807690225956
78451,29014.431553928724
78452,34606.969624287776
78453,15773.941139243041
78454,19641.68370708458
78455,21625.13691780958
78456,11940.671190070165
78457,29180.86022445289
78458,26543.897036932805
78459,22364.72498496455
78460,12731.368362740472
78461,20898.61893761356
78462,29024.955809583436
78463,12887.80816504294
78464,13565.370604544683
78465,16539.733767696325
78466,29721.958671374126
78467,19495.61519528358
78468,13189.45447110326
78469,31322.831266277073
78470,22976.48406316029
78471,73869.12898045928
78472,26606.60653627302
78473,16517.992060727334
78474,31822.462895340388
78475,10654.47379907098
78476,35748.455520223535
78477,19424.084562085733
78478,30431.173014178534
78479,10108.288651433459
78480,16982.01477839675
78481,12088.062619811177
78482,10910.91030007084
78483,27801.61728524598
78484,10753.317615353391
78485,16399.097889014367
78486,14955.754623075854
78487,19146.59691465338
78488,25539.51550178044
78489,30277.8311465321
78490,12317.540255510878
78491,18868.687097134287
78492,13121.639438359942
78493,42365.43642201723
78494,15282.260844640567
78495,23959.57350150449
78496,10001.574869063154
78497,22057.815828154722
78498,42504.26429829733
78499,12605.382473634618
78500,26987.602413895456
78501,13121.649713974606
78502,36838.9210953788
78503,22176.670057564952
78504,25742.513276290712
78505,7509.244990724816
78506,37811.88311819828
78507,21135.316346627515
78508,34285.789692310595
78509,31067.253037873055
78510,14411.362741912835
78511,16449.834169128488
78512,46049.72717554328
78513,22819.49669236583
78514,37641.76805984026
78515,20102.669688309743
78516,9744.085260033888
78517,11933.808649915047
78518,21626.744114109875
78519,18008.610588485797
78520,21780.919041029705
78521,12762.62406025527
78522,26128.283292559445
78523,48131.817176192715
78524,28601.086624467913
78525,24313.723175208288
78526,22417.005420244088
78527,21997.46859901394
78528,41509.21363260714
78529,7434.735154495942
78530,27569.09545256598
78531,16530.35371388049
78532,34713.75365114807
78533,30049.311343922705
78534,57459.53351423419
78535,9549.010655882461
78536,17556.975594787058
78537,35406.94367218311
78538,11736.871908868148
78539,20403.74490556021
78540,7575.453445502888
78541,19038.705031292884
78542,15191.420400990111
78543,14965.526921249104
78544,11199.716048843124
78545,20000.589471231026
78546,18004.556823452454
78547,21078.45822719894
78548,29577.310530839924
78549,33343.473977222086
78550,14159.721057534796
78551,43976.75052715702
78552,45359.07062964422
78553,6122.390878945511
78554,28593.851746354612
78555,18224.762833089157
78556,32490.1180117095
78557,13081.422912573837
78558,20503.15981834449
78559,29702.486968161786
78560,32300.015242329668
78561,51097.86532448181
78562,48946.66128288684
78563,19911.192023932137
78564,35200.83362189445
78565,34072.745428585775
78566,21978.567335733864
78567,31276.616313659557
78568,43792.29074465464
78569,27955.73035091243
78570,12434.240554432146
78571,17659.19614001071
78572,14941.7207406701
78573,21658.453978634996
78574,29891.160638633457
78575,13722.578245796933
78576,21646.86044513522
78577,33609.98582182259
78578,20532.203053939244
78579,30402.45159733324
78580,27521.736552749087
78581,14001.779396750539
78582,29029.987063649605
78583,16682.449438930373
78584,55241.87012202297
78585,16873.216589471424
78586,14081.97279066528
78587,32077.40653190954
78588,18757.443136569465
78589,19428.379037179144
78590,16835.110482402924
78591,47959.67944998198
78592,14853.579006870095
78593,26884.99395891792
78594,24216.148703393166
78595,19949.638693566914
78596,17921.53609255076
78597,11346.871611452569
78598,9356.595667973843
78599,7593.381974023971
78600,10117.419289449701
78601,18313.493481578
78602,23843.956139799768
78603,26202.189770189514
78604,12524.65388126177
78605,11982.016761467847
78606,31078.32250409259
78607,34256.42878231466
78608,13132.935778627772
78609,22698.03013943492
78610,18129.002713384874
78611,39856.28695756603
78612,16049.749605185767
78613,21462.140657674063
78614,41964.6456049452
78615,36315.160913742184
78616,29748.820105924977
78617,21952.96132491159
78618,19929.610792210482
78619,4341.139661707735
78620,20983.498569096766
78621,22686.144048795988
78622,14606.176508271023
78623,11479.634231983897
78624,47220.85721962442
78625,22837.43586221172
78626,21222.372294012202
78627,22966.73893524926
78628,7982.517645037283
78629,14333.925826408115
78630,16685.7195625411
78631,13069.710320765611
78632,12805.51436781295
78633,21041.084757755874
78634,11123.672731228888
78635,14777.99757453425
78636,12713.481724385361
78637,25995.80078467918
78638,10643.123409859652
78639,26108.386304695745
78640,39325.21048355751
78641,34133.40871883414
78642,56328.77644299299
78643,13099.20114104446
78644,11077.661093197912
78645,13965.467180339478
78646,18863.388606560427
78647,28518.657825143677
78648,15789.672228436442
78649,18206.044820579278
78650,30567.944859765743
78651,12516.259903811593
78652,18697.34300596881
78653,15593.194268736159
78654,18198.20192387518
78655,30817.514032614738
78656,27339.320623326974
78657,15505.242301076662
78658,18312.930839287477
78659,27859.95686074175
78660,12375.183738037902
78661,13535.5176078412
78662,5235.784068316066
78663,18483.95196119444
78664,12853.323382971137
78665,33790.80206995923
78666,24615.514441592724
78667,45264.26159705086
78668,14463.38467281682
78669,37851.608575546314
78670,17447.450314771857
78671,3642.1385439937376
78672,19199.632956628724
78673,27996.196664889143
78674,13767.112660986613
78675,11742.680172715247
78676,21805.31799169165
78677,16442.70140493386
78678,18785.112381177067
78679,22568.75437992277
78680,21508.09576502273
78681,49878.15819262731
78682,11910.525809424242
78683,14999.780542650418
78684,12472.595670347906
78685,32374.65476509134
78686,36790.571755719095
78687,26097.939178417226
78688,29080.43979381304
78689,14648.407264464218
78690,23085.419315736275
78691,32190.40388781583
78692,30604.934136494758
78693,31735.070632822775
78694,41206.446652442035
78695,32827.02215870926
78696,34228.212040252314
78697,42115.71552873106
78698,19923.05705044299
78699,33515.20657747328
78700,19803.441621727925
78701,28432.42863802296
78702,9939.643402056525
78703,36464.87792288373
78704,35378.40148322651
78705,12843.322840785451
78706,18731.73055297216
78707,21932.032381709345
78708,13664.145075347913
78709,14794.13660186097
78710,16351.157826078024
78711,18974.729275451613
78712,34996.01722607853
78713,31687.073669871403
78714,56528.232920010254
78715,13121.639438359942
78716,21001.79614551398
78717,10230.086868086344
78718,20957.82726906283
78719,31556.676713042783
78720,31070.329077435614
78721,23141.17387635306
78722,18779.05230411344
78723,22006.741277818914
78724,9560.234201683419
78725,10132.375446405465
78726,45990.166943011995
78727,20041.379342659173
78728,25634.925902699735
78729,15413.08645131134
78730,13807.05521488029
78731,13154.857838054864
78732,20501.193264894995
78733,19777.032677900283
78734,22260.24101979667
78735,20134.45410651753
78736,14256.26217445435
78737,20296.941863873657
78738,18590.46994365019
78739,18483.544409898546
78740,23308.205013366492
78741,18335.56482976839
78742,27451.277764551432
78743,36184.942521700585
78744,23595.74727545068
78745,14447.301022755591
78746,24077.605367666176
78747,19150.05222350988
78748,16013.051418332634
78749,66910.5951176067
78750,22021.189356337054
78751,24442.6795062023
78752,23036.8185556453
78753,27426.991398103386
78754,15789.20466248545
78755,17927.204855818072
78756,27290.749084155046
78757,37644.80397049811
78758,14889.896712628864
78759,17531.978925618914
78760,27362.114799089624
78761,19311.094959439375
78762,15633.459019831846
78763,11678.943598026495
78764,16233.953154583642
78765,38405.53612887234
78766,23435.20234524986
78767,27785.75938792844
78768,18500.575440243272
78769,11544.865166753605
78770,28651.31347784237
78771,18589.632804821722
78772,22129.03673117202
78773,7226.690889056855
78774,18078.38036738365
78775,12498.36275973786
78776,31976.058329986656
78777,21625.46145919347
78778,17516.4957752399
78779,11652.371662891579
78780,48749.431791246454
78781,12852.698022365934
78782,28969.204516743128
78783,31242.47069986486
78784,30233.586437180158
78785,16065.927085677336
78786,18944.683776953363
78787,39332.69440052603
78788,25774.801689683074
78789,18988.017702615914
78790,7279.955615771447
78791,18646.284989339954
78792,8608.985076259209
78793,17913.239072522952
78794,19847.737009340177
78795,24822.501896638285
78796,15726.734153489175
78797,27191.92417402936
78798,20186.69768796917
78799,26214.723266496636
78800,20479.459130548155
78801,15975.624252426069
78802,27545.17013424451
78803,19499.530183717878
78804,12272.79926981161
78805,10964.156372775395
78806,29100.314013041865
78807,27778.456163689127
78808,9339.490626811268
78809,31946.424374817227
78810,6016.101468250591
78811,32907.873241827205
78812,12101.626983118143
78813,13253.31292219976
78814,47953.21073756685
78815,27452.57653180039
78816,32342.563078143274
78817,19927.941251379565
78818,10928.035252921627
78819,11597.341883408591
78820,30771.913032394732
78821,16685.261340515804
78822,10258.435564937427
78823,7003.582004474431
78824,18219.443398096457
78825,25831.35239155214
78826,7272.779580856914
78827,34193.79101438625
78828,24023.373988586416
78829,14329.436514427223
78830,15848.51262400716
78831,16899.88765410532
78832,20807.011644464543
78833,15046.460058394057
78834,43042.10191522056
78835,17771.962039790884
78836,11225.116857352847
78837,25047.918552952844
78838,18412.4799032843
78839,13073.854980377931
78840,12624.095495869387
78841,34349.726926677904
78842,30750.167860140577
78843,19621.46094153516
78844,9639.788632613194
78845,12151.6127344258
78846,32391.58865095135
78847,7597.352618223189
78848,17051.240107505742
78849,16430.24055204884
78850,17962.583490087836
78851,45752.70981146871
78852,12678.275209428588
78853,8655.49166293866
78854,54016.08024910362
78855,14457.43485271304
78856,17845.113881805213
78857,21157.207957421
78858,25118.949138064374
78859,9343.501227385663
78860,17524.731520915022
78861,11098.05565065137
78862,15246.195171822927
78863,32401.020350730858
78864,26386.006046098457
78865,20337.003261542384
78866,19338.136775566596
78867,29580.262575991845
78868,17074.29484463563
78869,20936.564028734225
78870,10341.575352413487
78871,26861.094511602587
78872,8685.85210864114
78873,26964.890528866617
78874,14441.750156261158
78875,13923.267672522019
78876,13923.546392108125
78877,14026.032291825022
78878,13694.127765153915
78879,18770.490350941225
78880,29514.029288004174
78881,22797.721335593764
78882,12041.529015055257
78883,8109.6590592018965
78884,9838.857046217227
78885,9356.20472617402
78886,21995.169383388627
78887,27275.769826893928
78888,27395.471758960135
78889,18715.761661092638
78890,18478.235537101886
78891,16046.14759412538
78892,13080.923306802331
78893,39557.428606982234
78894,16611.031695213947
78895,13678.970727421669
78896,34911.27113048855
78897,22171.29020358913
78898,12291.311289271136
78899,19279.923744042164
78900,21411.753467776914
78901,18876.401784765043
78902,20535.77176322169
78903,12626.775747043504
78904,25357.19309645355
78905,14360.004709544346
78906,14333.588544321221
78907,12945.543050396233
78908,10166.693807996166
78909,37474.18044741038
78910,21995.169383388627
78911,21525.83676299031
78912,16462.464615955
78913,50730.185314661045
78914,19361.040869096763
78915,30165.017125013885
78916,16024.489269907674
78917,14372.369828446497
78918,22211.668862909937
78919,41557.55898283959
78920,30064.358965684703
78921,15964.956581253691
78922,18222.377674577136
78923,28127.87429354809
78924,18594.63166991206
78925,31156.37185735499
78926,50798.45897605868
78927,39856.28695756603
78928,17369.421705087552
78929,25735.613332074332
78930,25401.184763322322
78931,18773.833662463283
78932,17899.851484694987
78933,20002.614688135163
78934,30895.358807248303
78935,14037.742269403348
78936,26123.792344874295
78937,38965.80900717737
78938,14235.391023451508
78939,34335.10918735015
78940,17140.70954722803
78941,33595.32701647222
78942,25792.122595028584
78943,9605.485544551775
78944,32336.77212292637
78945,11166.389312512492
78946,33135.65396685771
78947,44971.32088673059
78948,16973.79280546737
78949,32382.088304478562
78950,20587.000436002658
78951,30783.513601220915
78952,11164.16950223721
78953,20918.25456614326
78954,31529.346606521405
78955,20782.31757340167
78956,15275.123423735442
78957,10071.970132445085
78958,20314.721814431017
78959,24074.638459266196
78960,18766.058104582004
78961,22029.380755611408
78962,19976.300396693256
78963,13975.660011458218
78964,8744.439163187571
78965,13508.453420801956
78966,11426.520508196101
78967,14865.76314126956
78968,20183.78451202115
78969,27390.40617428202
78970,10870.43579914725
78971,27546.2779097835
78972,21963.562787902854
78973,14983.93908457097
78974,15398.634950261017
78975,59033.78347013893
78976,19996.65170332963
78977,30482.65730475211
78978,18934.011723920452
78979,17570.06024111948
78980,28734.555618012742
78981,16175.09800986492
78982,22500.54947067545
78983,29262.83314232668
78984,25412.089244728573
78985,33192.0775016392
78986,11068.180474317087
78987,27989.99021938537
78988,48709.675005902354
78989,24329.74690807837
78990,28953.100295360844
78991,28686.581846073434
78992,17159.68358513117
78993,34115.78593959168
78994,14022.866568316687
78995,21057.276987107554
78996,19026.62486694175
78997,23586.419175900035
78998,16636.9894008129
78999,32281.698142808633
79000,10380.494935534276
79001,10662.28875640764
79002,4295.404203224036
79003,13163.348597507173
79004,16656.928781146697
79005,36078.134092187094
79006,31270.204412632014
79007,16442.29754612988
79008,22026.351133255113
79009,45772.15926874491
79010,18122.27541617939
79011,24597.55113282514
79012,15146.62773762893
79013,48898.37086328613
79014,16375.217674739131
79015,52554.446544527746
79016,19063.69825463538
79017,11395.967085319975
79018,17771.62595007754
79019,12520.447336502117
79020,21523.193121032684
79021,17671.11073608122
79022,15992.486446966293
79023,7280.4176933400595
79024,17465.073058480502
79025,23950.998560682587
79026,16321.692465494605
79027,19027.168423079085
79028,41198.10265807973
79029,16439.2046693666
79030,22078.455096737227
79031,19250.29949558522
79032,14424.487925061489
79033,39863.75956963213
79034,32206.60422692583
79035,16938.58343188102
79036,20677.76348549378
79037,15766.286339817214
79038,19430.78781374574
79039,12507.083595691025
79040,23996.888256271544
79041,11739.21687177653
79042,17588.223297957975
79043,19112.94864382048
79044,27521.95545169832
79045,33664.6884475749
79046,15991.189031630913
79047,11515.907750724671
79048,13488.90237847281
79049,40525.22940241643
79050,16239.992812059112
79051,21380.72288145146
79052,19815.93831050291
79053,20657.48267340321
79054,13017.914606328643
79055,23593.720185713508
79056,15499.306671781653
79057,27877.16239933369
79058,22886.310216418366
79059,37655.10143994529
79060,17287.77877349789
79061,23941.32757911651
79062,29706.76163271766
79063,32444.854444596083
79064,13306.712720961445
79065,21412.64370168321
79066,14944.093702247976
79067,21309.20892192126
79068,18302.562433373165
79069,34217.74459370753
79070,11592.363120481386
79071,16068.156974648575
79072,24810.803738980823
79073,20898.61893761356
79074,29725.875619377068
79075,11919.954817768155
79076,15688.64300743733
79077,7309.383324200698
79078,24856.30377856459
79079,33126.6573711401
79080,19319.09858175876
79081,31879.268622039977
79082,27726.598631646288
79083,32713.409678084045
79084,23103.056917433056
79085,15816.085469523177
79086,32192.60943032195
79087,13453.893071209544
79088,16465.820463394604
79089,17620.40408208902
79090,28225.827369989645
79091,22403.084341037837
79092,23852.439118102728
79093,15068.143564880795
79094,24630.03297771312
79095,30514.42230922862
79096,23735.4860671608
79097,15145.914182889474
79098,20398.072547854197
79099,21040.145691536603
79100,12484.847833426296
79101,23915.579998502224
79102,21462.140657674063
79103,23579.01393785965
79104,18754.865664956542
79105,21950.904184288207
79106,12001.01617915712
79107,52260.898848001
79108,23083.97994532302
79109,12922.04935823817
79110,17017.52862650358
79111,42008.02808611566
79112,17142.437217261635
79113,25815.137250002073
79114,23067.515785268744
79115,51353.18657828305
79116,22782.621607211622
79117,17332.35673043295
79118,22134.96489463124
79119,26982.292128341534
79120,12705.166714165025
79121,28590.121395622762
79122,30067.0902576292
79123,11918.69131561611
79124,17128.406655762563
79125,18141.19554329582
79126,18146.184942636508
79127,12697.591526043308
79128,16694.720645039513
79129,4900.759128825409
79130,26254.498473880292
79131,11225.804662746537
79132,15706.965211293198
79133,25098.37570565382
79134,27111.59484463285
79135,34303.49626972458
79136,10954.806762131324
79137,29636.800974010155
79138,14009.24591894968
79139,11209.804151847924
79140,14282.516925200529
79141,13022.816981318334
79142,21933.387610178062
79143,12140.388250342792
79144,15195.77390344915
79145,35847.43126310814
79146,29306.148650029838
79147,21010.28092894636
79148,20953.008279839112
79149,21042.78092046406
79150,52333.37452713904
79151,14242.97646914462
79152,19749.212604335884
79153,39825.29103749466
79154,25661.126109304438
79155,12514.094480365715
79156,16449.834169128488
79157,8515.344346151847
79158,17299.235551981896
79159,53157.562482397014
79160,20926.564267265596
79161,32225.729330270187
79162,17512.392849213535
79163,18882.90545962785
79164,18186.48663660733
79165,32300.722951372987
79166,20465.543770024768
79167,9763.907289508474
79168,20125.134449240024
79169,21487.287465086443
79170,36129.40750554371
79171,21788.891062410108
79172,27644.34349879607
79173,14101.414298599337
79174,14414.164508801805
79175,13122.159041898487
79176,40994.496203983814
79177,21890.16816373083
79178,16636.385888106972
79179,24776.537535543066
79180,42735.26167566604
79181,29347.934953421365
79182,27326.20407156178
79183,19352.64085450932
79184,8345.55402256889
79185,13959.388719595441
79186,20651.675763264837
79187,30747.750147146042
79188,31774.150640323776
79189,12421.359352109552
79190,14780.934655832387
79191,21612.30495647979
79192,15773.388256862883
79193,19269.11947787779
79194,15558.227324627696
79195,24604.307274677565
79196,13779.365354383564
79197,29847.683693501018
79198,33197.93262317123
79199,23225.637605504555
79200,16073.8526493403
79201,28466.67551146361
79202,26639.757813678516
79203,21816.689497884225
79204,20866.88805619211
79205,32495.587069140835
79206,31345.638116048074
79207,39380.59347006252
79208,31052.358657224362
79209,16654.738186950377
79210,15833.44803099075
79211,10363.664695165433
79212,21132.65413477495
79213,15213.939000615102
79214,18723.514726599144
79215,15457.778368467583
79216,25433.450553760726
79217,14286.035807065708
79218,30561.292843690233
79219,18827.273229053535
79220,19156.716858324842
79221,46677.28846881949
79222,16385.627397266508
79223,28928.968948542137
79224,27936.895855588118
79225,33842.83545137264
79226,14406.876896481726
79227,22429.22206884659
79228,21828.06078876852
79229,8632.264249014966
79230,19352.600040655972
79231,17583.61347737582
79232,23401.446455549387
79233,12947.124806274709
79234,47671.36550697156
79235,14375.25214127073
79236,19169.909425830123
79237,26757.995279655966
79238,29366.94980028264
79239,20868.22966026254
79240,19959.154675885507
79241,34680.11774178418
79242,23102.031713377404
79243,33535.605337659246
79244,22997.502573609956
79245,21016.881830098217
79246,22880.468727884898
79247,16008.25044958167
79248,9325.259010749236
79249,12958.186837661744
79250,22092.931249539717
79251,12728.302727995202
79252,27095.9268112925
79253,17190.855705883878
79254,13079.66103241973
79255,17456.692420780502
79256,34557.88918275559
79257,24927.337372549184
79258,14765.130841416969
79259,11260.34532510525
79260,28382.918269558304
79261,17030.917428334822
79262,26838.840365558157
79263,20704.324444210928
79264,64235.7772252216
79265,26076.985161099852
79266,26062.870560551186
79267,26521.39328423866
79268,18819.952253620577
79269,17629.386274541346
79270,75855.0259454369
79271,14499.773906297309
79272,61168.56818118701
79273,49380.76048515465
79274,34681.74370899704
79275,14555.908859333726
79276,29601.808971940798
79277,27755.23724413849
79278,10296.965132425266
79279,37426.43340995737
79280,17435.03964103172
79281,17420.815296900528
79282,16668.76110117195
79283,15265.788758609011
79284,21644.300232662572
79285,27214.53734469094
79286,21279.931398616525
79287,22929.1135815954
79288,40345.069335909
79289,35445.40352361202
79290,19725.7541594555
79291,23106.69594510932
79292,19571.70541999102
79293,30192.02987565481
79294,16930.147904777274
79295,21219.60765578585
79296,28760.98623997245
79297,45492.405727642195
79298,7543.897871105932
79299,17275.88437308055
79300,22008.9848391803
79301,13762.760642975436
79302,12777.705016136644
79303,26908.846276055396
79304,18870.012185215728
79305,20855.19351907368
79306,23544.918389272458
79307,21525.892452967124
79308,12962.915388844967
79309,18538.524027983858
79310,21147.498647058434
79311,13974.14392824793
79312,25141.718528060283
79313,16474.674918939003
79314,20609.32989354194
79315,65590.74059207855
79316,20548.47775435969
79317,18829.264406304286
79318,16315.295773972934
79319,20771.66672460741
79320,25133.87292726592
79321,13654.268143762885
79322,28269.495957677726
79323,23981.50646442779
79324,17730.15055484257
79325,36126.048445937464
79326,10660.9842067818
79327,18433.49433184878
79328,18808.141216580658
79329,20462.78501705331
79330,32939.98553068427
79331,17499.720614694634
79332,27823.96926178672
79333,15987.595627855017
79334,18621.26664687168
79335,30076.734417807984
79336,33159.31045757317
79337,25696.758392290718
79338,33363.47729725846
79339,20217.028070103996
79340,33677.02948467057
79341,32574.72375541568
79342,11507.872185947355
79343,24484.62120783418
79344,37181.208048576336
79345,13587.255692263532
79346,12908.004017298024
79347,21384.34321790155
79348,19524.047599155983
79349,14688.411829446939
79350,12619.706182056661
79351,24573.224316970955
79352,10552.488305544717
79353,39629.02387486341
79354,17922.854091411587
79355,28238.70571555229
79356,23468.070703549827
79357,20787.826762413755
79358,8764.482726511882
79359,17289.13676422114
79360,38564.54936541348
79361,15108.381084169554
79362,14166.952918582068
79363,30148.529429398615
79364,15212.246989449659
79365,21410.379443799266
79366,20204.322870457094
79367,55664.07749171856
79368,65778.21406193741
79369,22080.43245159693
79370,12743.166399315269
79371,25611.238165949348
79372,20952.65393787246
79373,35273.08207103191
79374,11869.932285926543
79375,36725.515338091325
79376,14485.363801468848
79377,18476.36145352041
79378,33123.57311961125
79379,22792.992192278514
79380,29180.599849736063
79381,8346.78350036995
79382,19705.52283121893
79383,29309.258560732473
79384,14278.551500312167
79385,32502.388761806014
79386,25416.432473326462
79387,27151.523258349014
79388,25859.32230661755
79389,23620.54905926503
79390,40413.153566333385
79391,20765.61186699514
79392,24309.02968423921
79393,10708.83993447745
79394,14034.580495920449
79395,16658.33115419254
79396,13485.297326846381
79397,34339.64266494702
79398,15471.840587485414
79399,11743.498542842157
79400,21689.439678588962
79401,25702.01547730904
79402,28585.390333811607
79403,21058.964541722456
79404,26602.27785854214
79405,17947.66340256862
79406,31112.050356705367
79407,22163.635205265808
79408,23695.337742099964
79409,11423.557931181937
79410,10735.83334328289
79411,46875.13678659778
79412,29958.729914369505
79413,14060.098898386601
79414,11971.419942142316
79415,12877.005872783446
79416,21437.043495956856
79417,19213.599484477585
79418,8118.787675941406
79419,30940.58427575598
79420,28715.8843943421
79421,14870.075853652721
79422,7248.462274041488
79423,8897.184415324542
79424,20351.78888873925
79425,9579.48857498679
79426,12258.565950859485
79427,7864.600811613983
79428,19777.766568856972
79429,18597.074040193285
79430,19838.854161507235
79431,22867.191915927895
79432,14252.72820491969
79433,27363.930328519942
79434,30061.705751944264
79435,19767.58311782319
79436,13582.446560341727
79437,19343.735391655453
79438,45245.56517889087
79439,51748.76727574268
79440,46364.54711556151
79441,38908.33371622343
79442,20416.76940499947
79443,10535.024664954015
79444,22486.6553194488
79445,22469.971161304256
79446,6813.81318208468
79447,16793.618879171347
79448,21568.646098546502
79449,17281.95494088714
79450,19402.39899486908
79451,16020.171727376564
79452,55575.267375357704
79453,23858.60372021845
79454,17463.37642852746
79455,29167.08957267418
79456,22332.641837741943
79457,30501.384162851587
79458,19449.038261720976
79459,26458.031691777553
79460,21214.139453074687
79461,12833.26541364583
79462,48208.08628191158
79463,15068.317632634411
79464,17522.67644699832
79465,28866.975069951877
79466,19733.249915617176
79467,26402.02036923839
79468,13102.660787759649
79469,11549.114914106629
79470,30234.060219231607
79471,14293.860827328926
79472,13676.054944949266
79473,7112.733012657437
79474,10836.5206343814
79475,25652.858815966178
79476,13049.810597297637
79477,29443.499388991564
79478,23297.776680278013
79479,11848.340658490386
79480,17474.414722826124
79481,19324.39362896692
79482,29434.708722703217
79483,16428.4133056228
79484,19975.593139974026
79485,15351.56897099436
79486,14552.109894706145
79487,14201.022679795991
79488,40094.97475475944
79489,27920.67640647797
79490,20824.565388012124
79491,14370.522672476327
79492,16184.94105270134
79493,10871.145155305641
79494,20831.476387116967
79495,15906.671162113884
79496,20264.774062719072
79497,21563.204474826456
79498,21941.744860007973
79499,12708.296092810617
79500,22798.39460110673
79501,34545.00303058564
79502,12578.049700613028
79503,21021.690594089137
79504,20992.369657630697
79505,13429.226264456545
79506,16122.498669379158
79507,14650.410974523262
79508,16542.497948349486
79509,16463.101833968783
79510,48071.81399438553
79511,47066.466680930855
79512,16462.539146766645
79513,15444.480310850973
79514,20452.388613525538
79515,37018.271472885186
79516,20226.45155560571
79517,40809.01795602623
79518,50611.35649285346
79519,28500.784587074908
79520,25572.842021461074
79521,16980.761109091967
79522,20847.702369916205
79523,22420.504888174288
79524,25712.774174096598
79525,27674.42815291926
79526,21053.466782036136
79527,46895.530641945996
79528,18091.314997742662
79529,16757.196689122626
79530,19388.87635759492
79531,45554.16683682394
79532,27911.275417415585
79533,21426.08912591859
79534,23786.57611059235
79535,27492.393246125994
79536,19947.988529485738
79537,19727.209564813398
79538,29368.406468285066
79539,26848.368118332935
79540,23215.73781088207
79541,13107.844807785837
79542,24931.447175724163
79543,15963.21416003939
79544,18542.05431612856
79545,17456.249037869824
79546,15512.131282227258
79547,50551.84459483028
79548,33626.51414256859
79549,7048.402713866689
79550,10165.548644536528
79551,27544.382224266297
79552,14447.567727808104
79553,12610.28357802388
79554,11440.746777929853
79555,22924.37807298256
79556,37897.57249145988
79557,7995.443704580769
79558,24038.979541561443
79559,8183.753233665561
79560,25829.954288261495
79561,18282.40491616317
79562,48171.27486561734
79563,31006.484627285285
79564,21416.05719258811
79565,56008.840694236074
79566,21343.750647487337
79567,14161.756137978196
79568,19629.29732800982
79569,5376.367990757505
79570,12047.01201688926
79571,39628.966555110936
79572,22999.149329425938
79573,14397.62742830896
79574,13922.752508063102
79575,30401.014727898535
79576,34081.940622443726
79577,21698.1006334747
79578,21380.157978671738
79579,29583.718578609394
79580,25968.714690495857
79581,23561.032024014003
79582,25196.7178120276
79583,31488.498922621784
79584,32112.067401950466
79585,25194.69161417644
79586,42268.37442073529
79587,18445.406859344268
79588,20278.478578049104
79589,5620.874274489491
79590,38872.13401864981
79591,29542.570764486205
79592,14119.533887807022
79593,14252.72820491969
79594,34584.899730030374
79595,20581.65754289835
79596,20566.694195144926
79597,11328.67572971915
79598,9157.59192002997
79599,27303.396904421472
79600,24139.43653319529
79601,13787.561366803287
79602,27627.28513638767
79603,21956.738158947017
79604,17403.76880248151
79605,19398.113067435956
79606,9303.09555815183
79607,15688.337700233742
79608,22320.281276970258
79609,20999.6911870559
79610,23629.406909184367
79611,12362.7542152319
79612,29634.23542203135
79613,29438.450678125773
79614,25717.707651105455
79615,22670.67434363917
79616,27655.304908315833
79617,25566.93763778333
79618,28803.348629171353
79619,11360.00525857286
79620,11133.190071412133
79621,26543.069967279425
79622,8892.396116327787
79623,23711.154648930467
79624,27072.29800216366
79625,26875.74806689053
79626,15939.716645018569
79627,18764.494565906152
79628,18553.50720057133
79629,21457.64996003041
79630,18311.65348580068
79631,27745.119830929743
79632,21628.775280927843
79633,20291.238039825694
79634,7406.6484656908715
79635,60827.758291891565
79636,21269.920923537717
79637,17329.073876885996
79638,19841.386047546985
79639,51517.00754352554
79640,11514.913684931116
79641,8225.434231051684
79642,30901.117399935527
79643,53995.507188427044
79644,27945.140581561704
79645,21955.854893876414
79646,31028.81781839915
79647,14534.099541865378
79648,36375.55306252024
79649,49184.75892772478
79650,15407.049977470371
79651,17898.926082944465
79652,11453.498281761367
79653,20680.507586691292
79654,9882.394153821353
79655,28261.502641738443
79656,21174.50232593193
79657,14092.121480519416
79658,23252.26730464442
79659,27430.965854179816
79660,46862.719892928595
79661,26221.28721354672
79662,25765.806692246882
79663,5095.960548320981
79664,22524.816281056334
79665,23050.14227905864
79666,17332.034676983498
79667,17778.392536893352
79668,21471.52526317743
79669,14323.212711472897
79670,16329.937815880616
79671,32933.341822958915
79672,11788.187929433068
79673,30190.311559042395
79674,20900.570318378115
79675,18932.889900898128
79676,18558.79948509767
79677,24858.14695991361
79678,30648.56207752046
79679,15858.36339722705
79680,12379.933095500175
79681,28877.834096009352
79682,13258.13571724515
79683,10187.562286145607
79684,21362.882921361095
79685,27930.55212009077
79686,29233.49696868017
79687,18413.078463821275
79688,13969.976028949386
79689,23524.20904630643
79690,21945.491325487776
79691,33343.600146730416
79692,24716.029083504985
79693,25464.08802724572
79694,12834.87328597842
79695,16338.73193487044
79696,37193.8481578133
79697,13147.640092334817
79698,28756.1686469871
79699,13945.748368161818
79700,16734.56226661595
79701,8925.635575170712
79702,12364.469249371197
79703,13128.990429501684
79704,19715.698755847196
79705,18412.966176949103
79706,22352.467090152513
79707,49640.791889170076
79708,28486.710721480635
79709,16400.743550654766
79710,10443.84639791903
79711,14373.73923094787
79712,24441.45158142001
79713,19627.10281316039
79714,19880.932283431346
79715,21577.466684175706
79716,20892.70037963053
79717,7930.5460156912195
79718,11528.998586198459
79719,23983.309205833768
79720,18084.6032700126
79721,21374.977088734842
79722,15204.320750227762
79723,43408.03391177803
79724,32683.265559649506
79725,12916.301978262083
79726,19402.134905060215
79727,22785.653557867085
79728,56365.73262885727
79729,18790.639853945282
79730,21418.27144970922
79731,11657.436822081456
79732,23957.607083174036
79733,12527.877304071706
79734,12861.400660794217
79735,24373.913638515525
79736,11752.415229642907
79737,30866.821815921263
79738,12687.299384705473
79739,24807.49537909064
79740,9242.26264053358
79741,16162.170833182141
79742,10001.350840080437
79743,34982.275507576145
79744,13343.635359352427
79745,17712.56199339873
79746,25876.70254274535
79747,13322.917858054452
79748,28512.599697815273
79749,41948.47997643144
79750,21584.529710138915
79751,19650.562380333886
79752,21833.160034676137
79753,29436.713197696914
79754,24190.89010265001
79755,60973.89130029903
79756,12380.166640394611
79757,24931.447175724163
79758,33933.61422447284
79759,21661.439980058523
79760,52365.61899663433
79761,36843.13070917767
79762,19063.84534839388
79763,30851.13594558657
79764,19234.25267364359
79765,14784.258813093047
79766,18224.45150636315
79767,8106.190369271601
79768,34119.72080188078
79769,19356.526834279026
79770,28200.281718082675
79771,21498.161336955745
79772,32512.12101573129
79773,18743.06616600426
79774,21363.44158487806
79775,15868.861949527893
79776,16657.353368242344
79777,11658.259433419453
79778,14409.048314658075
79779,9444.523028226751
79780,10331.945638029669
79781,12896.263208293884
79782,8083.907820934375
79783,11981.027387784363
79784,16339.739562488985
79785,16355.20192204993
79786,19655.65941358212
79787,31311.687314037594
79788,21284.748083453647
79789,21942.097542978245
79790,26809.69119092744
79791,46596.11010860496
79792,19481.65258193707
79793,18449.28450972584
79794,14950.48806498968
79795,11638.377628932732
79796,16503.51114824785
79797,23175.53925999208
79798,15759.8156849437
79799,22473.664395332762
79800,47170.74582317802
79801,22009.60723378233
79802,20569.118180615646
79803,10569.163050431516
79804,21491.194492708815
79805,27824.57470665261
79806,21916.320771812534
79807,14251.7543295594
79808,12810.63947596036
79809,13843.706327233973
79810,31883.83702549198
79811,20705.54235838896
79812,13805.73692537088
79813,30113.54368091108
79814,20855.396596591494
79815,18244.459818117903
79816,13901.078447138187
79817,18383.40214528858
79818,18811.34185061107
79819,37556.83070193878
79820,25114.95094943461
79821,22586.303582742257
79822,14560.52164275536
79823,17531.938808176998
79824,31679.462247607764
79825,29526.408258688916
79826,11359.062036479949
79827,14613.671284727925
79828,24825.156801839446
79829,28110.118236277096
79830,36045.8920094498
79831,18437.05582478891
79832,31378.867091792585
79833,40135.9901604382
79834,33487.01502581264
79835,19430.09679979498
79836,16717.063729150126
79837,21685.451040823285
79838,18153.81433536099
79839,15978.70068095631
79840,23487.113113082454
79841,16340.955122967383
79842,25564.75816176739
79843,21295.914327156177
79844,18390.0806828424
79845,12056.817269209865
79846,11156.469755273287
79847,9794.833602235896
79848,29611.749434618
79849,16480.141341709186
79850,29078.71054532525
79851,18571.897667854635
79852,18078.656983613422
79853,30077.61992495044
79854,7511.295768006476
79855,20145.96359001013
79856,28322.1511637653
79857,9370.084154350641
79858,55206.5987816811
79859,15816.805777763524
79860,20674.97771264844
79861,10483.320013933648
79862,21685.45707758444
79863,31415.133874117048
79864,22116.899495862126
79865,40094.841023977824
79866,10259.028055464383
79867,31690.515194504816
79868,16753.794412085517
79869,42735.56976893891
79870,10796.40288957599
79871,16936.41168624017
79872,66578.9810855336
79873,13975.737479588306
79874,28293.780303098254
79875,21644.300232662572
79876,38683.357633145846
79877,15309.100231408282
79878,13752.089574005338
79879,28119.843077887188
79880,36622.96693012179
79881,45849.03273157635
79882,11567.248369939287
79883,23536.966933561893
79884,16982.739821996736
79885,25759.851551888718
79886,28560.28118947846
79887,23402.278136835488
79888,13121.841435555689
79889,18605.055711751855
79890,13841.634367728984
79891,28805.070475184995
79892,16611.537862317244
79893,19014.853071655776
79894,16314.475324934652
79895,11219.892550233513
79896,18245.49649827189
79897,32490.71415699233
79898,19569.460651344147
79899,11278.683268828876
79900,19325.96384503527
79901,26933.557270397858
79902,17594.810359230476
79903,41880.807181460616
79904,25089.08975691226
79905,18571.49383923747
79906,10401.58090735549
79907,21276.665541978586
79908,20796.90187116709
79909,15504.990881716325
79910,17109.66178260016
79911,18421.325107032808
79912,12572.873336275372
79913,11818.48003890996
79914,12718.763847323426
79915,8383.877464180707
79916,33328.33624780797
79917,14146.045229652425
79918,38628.40873424513
79919,28663.304259320405
79920,18441.072886163034
79921,17872.51782129553
79922,18480.053934852607
79923,9294.789255400796
79924,12043.160204434143
79925,15056.838589078603
79926,48343.755038811854
79927,29053.886828427403
79928,28749.731763637414
79929,31378.32905513699
79930,7061.252795514618
79931,19694.662468816485
79932,31089.782590796098
79933,22453.304454422883
79934,17348.59952509714
79935,13733.215557865016
79936,12289.681988753475
79937,54977.60675217114
79938,21216.328143089144
79939,29803.50717231723
79940,20179.918646798225
79941,20041.787130512625
79942,19001.103305042005
79943,13932.767532812133
79944,54498.04223057064
79945,17092.796224811817
79946,25488.079872658607
79947,20072.37631656216
79948,51289.20379956141
79949,21039.444875026376
79950,27517.60511284777
79951,33315.590376733584
79952,14153.803247910222
79953,14091.258073799647
79954,25361.480782841427
79955,8269.819358381166
79956,14732.5475870232
79957,11493.888057809774
79958,26825.65132954196
79959,22868.20514462581
79960,26657.701490963394
79961,42857.6519328964
79962,28057.337369232962
79963,23214.06212809214
79964,21255.048407527654
79965,33400.59469183931
79966,10980.202720492403
79967,27843.756496428996
79968,22738.762221369052
79969,33232.283373666796
79970,21469.81641357399
79971,20934.65891280188
79972,19315.525986093886
79973,17522.31391334878
79974,33392.37038062329
79975,36033.08865635189
79976,20236.20431647186
79977,15074.594191970631
79978,35969.05722311035
79979,24190.488994473642
79980,29694.004236713066
79981,21565.117646585753
79982,11037.963559357107
79983,14470.118427268886
79984,14887.178803120903
79985,11644.516438131095
79986,22669.758831159405
79987,28611.490361509892
79988,19610.208342103426
79989,29066.390135662736
79990,10766.806465285128
79991,13050.785377541966
79992,12855.16383657012
79993,22052.04079988224
79994,33086.087852709716
79995,16162.170833182141
79996,50533.20376520702
79997,21633.584285164514
79998,20709.519279220436
79999,31446.947850051303
80000,20703.550368332646
80001,26748.450537019107
80002,24191.22883403378
80003,22044.625939398633
80004,25716.35327264444
80005,21572.24955948564
80006,27080.074551930025
80007,13144.554240957785
80008,14691.639356582275
80009,12587.450721252193
80010,10691.45058903333
80011,23314.062764986964
80012,25983.988873568658
80013,37097.92103513632
80014,21837.17816879014
80015,15314.124827358306
80016,20034.303014496578
80017,6893.242237539924
80018,48369.62054701149
80019,15301.587299881545
80020,28954.29820995059
80021,49403.74556136273
80022,14265.874777345252
80023,30189.63485096755
80024,13788.9319618317
80025,33699.461635319814
80026,13704.86924310861
80027,16615.826472015815
80028,35008.74627908553
80029,15026.298550477068
80030,35750.88489899894
80031,29769.50736886134
80032,30308.0782514142
80033,7125.8315586938725
80034,27913.754659293692
80035,23542.68489530471
80036,34440.594169593365
80037,7907.773021690953
80038,35644.59638218216
80039,26202.650181757544
80040,23122.7690328604
80041,31008.13002087427
80042,23889.402913365455
80043,22692.323785114644
80044,48725.29944568095
80045,20217.240448239958
80046,46776.431998336266
80047,18920.315089486307
80048,41186.79796319376
80049,25427.511369680928
80050,25130.385118730326
80051,4381.314343951255
80052,17554.10241401924
80053,8994.276785164653
80054,27148.725912325524
80055,20381.563736363012
80056,26381.973771155957
80057,27710.68759253922
80058,18735.01059830198
80059,30702.985908944782
80060,26798.859930729417
80061,17628.806353398344
80062,27441.19528249541
80063,24775.532777422035
80064,16079.137207513946
80065,10737.6209971572
80066,31098.814438726153
80067,46134.39524181998
80068,29095.118956132443
80069,29261.89918827653
80070,30228.828364079378
80071,25654.79094921807
80072,18956.71345650773
80073,15106.662602028795
80074,25449.86039155068
80075,35371.99365793511
80076,15331.257233291224
80077,28307.491487600142
80078,14207.772359176246
80079,21774.81932697384
80080,30498.668727307384
80081,14102.655287742156
80082,9004.876052055737
80083,37616.32166757514
80084,30219.182871131074
80085,20842.73689354982
80086,33139.0099948517
80087,6978.6123189644295
80088,29179.51944386701
80089,49157.708839435625
80090,23213.272443922644
80091,20490.74561036096
80092,26345.877111590664
80093,27274.555086828223
80094,20040.836818405205
80095,48679.78645599878
80096,16320.682055842764
80097,69683.97153042509
80098,42242.11225401465
80099,29881.606109679844
80100,20208.203211108314
80101,20528.302429247415
80102,15636.923374263824
80103,24502.078244504355
80104,8812.535105003184
80105,20006.28983270479
80106,10413.965799594005
80107,24191.22883403378
80108,21909.802992753834
80109,15830.527775593277
80110,26679.499746349997
80111,11233.564801898077
80112,21889.257271423863
80113,31182.28304665839
80114,16494.853693144738
80115,25752.82358039384
80116,13287.745484560544
80117,19103.89505160348
80118,19389.086413792887
80119,21439.505913156718
80120,29337.426927906217
80121,23537.40731806083
80122,11457.63029429575
80123,25098.709048021665
80124,27395.606945397176
80125,11416.276988185813
80126,47073.87662970734
80127,11787.274157593753
80128,18882.910727901053
80129,15576.048922256152
80130,10743.745778010574
80131,41113.35896368587
80132,48156.2693058763
80133,18909.11765635577
80134,21681.99373591949
80135,25728.704063530313
80136,19584.570272467772
80137,33124.3446101734
80138,21109.251557327352
80139,22349.575155044735
80140,15547.533487737823
80141,17831.605423264773
80142,20997.05034550659
80143,19787.361637822247
80144,12159.45323470312
80145,14940.204498104917
80146,33899.04714666243
80147,14903.340434922462
80148,21988.250320078532
80149,22609.016744946603
80150,20102.716890366966
80151,12847.391441987884
80152,16692.748170988016
80153,40112.72663450945
80154,22478.355575738144
80155,35522.759973415355
80156,26541.126066026118
80157,41360.2353699273
80158,25454.606915693286
80159,9871.619615415515
80160,12554.12158717422
80161,21368.693231072695
80162,25307.96462680931
80163,13654.269669352505
80164,11497.233670886239
80165,32566.063832765358
80166,25002.433451365403
80167,25924.019773428572
80168,34440.594169593365
80169,19789.120756036416
80170,12240.82300590471
80171,27913.25933687562
80172,50662.36387866042
80173,29802.564789442567
80174,13517.254347420723
80175,15938.692561056798
80176,22046.374258539072
80177,26684.300567177168
80178,14367.242808760664
80179,32304.063668912688
80180,20816.374426498965
80181,31063.193566000682
80182,30168.571566979623
80183,28369.3846868255
80184,19738.335623662733
80185,56150.383613412036
80186,17794.608496748308
80187,9351.762615069358
80188,20083.431323314115
80189,35310.44237870179
80190,26659.0423096958
80191,21661.439980058523
80192,16763.540556251217
80193,26231.283955181738
80194,55029.41357040004
80195,16043.906900336306
80196,19811.48587522053
80197,14520.044932700634
80198,16309.050740800349
80199,19080.009931213306
80200,18465.626500988896
80201,20495.73809275477
80202,20712.085021503106
80203,25166.9743737821
80204,25500.676544668837
80205,16424.95011031259
80206,10898.159249751678
80207,13845.1457009995
80208,10165.05325134365
80209,15168.29630807403
80210,23063.13531040209
80211,22480.81383713541
80212,12344.008944866171
80213,24460.120047278495
80214,24746.20783590904
80215,8777.753787059222
80216,16924.4954015914
80217,11689.759278274529
80218,13362.527695541621
80219,10788.020805979639
80220,41546.99342130558
80221,18256.291209970303
80222,12348.42375459317
80223,75752.9599243681
80224,16993.081753753788
80225,53634.753176602775
80226,22829.06737064711
80227,20117.773708190867
80228,10850.18732395118
80229,33971.06884485353
80230,30211.203603163896
80231,23849.622656019965
80232,28855.982490795297
80233,22746.32837246476
80234,10560.59377537099
80235,49275.68297689487
80236,18607.93842302186
80237,18979.496997718106
80238,39862.348284512234
80239,8885.526693204596
80240,28296.07495301012
80241,9843.325669298089
80242,31151.19342493806
80243,21969.548378481402
80244,15099.573053457827
80245,26726.87504811525
80246,25735.96672120036
80247,16901.577596816507
80248,21257.21011636446
80249,15508.10819075978
80250,40626.071141565626
80251,26430.935797384907
80252,12160.16377912878
80253,18479.79436486104
80254,13515.682722415795
80255,10625.381770290294
80256,18960.40402985031
80257,25298.175111441553
80258,8148.935953833557
80259,15844.150211283544
80260,31886.93520479391
80261,13779.418556434799
80262,13687.656496816398
80263,18284.146355919547
80264,9996.554909968094
80265,29750.258086373302
80266,13704.171825333624
80267,27604.40128646385
80268,8839.414226142602
80269,18532.476386922695
80270,29011.68825476829
80271,25275.72620346572
80272,20079.833472706963
80273,13991.514992691033
80274,15919.411645671138
80275,13964.833993355314
80276,25551.749393704158
80277,20813.070955392654
80278,13467.005252517049
80279,22429.222174591858
80280,19029.51662825895
80281,18098.458201475343
80282,20344.05157473454
80283,16938.20658297514
80284,10422.305300126733
80285,40701.7451230771
80286,7218.914749125215
80287,18262.548054554612
80288,23182.154645026607
80289,17290.114297430533
80290,17062.92130982297
80291,41489.78129163765
80292,14039.690807696497
80293,12658.445556534267
80294,11620.76008629468
80295,16390.230228609293
80296,9525.89150413157
80297,17487.13965626189
80298,23393.055064973276
80299,32565.087465656536
80300,10729.420872604169
80301,37379.12307674174
80302,14004.345812185218
80303,14563.269192382451
80304,3682.2680836151158
80305,29014.174849029543
80306,11661.917648422868
80307,20000.26345105402
80308,20505.560621406956
80309,13279.177508071974
80310,18470.313169932862
80311,19171.344479623363
80312,28467.944462609652
80313,25355.396672879513
80314,19439.77891723349
80315,16134.13640328035
80316,13687.613099137852
80317,28097.95446412281
80318,22207.229657751803
80319,30318.955159723348
80320,29928.885640277582
80321,25264.154832294553
80322,14487.370239714675
80323,29605.15909151537
80324,48867.39354508359
80325,21847.870484551277
80326,54993.2947898374
80327,10444.257967860794
80328,18807.248423334113
80329,28279.081033607545
80330,31610.58208881616
80331,22363.388950853387
80332,26014.563232257828
80333,26412.35620959396
80334,18856.579371972646
80335,29586.04258568413
80336,23050.44186895143
80337,20218.787470694755
80338,15906.272156549609
80339,24070.767870027477
80340,14014.22303164433
80341,23263.535616752786
80342,21715.42398637027
80343,14529.225076302957
80344,30569.66431328694
80345,21538.891633381543
80346,23214.06212809214
80347,30580.858812362865
80348,19215.04571453848
80349,11482.247483548666
80350,22738.860738575677
80351,11370.998835510472
80352,44748.636650842745
80353,19522.42982527815
80354,19655.65941358212
80355,5214.645161847437
80356,28511.362796290894
80357,32316.05053287645
80358,44775.208275711324
80359,14294.563178748474
80360,37804.789003592945
80361,45808.51511106552
80362,7706.898646787651
80363,19102.252219919075
80364,19349.374467304733
80365,28474.071961477985
80366,42531.72130762261
80367,17746.87603150374
80368,31642.472020940535
80369,13782.020285841372
80370,17238.694396331204
80371,21130.95788274793
80372,26100.562652392982
80373,30616.78626585826
80374,25462.565823005527
80375,10150.66521912929
80376,18195.17768978209
80377,25419.594921058746
80378,27574.914654002543
80379,15180.718059978919
80380,24520.143042476808
80381,28132.02956945467
80382,20676.345238438676
80383,27181.98013079105
80384,11727.099561075127
80385,27767.55389217744
80386,42059.141101503665
80387,28660.477720995463
80388,25611.177810354522
80389,32420.3185755292
80390,19766.247876137095
80391,37800.353160875
80392,18482.862280674635
80393,14509.920273187081
80394,15339.647316420376
80395,15462.683109351225
80396,32204.64155643521
80397,27685.328950929004
80398,17641.37303890516
80399,32352.399196751
80400,15305.30805368744
80401,14920.306830232294
80402,24831.947501401315
80403,13065.792897204303
80404,31050.14278631974
80405,29691.376897659087
80406,31462.199353479118
80407,24636.406653709117
80408,36609.472640109394
80409,13746.540629744248
80410,18762.140970494955
80411,18657.954938284038
80412,22808.45225547773
80413,15793.900603643917
80414,25978.629316886265
80415,11558.269705056066
80416,17811.521220809842
80417,18584.641923569216
80418,19677.90343921825
80419,28106.75829188388
80420,16883.181656691333
80421,19042.83713215151
80422,13453.415150459576
80423,20088.899939755484
80424,9853.503480154039
80425,17403.034663360253
80426,7551.200519621491
80427,8764.145458210083
80428,12357.401585042675
80429,38150.752723429185
80430,11220.743499302936
80431,31456.958914559396
80432,8438.832396247799
80433,20799.84732234014
80434,15401.508336948136
80435,12797.716792204075
80436,17336.350487403524
80437,9031.956981538158
80438,66476.51637682595
80439,25493.745094967322
80440,55438.88361901294
80441,15687.737408676332
80442,14177.215362104496
80443,31944.582329699955
80444,29352.180917686754
80445,10672.074395644107
80446,30265.34940874899
80447,10344.99756433598
80448,13466.962725778141
80449,12182.544265584607
80450,14684.256720384248
80451,31188.621382980647
80452,12280.73268102247
80453,17430.67486593147
80454,9414.091891701944
80455,25194.050783149985
80456,21146.35889807901
80457,16087.162631877896
80458,25018.365949725725
80459,20363.528545625515
80460,15769.633660727
80461,28424.49142192697
80462,24203.27822410977
80463,25346.037360849583
80464,16591.531945121897
80465,5109.768858669576
80466,3652.896343772068
80467,29951.77393749639
80468,16909.66756147017
80469,12909.5334796022
80470,27413.749253728434
80471,18790.95824388022
80472,13088.832501425248
80473,23424.007776099897
80474,16181.880493915081
80475,12096.249471351872
80476,9654.229890836963
80477,25248.702844113664
80478,11011.53983380072
80479,23248.65404353509
80480,16702.191199774883
80481,19705.546261376723
80482,23425.362543351213
80483,10413.576217054964
80484,54814.224741468905
80485,23357.266738245908
80486,18335.27617761966
80487,12137.555502465242
80488,15953.639909443671
80489,9221.67866528153
80490,25432.091540017977
80491,20874.862259063088
80492,22511.830318764725
80493,23321.552701505465
80494,23011.634223648813
80495,23324.064149115904
80496,21422.434615243954
80497,10491.956254030656
80498,18177.112672932148
80499,24231.399537450143
80500,11116.414352188034
80501,19747.858170262585
80502,19154.49156065831
80503,26105.13197966865
80504,28628.08312761947
80505,10861.767612861082
80506,5840.298252468085
80507,17488.95216397666
80508,14399.309493181598
80509,45620.68572759454
80510,18309.41661787165
80511,64789.666566115564
80512,16316.767950113508
80513,52649.44258048075
80514,15292.758250142992
80515,35913.82216414429
80516,15716.271394039724
80517,13130.160972236863
80518,26665.231250922523
80519,32652.658296305704
80520,19795.31058084606
80521,24505.440137691086
80522,18934.577707364115
80523,14373.8276906004
80524,26791.469089761467
80525,29433.736988855286
80526,40094.8740413013
80527,24719.984656268545
80528,28084.706151024988
80529,24108.62935951089
80530,12082.911344555134
80531,19171.344479623363
80532,12786.693479953365
80533,16568.75288649088
80534,13222.54154400375
80535,22620.316762663446
80536,21372.28612320394
80537,21991.74613223224
80538,36707.44339061492
80539,34011.600724361415
80540,16835.965474864654
80541,26327.79603898292
80542,44817.632412383246
80543,21701.33709938811
80544,47149.03878754155
80545,12526.413175128353
80546,28029.361510721876
80547,27277.41895041987
80548,27119.330268794773
80549,14641.758725131507
80550,14541.394784998052
80551,19972.021792805244
80552,31334.206764979135
80553,9942.805899608373
80554,31285.810837384102
80555,28665.048924210034
80556,24759.581122017527
80557,26019.281655270224
80558,9638.74250148356
80559,17151.813997012792
80560,18862.849931489964
80561,35103.442528754866
80562,19939.192524094844
80563,19735.973021146714
80564,32072.837134581954
80565,10988.530065978524
80566,33682.02099316296
80567,13924.347598951486
80568,19592.283143472454
80569,11794.215389111021
80570,33755.60672211666
80571,20886.553405122046
80572,10562.69327163198
80573,16312.717713823557
80574,18473.118511599776
80575,15726.04023612569
80576,27190.28971821053
80577,7837.183446945873
80578,28546.03478154387
80579,11688.974638200005
80580,16345.215484810333
80581,22544.092990230067
80582,13405.60128782696
80583,11863.805802314095
80584,16571.45876041059
80585,27355.624512526832
80586,25031.37281275402
80587,33309.1343364421
80588,20964.201002380294
80589,73157.80072875755
80590,30323.721015840176
80591,54003.82852365535
80592,24195.531027504017
80593,53812.50340093044
80594,15272.049470672617
80595,19533.64929763374
80596,9917.544377214752
80597,25765.806692246882
80598,21555.789665110187
80599,8515.287727101806
80600,65439.04439488736
80601,32101.146624181176
80602,21729.502649710797
80603,14427.906829871745
80604,32598.213363644423
80605,13942.145729264188
80606,15959.573316315034
80607,18591.299202408176
80608,14069.841805840873
80609,27201.468193240376
80610,13134.874505642989
80611,43332.997087864074
80612,20895.126348478265
80613,16970.870483544826
80614,26877.99989046602
80615,32253.078772506284
80616,40721.11972916113
80617,14559.036083291403
80618,30829.805507520286
80619,17285.798430973166
80620,18109.509773283997
80621,22679.791590052013
80622,27492.393246125994
80623,33343.600146730416
80624,15190.437006730159
80625,17954.729089151497
80626,30198.027246591937
80627,13285.850953022456
80628,37293.492988679194
80629,12374.676694963739
80630,19706.603334775336
80631,48208.08628191158
80632,22331.777548225993
80633,29346.22263669745
80634,45882.818534328275
80635,21061.563170582886
80636,12746.66052815953
80637,21785.31064501257
80638,35734.892570204065
80639,11652.246889976484
80640,17869.203725270647
80641,28287.644475263627
80642,21651.7694242619
80643,15348.56506627857
80644,24102.467097197434
80645,62525.733344009976
80646,22478.355575738144
80647,22724.759360013308
80648,28084.526163743514
80649,18739.328229179693
80650,23014.896849646266
80651,15030.597092519052
80652,22266.095530158076
80653,29758.152143414125
80654,29270.707356890533
80655,20148.712938279794
80656,12859.991319482446
80657,26903.132207788243
80658,13109.593762688655
80659,39379.05384583099
80660,15116.483590874452
80661,10261.817404387528
80662,29839.08231109111
80663,33122.94054679423
80664,26168.58515389556
80665,12333.08811653415
80666,19898.370626176413
80667,23932.220232360378
80668,13962.49439889484
80669,19912.99017469919
80670,23237.82998048512
80671,16644.074227836812
80672,26864.404392443605
80673,21739.353279304698
80674,20320.736401176135
80675,12696.901373502818
80676,31630.851219114604
80677,12948.17450408945
80678,28134.192691199303
80679,11417.191062942175
80680,19470.313470522124
80681,27298.035076993256
80682,20510.85692691601
80683,40004.598167114586
80684,27414.35279496294
80685,12270.944813906674
80686,25217.8992728377
80687,27432.67051573197
80688,36186.206275267505
80689,11421.495614429268
80690,19276.216049630064
80691,32420.3185755292
80692,13846.472525078887
80693,17289.770371979463
80694,2685.1578234313506
80695,13205.54870463863
80696,11067.033890615696
80697,16996.292198072988
80698,26463.458594354037
80699,21816.689497884225
80700,33629.26392426122
80701,15304.61730274832
80702,13736.612587155752
80703,38575.76187326754
80704,34264.88172491249
80705,25256.097298144203
80706,10291.10765585058
80707,18075.880693172167
80708,14091.972405691484
80709,14830.443239471793
80710,26504.96760570875
80711,19555.923417566697
80712,19070.698458184288
80713,11077.845855870897
80714,26938.06903836229
80715,22922.434193500147
80716,20934.544475559363
80717,17607.397597068964
80718,31980.51308864815
80719,10340.391155520858
80720,13259.391708648487
80721,27860.7271299623
80722,6764.915505075853
80723,20095.84676110112
80724,14656.347955105804
80725,18922.18314020878
80726,26328.64464909599
80727,21426.293989049576
80728,19941.9205450484
80729,7562.715883430215
80730,15651.119265769725
80731,12707.694523023169
80732,22717.43601136782
80733,33403.62263612821
80734,20739.098447693974
80735,22829.79310777119
80736,15720.451142070804
80737,19642.876793354015
80738,32865.59181083275
80739,18196.63722607683
80740,21872.9120008802
80741,28350.830337513857
80742,17089.99685539135
80743,20732.620842155167
80744,36763.797585826374
80745,33343.600146730416
80746,48171.27486561734
80747,26367.115017357326
80748,26021.438990951076
80749,30054.653959929376
80750,57372.61559914214
80751,29239.91431571425
80752,9771.493539449004
80753,26965.670764099643
80754,27775.40091438178
80755,16484.16068130166
80756,16418.55773263934
80757,13650.407594474234
80758,16273.106505650656
80759,29762.339738557937
80760,20143.383012693987
80761,12922.986763830299
80762,26413.25707433609
80763,22528.24534752925
80764,17398.082176770466
80765,16737.661088542747
80766,13936.47144342332
80767,14590.034329110735
80768,10774.562686595913
80769,28731.32551697815
80770,34090.08287891635
80771,5204.058309731059
80772,20852.475357991894
80773,9602.994474601417
80774,27564.866172753467
80775,50449.37882626447
80776,9001.288118673496
80777,36887.88440361435
80778,20380.374008136336
80779,47996.54160819821
80780,26231.283955181738
80781,30208.52704533651
80782,53761.848181253335
80783,18109.509773283997
80784,13827.44076706447
80785,24391.15836170343
80786,17386.302799475037
80787,12883.446597333785
80788,17179.86061908862
80789,48679.78645599878
80790,32649.56104578451
80791,71382.6950923489
80792,11319.303338140113
80793,13504.176876923215
80794,28110.118236277096
80795,14190.99032552562
80796,21384.34321790155
80797,23411.23203046365
80798,13706.93706987799
80799,9805.557087083227
80800,21039.444875026376
80801,16466.52496078218
80802,31550.35863276856
80803,23476.04885297187
80804,14435.639950588182
80805,20552.508448530763
80806,21054.534872878226
80807,24180.221796962465
80808,64959.91314185117
80809,12148.077102484684
80810,34902.25070007093
80811,12573.293275883187
80812,30436.734486954763
80813,15976.366922924515
80814,11433.714500719509
80815,16195.254261863261
80816,33830.53989447819
80817,10461.243271447178
80818,9648.884978853348
80819,5818.597401279714
80820,11659.82177187715
80821,8745.981827863196
80822,21533.226907094177
80823,13460.119050583577
80824,28798.314772026893
80825,19297.20353913908
80826,14684.927467720612
80827,23905.152652149915
80828,30134.786841347912
80829,16401.09285676764
80830,15389.993713469445
80831,21996.85246216592
80832,10646.912199768229
80833,12448.667093386042
80834,19554.070080644735
80835,11298.364176519382
80836,20290.467246999982
80837,23838.683142391983
80838,28777.540526113127
80839,24253.816391301523
80840,24412.493958707317
80841,24123.560843892825
80842,49246.59783589441
80843,15565.06023450579
80844,6255.063198793924
80845,23422.151994233926
80846,17745.296740253936
80847,28935.645126480333
80848,28883.86213912506
80849,30403.613244347875
80850,28757.722975513996
80851,30608.9997906978
80852,24943.183840651855
80853,15484.966523788982
80854,20425.679830006404
80855,31280.94469501028
80856,17837.383433265426
80857,24790.86040032749
80858,11293.152323373082
80859,12815.73615544857
80860,22401.60738359569
80861,16680.535898898343
80862,23412.962701574696
80863,16291.799146790067
80864,16554.006693307405
80865,18130.26447876595
80866,19511.575661429488
80867,34048.571497207704
80868,14806.255496771093
80869,21560.05105951244
80870,17929.70122728696
80871,11968.06670524718
80872,11968.520883613794
80873,15461.960819560569
80874,30278.45920265397
80875,47695.533420109525
80876,21084.382234767018
80877,22032.053045353212
80878,20753.058146015945
80879,27856.94839249546
80880,18007.892643617393
80881,11040.479938958935
80882,21784.41169197491
80883,16355.20192204993
80884,15246.141723461875
80885,34311.34425243786
80886,13698.911388270804
80887,14200.585145188606
80888,11843.82532719991
80889,40422.58753124067
80890,19668.965581311317
80891,25952.156674083573
80892,20724.674863337415
80893,23629.406909184367
80894,47810.490585536136
80895,14277.44059775749
80896,24539.624134746136
80897,27010.540657565383
80898,12798.689011350496
80899,29095.142868570492
80900,9987.676847298748
80901,31708.132220306743
80902,19488.74556946451
80903,27826.707367177747
80904,34676.98691482632
80905,28451.70127056801
80906,11162.082665616674
80907,9733.189267224898
80908,57050.77384450408
80909,21799.038160610347
80910,37505.91684582054
80911,66809.88789277013
80912,22026.667204505706
80913,27320.422443099837
80914,29051.635667189246
80915,9592.14430802869
80916,26700.093659901206
80917,20134.22290483735
80918,23413.991420581624
80919,13118.570337279243
80920,22028.393013647114
80921,26986.085101872544
80922,17520.479079984147
80923,29493.26178491747
80924,27957.119904429062
80925,49232.50399721264
80926,12373.959735659868
80927,26659.0423096958
80928,32339.069489844544
80929,20733.069804274463
80930,14441.58030646435
80931,17823.327900357144
80932,65065.4737395746
80933,13048.541465824615
80934,18916.200009527434
80935,10942.012366823414
80936,14556.357103069717
80937,17379.608668349272
80938,27217.836183910294
80939,23438.9970180486
80940,29551.63914063675
80941,20726.731819044613
80942,10626.412935663318
80943,12326.134936041168
80944,35309.83656676903
80945,30116.8984322719
80946,20782.932024086564
80947,17308.39873714376
80948,14744.493493251464
80949,18293.626202929445
80950,47731.17968452496
80951,33141.70817519489
80952,30449.32748319136
80953,19707.418946386188
80954,12126.691800768946
80955,38329.085936150965
80956,13200.196138818033
80957,26278.488419352165
80958,29288.024028085543
80959,45492.29935790661
80960,13171.311181175972
80961,10479.163339144587
80962,48465.73072772667
80963,22888.91531714647
80964,20933.069719891293
80965,14731.612869133038
80966,12778.559959199692
80967,19448.082841762804
80968,21147.7869501849
80969,15657.14088729563
80970,20894.491370732052
80971,33591.157699962256
80972,19810.81876675302
80973,17038.784051544102
80974,25598.69034200156
80975,19395.727562875047
80976,14181.876328271079
80977,31993.908601563853
80978,25931.916744098107
80979,18850.9081768505
80980,22914.66422080823
80981,42353.59698800997
80982,21975.60266242449
80983,19882.20023210322
80984,12417.100048184817
80985,27870.841575715604
80986,14277.192016056484
80987,16697.244723589854
80988,46198.93137439271
80989,25615.33658419111
80990,12103.879297337904
80991,13416.777420354885
80992,12197.243818549567
80993,26853.886762067694
80994,24896.093852657505
80995,24526.96321159893
80996,49635.25146025295
80997,24689.428306074667
80998,21367.69594643213
80999,7342.296829650665
81000,41767.81808876411
81001,26295.202714030034
81002,16796.745853968157
81003,24012.862629858824
81004,19365.657480687638
81005,54601.58663323834
81006,36898.31444422189
81007,28162.497858042683
81008,13186.169708309793
81009,48171.27486561734
81010,17150.778425508903
81011,11401.024093036256
81012,11647.36556942389
81013,19493.86242371986
81014,34675.66033745039
81015,16713.30071550923
81016,20841.73747831961
81017,13805.290523074062
81018,17431.762954004094
81019,26967.080814892546
81020,31538.893081063954
81021,14116.345686534602
81022,11657.436822081456
81023,30619.71404649268
81024,11849.768238202516
81025,26473.739746137606
81026,9641.116593717921
81027,27754.440558422717
81028,28060.863089970993
81029,39795.75420698634
81030,18007.892643617393
81031,16629.100904086514
81032,20200.721187299983
81033,20996.846387122856
81034,20410.469401088165
81035,50599.51842624727
81036,14805.941771782534
81037,11672.173381849967
81038,37005.17858101712
81039,11735.548729522308
81040,13613.95007354967
81041,13716.918044521773
81042,18128.034106467472
81043,16934.330823647033
81044,17933.770735248076
81045,28733.20140303267
81046,31710.41935611552
81047,35166.17862933907
81048,15519.110278205158
81049,28902.17368725188
81050,20440.926669570137
81051,29191.636162376228
81052,7061.708443781528
81053,37668.76638957387
81054,15655.300664240302
81055,7234.622348163682
81056,10167.31086339758
81057,8997.929926739545
81058,17067.461826495357
81059,18341.2818968404
81060,19975.593139974026
81061,16708.6114938451
81062,14552.192680231497
81063,18521.905770053672
81064,12964.308418388218
81065,15939.716645018569
81066,27198.240974930144
81067,42493.11438005259
81068,33544.16795970577
81069,16373.458550019897
81070,24721.330621350222
81071,48378.49848568038
81072,17260.30169678262
81073,27649.43190273628
81074,65842.55008609573
81075,47446.887282333155
81076,40844.041357251685
81077,20255.15734073053
81078,31880.26857867173
81079,32239.913051954125
81080,49877.87434991039
81081,8241.795556629426
81082,22878.447425213537
81083,28798.287565822953
81084,33687.234854743525
81085,25442.92700584972
81086,23343.099091079115
81087,15794.140975725943
81088,11306.91646340337
81089,29869.65466734991
81090,26712.997545617363
81091,67058.21688895182
81092,18624.640750174232
81093,12376.413605884169
81094,17823.664488322636
81095,17401.88001759878
81096,21219.918068363986
81097,22764.055594135847
81098,21233.330817650047
81099,10287.000492512994
81100,15805.859308250218
81101,13622.113518292808
81102,19117.444968509764
81103,28997.157986158207
81104,16889.089067954785
81105,14571.119829158317
81106,28655.015816239877
81107,24159.0806215889
81108,10838.593267783392
81109,33523.147202214495
81110,18313.737932982167
81111,22385.198391327944
81112,22551.08484691799
81113,23647.671296366163
81114,24131.32823216634
81115,40299.07352399939
81116,14227.28267656511
81117,45571.98526909918
81118,27275.180405840907
81119,23906.04976629483
81120,16351.78955186007
81121,50297.9727290509
81122,19200.106166582595
81123,11344.33763937599
81124,18196.44980296158
81125,17210.306693444087
81126,9339.586038333577
81127,17002.014962385103
81128,14424.193732234946
81129,12345.746375425966
81130,16336.558767994162
81131,21660.30465107455
81132,14845.26163902841
81133,33122.94054679423
81134,41677.980567030485
81135,23405.078697776393
81136,24815.509257768368
81137,32516.31111259441
81138,29762.339738557937
81139,15875.461253152405
81140,10315.383074089528
81141,19273.495833758803
81142,35488.56142092768
81143,16417.21512972622
81144,23401.446455549387
81145,12791.455022718259
81146,17321.938328753695
81147,19785.373584009318
81148,21833.536834772553
81149,28798.287565822953
81150,31289.882436396278
81151,25381.11062728541
81152,15424.855706581184
81153,22464.87929530852
81154,11737.620820684675
81155,27530.97534144999
81156,30301.338603697237
81157,11258.984283120748
81158,16956.90052517713
81159,33229.9500773203
81160,25199.028237063507
81161,24862.186970233022
81162,31122.889544383448
81163,17150.221060469652
81164,12536.268838016234
81165,18770.999973552258
81166,19917.670415445173
81167,14613.671284727925
81168,13993.744569239956
81169,26895.837024837754
81170,10492.075567663534
81171,19253.843854189832
81172,26079.453195480248
81173,52169.72163766459
81174,25325.165317835777
81175,12884.963223467448
81176,29314.49808681559
81177,23876.127047338778
81178,31855.33738310215
81179,11530.143509146956
81180,17233.943749042104
81181,17769.463708397616
81182,30224.372172383213
81183,47104.58714490662
81184,14185.665753348781
81185,28134.848764308914
81186,13833.59478739473
81187,30088.16806302843
81188,14651.500304038538
81189,16746.189419249975
81190,26775.68932488697
81191,30065.528499019747
81192,8101.810862186417
81193,25013.894266519597
81194,25628.69024552977
81195,17484.114461253008
81196,28056.480307312348
81197,14552.025143344874
81198,13100.682759420215
81199,20782.63670531787
81200,16638.87149520694
81201,19172.97266496798
81202,19659.11510475324
81203,12801.60409145847
81204,20855.19351907368
81205,30492.57849303781
81206,20251.380571314894
81207,21573.243525466423
81208,14065.633673084345
81209,20145.95962331435
81210,13909.39537021481
81211,17138.653192316928
81212,26004.095266189684
81213,39927.97807356423
81214,31214.051139081832
81215,22724.193827708652
81216,31612.212077901026
81217,22004.070924488948
81218,23188.238967900135
81219,16748.146137025797
81220,31416.45852287397
81221,35282.25792303716
81222,32367.34828468551
81223,14404.118493042944
81224,20345.27105744911
81225,13528.074031067104
81226,10849.857927410341
81227,18216.170573092008
81228,21939.73682937832
81229,20705.086483043586
81230,14096.832714129509
81231,29888.900140980757
81232,26766.794069896492
81233,5058.412305332055
81234,24909.6403858682
81235,35793.949367021894
81236,26958.807415509105
81237,18507.565778252803
81238,11721.524200892312
81239,16858.7099864793
81240,21932.94422995338
81241,11329.307614181547
81242,16313.072048521915
81243,22267.191971798176
81244,25012.019027968145
81245,23722.883867601682
81246,23254.958584540345
81247,15120.87903566706
81248,19099.460195497784
81249,57424.48907150118
81250,24246.214486095414
81251,10721.71733807277
81252,26082.502673779876
81253,21893.401740575267
81254,34683.386287473135
81255,35504.223532057425
81256,25593.949578863812
81257,15169.202382317015
81258,17240.149086747962
81259,20243.125297557886
81260,24983.956653161582
81261,5414.274769131325
81262,9650.486628396482
81263,13485.198610737962
81264,30375.231050082573
81265,13658.444629712536
81266,20060.269821542333
81267,30630.344366081074
81268,43445.56653473182
81269,30779.282140808333
81270,10329.126917074229
81271,14027.388465813385
81272,15727.996955219565
81273,11313.445819556018
81274,12395.817139497065
81275,28566.59848451656
81276,20446.823949634978
81277,9373.65189601083
81278,9393.805720860919
81279,9893.493340827124
81280,25235.71512027137
81281,11819.680683050661
81282,29504.91379466832
81283,22749.55967104602
81284,20934.544475559363
81285,18569.15962323069
81286,10508.951820293905
81287,10109.974425745382
81288,18895.898968009784
81289,5053.540129249234
81290,20211.155637994216
81291,15668.016209221089
81292,18111.854377525986
81293,15321.919369776126
81294,11684.102644532952
81295,41680.55602513188
81296,13641.784443811894
81297,30512.271058304505
81298,14123.159603175896
81299,28845.913377071643
81300,30222.217101602408
81301,20274.930490665036
81302,25954.05247769229
81303,17259.114292116206
81304,11263.375646082046
81305,24690.206405458004
81306,32565.087465656536
81307,29951.801330197883
81308,16642.857319909686
81309,7851.152761190292
81310,25633.673094510537
81311,35863.0947835378
81312,26987.94827612721
81313,14919.519257265316
81314,56646.01266402846
81315,12666.411069362312
81316,13573.270944020594
81317,14642.829514587505
81318,49672.15534886248
81319,21273.899013824463
81320,17413.90194009453
81321,26430.935797384907
81322,72064.1397449959
81323,22409.930609578758
81324,20425.92046154445
81325,25666.604138412673
81326,13133.11309061857
81327,10442.356031613808
81328,22442.903551495405
81329,35643.478682644076
81330,48444.06022637125
81331,27377.251048814844
81332,48024.862975420656
81333,16465.89169616544
81334,64448.28188280278
81335,19591.060707864992
81336,16881.989427779994
81337,14127.674488692017
81338,23651.415807995698
81339,13198.759513491315
81340,35707.31097132985
81341,55928.208499101835
81342,13876.978018831196
81343,27727.207910574005
81344,17663.174878144408
81345,27439.313550252547
81346,20802.72771263121
81347,24894.556103383682
81348,15930.074489892171
81349,13422.380116309638
81350,14393.440617018414
81351,30301.338603697237
81352,20211.10348045888
81353,18042.11651016141
81354,20404.930882592253
81355,48464.361389733254
81356,27157.733588782918
81357,18257.815979385083
81358,28812.12147754993
81359,14679.872556658234
81360,8518.010683003522
81361,22892.828558224748
81362,13931.441368442067
81363,34974.92147780677
81364,12135.838798311112
81365,23263.535616752786
81366,18115.39541628266
81367,21758.687354850932
81368,15362.787281528404
81369,27327.98002914131
81370,17110.570819832647
81371,13445.782317744091
81372,28623.33236598212
81373,16653.251958610803
81374,21991.185733065315
81375,35068.37604319287
81376,23868.6696103146
81377,14352.90939543777
81378,13856.009270140925
81379,21877.011572077037
81380,12296.91112082159
81381,29369.27021951116
81382,18260.810231704596
81383,16713.364808056824
81384,17056.734747920807
81385,14000.372787680586
81386,23870.739810671177
81387,12735.361068583768
81388,11691.276996030636
81389,24972.9384102609
81390,9892.447146383196
81391,10298.120143881655
81392,25088.61384594176
81393,12414.983942850446
81394,11670.514481471273
81395,16159.788159078365
81396,30121.409559400865
81397,21483.504718948352
81398,17508.2067656709
81399,9506.918921237644
81400,18211.9481356884
81401,15385.028401876445
81402,16801.322343567994
81403,32670.82664604327
81404,20112.778602409453
81405,12517.46397111779
81406,32363.42087636382
81407,18789.163902650784
81408,18281.92138243071
81409,13168.669213957683
81410,15925.224125760595
81411,11601.598150290814
81412,17735.690071489804
81413,13881.282548399779
81414,14815.695161553032
81415,15273.631831440307
81416,48293.739431083035
81417,29927.849301830956
81418,27050.205541429197
81419,22106.006623613583
81420,29111.570596114278
81421,35717.35453565465
81422,16486.2237597065
81423,25416.308718786044
81424,10360.814233226372
81425,19733.932870777167
81426,14758.560162554328
81427,13285.511163584042
81428,9429.003579746855
81429,3313.8491425940924
81430,22201.741949744184
81431,14605.42355267433
81432,21746.87730126898
81433,22098.484725923598
81434,20986.51771223108
81435,29345.76599127855
81436,9618.5370852458
81437,14256.379554383977
81438,28541.66950177126
81439,4736.547446240211
81440,22186.65140801923
81441,30764.15673302572
81442,39856.386608691726
81443,16797.149447589596
81444,14668.466863048043
81445,12730.093816064107
81446,12077.847254549526
81447,14050.422663087244
81448,14015.40846189255
81449,13853.07810755485
81450,10218.866397295504
81451,20599.787758867926
81452,10654.615733877383
81453,12323.484109750909
81454,18328.2401518256
81455,18930.95513062161
81456,10589.772772592834
81457,35955.008067171526
81458,12878.387859919345
81459,23215.73781088207
81460,27688.983105742027
81461,26972.00294256203
81462,13429.181594490461
81463,13993.535787683986
81464,13883.794118443644
81465,22409.646378988396
81466,21244.738752635432
81467,15196.734793430867
81468,33717.59711732297
81469,20577.416773123776
81470,33907.05404988683
81471,22675.975785024766
81472,10871.935158262311
81473,22181.221899562457
81474,24195.626903448967
81475,22140.79979156354
81476,13359.688566144676
81477,56793.57149822022
81478,26642.933188474282
81479,21898.70521002909
81480,28952.292397183282
81481,47903.66178294621
81482,12035.792312032394
81483,17341.822921627943
81484,4744.010598496755
81485,19648.575089187598
81486,32019.28669448507
81487,57374.38818089772
81488,46775.05352449193
81489,27132.610372371797
81490,15605.181905315225
81491,14049.04484961484
81492,16540.970509608745
81493,19317.05884258896
81494,10419.06465600859
81495,25737.85213104204
81496,18044.874110799097
81497,27724.634226858885
81498,21567.545597910674
81499,34179.79351288121
81500,34907.69199762673
81501,28691.658134159727
81502,31097.258218979932
81503,40976.00551614423
81504,24814.450696710042
81505,46679.554279393844
81506,35922.784799190056
81507,29337.135192844737
81508,28653.271102359082
81509,15363.693918628027
81510,21655.7942616162
81511,33263.6595855665
81512,35572.53172486463
81513,12118.99453173729
81514,15421.086231323303
81515,19405.698037707734
81516,42616.4095797686
81517,11660.274475981809
81518,11536.50457639169
81519,21840.691005502315
81520,32145.147738823824
81521,23107.217180479387
81522,13368.38983658289
81523,22525.65947567845
81524,20937.817361227568
81525,27888.54394554558
81526,22339.534995149166
81527,26457.79855392304
81528,20379.38591592325
81529,20045.880038823394
81530,9407.469494140072
81531,24114.156743357253
81532,42030.65886879355
81533,35612.02973865419
81534,16538.405735515633
81535,22030.0018382091
81536,27399.243677434486
81537,13702.299348401712
81538,11647.823594131292
81539,19388.69028650297
81540,21457.375792527844
81541,18888.98399594385
81542,27212.814126982175
81543,16487.19500225665
81544,19386.533984283826
81545,14020.748390172872
81546,20655.09554688402
81547,26884.645632882934
81548,14758.740400226034
81549,49403.74556136273
81550,14057.893494567787
81551,31989.390336570723
81552,16162.170833182141
81553,18149.412452104945
81554,49021.2948566125
81555,25416.43967504736
81556,36129.46782178522
81557,27527.258234589266
81558,21814.732402796144
81559,17568.157769889924
81560,30224.372172383213
81561,17894.977288358496
81562,14054.24926550883
81563,35261.83174041193
81564,27684.862210400024
81565,21960.38615815423
81566,22152.28952310597
81567,5237.895298897284
81568,18542.24913772376
81569,14157.555338255623
81570,27718.546517014307
81571,18183.196697534957
81572,34018.723882091166
81573,26035.25718820947
81574,32566.38142456898
81575,41167.90463234382
81576,25242.81734881735
81577,30994.645860470748
81578,23748.437308866705
81579,31982.990462955324
81580,36177.66879130618
81581,28165.998311943466
81582,12960.06560598221
81583,29161.89374041562
81584,14300.324291113655
81585,10480.023973036092
81586,63406.80373957504
81587,9335.614741120497
81588,27960.95519216504
81589,16152.075876440873
81590,27427.831323239152
81591,14719.964168752564
81592,21536.58922085097
81593,13429.982258084965
81594,9011.645995767632
81595,33513.65662635098
81596,23383.057361695217
81597,20552.92682001174
81598,11636.64537748252
81599,33105.17099217828
81600,19271.056646903362
81601,32565.087465656536
81602,8647.02241116403
81603,16734.56226661595
81604,37948.28757470791
81605,20769.10460062053
81606,11933.48264069197
81607,10065.623817109594
81608,18771.549281338874
81609,24832.39817909943
81610,11297.897022020557
81611,4242.0042822292025
81612,20768.561821904917
81613,21286.500585622667
81614,26240.935091317795
81615,17933.770735248076
81616,35558.831897550626
81617,12935.64653344177
81618,14938.407303307575
81619,43518.211639534515
81620,17023.674892526233
81621,8420.734915445839
81622,22087.358191671043
81623,29104.932722328176
81624,18756.977288176484
81625,17791.594984482348
81626,11767.066286126741
81627,17496.908428880313
81628,9848.060026964193
81629,55530.52881844618
81630,23078.850651836805
81631,13569.836533353844
81632,44836.27353471562
81633,27551.008760971545
81634,17150.617745815263
81635,34835.72470595196
81636,13099.233577386056
81637,17205.110076469082
81638,37080.33713789079
81639,10418.840020893429
81640,17904.82210627291
81641,29119.568480009333
81642,23338.333345120227
81643,14130.663789263745
81644,20719.442079979945
81645,32420.3185755292
81646,28011.085038894264
81647,38339.1007594898
81648,19983.385679106257
81649,7942.48422740007
81650,29555.737776925052
81651,13535.808248142414
81652,27258.49850894861
81653,2877.618514625552
81654,12518.060424315312
81655,18162.653485630464
81656,20151.069620441125
81657,22965.36921493771
81658,15490.660897816862
81659,33390.61397124478
81660,23559.46494011303
81661,13985.12459446651
81662,35141.289198324725
81663,13070.853626113209
81664,11675.131199027668
81665,21596.248653401857
81666,14873.08387504188
81667,32265.660967249023
81668,29886.60591386371
81669,28080.822475887442
81670,22502.8203575922
81671,15392.091094627873
81672,21407.84986674951
81673,25969.41929792873
81674,19158.09042533539
81675,16665.557168653606
81676,21533.226907094177
81677,54003.82852365535
81678,12639.990521929343
81679,22140.951330649666
81680,26805.279792928482
81681,17255.824788638074
81682,22979.778393123794
81683,6366.822503568458
81684,26059.35342905977
81685,29909.454605324067
81686,20538.220533497857
81687,11309.764079567325
81688,13696.799878496462
81689,10589.52382751494
81690,15999.12778744936
81691,37853.915240942086
81692,11404.714365481866
81693,27165.081666266542
81694,24460.05842066034
81695,30060.288227516205
81696,36196.557537881876
81697,28247.72854299337
81698,37029.90451228283
81699,16767.470747772193
81700,31051.05688668421
81701,16364.54176929588
81702,37493.51636403668
81703,16383.500232100334
81704,26911.979186988046
81705,21399.264398698553
81706,10156.470290879854
81707,18422.868187837026
81708,32141.308557354
81709,33364.88550251522
81710,17751.0313980927
81711,20123.341545836738
81712,17826.741761030113
81713,25194.167386486413
81714,13171.277982016783
81715,28743.807545473075
81716,13401.96104699394
81717,29998.09990248916
81718,21310.155028858284
81719,8588.043018134533
81720,20199.19503426742
81721,27649.43190273628
81722,14492.225222138824
81723,33546.998577331186
81724,10403.007708469686
81725,31720.554490174865
81726,12163.216760446976
81727,39186.00787100433
81728,16066.165181167664
81729,32223.880896363786
81730,53903.576272847145
81731,21471.592133376787
81732,13767.196661577476
81733,14431.962027080097
81734,36588.664251992814
81735,14371.646173346067
81736,29627.62743403418
81737,15727.996955219565
81738,16777.478211893238
81739,11777.39929690005
81740,15695.572083375077
81741,33526.88316193368
81742,20894.272053839817
81743,32021.128621929496
81744,21954.061366990853
81745,22608.239648787592
81746,16526.149832462146
81747,11647.732899530267
81748,18870.012185215728
81749,25206.62945200897
81750,11244.684552636449
81751,41611.4908159474
81752,15587.881478499115
81753,30498.83481346546
81754,34210.317315664695
81755,20864.626573713558
81756,35955.69840078402
81757,14263.872670392517
81758,18209.98403852081
81759,27677.344100525122
81760,13370.637039963121
81761,51996.57935434744
81762,15057.657711225535
81763,12121.460372219068
81764,19568.13441041692
81765,27032.359583974536
81766,23183.544283975196
81767,27685.04815404185
81768,33269.2081843976
81769,16806.580976219073
81770,14737.94666874423
81771,19869.499326160927
81772,27274.555086828223
81773,30224.372172383213
81774,16570.819248813525
81775,20136.31552404668
81776,24056.533857224684
81777,13229.167043670184
81778,24367.204077816205
81779,21397.625382034847
81780,16933.826757980292
81781,11249.07909905969
81782,27743.91081667799
81783,39887.1308900092
81784,10584.359293572414
81785,15727.898203421879
81786,15471.820731975187
81787,21046.839326909772
81788,8605.6887620667
81789,45767.30155762802
81790,14884.569627503917
81791,29547.6189080847
81792,32875.72835326558
81793,16827.5526140239
81794,19424.46900090561
81795,8665.92829138388
81796,15051.976401054617
81797,13876.978018831196
81798,18997.648551249982
81799,33301.42582608186
81800,18847.76985305078
81801,24240.260480419594
81802,17941.92056725782
81803,64936.562330908426
81804,17406.800351694535
81805,10688.693471733788
81806,15561.848277539237
81807,22453.167982817893
81808,25872.560269489863
81809,29198.502692607773
81810,40656.34412858863
81811,14678.555072401256
81812,37511.59845482427
81813,26334.833024446707
81814,19372.0522960578
81815,17663.404257400704
81816,15357.348393330534
81817,20867.95948754144
81818,29695.646448651743
81819,18952.484874642872
81820,14203.087407627469
81821,16893.500141314977
81822,10871.145155305641
81823,9157.503251971904
81824,17626.251733389978
81825,16668.82539498733
81826,41893.560689585
81827,17835.893866832124
81828,40062.67023894399
81829,32367.34828468551
81830,35558.831897550626
81831,12887.161643527128
81832,30654.951064676276
81833,13743.741665687396
81834,27554.57131040388
81835,17252.502486959726
81836,26795.78614576245
81837,12532.591569281025
81838,25292.49805754902
81839,12858.520620025143
81840,25551.749393704158
81841,31079.85908716419
81842,18652.52503823114
81843,10578.619613713114
81844,5937.146587457126
81845,22214.980939801382
81846,39602.62814770316
81847,11197.994591811921
81848,29350.65475187336
81849,19937.63996147272
81850,17173.75241941299
81851,29130.07327801637
81852,10972.06680293426
81853,22626.138752320923
81854,27377.564038021428
81855,11146.268961494583
81856,13666.760927534868
81857,35217.81919889162
81858,19313.85704527505
81859,35498.28102386447
81860,20627.760979597864
81861,12559.788670026632
81862,23909.017179529703
81863,49509.22901637562
81864,14855.63245631188
81865,26574.058939549148
81866,50907.611794450735
81867,16936.24620664565
81868,26327.108151532335
81869,30944.695688282278
81870,12253.42332289459
81871,24147.547912014747
81872,26900.98223106537
81873,23271.87718336341
81874,11155.38345577422
81875,13729.264820637214
81876,21179.127216524103
81877,14272.57119333182
81878,9149.742473307144
81879,23284.799966684266
81880,22702.21266194204
81881,22698.110771208045
81882,22113.763283127213
81883,30250.322224953085
81884,21192.66100666791
81885,27132.610372371797
81886,11120.348782414838
81887,21953.48638350833
81888,20071.636540914573
81889,30713.884102160766
81890,29781.59422732445
81891,16166.521947707468
81892,21926.328190537093
81893,33943.80142166407
81894,13817.385118771715
81895,19439.473301677262
81896,15570.639713373212
81897,26343.39341819188
81898,70227.69575359848
81899,18689.797103264205
81900,11471.056211817606
81901,16293.892930687332
81902,69483.35011634382
81903,15272.049470672617
81904,34041.454207634764
81905,14660.342784308765
81906,15610.230187006566
81907,36390.59193631853
81908,11741.319608038242
81909,8806.018026995087
81910,14836.492713159334
81911,17565.20763063352
81912,4761.878331746024
81913,18115.386879208916
81914,6627.671425701232
81915,26269.125520015885
81916,31425.19394954629
81917,28421.665254195086
81918,13421.364355481714
81919,17695.75467613868
81920,12006.797017650048
81921,12613.685101300047
81922,33847.2269007672
81923,13390.948608261877
81924,21403.64309305661
81925,28972.28175842186
81926,19716.947329872142
81927,29776.982194949138
81928,22495.94461975355
81929,29177.785912526408
81930,18771.24113016128
81931,40239.88942211157
81932,11623.052836731249
81933,14795.390190324895
81934,10400.217463810412
81935,35294.33412917866
81936,7634.3191571293455
81937,29367.759210538166
81938,22776.697778029815
81939,55041.24839598368
81940,23379.253281207908
81941,24653.732785743905
81942,12173.621427911781
81943,38353.18189937306
81944,15070.925598725027
81945,33051.345053479236
81946,23729.98582928973
81947,11387.16168447109
81948,9227.356747336104
81949,12448.543789145411
81950,18861.02397540428
81951,11820.423978670102
81952,7833.7260006238375
81953,9950.481091560849
81954,21753.043920956763
81955,15621.996019841208
81956,11432.775323152819
81957,25905.417076480757
81958,27866.867232951012
81959,9548.576289509278
81960,28994.289655585544
81961,15967.63612477978
81962,13701.054917123221
81963,29738.50779323503
81964,20758.83857996951
81965,27236.93249033963
81966,14107.716904331126
81967,15533.023336233759
81968,18796.11304837658
81969,17162.21024400275
81970,22361.565538341736
81971,18975.343490729658
81972,9579.540928373717
81973,18521.48099093822
81974,27653.277122235988
81975,43553.007227357055
81976,31201.87343920793
81977,6155.945886198844
81978,22132.211910866907
81979,22110.940003834734
81980,17227.86409631175
81981,40940.325255147975
81982,28594.486774316752
81983,10514.070732055783
81984,19711.272527419656
81985,27395.606945397176
81986,25608.89254931874
81987,37082.6246387081
81988,29680.794598804798
81989,19419.96279345843
81990,36206.77958032039
81991,13218.738272638204
81992,27309.433244344113
81993,28237.246778479286
81994,12168.141423389401
81995,16008.26893863647
81996,26641.860575346236
81997,14017.701226706065
81998,14072.40339415904
81999,26828.50223190294
82000,21304.017689171695
82001,23872.664159944197
82002,16380.981491415367
82003,15205.779865833976
82004,22595.015535923307
82005,14493.862048787794
82006,12081.785186984302
82007,19136.472453079725
82008,47249.42561622783
82009,21865.284165648874
82010,17556.17630079948
82011,11120.827196289758
82012,32698.2934988619
82013,19313.80934843782
82014,25964.17592846153
82015,15408.318839656786
82016,12133.378105927737
82017,24892.30041178391
82018,8405.175667025054
82019,53925.32264146873
82020,15087.75466515592
82021,16740.934676447974
82022,35314.74183002501
82023,24341.349255034478
82024,62074.281376971274
82025,17670.975644688977
82026,16060.50064402846
82027,22461.753019834287
82028,24353.195733589386
82029,16630.492138569472
82030,15369.79823455501
82031,21195.157400905766
82032,21575.56866806744
82033,23832.150169992903
82034,19193.39425675187
82035,16694.991051332298
82036,26231.66226416961
82037,12704.464682707825
82038,25246.28094781158
82039,22986.604972289373
82040,21628.775280927843
82041,39829.1465483067
82042,14931.749171526193
82043,19699.122668345266
82044,16720.734848939654
82045,15558.931426007995
82046,48076.43577458641
82047,42293.497582997195
82048,29521.720496577058
82049,34101.67639668247
82050,34817.558662809795
82051,16865.341835356747
82052,19764.361225974386
82053,11545.672501764142
82054,18525.123780609363
82055,9468.889582199852
82056,33155.53095628749
82057,27693.78320793257
82058,7055.723697369087
82059,18862.76666594812
82060,17644.184895693747
82061,25403.395930270566
82062,24285.33487720725
82063,24917.50378215121
82064,16487.19500225665
82065,10384.987561819014
82066,18413.51853227103
82067,45728.2643955894
82068,11074.094798503902
82069,18693.69860307278
82070,13118.570337279243
82071,22905.636471966147
82072,21362.224390101906
82073,13764.145658430127
82074,19376.64205231641
82075,15811.89580188426
82076,26147.66959538206
82077,30919.88059848841
82078,18292.464673325932
82079,18335.27617761966
82080,16695.487367394955
82081,16678.614397853395
82082,17645.035716406106
82083,30616.78626585826
82084,18919.998301615437
82085,15606.449660329328
82086,18141.50637391142
82087,17476.276341941648
82088,36976.67728017498
82089,14054.411591952221
82090,10667.396638710523
82091,20884.003547188026
82092,13255.818624861344
82093,46644.008954206714
82094,13179.744011278719
82095,32550.095902052657
82096,24903.259675446927
82097,48706.3452623016
82098,25557.927882612796
82099,38414.46696951114
82100,32202.265240210916
82101,33528.92400318206
82102,20459.45463729258
82103,14121.248052153765
82104,10012.79250652263
82105,16948.123238671495
82106,30807.479382047484
82107,18339.167374624365
82108,23392.32775067282
82109,22260.465699800436
82110,39386.005110808605
82111,60383.06747657364
82112,23493.609044462457
82113,20117.773708190867
82114,28476.949408292243
82115,12469.930039280065
82116,26877.37744678393
82117,28202.553504088573
82118,20430.537624271674
82119,17721.244124031244
82120,16400.743550654766
82121,17199.27092000332
82122,24319.60009343531
82123,16771.292814252432
82124,31276.032552546472
82125,7608.484622943587
82126,17441.703845122043
82127,27032.357156974213
82128,14100.18776602459
82129,13685.485975088448
82130,14738.138760092497
82131,16364.043266425691
82132,26580.50444183677
82133,43343.801010432624
82134,19260.511962486096
82135,20560.0130575325
82136,19585.417781704724
82137,13732.204263429421
82138,28127.8097207306
82139,16175.097564799646
82140,11035.320902640255
82141,10817.66564703523
82142,23186.772835311433
82143,32652.26370492788
82144,14259.954674354136
82145,19661.888591917515
82146,34282.74405825607
82147,24501.709937307685
82148,62092.48986791036
82149,15569.115974283097
82150,35214.053328298716
82151,15638.78597028895
82152,27098.82827566292
82153,13520.112192063973
82154,23105.757131589882
82155,4039.798317663542
82156,76836.26094434144
82157,22287.27787566184
82158,24368.56761435298
82159,23469.640759517402
82160,50383.29669340035
82161,12260.198234234313
82162,46198.93137439271
82163,8694.882853070008
82164,28327.349897168795
82165,21616.0665597915
82166,13132.659924185833
82167,21640.95522183027
82168,15725.008090109428
82169,17936.087546723906
82170,11551.662491958949
82171,14843.550805014236
82172,33971.06884485353
82173,28466.989823184984
82174,9522.891319674418
82175,13914.022673098352
82176,23549.217149260643
82177,15462.683109351225
82178,17186.064087248862
82179,39759.88267084687
82180,15485.558924100575
82181,32002.9718505682
82182,17255.824788638074
82183,14591.558418729994
82184,29255.257179271997
82185,18763.79313766198
82186,23270.31172837602
82187,25386.85952616593
82188,21340.94441313401
82189,20499.87762782656
82190,30743.50277205358
82191,20303.79935991113
82192,37606.428383733495
82193,19683.114608415664
82194,16075.02299881953
82195,13570.434266326378
82196,13921.477614956231
82197,38936.55089385358
82198,15037.532065413174
82199,24293.03755041581
82200,17474.461096836025
82201,18037.295729610036
82202,21396.49943186353
82203,33409.192662913236
82204,11186.427006304359
82205,11494.04904462471
82206,18556.938630921723
82207,26458.143179330833
82208,8323.759811107393
82209,14261.24859449283
82210,24730.681889470226
82211,39604.68445819797
82212,11616.784651278369
82213,22009.60723378233
82214,46671.52474483435
82215,10934.045088503266
82216,20406.51982098105
82217,34440.594169593365
82218,28547.779452062357
82219,18476.36145352041
82220,13825.496198711
82221,9949.948888023151
82222,18117.028015308617
82223,27613.019192094933
82224,21381.01964858713
82225,14370.914079190024
82226,12722.216762821365
82227,32304.063668912688
82228,19695.576563992385
82229,31268.23769245403
82230,11719.167458668746
82231,17910.937629682838
82232,3800.093964501576
82233,14003.848844734644
82234,20991.46900820319
82235,41033.89499221823
82236,48981.48976715688
82237,22943.25077244233
82238,19376.07769161499
82239,26783.800462662337
82240,23343.099091079115
82241,71944.15279568042
82242,20688.892227000277
82243,26817.808609893473
82244,17181.316807722364
82245,27434.40917379792
82246,15600.829454452902
82247,17946.42755879259
82248,29287.21289019487
82249,28649.049632304508
82250,16097.397683898675
82251,13609.316663759195
82252,10480.023973036092
82253,67922.66063125622
82254,31023.310297210766
82255,16513.81540607447
82256,71222.90024382858
82257,9882.621733561555
82258,20224.394646351753
82259,29759.44511509726
82260,22233.815991296065
82261,10093.863010618325
82262,7533.921168810466
82263,10532.760917466163
82264,13285.148602859834
82265,14461.70854111324
82266,12866.081410937024
82267,15102.20058548423
82268,11326.344527451269
82269,36124.48585880647
82270,33364.88550251522
82271,17287.629994449242
82272,24396.169061822886
82273,28933.625388674813
82274,22276.4750914581
82275,9697.088856890612
82276,11112.064931587727
82277,39048.91957387067
82278,30775.410289543222
82279,14896.85571460044
82280,11480.049163963738
82281,16810.712542923302
82282,55571.204561919556
82283,19402.420171612805
82284,37746.803230929014
82285,24075.75024489876
82286,22067.33984847656
82287,14186.546919874096
82288,21040.822731733188
82289,37417.07166191038
82290,11255.674827203764
82291,13116.565688147562
82292,19507.814704788656
82293,7388.737771521335
82294,27810.391257500818
82295,22867.973886391334
82296,29409.387902692626
82297,16617.321394646206
82298,9808.283337459652
82299,21596.248653401857
82300,19519.124578394716
82301,16439.28779589923
82302,24414.75085968628
82303,16470.28762962032
82304,25406.247015358364
82305,16933.380693560455
82306,18297.672282417167
82307,26824.22056969109
82308,13245.843642066702
82309,15252.323746580005
82310,10521.857422101813
82311,34047.02573761698
82312,31871.406290512707
82313,51849.445295858626
82314,17303.396464298472
82315,18422.644028061393
82316,19712.11933680411
82317,20501.362712895156
82318,15855.179944411051
82319,22179.881385442837
82320,17501.986156839565
82321,14381.267761710302
82322,16100.60416557063
82323,16747.263096528455
82324,31985.267136232702
82325,8933.134229594096
82326,30280.18218565368
82327,20140.149241856332
82328,15146.40899994545
82329,21284.166065939356
82330,17986.318614255433
82331,15198.893994799597
82332,33013.965246623346
82333,26308.361786184
82334,20308.01388372333
82335,16615.16917770383
82336,18064.08971504206
82337,24683.89354150793
82338,20349.796464395815
82339,21525.397547383625
82340,29998.09990248916
82341,28245.15500941243
82342,19926.429425087164
82343,24880.833106417147
82344,20023.86308880837
82345,18588.501664110565
82346,8459.55197109106
82347,29315.605869383893
82348,26632.04362260275
82349,18852.252826789343
82350,26785.363251766612
82351,10917.361499592555
82352,16027.273016596333
82353,27538.842974130304
82354,8296.559893915857
82355,29842.740448457906
82356,12636.200020303226
82357,22007.45461217689
82358,23216.724337159805
82359,18831.705845478136
82360,23753.187553445314
82361,27282.875864798847
82362,24894.205531955562
82363,13025.59033218853
82364,8181.061501620715
82365,25895.452514591365
82366,17836.21551251921
82367,13097.498705827993
82368,18825.517964013306
82369,9944.607099070148
82370,18835.778035069296
82371,25354.947172003758
82372,13305.844411610942
82373,22626.138752320923
82374,43604.92439376042
82375,7343.061413006832
82376,17288.645285352362
82377,11744.261453773288
82378,5657.78324146884
82379,25970.010601755195
82380,6095.4048014617765
82381,18660.236881114455
82382,33155.246684012054
82383,31936.891383219583
82384,28087.773603969432
82385,33088.7028157714
82386,56348.323390767255
82387,26251.673180506423
82388,13334.758141254126
82389,39113.2840069162
82390,35670.408742794876
82391,18706.628664846157
82392,26737.809742965466
82393,19094.086480224316
82394,34744.04989305342
82395,18141.347037843843
82396,13074.424577883405
82397,22176.595945443947
82398,27434.40917379792
82399,32665.325629333085
82400,24070.736895472553
82401,12428.73824284146
82402,29766.454414092743
82403,76989.29960771393
82404,25147.27026512031
82405,13789.967131188965
82406,33664.2610479943
82407,15966.697762090605
82408,9640.185939829169
82409,17998.112610591343
82410,13062.693690828262
82411,10750.317967304307
82412,16206.357979501496
82413,9972.374241180094
82414,10492.268547015554
82415,11837.31526944287
82416,7352.159514120505
82417,10670.609963264395
82418,9193.672194926961
82419,11752.417298673536
82420,15550.310200355188
82421,12270.09697437364
82422,8046.078266054176
82423,9682.68949617332
82424,9619.403316696797
82425,16691.37635162133
82426,6774.042724373707
82427,6820.748020571633
82428,9741.715930415025
82429,16047.668534469114
82430,12262.648692202312
82431,10202.51437706288
82432,5942.802031352887
82433,7629.777739921278
82434,10550.373684083643
82435,14752.57962667943
82436,10956.825751771381
82437,13685.687505571646
82438,22954.77619240973
82439,7823.425054355954
82440,17432.993754333558
82441,11948.556664871081
82442,7592.328352816422
82443,8862.972891494192
82444,10185.333006644292
82445,10371.531183045327
82446,7515.06019667971
82447,6827.336897192402
82448,13358.857234199031
82449,5688.319765064257
82450,8076.804254717477
82451,15006.060188176582
82452,22208.955596062653
82453,13495.009985733474
82454,10450.67281130991
82455,27795.238108289042
82456,11392.779809751994
82457,15177.485705078594
82458,9741.715930415025
82459,8286.732387016238
82460,17258.41616717876
82461,10990.85812448455
82462,12749.995507752223
82463,8776.39794058964
82464,12779.611580339448
82465,12215.649637188913
82466,13617.798219485974
82467,10989.318966253712
82468,21638.540055566973
82469,12346.942222285648
82470,9418.26236323676
82471,12571.043704864524
82472,14429.474704490882
82473,20331.48792025465
82474,9767.86834800906
82475,18437.0940943639
82476,9293.122142350281
82477,5510.699509573852
82478,8706.737153569899
82479,13638.295835257326
82480,6901.681583138931
82481,9476.75088521888
82482,20242.596631600296
82483,18684.396454826372
82484,13221.396061151123
82485,6653.048599469905
82486,21869.259439349888
82487,10990.85812448455
82488,7270.026905747349
82489,6740.7489525165565
82490,8899.070969749586
82491,16113.322746474418
82492,7708.360288499956
82493,10809.897778600578
82494,5134.417012778272
82495,23825.74831668012
82496,10103.034283895797
82497,13591.455736685331
82498,14148.75082807867
82499,11017.03769818303
82500,14097.138301529087
82501,13190.10115531757
82502,6873.947770187391
82503,17534.485428120206
82504,15832.411457966222
82505,18071.803517958277
82506,1843.0175539605432
82507,12966.99990814453
82508,8115.147559614476
82509,9979.955056429175
82510,10054.503488109109
82511,9916.32421908071
82512,8400.806455096632
82513,13743.151801799406
82514,9319.129742533178
82515,15586.643669069865
82516,9597.290556884172
82517,5032.866856737172
82518,12772.06132950643
82519,13365.36264058294
82520,10797.802732224383
82521,15367.803763010043
82522,10625.38935935906
82523,10683.345629578578
82524,19160.35200332683
82525,13316.421671330176
82526,13414.248929298592
82527,10988.16104369109
82528,7760.998983078695
82529,9388.412224058917
82530,10084.239367082893
82531,16095.724849868719
82532,14156.85297334861
82533,10815.743569691273
82534,15826.380568564759
82535,10666.527296123819
82536,14324.078565595813
82537,2536.510231024077
82538,11017.03769818303
82539,15080.805286237575
82540,7548.699417042268
82541,17882.280382574947
82542,5238.497318070953
82543,10821.346327738142
82544,9068.366187137017
82545,13137.659118983189
82546,18194.492329966823
82547,6139.784549711877
82548,17616.472746401087
82549,10178.294923066715
82550,9011.338832855386
82551,8649.846372687862
82552,13376.90988960727
82553,7468.477750859088
82554,16818.827380272633
82555,9296.634637540776
82556,11674.93407146826
82557,10009.261350685734
82558,27159.44439529052
82559,15986.08946788326
82560,14115.766472267727
82561,13780.129854787985
82562,17891.845120700265
82563,13223.189580962067
82564,9743.388383452899
82565,5739.558516774481
82566,10542.035195163562
82567,12126.809676363673
82568,24213.771900953732
82569,16022.734339042294
82570,12491.700853986105
82571,12070.496266030257
82572,9751.90239473581
82573,15988.557557278009
82574,6300.745934833856
82575,15804.97845055319
82576,19364.06697025814
82577,11594.251429768306
82578,10258.273780056614
82579,18952.74551391499
82580,7725.568559094466
82581,15334.619707734986
82582,12034.759862971661
82583,8560.579261980958
82584,8115.600521298212
82585,11634.90100720109
82586,10247.016421683951
82587,15301.062950747353
82588,21652.931467285754
82589,15609.291220833378
82590,9023.814074421029
82591,21467.968716091586
82592,15805.866533290411
82593,12514.154222539939
82594,17663.852050550813
82595,20304.559918914678
82596,9258.692340156396
82597,10007.265441844636
82598,10388.236464251344
82599,7848.689525185158
82600,16691.37635162133
82601,7451.483696532409
82602,13321.765093031227
82603,9714.163903099954
82604,12858.661870211698
82605,11150.76849986022
82606,18617.73425040445
82607,9198.28042259391
82608,7737.334794263299
82609,6550.997508622075
82610,7577.613836279447
82611,2801.7708673408897
82612,18114.72401692992
82613,14918.22735852514
82614,21617.70947788861
82615,4428.13003799632
82616,14228.429293906012
82617,16062.680225102202
82618,6841.948373429046
82619,14734.25813134605
82620,10988.16104369109
82621,11050.370868189648
82622,7715.733718515245
82623,10625.38935935906
82624,18123.623571949018
82625,16257.061486760162
82626,10501.666722620072
82627,11050.370868189648
82628,10708.43713781033
82629,5592.124040973399
82630,11904.530394388561
82631,13354.208726024517
82632,15003.618953107556
82633,9855.95601310769
82634,6377.430166894536
82635,10931.651259942026
82636,1230.6025348560238
82637,10337.899904041313
82638,9281.960936503388
82639,10332.10575712678
82640,7501.3343828703555
82641,15552.912370783095
82642,16840.723468348704
82643,7498.029000140042
82644,13392.752145349452
82645,11120.09144196116
82646,10460.939501003142
82647,17172.686446639655
82648,13358.857234199031
82649,9018.975942147332
82650,10371.531183045327
82651,8649.846372687862
82652,8755.18167798331
82653,8925.03633648843
82654,13643.243717436913
82655,9824.281529845066
82656,9063.476490849544
82657,2539.715859242292
82658,6708.284023123117
82659,9389.038934651247
82660,7582.062248089731
82661,8949.551420215645
82662,7447.569171198368
82663,13780.05872898313
82664,18451.203371580083
82665,3758.838443749909
82666,15028.763081637118
82667,9936.756347143883
82668,9962.022352235477
82669,14135.009350636765
82670,17789.77006100265
82671,17466.561236633843
82672,12775.456603010602
82673,10203.003069911434
82674,13150.947072699473
82675,17177.48599275573
82676,6682.505740209246
82677,17432.993754333558
82678,10740.89450231776
82679,13542.741970055167
82680,12431.772465306463
82681,10040.85560360765
82682,11186.161702175857
82683,10309.91642404754
82684,11526.37546709428
82685,9855.95601310769
82686,7995.123898865643
82687,31036.772655631863
82688,9403.069979754693
82689,16249.57799637345
82690,21163.79083319148
82691,12230.300544539696
82692,11036.781440219534
82693,10763.773547380657
82694,11290.409236120631
82695,12970.260816509057
82696,22227.304815807955
82697,15329.703150697213
82698,7511.279538973197
82699,7781.679514450137
82700,13102.114820435434
82701,15201.233751428788
82702,17706.313348468146
82703,11071.096362528451
82704,9213.483643364687
82705,10079.074601605293
82706,6836.081952563846
82707,7055.723905452566
82708,16992.631740859648
82709,11554.98258499991
82710,11916.430255145879
82711,9388.5595199495
82712,8612.452659480414
82713,11345.357443558662
82714,17043.741292139886
82715,15236.995411166194
82716,10869.8232320507
82717,16668.409109530436
82718,6290.33000167121
82719,16078.95088764811
82720,8375.12590765688
82721,19127.934353679208
82722,5592.889527686929
82723,13750.265799651226
82724,11745.901242766011
82725,8529.855930340223
82726,14274.013397298435
82727,19215.793384543413
82728,6965.515733865234
82729,2270.376936377126
82730,16875.54802481761
82731,15133.36353925942
82732,4019.491177996248
82733,10316.303304538942
82734,15109.555089794154
82735,7821.931344416036
82736,5069.277467239455
82737,9758.421325847403
82738,10125.502504958746
82739,13698.502698525614
82740,10217.431559815277
82741,6225.976793694332
82742,7344.2973996038345
82743,10701.549341048933
82744,10535.500542282789
82745,8323.153733227293
82746,7983.243818979652
82747,10246.185994591224
82748,15943.206049158793
82749,5160.954383107514
82750,9572.243862819134
82751,15994.534698615395
82752,21313.306981657424
82753,9812.303217140843
82754,6974.407110471207
82755,7852.137591116941
82756,17381.961863987377
82757,12012.106193205236
82758,9468.842423078177
82759,12955.250121764524
82760,16514.202260096397
82761,16081.866935204844
82762,26307.79543878612
82763,16056.457833635515
82764,9855.95601310769
82765,17822.547107623643
82766,17464.183147725125
82767,9127.609786103028
82768,7859.200697644003
82769,8859.801986544899
82770,7436.097459671262
82771,10820.317468377183
82772,9819.449136659476
82773,13110.465541050044
82774,10897.131494666071
82775,10812.112902090004
82776,10647.285800229758
82777,14390.332944527323
82778,9388.5595199495
82779,9836.443596430368
82780,16324.530355010029
82781,13255.200977424525
82782,10837.351693811139
82783,20049.2693803973
82784,11416.09191642376
82785,17499.975545558762
82786,9597.290556884172
82787,19768.834594742668
82788,19377.393659231395
82789,16202.434609938742
82790,13327.956730358494
82791,7299.619362900992
82792,10729.377183698683
82793,6386.276072477255
82794,14587.805805587917
82795,6156.304958967118
82796,10649.443065824227
82797,14383.851284514889
82798,14211.51439916266
82799,5789.268567512491
82800,14285.278147740324
82801,16720.630645972047
82802,11023.09087467132
82803,13400.053121904913
82804,15195.038893998348
82805,16586.011523976147
82806,15810.042428035556
82807,15556.455324295992
82808,17055.054176886046
82809,20907.906033054158
82810,5529.32300490644
82811,10971.486199460167
82812,5766.819889699264
82813,16784.339916335808
82814,15187.426285079795
82815,15212.28337113203
82816,15997.925091374193
82817,11320.903735384396
82818,8944.372892133308
82819,8401.981263583204
82820,19127.041985834156
82821,11050.370868189648
82822,21640.80850951112
82823,8610.253133696913
82824,10253.045149477477
82825,15158.48538169712
82826,6923.41350383453
82827,6647.3918829676595
82828,6362.806122729034
82829,10589.188808747229
82830,18414.762299245383
82831,17043.741292139886
82832,19315.487181892735
82833,7155.963935808778
82834,17415.9536293022
82835,16879.82720155679
82836,11261.171645834018
82837,9135.962672693377
82838,6919.901678593516
82839,10492.268547015554
82840,16809.1367002363
82841,10821.464632564575
82842,15006.548324391091
82843,8551.171314093473
82844,8432.314330196514
82845,15810.042428035556
82846,10790.406123184332
82847,20005.295747537755
82848,10793.574818435649
82849,10398.523440919304
82850,11076.188843226364
82851,19318.810118097754
82852,6848.664265922009
82853,15217.635759545263
82854,11390.041000617946
82855,11332.96658793535
82856,5099.7322095985855
82857,8082.086046934081
82858,11140.349289204596
82859,10756.044771799412
82860,17032.85816651453
82861,7825.751931017849
82862,16640.382967864847
82863,12165.922695951609
82864,11404.6265328225
82865,16760.15475361722
82866,9740.751369621585
82867,26617.509690067403
82868,14265.746692350558
82869,17522.03394070416
82870,12399.311084633044
82871,19775.934298257005
82872,17043.741292139886
82873,7566.032323852209
82874,9663.90135258741
82875,7619.273074587656
82876,13279.452943758426
82877,15598.737644597355
82878,11974.84728357246
82879,15122.996198066096
82880,11242.743996686411
82881,16008.76841709771
82882,2413.059827937908
82883,19177.26604020594
82884,10068.436857250965
82885,15075.577036605539
82886,19420.589756266276
82887,18487.665636344973
82888,16578.450413195405
82889,7744.485796070702
82890,12970.524026543204
82891,16937.1881788226
82892,18397.541284522686
82893,28204.439958518426
82894,7540.966475590193
82895,8219.760128646154
82896,9271.150538477488
82897,10575.202051465452
82898,15508.371633813807
82899,10994.735415960648
82900,9399.263799975799
82901,10990.24056505683
82902,9732.071567910683
82903,16754.428569440555
82904,18358.765994479196
82905,13626.078982997646
82906,17236.624444538316
82907,8233.798399064719
82908,6917.826396654765
82909,12100.731057281811
82910,21652.931467285754
82911,17970.088977018855
82912,19337.01376647684
82913,19995.36895581407
82914,13528.220736765914
82915,11050.370868189648
82916,17560.61468933963
82917,16896.346021219833
82918,14556.085980247557
82919,20154.244410200423
82920,8551.171314093473
82921,8922.446220311382
82922,10034.690393828923
82923,16886.97891678238
82924,4219.445914263608
82925,14912.207579716232
82926,10581.520347929416
82927,10567.543248350115
82928,8015.366042258241
82929,3812.7074849682845
82930,22854.07419105553
82931,8570.436358095827
82932,12379.351728488033
82933,14626.537376814837
82934,7355.217056348424
82935,17471.639507873886
82936,10464.546558443342
82937,13504.36616581254
82938,12900.967610151109
82939,7328.24490359279
82940,5441.1521617446415
82941,13559.579005058302
82942,13229.817500179766
82943,7299.9131032924115
82944,8214.319761700854
82945,6841.348564716584
82946,11665.60834658964
82947,19564.544678543458
82948,12161.29407255333
82949,11360.012727855592
82950,6843.933940688777
82951,10622.375340363358
82952,15804.97845055319
82953,16216.212209452184
82954,6775.210946675018
82955,7424.149361363436
82956,10971.486199460167
82957,17888.184667509024
82958,13547.298497650583
82959,12385.47714616434
82960,16640.382967864847
82961,3368.8036954891177
82962,11279.037728653968
82963,10128.934060187456
82964,19558.97866785496
82965,11535.75688811318
82966,15840.30238209221
82967,11209.016763618778
82968,18340.134921872796
82969,16048.776864769867
82970,16047.668534469114
82971,12186.419440376685
82972,10413.870829015235
82973,10567.543248350115
82974,13876.22594423108
82975,11829.85527335856
82976,17560.61468933963
82977,17415.9536293022
82978,8027.770711523472
82979,15515.446008518953
82980,8690.43558007465
82981,10625.38935935906
82982,11560.544491253551
82983,23303.39034108888
82984,18434.197331637963
82985,9460.738996870714
82986,14578.808084733391
82987,10268.67970275882
82988,22025.870084121892
82989,10836.103404212521
82990,9829.372763843057
82991,17432.993754333558
82992,3523.9677947882933
82993,9784.995077456257
82994,8263.973992222705
82995,15844.91048568908
82996,9706.489639871947
82997,18686.208997118905
82998,12762.843047163562
82999,11942.405439640925
83000,9836.443596430368
83001,19985.488704922238
83002,14460.066337846505
83003,10542.035195163562
83004,9336.606290637701
83005,17626.909451630705
83006,11025.814165030839
83007,14435.314766862135
83008,7097.5426109837135
83009,8215.133716152077
83010,9011.882999484313
83011,13673.904428625725
83012,3456.142792978572
83013,14249.29552241693
83014,13612.182433572665
83015,8959.201263322502
83016,21481.48424778226
83017,10707.590061899846
83018,8014.424711470187
83019,12773.526986897154
83020,11139.384494808908
83021,9960.794366233182
83022,7760.0754624246265
83023,7649.684113769669
83024,16008.543850117316
83025,12756.908067023405
83026,11939.123120111899
83027,16056.87887393714
83028,11004.106647315552
83029,6966.049359364408
83030,2441.258859301054
83031,10098.209225783447
83032,10907.552194419115
83033,20579.70423214528
83034,13744.937308846711
83035,8304.532610362621
83036,7307.71231337582
83037,14840.971298821602
83038,7727.921786978067
83039,15822.563530078654
83040,7727.921786978067
83041,12921.642046999248
83042,11165.315570178214
83043,12201.82169354181
83044,11362.127754266989
83045,8263.291726174593
83046,13471.761234838146
83047,7331.092775848411
83048,16132.239414743415
83049,17988.488100486004
83050,18055.51557476531
83051,12516.12255661729
83052,16477.56092260935
83053,16331.039626508027
83054,7466.565112042986
83055,10589.744896329299
83056,8939.327925316567
83057,7995.123898865643
83058,9922.54408487804
83059,12139.067573338449
83060,17298.427003718432
83061,12134.070499471141
83062,16504.32767053191
83063,8231.876885638669
83064,8136.737147951724
83065,8327.39051366804
83066,9065.046408654747
83067,5956.6656113583285
83068,15107.623768743913
83069,20154.244410200423
83070,11004.106647315552
83071,13637.36071777014
83072,8393.09854580513
83073,9098.87798180276
83074,12775.456603010602
83075,15978.586225518162
83076,15763.450973070774
83077,7759.571384044832
83078,8270.89748564978
83079,12431.49738882297
83080,26629.380393075746
83081,9515.259861268214
83082,17241.711362075777
83083,3486.038587351219
83084,8946.45208502068
83085,13658.135719652848
83086,8550.26226619544
83087,7700.217967850615
83088,6787.085153855921
83089,10526.84547001618
83090,8354.253505411933
83091,7641.157861463935
83092,10026.92362008572
83093,12155.349493333488
83094,16304.078340317044
83095,13205.688292495151
83096,6764.649435759758
83097,14293.75920858501
83098,10732.087756095816
83099,15697.671692566033
83100,10672.37023655951
83101,16047.668534469114
83102,6924.513079159303
83103,18784.970814355882
83104,15177.821538205433
83105,11686.576471496677
83106,10371.531183045327
83107,10480.837367834332
83108,7532.704744345905
83109,8366.591538438006
83110,10396.723768821026
83111,17463.51385557226
83112,12975.022286695676
83113,8755.04570377335
83114,10073.055010777782
83115,8611.089158140248
83116,10487.348870822054
83117,19171.398108105026
83118,12776.9302083458
83119,8996.35488350358
83120,9911.909255677718
83121,7807.6107173963155
83122,10625.38935935906
83123,6128.222797831036
83124,14211.51439916266
83125,8517.74422363579
83126,9038.456508432082
83127,12175.292120896076
83128,21013.925916569486
83129,21965.50540059487
83130,17781.780147968824
83131,16725.090729265634
83132,16081.866935204844
83133,10988.16104369109
83134,12169.391328897367
83135,11702.135397086673
83136,16168.898449126611
83137,19256.01312329074
83138,7866.230796538661
83139,4634.6023363669
83140,12201.413959548016
83141,9220.812621536938
83142,16465.929333354856
83143,11760.959402669563
83144,9159.513375725966
83145,15183.076524963224
83146,18412.343109200086
83147,15915.037256509557
83148,9007.513637822938
83149,15642.599914024016
83150,17360.6199873531
83151,16963.37006628978
83152,11872.770073864942
83153,20535.10198410561
83154,8977.699292681373
83155,13523.04813277441
83156,18561.508272445884
83157,9106.274233648383
83158,19198.747288375533
83159,11948.568019677146
83160,18524.089662176157
83161,8732.695987665467
83162,11192.963986941422
83163,5426.524680651003
83164,14021.101698977955
83165,19421.973361055425
83166,21280.28095305108
83167,20186.74339192957
83168,11103.760898098226
83169,6336.191977225844
83170,10956.421960683605
83171,5679.250010160879
83172,14737.552592430597
83173,8199.28910928137
83174,10985.85279739206
83175,16038.131420402213
83176,11243.787326824313
83177,15804.97845055319
83178,9512.733859196867
83179,13153.063309160078
83180,11666.570144218178
83181,13687.927911394383
83182,8967.249266959478
83183,10916.96844722733
83184,10000.189586577559
83185,16999.12967382067
83186,10744.117267522877
83187,18392.281627098848
83188,21292.88821390464
83189,13605.554324139384
83190,16268.850505598448
83191,8181.4810669163835
83192,17055.054176886046
83193,8156.983284142806
83194,11298.605486792589
83195,22558.699533712235
83196,10699.997965627132
83197,9102.281257052475
83198,10587.559786923886
83199,14211.825343475843
83200,7798.446154695559
83201,15918.790131239108
83202,15642.599914024016
83203,25552.52857548291
83204,9388.5595199495
83205,12773.526986897154
83206,16330.561741413194
83207,9217.755515231407
83208,19545.29959472039
83209,19995.518236379576
83210,13041.993820669053
83211,17607.398379977316
83212,11023.13749114307
83213,10869.8232320507
83214,13252.713662322081
83215,12449.072793176261
83216,10830.227554539291
83217,9885.098330007235
83218,12514.783269244876
83219,11693.286419504271
83220,10218.005697803515
83221,7723.236925594586
83222,17560.61468933963
83223,8534.452387598527
83224,14590.358840065916
83225,12399.234018586261
83226,11036.651775217146
83227,9839.366963406666
83228,14955.751513227886
83229,15826.380568564759
83230,4768.303749570057
83231,12145.38912244811
83232,14298.394920658046
83233,9892.74081813139
83234,15171.085986679847
83235,9471.71530708598
83236,16038.131420402213
83237,10009.029477594991
83238,9870.377651427478
83239,27742.965105956566
83240,17418.610701190148
83241,11531.783398902699
83242,9937.365757828395
83243,9007.679179017663
83244,16679.528694310255
83245,14021.101698977955
83246,13789.340469186442
83247,8905.639307826164
83248,19650.29620751279
83249,13535.001536570146
83250,14359.617407970312
83251,9745.109817053853
83252,16842.868926356798
83253,12212.640836399265
83254,17616.472746401087
83255,16078.95088764811
83256,27699.062595839052
83257,17495.58402840773
83258,16022.906990379835
83259,12251.843626497459
83260,17317.182001200836
83261,9784.995077456257
83262,11398.004911888163
83263,16048.776864769867
83264,15805.866533290411
83265,11217.150171202058
83266,11913.491666417984
83267,14518.79577841573
83268,10967.847055408633
83269,12453.694392064543
83270,10083.562753762682
83271,9727.706986960773
83272,17862.076570286856
83273,4589.885063114878
83274,19380.542905798065
83275,8109.745634027855
83276,9951.122371805224
83277,19693.880389838185
83278,12388.941319579551
83279,11752.79413013781
83280,11456.65003681953
83281,19318.55725686446
83282,15834.400261157516
83283,15642.599914024016
83284,10083.562753762682
83285,9177.712518496886
83286,15552.811759923457
83287,3596.1264720942227
83288,10068.436857250965
83289,9796.474650953689
83290,9743.172787768364
83291,1933.4666168812973
83292,14995.249274482743
83293,8798.794598040104
83294,16072.58230731056
83295,10841.24358097888
83296,16417.941877878307
83297,17719.445851530654
83298,18412.343109200086
83299,9796.550306363395
83300,9397.266035861248
83301,16942.43121886183
83302,9870.377651427478
83303,6158.545995544302
83304,13592.466976129523
83305,10989.318966253712
83306,11456.65003681953
83307,11288.150976228262
83308,14410.948211217496
83309,11947.359627643898
83310,10268.67970275882
83311,14068.526289709887
83312,14075.26375608685
83313,16676.88933075522
83314,14501.043648721847
83315,2922.6852755374557
83316,9165.639018147584
83317,7694.60872451706
83318,13693.614280317815
83319,6240.650290712536
83320,13785.782671542345
83321,14399.62463066803
83322,19070.981201179522
83323,8350.900847442046
83324,9722.736088015874
83325,10253.795741847163
83326,32376.693507199587
83327,13637.36071777014
83328,12441.802040312014
83329,9506.743787227158
83330,8126.316256363939
83331,12145.38912244811
83332,16678.36757253759
83333,10921.245946303485
83334,12441.323559698327
83335,8294.406771179114
83336,13878.296965323912
83337,18123.661450023184
83338,6946.581599586868
83339,14110.433662134104
83340,16341.401276759536
83341,4658.775109618719
83342,11187.706081091046
83343,9718.668731130143
83344,18788.413826269352
83345,20249.57379941514
83346,12205.685668675089
83347,15986.08946788326
83348,15291.285510247777
83349,15367.803763010043
83350,10632.304145285978
83351,16047.668534469114
83352,7043.29583157391
83353,13519.676310099901
83354,13358.857234199031
83355,8837.09203394623
83356,6352.737272316711
83357,18991.836570693235
83358,6669.0291993632545
83359,4527.126677464601
83360,16759.403548169335
83361,5150.510786553949
83362,11152.67492550083
83363,10016.99776894189
83364,11810.619424691136
83365,12106.881957628037
83366,14567.799771839283
83367,11044.779404949415
83368,9251.507224805762
83369,8219.760128646154
83370,10230.692338963208
83371,8434.460631944843
83372,19198.747288375533
83373,16632.09617048654
83374,13243.455135818363
83375,11817.654715411438
83376,17021.658829894805
83377,13977.524824126136
83378,14802.840981446872
83379,12881.482764543709
83380,7174.666231940505
83381,17311.27018053949
83382,7444.819000522705
83383,6676.03425035578
83384,10022.441201980559
83385,17495.58402840773
83386,15826.380568564759
83387,7345.419773158288
83388,10415.06973124308
83389,12398.314475986132
83390,8616.566989340596
83391,9240.297561698408
83392,13179.267035627658
83393,7677.378344502886
83394,18919.783549507512
83395,14734.25813134605
83396,2445.6557065288484
83397,11305.328739696026
83398,12200.037700564952
83399,14205.629492734337
83400,20669.274948570906
83401,19979.469900552016
83402,10464.779981079622
83403,12900.967610151109
83404,16047.668534469114
83405,17241.711362075777
83406,16921.726377017872
83407,12398.893298072055
83408,7631.021820467052
83409,12512.306281118888
83410,8833.180848623306
83411,17956.502191083986
83412,17068.4617171394
83413,11034.037255514648
83414,14752.57962667943
83415,7824.768457057286
83416,8222.213118627527
83417,13601.584236057703
83418,14205.618940631606
83419,8200.062057333123
83420,15849.012902493103
83421,10346.05928196644
83422,18702.040355619894
83423,7055.858556469557
83424,11138.895130189434
83425,12045.737853534216
83426,18117.932609423617
83427,7260.113912873985
83428,18181.77376982926
83429,9638.73229596222
83430,16548.119406332204
83431,10484.056238036595
83432,14295.451271456013
83433,21885.630400809056
83434,20241.157111851906
83435,9487.393339011518
83436,40808.93009633092
83437,19762.75785324474
83438,13252.713662322081
83439,10685.414719270131
83440,8975.903038547298
83441,8217.769330364792
83442,12431.772465306463
83443,9339.916152335869
83444,7822.824621904084
83445,11933.751875294094
83446,16443.634554515607
83447,17971.78455461588
83448,11513.831224443536
83449,10956.825751771381
83450,8014.051035272786
83451,20392.33453216688
83452,15285.36944410078
83453,16048.776864769867
83454,16138.55061520937
83455,15359.806189765495
83456,13229.817500179766
83457,10599.291355952057
83458,17460.279706402434
83459,8161.861508708302
83460,8963.889408461488
83461,12100.816567979096
83462,10791.960685430808
83463,16906.931876971787
83464,6918.400836212776
83465,9053.178284940099
83466,7721.087009641324
83467,3332.9429420157853
83468,9944.594991509122
83469,9780.873019772776
83470,28579.578506197082
83471,15797.06051590361
83472,11682.126519701187
83473,6471.510319687038
83474,6429.9343620226755
83475,18353.031747991645
83476,12572.68959864329
83477,11013.063380482934
83478,10202.04723071652
83479,14277.494886057113
83480,18800.426586812002
83481,11303.52409707621
83482,12757.331493437896
83483,7798.446154695559
83484,5671.860839672547
83485,9896.506394017411
83486,12900.967610151109
83487,15804.97845055319
83488,18173.806108234636
83489,14955.691813731508
83490,15790.978102893701
83491,11605.093160545866
83492,15371.959529491427
83493,8959.201263322502
83494,13823.376480197352
83495,8270.89748564978
83496,7554.626103164872
83497,10956.421960683605
83498,15853.107841785624
83499,7723.236925594586
83500,21410.962523644994
83501,18164.09542926321
83502,9666.116530085821
83503,11804.042670917808
83504,13252.713662322081
83505,16408.375691769026
83506,5029.7588919265045
83507,16909.32849734086
83508,6228.497055195806
83509,13783.942902736444
83510,6601.150243109594
83511,10592.036043110602
83512,8631.089481504183
83513,18842.251366707027
83514,8396.118517031062
83515,11050.370868189648
83516,18240.965157046336
83517,11829.685868763318
83518,10014.06744661096
83519,3599.4790789046538
83520,9802.636036105492
83521,13915.377193578714
83522,10825.45483275772
83523,11804.042670917808
83524,14032.51289363276
83525,9582.979058970737
83526,13505.60375456272
83527,17460.279706402434
83528,15847.514527651556
83529,19985.488704922238
83530,6089.553008976237
83531,6122.492324194202
83532,3825.8466445522095
83533,9466.851109574702
83534,8136.80640948041
83535,10330.049648891387
83536,12460.915170088198
83537,11088.320185396491
83538,13684.81610292017
83539,13110.191849222816
83540,7736.767438523266
83541,9656.496671776855
83542,19364.534331561736
83543,6895.187617227644
83544,13978.626005078115
83545,13420.155864630104
83546,16548.119406332204
83547,15140.82082687207
83548,10298.333019364693
83549,10828.317359204735
83550,17474.70852321201
83551,12028.549618914925
83552,18836.398427645974
83553,11508.992928300508
83554,7240.725323179965
83555,10764.183190552063
83556,18657.050450466795
83557,14021.101698977955
83558,15090.201819476662
83559,12097.439365014849
83560,9849.219248689062
83561,18146.484885339058
83562,8935.46856139176
83563,13559.579005058302
83564,9541.54341034708
83565,6944.91527020916
83566,9858.910368975661
83567,11535.75688811318
83568,27699.062595839052
83569,9100.99689205483
83570,2718.0052703564957
83571,13534.679292481529
83572,8262.544350436758
83573,18676.444727123235
83574,10830.227554539291
83575,20528.526612611426
83576,12148.436092348275
83577,14303.744578169435
83578,12046.078155660263
83579,19707.732914385364
83580,13505.60375456272
83581,17924.717730211603
83582,15805.22950711938
83583,9896.108038864319
83584,13534.54246555434
83585,7930.949510212314
83586,15121.829825198858
83587,12427.181352235324
83588,2444.2500265603176
83589,28689.610182572684
83590,13038.366518244431
83591,9057.738350862122
83592,15580.739614719123
83593,16658.783875560217
83594,9160.518193353004
83595,13592.466976129523
83596,10336.561342909932
83597,18122.844972255083
83598,5671.860839672547
83599,8925.012345559126
83600,6892.098647636919
83601,15724.876796509761
83602,12118.185542859528
83603,16705.13027195372
83604,13480.781358953078
83605,7354.561966794819
83606,14293.725740401174
83607,10777.546280803286
83608,5992.158229865298
83609,16081.866935204844
83610,13252.713662322081
83611,16559.103338401597
83612,16315.296339593997
83613,12560.99702272579
83614,10276.502432198837
83615,16112.92780449392
83616,11408.848346206227
83617,16392.006331283217
83618,18392.281627098848
83619,10522.5005187537
83620,10314.522577953072
83621,17381.189945006234
83622,8921.198871208815
83623,28689.610182572684
83624,15973.945442058686
83625,15287.728962008092
83626,11841.179916445857
83627,13689.370163184303
83628,38632.28907853782
83629,10198.784927076289
83630,11437.276587803579
83631,13576.418132317694
83632,14465.76266212992
83633,10606.307393904777
83634,12988.950146961553
83635,20060.821223684787
83636,11090.808639829793
83637,16721.159273355148
83638,12140.736661932071
83639,19436.110939006645
83640,18721.16587712693
83641,10802.045613858993
83642,13195.988940363939
83643,26517.455707259767
83644,24471.767326784717
83645,11284.662507083109
83646,7080.721698748915
83647,10574.113923793544
83648,18146.484885339058
83649,11426.25234703836
83650,15574.937676776915
83651,11079.222544400547
83652,20467.67747906754
83653,14295.341006400835
83654,18600.921414813725
83655,14823.062746638758
83656,16548.119406332204
83657,13816.915692695266
83658,9112.066736505336
83659,11532.434550987551
83660,13145.591588194444
83661,18676.847722833663
83662,17971.378836787713
83663,6009.740900331603
83664,10045.417865736803
83665,13154.028959579486
83666,9648.646266852904
83667,9349.618601370159
83668,7736.767438523266
83669,5691.381249336795
83670,18240.117835192937
83671,11331.151018391489
83672,8136.9660341712315
83673,20190.899700732
83674,10406.449922471087
83675,8988.425038705147
83676,8440.860754898018
83677,9697.615905326564
83678,16127.978423730276
83679,15834.400261157516
83680,17405.542585796575
83681,12460.915170088198
83682,16062.680225102202
83683,10788.487446467014
83684,10676.641917332863
83685,9797.940969424899
83686,13301.462392520078
83687,10281.1329150449
83688,10905.401542995962
83689,15790.49242642285
83690,11671.76530951445
83691,12793.324129631455
83692,16637.655733625943
83693,10956.421960683605
83694,21690.048863750566
83695,9916.979997228686
83696,12153.40411444909
83697,8732.354847719987
83698,11354.875729873787
83699,10535.774679297123
83700,12686.562105046814
83701,14407.766537437748
83702,8851.173656763272
83703,17444.564992560507
83704,17668.364157570937
83705,17172.686446639655
83706,10467.905374138749
83707,17383.131283457824
83708,19925.337556092116
83709,16276.475153012743
83710,8899.070969749586
83711,21462.122509060417
83712,12854.101703805061
83713,16677.272814655276
83714,10990.85812448455
83715,14791.616112109316
83716,13252.713662322081
83717,8033.253696832518
83718,13239.554269232414
83719,20257.74444779227
83720,17796.017842752175
83721,25770.591012294564
83722,18626.765456461584
83723,24413.55877583305
83724,6611.767008050313
83725,11391.962310453173
83726,11298.605486792589
83727,18146.484885339058
83728,15426.325047514798
83729,10025.301022085314
83730,9455.266795186768
83731,20103.262070483303
83732,13102.409399036073
83733,8010.23332320673
83734,22658.472065696493
83735,10808.92622973743
83736,17471.639507873886
83737,8780.828274125903
83738,9465.37068599375
83739,18552.977804886727
83740,15790.49242642285
83741,16081.866935204844
83742,8753.928769541637
83743,7345.419773158288
83744,5433.931467793443
83745,6101.744082322928
83746,7339.080739513047
83747,18084.867351934372
83748,10580.824531543667
83749,7091.309484903937
83750,18142.492427949936
83751,12523.30113890656
83752,7732.543736787908
83753,9768.57968602586
83754,9714.163903099954
83755,9682.68949617332
83756,6345.004964310669
83757,14201.49474384988
83758,9540.119243223855
83759,11904.530394388561
83760,11942.405439640925
83761,8621.302202543658
83762,15996.700371121735
83763,10489.892752942797
83764,10866.320694698587
83765,13235.823248936926
83766,11488.298203214315
83767,11556.174250059523
83768,21332.63094878975
83769,10707.590061899846
83770,10821.20032738129
83771,8944.38964419564
83772,12492.13385235711
83773,10099.208248451894
83774,8364.246046285109
83775,11938.405782142918
83776,8760.834075296278
83777,26557.93230625509
83778,19655.563716609682
83779,13234.009025800538
83780,16307.376500318313
83781,6250.604384713378
83782,12362.184806607896
83783,15285.36944410078
83784,11066.851020149903
83785,16524.522187795894
83786,16855.48512825221
83787,14293.75920858501
83788,7774.202239780498
83789,16583.77742527079
83790,10740.887805649536
83791,12560.696135020611
83792,13101.173101563201
83793,13354.208726024517
83794,6422.900225815907
83795,10430.942412220602
83796,6088.562207217258
83797,12431.49738882297
83798,13249.059752686773
83799,12931.79656614268
83800,7514.021568084091
83801,13285.878481031474
83802,10503.566484064193
83803,9012.438524562873
83804,12662.540021233586
83805,10276.775492430525
83806,12726.48038812081
83807,16068.69030402354
83808,7462.244089509683
83809,12395.48583939157
83810,16132.239414743415
83811,9018.975942147332
83812,10751.8253651042
83813,16760.69577718583
83814,9979.007011622849
83815,15177.821538205433
83816,17709.5887863312
83817,6467.064276806703
83818,8956.110401216443
83819,17445.25487379499
83820,8922.446220311382
83821,11426.66782214552
83822,8477.96605116878
83823,14399.62463066803
83824,17405.542585796575
83825,10464.546558443342
83826,15805.866533290411
83827,11156.815526497923
83828,9449.381252564233
83829,10735.971466764355
83830,8675.41938047053
83831,10062.021598519059
83832,15201.40751565788
83833,10480.837367834332
83834,18214.848941053315
83835,9561.984468625742
83836,11320.257104002332
83837,10313.461702793256
83838,6243.528728561143
83839,16850.46423746127
83840,10005.79044946303
83841,8497.9805827195
83842,6403.576219693158
83843,9800.164717088006
83844,8299.41262888651
83845,15552.811759923457
83846,6661.960812616697
83847,6125.7628772559765
83848,16621.555696943284
83849,6963.622591846674
83850,15253.985538268009
83851,12891.7089369973
83852,13547.298497650583
83853,5602.10541933804
83854,17471.639507873886
83855,18190.275901440895
83856,2477.7161904397617
83857,8820.580957148626
83858,11004.106647315552
83859,22527.571630148806
83860,8554.502079842981
83861,5375.9831121498155
83862,9515.11835205407
83863,12093.00972073757
83864,7408.159022840967
83865,10820.317468377183
83866,17186.801151188683
83867,17471.639507873886
83868,18251.009130058283
83869,21306.654557473437
83870,10024.598731052085
83871,16483.757886618398
83872,6850.101036039081
83873,10702.423497869637
83874,12431.772465306463
83875,6457.826204768291
83876,18907.065467132405
83877,5443.8618327761915
83878,17842.700019965934
83879,7355.128752436753
83880,8046.078266054176
83881,11920.038560882533
83882,8264.744414230549
83883,7574.15012640581
83884,12140.736661932071
83885,22111.05441044918
83886,16505.32091592483
83887,10625.38935935906
83888,10990.85812448455
83889,11131.274792767226
83890,17076.99729394323
83891,12205.685668675089
83892,16085.533988975185
83893,13154.039974766763
83894,9892.74081813139
83895,19007.974837182286
83896,7491.643259328313
83897,10873.043672370326
83898,7307.71231337582
83899,11698.719519191744
83900,4427.221649230748
83901,10099.208248451894
83902,7571.7993422599875
83903,9779.945198377636
83904,10633.265170204855
83905,11301.663154681219
83906,14029.175919494439
83907,17936.470385684494
83908,16739.457075722887
83909,13855.251166101521
83910,15367.803763010043
83911,13673.904428625725
83912,17648.713978932974
83913,19140.52157056171
83914,18903.28553640503
83915,9988.344691340331
83916,13519.823495284068
83917,9510.945394733886
83918,11050.370868189648
83919,11532.787708950606
83920,10169.000540165263
83921,12361.89409713424
83922,13198.08920313733
83923,15889.900157253005
83924,10971.486199460167
83925,12818.819463140137
83926,20875.859172036584
83927,13508.203796822952
83928,10337.895936172075
83929,16876.90056797399
83930,9453.218257345488
83931,19584.116312938615
83932,7113.571579997493
83933,16731.757282443417
83934,11061.155363814882
83935,4871.166438455391
83936,5085.3721894767405
83937,11493.560997804956
83938,23381.07687526267
83939,10070.56512078244
83940,13313.813445113432
83941,20205.138499200344
83942,9741.715930415025
83943,10656.293688630969
83944,12145.38912244811
83945,15234.08119563877
83946,8560.451382896037
83947,8454.085819880193
83948,33298.740386439946
83949,5681.597266233096
83950,10136.270388142155
83951,15177.215323368819
83952,10751.284771334162
83953,18023.119461581664
83954,13400.053121904913
83955,1955.5788187209705
83956,18923.40389942813
83957,19757.107686134575
83958,12629.332311750097
83959,8730.897996137555
83960,13127.178743742976
83961,18285.954215853722
83962,10194.971937791273
83963,14841.153212675095
83964,7774.07234190349
83965,14940.540579088352
83966,12717.562542441921
83967,14288.590982156962
83968,3588.0083570926963
83969,14695.63099702316
83970,7726.627247960772
83971,13442.83310621601
83972,17338.66716891553
83973,17642.595380763694
83974,11004.106647315552
83975,19412.860261166068
83976,20660.544223964444
83977,19159.51607871773
83978,7050.426377760446
83979,23700.964209593374
83980,3435.80671307113
83981,14518.293816425352
83982,8390.01190545398
83983,12200.0267758639
83984,14823.062746638758
83985,17077.922230370306
83986,15804.97845055319
83987,13938.115587005532
83988,10316.303304538942
83989,15988.557557278009
83990,15804.97845055319
83991,17891.437987390564
83992,8652.799627604552
83993,7534.2581835042565
83994,10750.317967304307
83995,4906.839863171709
83996,8294.509891924201
83997,10785.506488766618
83998,8812.752106010754
83999,4969.167262018137
84000,10853.396168621714
84001,15285.36944410078
84002,7852.137591116941
84003,9682.68949617332
84004,8473.430636272755
84005,8470.834962192774
84006,8863.309674431199
84007,13701.690619839901
84008,7311.033293769907
84009,17981.670131208328
84010,7732.595966074659
84011,11072.620354834073
84012,12195.394809448282
84013,7760.998983078695
84014,8616.566989340596
84015,11656.744030343152
84016,16029.966681209387
84017,15822.210522629197
84018,15809.205414060414
84019,15996.81215183355
84020,11019.890852084927
84021,11407.129034989288
84022,9518.495688780684
84023,16995.324763245673
84024,13234.056438129974
84025,26631.75630281106
84026,8666.466437111794
84027,11320.903735384396
84028,15150.051996178485
84029,10419.76731626116
84030,10479.509632152814
84031,7574.764372917145
84032,19732.295722789193
84033,17669.794707846115
84034,11375.151029637886
84035,10999.985508057754
84036,12545.52672446333
84037,8888.746393491923
84038,11801.412448707642
84039,17008.824237475266
84040,13354.208726024517
84041,15152.793346703626
84042,9293.122142350281
84043,9743.388383452899
84044,11810.726336960011
84045,8272.259112254607
84046,21263.66371190518
84047,17703.782903573287
84048,15996.700371121735
84049,17029.034397651933
84050,8376.67351745305
84051,11544.171758545861
84052,7944.336161465071
84053,8192.99928808392
84054,19057.159429897292
84055,6291.521106868363
84056,8818.207974512095
84057,5752.076151480727
84058,18866.887721220515
84059,11915.012925617864
84060,18808.15839669967
84061,15974.93404793263
84062,10670.136651299492
84063,7359.318593917327
84064,14529.642145231259
84065,18386.67074486363
84066,9449.381252564233
84067,14566.870296594114
84068,4238.157698704121
84069,11189.436182983645
84070,12409.000279750748
84071,10956.421960683605
84072,7139.445996041169
84073,11970.172177964349
84074,6614.853315872381
84075,13201.120851112159
84076,15020.60081171686
84077,9855.95601310769
84078,6887.926456669174
84079,14132.220011422847
84080,17301.57146548259
84081,10456.47057289056
84082,10075.344813725847
84083,17557.854333460884
84084,11402.270927230997
84085,12662.540021233586
84086,16063.321573555377
84087,9200.122872899492
84088,10083.562753762682
84089,11165.315570178214
84090,14642.301463174252
84091,6881.482752114883
84092,11975.367227588542
84093,7121.529727431407
84094,12488.189223527472
84095,16034.499014364566
84096,8296.413933428503
84097,17719.78085885184
84098,10030.381649615501
84099,12326.009685997813
84100,7138.920481795833
84101,11140.349289204596
84102,8200.062057333123
84103,10708.05202390625
84104,17999.48296575736
84105,14907.286289818796
84106,10084.239367082893
84107,9555.602847632266
84108,10370.99380349807
84109,4518.240242148069
84110,11423.408876468691
84111,17521.889779254507
84112,9064.002869243082
84113,10941.86177685522
84114,11337.123289895575
84115,9878.510619513778
84116,11730.841459334119
84117,16419.266873557925
84118,12371.64772482556
84119,12577.019395243224
84120,12786.643039436125
84121,24710.604649450725
84122,11243.787326824313
84123,9081.002400455784
84124,10787.902661282189
84125,13643.243717436913
84126,15133.36353925942
84127,6773.627241807042
84128,18132.958330332636
84129,14580.242621987365
84130,15075.577036605539
84131,18445.009475833805
84132,9625.592038448609
84133,11106.410586704733
84134,10925.498123258967
84135,11894.308675457753
84136,16026.391966949224
84137,6767.9617242527775
84138,15484.04623765449
84139,6243.528728561143
84140,19005.993493061607
84141,12838.368191481177
84142,6833.242780872807
84143,12483.251815985355
84144,15106.49795695272
84145,10198.559255692215
84146,10699.997965627132
84147,14733.378049029849
84148,7091.712664506851
84149,9598.444711275535
84150,9845.10501986803
84151,5234.589251051284
84152,7903.311946860919
84153,16767.627878130144
84154,10218.99191695988
84155,17956.502191083986
84156,7960.374664213862
84157,14494.140967358002
84158,5506.101844029771
84159,14071.222635903649
84160,16785.324015364527
84161,10396.723768821026
84162,15756.81485992015
84163,6493.725047582892
84164,12226.555502992298
84165,10786.730731116071
84166,16721.895240613216
84167,11076.031359064233
84168,8400.806455096632
84169,6948.257777963469
84170,10857.492619926174
84171,8886.343478160174
84172,14252.53055771797
84173,16770.938224369707
84174,10030.381649615501
84175,13015.071850484372
84176,11044.84340861192
84177,11686.576471496677
84178,13471.761234838146
84179,13871.936073620745
84180,12227.314916973191
84181,20125.968604284637
84182,11912.015725447789
84183,15889.980286131518
84184,10358.58126584458
84185,28649.23796522178
84186,6291.521106868363
84187,12224.292897510186
84188,10990.85812448455
84189,10470.38109102953
84190,10750.317967304307
84191,7380.843797870059
84192,18850.154045065592
84193,15541.182914354269
84194,10041.824392600527
84195,7740.791738526985
84196,2721.8804544070363
84197,9772.654990277066
84198,4122.665186954151
84199,12536.155332731263
84200,9937.365757828395
84201,5970.5416945769
84202,9617.687657716398
84203,16664.98532485382
84204,9749.072003002888
84205,14798.884630773655
84206,7312.402211503818
84207,9963.61779648693
84208,9274.83899236415
84209,20474.81685478031
84210,10444.907128454088
84211,11009.552108227092
84212,2693.255410193028
84213,20544.504507320795
84214,13756.129883738899
84215,13305.90694975148
84216,20283.548433020682
84217,17432.993754333558
84218,6355.686076962672
84219,10543.565641566005
84220,13673.904428625725
84221,12283.68527270814
84222,12786.714469033064
84223,19127.041985834156
84224,18505.97514856801
84225,19088.50385276898
84226,13877.86884993116
84227,17063.102487641605
84228,5825.246897473249
84229,15970.308377186177
84230,8534.637794060101
84231,12329.089209644382
84232,11823.38576504045
84233,9063.476490849544
84234,13217.043821723057
84235,14242.598267848534
84236,8156.983284142806
84237,5612.503328139093
84238,9714.163903099954
84239,19513.480953541137
84240,14919.287495890138
84241,13388.29395043609
84242,9923.238333925143
84243,7796.857857173977
84244,11920.708362412934
84245,16890.960784219333
84246,10588.191898902183
84247,7598.102763925137
84248,20283.548433020682
84249,21617.70947788861
84250,11488.298203214315
84251,10867.103363965336
84252,9213.55675206096
84253,8810.010109106877
84254,10971.486199460167
84255,9428.0092219063
84256,11416.09191642376
84257,12610.498795282527
84258,14257.444941815116
84259,5284.04406537766
84260,14383.851284514889
84261,13741.048884507663
84262,9039.214008917077
84263,10625.38935935906
84264,12779.110085755303
84265,3409.2663016433658
84266,10756.044771799412
84267,19364.06697025814
84268,13519.823495284068
84269,12057.841342098956
84270,10519.50054415079
84271,16156.265825917579
84272,18955.221973005395
84273,12173.727179427699
84274,16268.431343959865
84275,11832.456134030761
84276,14187.99640740571
84277,12876.782844612366
84278,10956.421960683605
84279,18273.493728087196
84280,17155.318684346163
84281,18697.954504410776
84282,13110.191849222816
84283,13137.850157024493
84284,11903.912716970674
84285,4839.612449116822
84286,5670.100254892817
84287,19053.90463054647
84288,13741.048884507663
84289,9246.963473405298
84290,9348.202891131406
84291,11732.166705042418
84292,9827.452992930244
84293,15790.978102893701
84294,17822.63954654271
84295,10777.546280803286
84296,13962.73863061752
84297,21824.708991645253
84298,16818.827380272633
84299,11601.661306464835
84300,11165.315570178214
84301,13043.618036971793
84302,11459.261864854367
84303,11641.715437663963
84304,8731.853583705477
84305,10501.666722620072
84306,9520.982055275435
84307,8554.502079842981
84308,18744.473236994545
84309,10964.64421863952
84310,19171.58964080134
84311,11814.953609028329
84312,9824.177753478034
84313,10319.98326332686
84314,11686.576471496677
84315,17788.891157555954
84316,8764.01921845603
84317,18675.15380811951
84318,17873.26419725414
84319,13842.519334588842
84320,11004.106647315552
84321,18299.850501760026
84322,19985.488704922238
84323,10385.171906435311
84324,10149.451295343488
84325,11848.772652468087
84326,18986.15024651434
84327,15963.547807991148
84328,11333.074076691526
84329,6293.011515083444
84330,20229.318553041347
84331,15810.042428035556
84332,22170.258566319928
84333,17317.182001200836
84334,7807.1470111328545
84335,9816.6459361851
84336,17600.838686968025
84337,15822.697174608418
84338,23714.563321878853
84339,16901.510340577912
84340,15167.753778284916
84341,12801.504433580552
84342,15249.458561898518
84343,10715.536956315684
84344,11813.557667611462
84345,7273.166341804831
84346,18334.153785154675
84347,10093.683820179398
84348,11407.129034989288
84349,8874.18343927669
84350,11974.84728357246
84351,17605.050932664784
84352,13800.821427856023
84353,13158.364283724648
84354,15367.803763010043
84355,10955.004084206825
84356,20558.59125427574
84357,7342.474115962945
84358,11964.565440496757
84359,7204.028430595327
84360,7822.824621904084
84361,19393.278934594007
84362,9389.373886264586
84363,16224.817376869802
84364,15012.074637352007
84365,8320.479070674313
84366,9750.422193618486
84367,17765.73780862564
84368,18520.81239989248
84369,10019.365531776968
84370,10171.159607514428
84371,11392.48081497346
84372,10567.543248350115
84373,9479.679608274213
84374,8882.291368689625
84375,10532.402269558897
84376,12633.57512787838
84377,11306.105122329502
84378,11320.257104002332
84379,13161.22040113621
84380,12544.906820392176
84381,5696.246068932228
84382,9508.15703014177
84383,10879.088107038608
84384,19245.679153409357
84385,9515.11835205407
84386,14438.789197105236
84387,11686.576471496677
84388,13671.424978176477
84389,7741.077736698058
84390,6231.447458798315
84391,6093.645066899018
84392,16432.727210209672
84393,10327.119952145267
84394,10336.709053805216
84395,15957.302114514434
84396,9743.388383452899
84397,18685.18736814902
84398,8551.171314093473
84399,25816.89036352736
84400,15167.753778284916
84401,10190.599518386327
84402,18797.62813378172
84403,17946.448281962697
84404,11172.035527670721
84405,12811.2573738912
84406,10287.117968351358
84407,6825.712489192738
84408,12173.241447824974
84409,8623.355404557335
84410,15781.04841457098
84411,11452.805337126943
84412,11312.88549336088
84413,14129.309570668094
84414,5506.101844029771
84415,11004.106647315552
84416,11090.808639829793
84417,13689.370163184303
84418,13573.300303549993
84419,10821.346327738142
84420,18152.912036655143
84421,11090.808639829793
84422,9064.002869243082
84423,10908.140026498131
84424,16640.382967864847
84425,10198.784927076289
84426,17917.069098143427
84427,11050.370868189648
84428,5820.708775981108
84429,6245.916631295236
84430,12512.48898129979
84431,17057.017955817835
84432,8006.752791781138
84433,6321.589682200835
84434,17494.14045883007
84435,15713.022420383048
84436,9905.911724655205
84437,4877.75554698196
84438,9494.541440894687
84439,14232.195115741595
84440,9972.643431157709
84441,9267.776277535433
84442,7278.3360720490655
84443,19208.360117335676
84444,15781.04841457098
84445,16143.331615665196
84446,7065.713784366806
84447,6957.116855361678
84448,20008.247511294958
84449,4395.526302110508
84450,20128.28451945214
84451,3225.4793689094436
84452,18148.121944105194
84453,7973.2671590162245
84454,19564.544678543458
84455,17641.752346890873
84456,18899.26457641447
84457,16625.189665547507
84458,14146.725565371242
84459,8008.277587097161
84460,13066.485711672905
84461,15552.912370783095
84462,15085.43675458606
84463,15834.400261157516
84464,13229.817500179766
84465,11033.302227519982
84466,12173.546874307567
84467,14148.75082807867
84468,9790.362678579684
84469,10571.834244648684
84470,12070.121173526162
84471,12987.262596889406
84472,11320.903735384396
84473,14399.62463066803
84474,17512.098419769478
84475,13473.312290292119
84476,11565.660847255707
84477,15956.3015183475
84478,18953.87856302895
84479,11840.830487200708
84480,12441.323559698327
84481,19504.06471622104
84482,18303.12475287414
84483,17750.101141858802
84484,6004.037434677226
84485,8456.274201586108
84486,12544.61285820817
84487,18027.34050579118
84488,11159.36352707044
84489,11817.581039031707
84490,21800.210556139435
84491,10097.125557674475
84492,12230.217032799272
84493,10566.486330760648
84494,10921.064262278027
84495,11037.87844999295
84496,11830.016954410768
84497,20172.26601204104
84498,15438.938349634462
84499,14257.778387110666
84500,13223.189580962067
84501,15834.400261157516
84502,18152.77698367185
84503,5172.00980248449
84504,10785.506488766618
84505,12913.10973864542
84506,19274.786801686412
84507,17030.29354550854
84508,10212.929807979228
84509,15580.500895481446
84510,9519.001677469496
84511,19545.120335020685
84512,16760.15475361722
84513,14347.970598298207
84514,8887.241810825179
84515,18987.41777683408
84516,16576.3165958039
84517,10351.179133020594
84518,14218.013854608495
84519,6495.136651317635
84520,10541.259828641298
84521,8354.253505411933
84522,10726.835169681775
84523,18023.89682227665
84524,13383.309889230917
84525,8017.950336594487
84526,19564.544678543458
84527,8046.078266054176
84528,15764.038632906631
84529,11633.735005116689
84530,6855.689225453724
84531,7627.679344326475
84532,9498.51731993923
84533,6790.051130378028
84534,9833.311218036188
84535,10535.500542282789
84536,8876.739875679135
84537,13474.562690141505
84538,11843.150409329544
84539,15212.365761156672
84540,13962.257799924826
84541,20103.300451862677
84542,11009.552108227092
84543,11109.369041880727
84544,7406.424017246487
84545,26306.343637154107
84546,12207.57665396837
84547,13576.418132317694
84548,2995.0585300665325
84549,10525.343997010734
84550,11534.055663675734
84551,18892.27694591627
84552,10836.216337096594
84553,14894.350942237374
84554,8392.624642303299
84555,17539.67093708112
84556,9422.140825779641
84557,11422.942707273756
84558,12662.540021233586
84559,10830.227554539291
84560,6638.898273354993
84561,6789.67456321341
84562,17415.9536293022
84563,8543.155810035825
84564,14818.821459072566
84565,18023.119461581664
84566,10666.527296123819
84567,10601.061808643624
84568,19085.96298111539
84569,9814.389573595412
84570,14501.043648721847
84571,13234.056438129974
84572,10654.25993228314
84573,16372.85265571073
84574,10900.471687499847
84575,6847.796953989577
84576,8200.062057333123
84577,9127.609786103028
84578,8683.328806588986
84579,9612.885527462498
84580,18729.101125182948
84581,15508.371633813807
84582,8136.737147951724
84583,3442.853715668199
84584,8133.914730101343
84585,9786.06276885488
84586,1843.805047008045
84587,14143.599201523335
84588,9359.07239440737
84589,11628.501219341302
84590,11811.864109942615
84591,18945.616812426346
84592,7003.982114491849
84593,11512.324615725232
84594,6788.951209026186
84595,16625.189665547507
84596,11221.441375917613
84597,7651.892283163499
84598,19750.850740810278
84599,7338.77851991136
84600,20655.762282521548
84601,7165.3940661969455
84602,7165.3940661969455
84603,9495.551129498974
84604,10016.99776894189
84605,8045.199959756948
84606,12831.308609057047
84607,17526.526763435704
84608,18248.74618302573
84609,11544.37865080524
84610,5135.429600358914
84611,12915.424463143281
84612,8429.829508983967
84613,11787.355780305685
84614,14221.305672955643
84615,10785.506488766618
84616,16042.396063118693
84617,8477.96605116878
84618,12009.335005122886
84619,4963.455786692184
84620,11802.012558570745
84621,15425.531421587002
84622,13036.531256891749
84623,16365.56679935341
84624,9790.590691793679
84625,13528.220736765914
84626,14105.271858844622
84627,11488.298203214315
84628,10985.414167982874
84629,10250.528826976943
84630,17560.61468933963
84631,17070.22780362353
84632,7003.259807603852
84633,17020.906189215926
84634,17156.307996736323
84635,10449.29886303555
84636,8016.058658922691
84637,18534.616105091467
84638,5975.393168517245
84639,11735.61012963963
84640,15554.096728273244
84641,13975.302697313788
84642,17471.683632529777
84643,9034.736133355103
84644,8134.455447725655
84645,19071.53804145427
84646,10524.588943865838
84647,19744.351694101115
84648,13085.371315290207
84649,10040.46091913154
84650,9822.85208483061
84651,8376.67351745305
84652,12749.995507752223
84653,7995.8448778626325
84654,18655.856160270534
84655,9158.075665025415
84656,11069.684009455314
84657,10567.543248350115
84658,16760.15475361722
84659,18375.648105947123
84660,17172.686446639655
84661,18789.682616124814
84662,11554.98258499991
84663,13471.761234838146
84664,13247.682583490348
84665,7543.034767962404
84666,16113.322746474418
84667,7138.920481795833
84668,10574.104596546405
84669,14527.325556235595
84670,18179.834056093125
84671,15973.945442058686
84672,16022.803018337127
84673,11570.869757715513
84674,17938.01953682645
84675,15336.642661158634
84676,6250.604384713378
84677,10961.511651683526
84678,7644.065792371345
84679,12810.426604026828
84680,6468.869282622296
84681,9719.879591520448
84682,20154.244410200423
84683,9963.022920817863
84684,16072.58230731056
84685,19103.3587786044
84686,6552.53417669287
84687,18369.692752229053
84688,12876.782844612366
84689,6793.250404418965
84690,13548.760846546105
84691,6505.744019461213
84692,16047.668534469114
84693,15556.97906202099
84694,9440.833017973442
84695,7405.878648495293
84696,27996.50105779406
84697,18129.014343471918
84698,10666.527296123819
84699,7987.60416265387
84700,15557.318943053422
84701,10197.313091936046
84702,8570.436358095827
84703,18524.089662176157
84704,6088.562207217258
84705,19007.974837182286
84706,18148.707819493928
84707,6789.67456321341
84708,14294.13649973445
84709,17217.120520196506
84710,7584.0519112407965
84711,9784.995077456257
84712,11223.239315009067
84713,3369.296319101553
84714,15335.93238261585
84715,8893.126362018304
84716,10988.16104369109
84717,5249.11387852852
84718,6336.383065778654
84719,15094.305288604724
84720,8472.244057156062
84721,11292.742776412035
84722,15225.228784529127
84723,6913.353960163593
84724,9836.443596430368
84725,11020.09868621335
84726,9276.884272562309
84727,7699.320298493951
84728,15014.67718431601
84729,14472.938153459718
84730,9073.903881865706
84731,21701.199746121176
84732,12202.870430786732
84733,6602.016154272312
84734,15797.06051590361
84735,8432.39048285649
84736,9513.545601684678
84737,9074.66906514149
84738,8967.249266959478
84739,9833.489017998068
84740,14163.933030203281
84741,12070.121173526162
84742,19552.391136632417
84743,18302.437275533874
84744,10385.339472663838
84745,16485.18667968131
84746,10175.744728314228
84747,11178.231134890764
84748,11479.876425244674
84749,10750.317967304307
84750,13710.907026763085
84751,8726.216492913762
84752,9141.887697193464
84753,7737.334794263299
84754,17435.64290947723
84755,13673.904428625725
84756,5574.197598072945
84757,17938.01953682645
84758,10183.320077524768
84759,10609.569118604672
84760,10894.579214916894
84761,5188.330612843658
84762,9836.443596430368
84763,6919.762166311907
84764,6855.689225453724
84765,14331.968526217444
84766,13412.524925695725
84767,10314.577546686893
84768,11843.150409329544
84769,8277.49634750605
84770,11937.665972586467
84771,8829.005154760123
84772,15943.206049158793
84773,9659.377694054665
84774,11693.684126917457
84775,10028.590336204808
84776,8307.372973822585
84777,6046.676900503284
84778,21132.2054487826
84779,10065.223307933265
84780,16855.37609166905
84781,11933.751875294094
84782,9855.95601310769
84783,15936.47005087439
84784,9598.444711275535
84785,9480.808928338072
84786,16276.475153012743
84787,11456.317567850303
84788,19584.116312938615
84789,13480.781358953078
84790,10355.611195985732
84791,9658.090441886401
84792,10956.421960683605
84793,15844.91048568908
84794,6393.521685057885
84795,19583.02525865958
84796,16644.355451914154
84797,15456.41041313027
84798,9631.232556378602
84799,17468.747373365877
84800,7698.079651156223
84801,13674.07927425216
84802,11922.387358576689
84803,9402.9238056188
84804,14068.434744734179
84805,8640.034231045083
84806,10385.721083651071
84807,6452.407024806174
84808,17158.421238762923
84809,16185.185766457105
84810,6295.21742317528
84811,16095.724849868719
84812,17289.20347825627
84813,10532.27671226428
84814,16681.641061752944
84815,12772.06132950643
84816,17616.472746401087
84817,6736.844488346506
84818,16917.21627552867
84819,10185.890344196465
84820,16326.565559912982
84821,18220.608424639824
84822,9586.235000542576
84823,6107.754070840575
84824,11025.814165030839
84825,18256.267138740975
84826,18638.605027403617
84827,12036.637818437563
84828,7384.074890379431
84829,9795.700094208345
84830,10044.820975835166
84831,9271.150538477488
84832,15125.391616420646
84833,15352.541765474523
84834,9958.321823806476
84835,6935.005532306824
84836,9827.913520088408
84837,18527.899979073758
84838,15997.925091374193
84839,11686.576471496677
84840,11103.268065564722
84841,8580.807884599875
84842,11905.98248837167
84843,15127.154858965334
84844,13382.467061911033
84845,14210.107159012847
84846,9743.388383452899
84847,12067.063585758884
84848,12127.206221630086
84849,11165.06851419539
84850,17857.334470489892
84851,11674.08742500374
84852,9405.989967032774
84853,6093.645066899018
84854,5187.655674097946
84855,18844.660820001005
84856,15810.042428035556
84857,8033.253696832518
84858,8102.610476646911
84859,7856.7202204404775
84860,10640.283290013473
84861,18499.647178389037
84862,10550.497990631406
84863,11627.699769061846
84864,10250.528826976943
84865,9294.059443187001
84866,3141.616615525552
84867,12571.384735579464
84868,7971.415996445057
84869,16203.85860851765
84870,18177.51526481223
84871,13194.076833745306
84872,16127.978423730276
84873,13573.300303549993
84874,15810.042428035556
84875,16678.36757253759
84876,13841.045523878991
84877,15245.299488063161
84878,18253.046632652473
84879,20343.749126500574
84880,7501.3343828703555
84881,8008.75419281665
84882,14265.746692350558
84883,7214.061248039196
84884,13080.545278919117
84885,7829.207556565307
84886,10956.421960683605
84887,13234.056438129974
84888,11985.47367749817
84889,13612.182433572665
84890,9649.030638764494
84891,7423.115988630377
84892,7072.449910202086
84893,12773.526986897154
84894,12202.507327482494
84895,10567.543248350115
84896,13388.01859512256
84897,10931.651259942026
84898,9908.455888959767
84899,7292.439197214269
84900,7292.439197214269
84901,23362.376457699338
84902,10901.986047534796
84903,9887.146290759387
84904,10603.092986978929
84905,12280.27825742818
84906,7736.767438523266
84907,10616.069433826202
84908,11025.220072404703
84909,8366.253607120301
84910,13812.67378817871
84911,1635.2587708738793
84912,15790.978102893701
84913,8851.062109358103
84914,13964.800555760838
84915,13419.837247704963
84916,16736.993761351492
84917,12315.176339480762
84918,13878.296965323912
84919,7416.822648964923
84920,10750.317967304307
84921,11801.633962008758
84922,20154.153636963998
84923,16896.846229069113
84924,16455.42432062427
84925,12308.238406859338
84926,9121.821126673443
84927,17655.04344290013
84928,11014.419966707408
84929,11405.43633127918
84930,8791.329419611564
84931,15400.946765213002
84932,9532.707506648476
84933,14291.396364516195
84934,18968.757276071174
84935,16559.103338401597
84936,17616.472746401087
84937,16644.098199327076
84938,9779.945198377636
84939,10479.509632152814
84940,10745.025013308656
84941,13801.607062597912
84942,11964.272158683487
84943,10585.559584520792
84944,14212.72718760038
84945,14894.350942237374
84946,12007.451921579852
84947,13137.850157024493
84948,8587.838065467231
84949,30184.80098505692
84950,8273.438733724275
84951,20123.09794372542
84952,10745.025013308656
84953,6522.211590458022
84954,10990.24056505683
84955,10217.431559815277
84956,14187.99640740571
84957,14852.416007171458
84958,16817.192204921164
84959,19556.87738203813
84960,10710.074810453183
84961,11249.136378766438
84962,10998.08871058597
84963,8134.455447725655
84964,15321.720723286044
84965,9350.176075461124
84966,14316.687867003096
84967,16934.900930236327
84968,15578.685400431246
84969,9996.273048508647
84970,6847.796953989577
84971,9461.435525925655
84972,11826.12680802136
84973,3877.421884286355
84974,15805.866533290411
84975,12233.735970853755
84976,16238.422548860597
84977,8843.101239002239
84978,19239.198323478813
84979,11165.315570178214
84980,11719.147278885921
84981,15996.700371121735
84982,9248.51800135033
84983,19137.706113857646
84984,10797.385613475055
84985,11674.849798198344
84986,8115.600521298212
84987,13535.762077230962
84988,15359.806189765495
84989,15801.064500533743
84990,20812.598720738042
84991,14596.044397180101
84992,9694.284964056564
84993,11634.888654125418
84994,17055.054176886046
84995,13848.013278165132
84996,8473.687616537936
84997,7627.679344326475
84998,10034.690393828923
84999,19198.747288375533
85000,11066.851020149903
85001,17277.735287714742
85002,7816.8455349281385
85003,12346.942222285648
85004,11836.815034661206
85005,12115.310689018574
85006,9382.139487256636
85007,12173.934750327533
85008,15943.206049158793
85009,9455.364895008086
85010,16372.85265571073
85011,21228.732693487345
85012,16249.765541331535
85013,9319.129742533178
85014,6030.012271983022
85015,13455.647091772322
85016,7823.425054355954
85017,8702.051869962761
85018,28689.610182572684
85019,14894.350942237374
85020,11134.896698699251
85021,10929.255404279378
85022,10731.731008282057
85023,10527.595062681696
85024,8316.319213371653
85025,18240.965157046336
85026,27954.057007033505
85027,12115.584624499468
85028,10458.914937313035
85029,10575.202051465452
85030,19310.01606807894
85031,11329.180173190807
85032,12773.526986897154
85033,9165.45265464333
85034,14265.746692350558
85035,6469.102025898694
85036,4643.504339563025
85037,13365.36264058294
85038,16281.883279711354
85039,8534.637794060101
85040,16818.827380272633
85041,9127.609786103028
85042,6819.136726074618
85043,9597.555452541284
85044,11456.65003681953
85045,10806.837059798669
85046,7527.401957631385
85047,18248.88650075341
85048,18244.968999841396
85049,12671.65739973957
85050,7799.011721299831
85051,7495.0516688707885
85052,11900.270564047434
85053,10880.746180652664
85054,10849.125889759282
85055,8859.801986544899
85056,22974.04161791736
85057,12507.247621709033
85058,9441.686004734855
85059,9307.705025188056
85060,9892.74081813139
85061,11913.491666417984
85062,7952.0999066395225
85063,9943.578147626922
85064,18715.079193188918
85065,10632.304145285978
85066,5302.959203275788
85067,15415.247605109918
85068,9232.559585240313
85069,3766.2264342174153
85070,22954.77619240973
85071,5145.721371647121
85072,8197.553355990254
85073,11069.684009455314
85074,10393.16848072248
85075,6469.682114310514
85076,9743.388383452899
85077,17460.279706402434
85078,15996.700371121735
85079,12461.199020627399
85080,8962.682850943786
85081,10567.543248350115
85082,17512.92055300468
85083,7427.4570786155155
85084,18073.641328473477
85085,9833.311218036188
85086,8207.313056016326
85087,10785.506488766618
85088,9102.727707749133
85089,10878.776760814859
85090,16393.75563312078
85091,19819.183034327823
85092,13685.687505571646
85093,8263.67798175177
85094,7577.613836279447
85095,14801.006901688104
85096,13636.717092097213
85097,8371.760167828323
85098,15970.308377186177
85099,10724.792951945412
85100,16636.85344982498
85101,10268.67970275882
85102,11922.387358576689
85103,11103.268065564722
85104,8652.799627604552
85105,20705.405047674885
85106,17561.73287873895
85107,9745.109817053853
85108,14767.396411826936
85109,16900.890986005707
85110,17319.116190893674
85111,15988.557557278009
85112,17654.65420083565
85113,11696.337418491441
85114,11244.773148669638
85115,9286.03249134898
85116,15107.623768743913
85117,6232.848549758354
85118,18465.545701713592
85119,15151.72083274828
85120,15288.061224036128
85121,10470.204869392845
85122,11728.134223681694
85123,16047.668534469114
85124,15819.63603843661
85125,15003.618953107556
85126,8861.556756499376
85127,30297.07261703289
85128,21368.797849912793
85129,15905.101487767497
85130,9829.372763843057
85131,18213.68328066485
85132,15885.110265192974
85133,11805.676716435493
85134,10625.38935935906
85135,15124.381073429495
85136,8845.628464530206
85137,6584.2974525338905
85138,9981.53792836357
85139,15963.547807991148
85140,20215.220843509855
85141,5592.845432303432
85142,9513.545601684678
85143,30848.032780220063
85144,16369.99837129149
85145,19757.107686134575
85146,10492.944262891095
85147,17642.595380763694
85148,16620.798480186255
85149,15988.557557278009
85150,15521.532306010859
85151,14901.129192969185
85152,11935.866952545086
85153,13096.195130135928
85154,13937.609066487259
85155,15401.156277640122
85156,9683.033409937789
85157,12431.49738882297
85158,11652.702763745403
85159,11333.434610668464
85160,7892.710174904476
85161,17468.747373365877
85162,10453.030068340351
85163,15986.59635599583
85164,9014.513847006447
85165,6134.176455159961
85166,13553.5126625092
85167,15816.610321510678
85168,16230.67183242082
85169,32376.693507199587
85170,27533.601631164966
85171,20996.95518438747
85172,8477.96605116878
85173,18386.01286266002
85174,15805.866533290411
85175,13013.97102196401
85176,9892.74081813139
85177,11150.76849986022
85178,11290.409236120631
85179,11876.861702657994
85180,13685.687505571646
85181,14820.267971624518
85182,10955.004084206825
85183,9646.725110211904
85184,18288.59183257756
85185,9403.371657666461
85186,10396.723768821026
85187,9226.427718253002
85188,16294.35288427416
85189,10773.023179367945
85190,13592.466976129523
85191,7947.674075255608
85192,5536.697660164366
85193,13305.90694975148
85194,6756.412805716248
85195,16514.202260096397
85196,13708.751809683185
85197,26291.0298324629
85198,41087.17815645489
85199,9324.218983037728
85200,12175.225226222841
85201,5423.53580476261
85202,21223.95980088259
85203,18152.43874128331
85204,7899.507840712165
85205,13145.725020079683
85206,16047.668534469114
85207,7354.561966794819
85208,11315.888875816156
85209,9916.979997228686
85210,14026.075648249958
85211,13505.60375456272
85212,10431.276264545648
85213,19159.51607871773
85214,21334.219140684618
85215,8549.935676179648
85216,15853.787527019904
85217,7112.231670300316
85218,16034.499014364566
85219,9692.110115861602
85220,13573.300303549993
85221,27351.955135411186
85222,11915.385958746972
85223,6118.05868189456
85224,11035.104736738565
85225,11832.448585910224
85226,15919.670524477819
85227,10931.927123757765
85228,13567.95236103762
85229,16770.09151674105
85230,8511.802943153498
85231,10567.543248350115
85232,15996.700371121735
85233,11673.139025880151
85234,16276.475153012743
85235,19441.447199378006
85236,16053.056759708965
85237,8197.553355990254
85238,7315.796368739301
85239,11391.962310453173
85240,17317.182001200836
85241,18062.136535229285
85242,8765.315155019918
85243,17663.852050550813
85244,14651.765823145579
85245,11198.073550216031
85246,12820.502044418725
85247,11219.984053540944
85248,11679.168543979564
85249,10377.801978772168
85250,8942.257632646033
85251,10575.202051465452
85252,13227.131487636307
85253,11392.779809751994
85254,9067.393101503909
85255,19388.272560282632
85256,12006.087508937553
85257,15988.698235546197
85258,10956.421960683605
85259,14811.680799021548
85260,17527.059041911427
85261,11863.954062880377
85262,10849.890359794472
85263,5170.039234639799
85264,15774.17672536201
85265,11752.79413013781
85266,6150.536647171664
85267,7886.6816596206645
85268,8824.292603591504
85269,14368.795607948601
85270,12838.368191481177
85271,20103.262070483303
85272,13071.218001820936
85273,7527.401957631385
85274,14296.617030640798
85275,10928.072981829346
85276,7070.397195550884
85277,11404.83308726429
85278,7101.7641878853465
85279,11138.895130189434
85280,17403.648136400414
85281,6443.759399964547
85282,7851.821918300487
85283,7554.822300614804
85284,10479.509632152814
85285,12074.511477351007
85286,11699.290374928105
85287,16474.559825103905
85288,8296.413933428503
85289,8130.126873812317
85290,11686.576471496677
85291,11451.404849306271
85292,8652.799627604552
85293,13630.500791433487
85294,6064.720245575508
85295,15970.308377186177
85296,17016.313862800678
85297,11532.434550987551
85298,7643.040349549087
85299,9130.108316854014
85300,19377.393659231395
85301,8458.275242205278
85302,2529.2481739501054
85303,19369.55070114271
85304,10803.40057313678
85305,8200.062057333123
85306,10286.142186406561
85307,17904.416794251287
85308,10241.213106592597
85309,15981.668612208454
85310,16817.192204921164
85311,10702.423497869637
85312,19315.487181892735
85313,15014.67718431601
85314,10330.40491514704
85315,22080.696738953215
85316,12695.65353216998
85317,12970.524026543204
85318,16081.866935204844
85319,10530.043578805662
85320,15970.308377186177
85321,14023.394670293272
85322,13573.300303549993
85323,14214.933051008737
85324,20297.196220713442
85325,10868.898037533481
85326,15804.97845055319
85327,16917.21627552867
85328,19154.958071320445
85329,18985.752879864547
85330,16777.68172525581
85331,16847.0122702024
85332,18956.160011530566
85333,15623.78487916701
85334,14386.83127549513
85335,11386.14658656993
85336,10821.346327738142
85337,9526.39315101146
85338,3246.7819415247027
85339,10934.751254129496
85340,17436.094499983945
85341,12946.999121084122
85342,9429.667480887132
85343,15285.36944410078
85344,14214.933051008737
85345,6085.357427626751
85346,12328.41524893701
85347,16365.56679935341
85348,10735.971466764355
85349,15261.198037530661
85350,16047.668534469114
85351,6110.638725313717
85352,7883.039362987331
85353,19581.67838226684
85354,17057.696086012016
85355,9767.86834800906
85356,13592.466976129523
85357,10524.382140492791
85358,8554.502079842981
85359,17474.70852321201
85360,18611.584125732377
85361,8715.803919004482
85362,15080.486328072056
85363,19361.414220840412
85364,15182.689973607254
85365,9960.254815438617
85366,11488.298203214315
85367,10484.056238036595
85368,6227.542828786226
85369,21306.654557473437
85370,16701.606532449565
85371,18089.5051050463
85372,11982.752858263551
85373,10567.543248350115
85374,13623.803541147661
85375,8978.078198874635
85376,8480.169056229553
85377,9926.883480753648
85378,11172.111961117267
85379,8085.189925129364
85380,10304.773173549043
85381,10903.333981572749
85382,7369.266483415817
85383,7448.817610483756
85384,12050.33562076016
85385,28721.84863071401
85386,11699.311954959954
85387,13062.76721884003
85388,17501.887815655748
85389,12921.535748513692
85390,15012.074637352007
85391,10320.427102062371
85392,15148.55159680376
85393,21699.37335158879
85394,16341.401276759536
85395,9423.324336237954
85396,8731.70849946215
85397,21069.38621837561
85398,16270.410371897513
85399,10242.447278623282
85400,8849.832822324068
85401,14741.267504828527
85402,18351.753173039087
85403,16092.541407577664
85404,7101.7641878853465
85405,7584.740711485838
85406,9090.613885553827
85407,13234.056438129974
85408,15986.08946788326
85409,15778.173160351917
85410,9046.14453397132
85411,15986.08946788326
85412,16666.345827102286
85413,17460.279706402434
85414,16072.58230731056
85415,9142.344648328799
85416,10182.758759561737
85417,13636.717092097213
85418,6173.157368734173
85419,13663.719274935687
85420,10367.78320368486
85421,7077.616090102295
85422,10532.085959420949
85423,1946.95966465845
85424,19047.42924477358
85425,8671.040942466567
85426,11249.136378766438
85427,12243.84358079068
85428,10385.964176048737
85429,8186.237029559981
85430,10097.125557674475
85431,9598.444711275535
85432,11156.815526497923
85433,11391.962310453173
85434,15622.306611247062
85435,17043.741292139886
85436,11820.907788025726
85437,11813.557667611462
85438,11253.104901412737
85439,12135.208907677523
85440,7723.236925594586
85441,10084.239367082893
85442,21048.919134736665
85443,10391.843220356868
85444,16092.541407577664
85445,17570.105737102265
85446,11190.609476094884
85447,11888.80329049381
85448,8551.171314093473
85449,16475.51443528837
85450,6723.313501955701
85451,15963.547807991148
85452,11890.437609186438
85453,3330.708035686517
85454,10472.066434855897
85455,10485.569326830317
85456,12697.902540862182
85457,11904.530394388561
85458,18749.20949263361
85459,18909.972717521243
85460,15207.05648331999
85461,10995.4241329298
85462,21058.08889598947
85463,15676.84567429846
85464,6225.976793694332
85465,11485.148978006833
85466,8300.683339780793
85467,11390.041000617946
85468,5877.899045308215
85469,7096.202221054114
85470,12546.831477684722
85471,8671.040942466567
85472,7114.475130949204
85473,10908.752972983271
85474,18181.77376982926
85475,28592.006413444346
85476,15986.08946788326
85477,13684.312493727139
85478,10605.774591181473
85479,3497.960822697794
85480,10351.179133020594
85481,8554.502079842981
85482,11138.895130189434
85483,13684.81610292017
85484,8450.765123935731
85485,10666.527296123819
85486,9478.14924453792
85487,18152.912036655143
85488,3508.539607075172
85489,7315.796368739301
85490,27689.30100585988
85491,13591.694745736233
85492,11708.773248352416
85493,7111.001340304602
85494,9293.122142350281
85495,24211.710533853544
85496,10413.335570404894
85497,6597.864639946626
85498,17339.403831162865
85499,8764.588425878748
85500,18396.082204207327
85501,10743.599720045688
85502,10969.555898443332
85503,10317.918288325174
85504,9816.6756116335
85505,19156.023127791188
85506,20103.262070483303
85507,17460.050311749517
85508,14214.933051008737
85509,7899.507840712165
85510,7930.949510212314
85511,17375.49170162997
85512,10606.260639083519
85513,7834.229325401153
85514,8673.382042520849
85515,11677.176720532389
85516,6420.017465121923
85517,13698.192350513436
85518,14045.953666106776
85519,11820.907788025726
85520,10750.317967304307
85521,10446.0999343509
85522,8825.36420656309
85523,7232.256923104597
85524,12963.158160562383
85525,8946.865993775846
85526,18252.57369804017
85527,12116.452291571235
85528,22140.122138302286
85529,12468.970607348268
85530,13252.713662322081
85531,12136.652542518506
85532,15829.709642294732
85533,11103.74217939062
85534,10169.492381007509
85535,15882.557826407903
85536,10268.67970275882
85537,20535.559527986363
85538,15933.273936299147
85539,9389.373886264586
85540,6797.7958502910105
85541,2189.887681880165
85542,8376.67351745305
85543,12252.557649455104
85544,10743.396593510886
85545,15826.380568564759
85546,16062.680225102202
85547,8807.260385807846
85548,10287.29221594391
85549,9784.995077456257
85550,19985.488704922238
85551,12686.562105046814
85552,16087.61730192364
85553,9296.476363653084
85554,11103.760898098226
85555,16132.239414743415
85556,10139.713500566642
85557,4899.815693392545
85558,13041.993820669053
85559,10956.421960683605
85560,14452.379835890544
85561,11593.421815521202
85562,11686.576471496677
85563,11405.534809649544
85564,16667.34560587844
85565,12931.79656614268
85566,24380.986048676474
85567,17377.077894623973
85568,11937.665972586467
85569,6598.340057596747
85570,10869.8232320507
85571,4135.559717935794
85572,13062.693690828262
85573,10984.734551950194
85574,18035.890850202453
85575,18260.960703824778
85576,16640.366500764783
85577,20094.032494179904
85578,17721.2342507745
85579,5389.663690768745
85580,16081.866935204844
85581,17442.223585261825
85582,6268.09196983696
85583,13214.146607315943
85584,14767.396411826936
85585,19315.487181892735
85586,6619.104608900054
85587,13651.76216725761
85588,16293.90245235636
85589,7803.877133985748
85590,13958.175269193867
85591,16127.978423730276
85592,11249.136378766438
85593,12121.159808176084
85594,10666.971676382727
85595,17976.90361997692
85596,10133.873014833243
85597,16926.158822463552
85598,8921.198871208815
85599,8434.460631944843
85600,13614.771345404692
85601,17640.570458907994
85602,13145.725020079683
85603,8865.462311827574
85604,7715.102189842362
85605,10185.333006644292
85606,7571.7993422599875
85607,7479.5179126577295
85608,18880.502685542728
85609,10931.651259942026
85610,9666.116530085821
85611,15810.042428035556
85612,6902.426985806704
85613,19318.55725686446
85614,6962.005960230638
85615,5503.494132709973
85616,8156.185027596941
85617,9406.547020803297
85618,11172.111961117267
85619,11120.09144196116
85620,3945.4031408547066
85621,16132.239414743415
85622,10484.056238036595
85623,11925.794498329855
85624,16678.645252737046
85625,18050.08893545809
85626,10567.543248350115
85627,9784.995077456257
85628,16365.56679935341
85629,16625.189665547507
85630,18242.56495272607
85631,9051.429828885266
85632,7094.226152624316
85633,10744.787256301484
85634,11505.64688518693
85635,11709.43117962261
85636,20283.548433020682
85637,6706.625014743738
85638,7354.346990561419
85639,16373.56526837278
85640,13970.897347930466
85641,11276.726692226885
85642,12987.262596889406
85643,11099.737788487528
85644,9399.833690472997
85645,17572.562343752204
85646,9007.47986098169
85647,11992.618209511646
85648,6336.383065778654
85649,8554.502079842981
85650,5642.724023148671
85651,10988.16104369109
85652,28694.89648681289
85653,14782.571189414937
85654,18092.60073560596
85655,14924.387401585655
85656,9165.45265464333
85657,9829.372763843057
85658,8079.722285376428
85659,8411.726179549481
85660,10096.980508826615
85661,15997.925091374193
85662,16855.48512825221
85663,19979.469900552016
85664,11298.443217192806
85665,15997.925091374193
85666,15797.06051590361
85667,10248.458872471532
85668,8129.20146534861
85669,7920.888035548905
85670,13569.029910606785
85671,17822.63954654271
85672,8649.846372687862
85673,10625.38935935906
85674,11934.709607591882
85675,15408.519053041413
85676,8251.019044866405
85677,18869.778413815344
85678,10368.610495743433
85679,7817.4911644706535
85680,8616.16110653628
85681,9252.809699568872
85682,11634.888654125418
85683,9492.972864411395
85684,7778.4698939521095
85685,10956.825751771381
85686,10921.064262278027
85687,18100.54154102774
85688,19770.97443657384
85689,11984.83592211737
85690,13636.717092097213
85691,11103.760898098226
85692,10743.844570925809
85693,7614.379102290447
85694,12115.584624499468
85695,20304.692140788884
85696,5481.569279085577
85697,11426.25234703836
85698,22778.459918742796
85699,12759.379168168418
85700,6268.763488042743
85701,9380.728372729527
85702,10338.180645749939
85703,13824.759450147852
85704,16642.23633022456
85705,8050.656129295511
85706,17673.166117668003
85707,17822.63954654271
85708,14265.746692350558
85709,14417.038018889065
85710,7537.424039296992
85711,10773.756951217189
85712,15986.08946788326
85713,8434.460631944843
85714,8016.058658922691
85715,7541.9244037082535
85716,16042.396063118693
85717,6887.926456669174
85718,7816.8455349281385
85719,13025.594904279533
85720,10770.321138463805
85721,11925.794498329855
85722,10419.82063039781
85723,19197.106935045966
85724,8220.646179881198
85725,5747.148305998708
85726,12962.554261276726
85727,10654.25993228314
85728,6705.025115774249
85729,9546.614865003281
85730,9743.388383452899
85731,8654.61495832528
85732,8366.253607120301
85733,8620.71443746953
85734,2356.6320461820305
85735,14788.117285728815
85736,15586.099862423118
85737,11679.168543979564
85738,6837.178344662654
85739,15797.06051590361
85740,23301.63257080748
85741,8554.502079842981
85742,9255.23059039042
85743,15778.173160351917
85744,9572.243862819134
85745,17100.409714551126
85746,19255.34743710903
85747,15963.547807991148
85748,8477.96605116878
85749,13204.694762524456
85750,13252.713662322081
85751,15107.623768743913
85752,15436.952243927517
85753,18602.689233542653
85754,13145.591588194444
85755,11290.409236120631
85756,9790.590691793679
85757,8749.843593214611
85758,13460.836831804705
85759,16644.098199327076
85760,10246.915825368333
85761,9285.955778830896
85762,7981.674435321346
85763,8626.966645963303
85764,10237.477190947095
85765,15366.103806428524
85766,7898.959421550307
85767,10998.08871058597
85768,8935.46856139176
85769,17638.196218276298
85770,9387.39641896126
85771,9499.255033087516
85772,20939.76850956462
85773,14049.381712823006
85774,16081.866935204844
85775,12251.843626497459
85776,10201.880698241544
85777,6826.734326147094
85778,7094.032908190114
85779,8848.542820047853
85780,5493.2497238844135
85781,14846.057242035615
85782,8108.698483727477
85783,10144.215039910747
85784,10828.231656501745
85785,12662.540021233586
85786,10554.787536695241
85787,22056.275695118537
85788,10212.929807979228
85789,16474.37408500714
85790,18146.484885339058
85791,16384.741441956197
85792,15540.588807012984
85793,9087.009681830003
85794,16992.631740859648
85795,8283.01121697977
85796,16049.900967689993
85797,17621.44297587773
85798,11641.715437663963
85799,7436.580562455789
85800,9453.218257345488
85801,12926.015034777327
85802,22168.89369773366
85803,18675.424887893285
85804,11523.540432409829
85805,11639.390818140846
85806,5713.108496173544
85807,10155.064234220881
85808,8725.719646629512
85809,12115.584624499468
85810,16081.866935204844
85811,11009.552108227092
85812,11488.298203214315
85813,19127.041985834156
85814,11276.730074093308
85815,7712.059428468965
85816,17010.000525379295
85817,8993.648955541192
85818,12337.62313882068
85819,12002.243783739534
85820,15750.771304897404
85821,11651.327964338812
85822,6386.011297961228
85823,10330.40491514704
85824,8867.64849399625
85825,9457.41528416907
85826,17690.9566111747
85827,7859.200697644003
85828,16062.680225102202
85829,9593.870047288052
85830,11609.943558790455
85831,15187.426285079795
85832,15920.626731519049
85833,8554.312788401092
85834,11393.042819221042
85835,7897.701306357944
85836,22848.805671768354
85837,13627.276394160072
85838,9718.668731130143
85839,12252.525752807105
85840,7774.202239780498
85841,10666.527296123819
85842,29079.038548334716
85843,8356.365211315479
85844,11494.589387639975
85845,12713.684706037022
85846,19533.38950036622
85847,14265.746692350558
85848,14951.468381254845
85849,11004.106647315552
85850,11261.876459885832
85851,11544.37865080524
85852,13684.81610292017
85853,15826.380568564759
85854,12987.262596889406
85855,11922.387358576689
85856,13572.688661647499
85857,11261.171645834018
85858,16852.75644770593
85859,16038.131420402213
85860,6278.867237780495
85861,7332.7003353332
85862,17233.97057281736
85863,8235.416825283008
85864,7436.097459671262
85865,13137.659118983189
85866,12580.991865606786
85867,10567.543248350115
85868,10217.431559815277
85869,10493.626538352817
85870,19199.582887871486
85871,17506.770246782457
85872,9354.463322239657
85873,14359.617407970312
85874,15078.551373856046
85875,9903.110878963085
85876,14352.374958937107
85877,10266.401780987511
85878,8238.47835078497
85879,15680.020721350842
85880,16081.866935204844
85881,16720.277994348227
85882,12697.902540862182
85883,9593.870047288052
85884,9265.86453018637
85885,6603.839264919517
85886,17152.403229859257
85887,10620.87100300895
85888,18731.57113638175
85889,21058.08889598947
85890,3268.4026855245593
85891,13459.880473465331
85892,17444.564992560507
85893,17432.993754333558
85894,7793.478510939834
85895,9228.082623494025
85896,12683.302732253527
85897,10830.351960289916
85898,8631.089481504183
85899,20242.596631600296
85900,10956.421960683605
85901,10157.808771119084
85902,15142.512841253685
85903,18571.16722265534
85904,13036.531256891749
85905,19439.369329746347
85906,13519.823495284068
85907,10036.004487550632
85908,13576.418132317694
85909,20318.30398335015
85910,11453.058759460062
85911,9466.31820254375
85912,7696.056500395579
85913,11438.09174426402
85914,7755.405736378067
85915,8268.941106789523
85916,8200.062057333123
85917,12020.680014204003
85918,5388.157626034089
85919,13747.065841576052
85920,20154.244410200423
85921,28592.006413444346
85922,18404.72201527216
85923,6373.784859185459
85924,24199.943909842084
85925,18392.281627098848
85926,8263.973992222705
85927,12398.893298072055
85928,9422.140825779641
85929,8151.312734389389
85930,16330.561741413194
85931,12271.233041690246
85932,17321.798831149685
85933,16408.72076712517
85934,19996.319115939947
85935,10078.88167458049
85936,13352.7350922983
85937,16095.724849868719
85938,11773.950213407126
85939,14296.749692084559
85940,11728.134223681694
85941,10823.786851164557
85942,12345.360367367372
85943,15832.330973964301
85944,8940.284522270502
85945,9596.04855028383
85946,17471.869054779938
85947,18800.078159462093
85948,19739.32370851799
85949,8034.945754684031
85950,7727.921786978067
85951,16275.487268110519
85952,16707.48639499858
85953,7970.764179070214
85954,13239.554269232414
85955,9964.403736249098
85956,9990.937563646849
85957,15805.866533290411
85958,8957.431776647501
85959,15782.468784092967
85960,13225.023241185261
85961,9152.256315724808
85962,17205.9992374893
85963,18134.335188541012
85964,8755.06383577731
85965,9892.74081813139
85966,11540.623160269874
85967,12610.498795282527
85968,9071.7580512408
85969,11151.198511293018
85970,9219.011592968323
85971,15002.311120597944
85972,4947.445078978592
85973,10869.8232320507
85974,17243.637122793087
85975,14071.371972046898
85976,8411.601388936011
85977,18595.829910342833
85978,7153.775503175718
85979,17663.852050550813
85980,12450.585523879534
85981,14201.600548967772
85982,22666.80345992978
85983,7951.835569075599
85984,16040.900852922172
85985,16809.1367002363
85986,9745.109817053853
85987,16030.663168807967
85988,8521.021054832114
85989,10103.753901813883
85990,9069.109464972977
85991,9849.219248689062
85992,6681.42645146894
85993,9084.07757014127
85994,16761.067404969843
85995,10244.827160044324
85996,5769.1974561533425
85997,8283.925985159389
85998,13816.240476576237
85999,11417.339798396208
86000,10367.930679470102
86001,10547.856630069518
86002,19707.588988551328
86003,11920.708362412934
86004,18861.286654711486
86005,12059.638833109133
86006,9597.290556884172
86007,10051.144894918029
86008,12468.970607348268
86009,20103.262070483303
86010,18866.887721220515
86011,7962.473844297097
86012,12534.82754485938
86013,8354.253505411933
86014,18792.794385372057
86015,15805.866533290411
86016,13486.41123492352
86017,12031.995964594747
86018,17632.25075801462
86019,10623.565526352171
86020,11629.35073808962
86021,9836.443596430368
86022,13130.741331724168
86023,17560.61468933963
86024,17570.105737102265
86025,14621.041953173462
86026,21413.566138031656
86027,16062.680225102202
86028,10903.333981572749
86029,13205.688292495151
86030,9560.13693501592
86031,6355.836454668071
86032,10841.730947494541
86033,9267.776277535433
86034,5970.8239485904205
86035,13294.58669030039
86036,5639.185443736243
86037,12118.185542859528
86038,15059.352444254178
86039,17613.963473991716
86040,10687.648151273073
86041,17605.050932664784
86042,16515.771795316414
86043,35725.9012778346
86044,19111.87485152351
86045,10787.469840196487
86046,17027.608543495353
86047,13163.524972691874
86048,16383.114497708742
86049,11634.888654125418
86050,10567.543248350115
86051,11023.07453631954
86052,8883.6968791667
86053,9953.458579300413
86054,9610.54729922439
86055,13093.93441132697
86056,15790.978102893701
86057,18240.965157046336
86058,10832.929893141176
86059,19285.813613934828
86060,8731.70849946215
86061,19059.864731288853
86062,10666.971676382727
86063,2837.773746824081
86064,5511.096186022275
86065,7178.179324382148
86066,12314.902052454498
86067,7731.5810149412755
86068,10507.661927625924
86069,10453.030068340351
86070,9210.746637842814
86071,9526.39315101146
86072,18173.982505378535
86073,14371.921674875968
86074,10651.061898952123
86075,13760.979839608364
86076,9460.798762617953
86077,18574.515391840916
86078,10212.929807979228
86079,7153.775503175718
86080,14136.318927779836
86081,8163.4510301049495
86082,10724.792951945412
86083,14275.497002700224
86084,8792.559889874017
86085,9540.119243223855
86086,18387.984889653
86087,20516.697805380296
86088,7264.824446743042
86089,15075.664705148414
86090,18181.77376982926
86091,13194.076833745306
86092,14003.336590611772
86093,10327.208652610447
86094,18146.484885339058
86095,9016.153296419208
86096,8845.628464530206
86097,18127.777983650365
86098,4991.061216752638
86099,15564.867986742054
86100,6191.8729592171285
86101,8903.295476139981
86102,9702.878732942518
86103,11150.76849986022
86104,6269.387583377539
86105,9842.450017557947
86106,17706.29256525563
86107,6286.0915543779165
86108,10872.629976867685
86109,13716.97737729955
86110,11576.369933215294
86111,6815.651776841748
86112,16861.81454713638
86113,18355.215931372673
86114,10523.241459823264
86115,18937.65900238438
86116,12832.768641431481
86117,8464.124850681568
86118,9912.436881895575
86119,17436.094499983945
86120,10666.527296123819
86121,9836.443596430368
86122,8862.955457278085
86123,20915.099446787746
86124,8278.111253882618
86125,9817.194347356699
86126,18953.87856302895
86127,6452.0986749214035
86128,10990.24056505683
86129,7899.507840712165
86130,3892.390942635068
86131,8412.285466520621
86132,11853.738455270244
86133,19443.688796855255
86134,17799.174584123954
86135,6698.790072522646
86136,10475.86625539696
86137,17600.838686968025
86138,19394.887475362335
86139,17952.742989382343
86140,6324.752035297102
86141,17607.398379977316
86142,10785.506488766618
86143,18827.969349647414
86144,14240.92367822272
86145,7074.121443588608
86146,12115.310689018574
86147,10674.515168346705
86148,9181.049050812891
86149,7095.846382962044
86150,9630.657628890625
86151,11587.473900200956
86152,9740.147337427205
86153,5991.34684360994
86154,7307.71231337582
86155,13229.817500179766
86156,16586.255739782657
86157,19985.488704922238
86158,11261.876459885832
86159,10309.91642404754
86160,11422.581266954941
86161,10437.999939746238
86162,10560.481329782548
86163,16755.609172487562
86164,11807.053646640295
86165,12332.981445411224
86166,18085.906626237742
86167,12571.418381396436
86168,19562.960871237738
86169,17971.378836787713
86170,18997.85836967374
86171,26788.452958881637
86172,8995.93105033788
86173,16053.056759708965
86174,3825.8466445522095
86175,18274.62732554536
86176,13823.376480197352
86177,2349.4317639101664
86178,7153.775503175718
86179,9714.657746531935
86180,12554.24020096279
86181,10353.329923290394
86182,13036.242800052249
86183,9836.443596430368
86184,16009.276546102323
86185,10683.345629578578
86186,9836.443596430368
86187,3361.4917933667166
86188,18759.721965245484
86189,11973.045220684877
86190,17881.613769846495
86191,12021.725338195589
86192,18808.15839669967
86193,14214.933051008737
86194,9904.282429863077
86195,13239.554269232414
86196,11325.140705903486
86197,8626.917429220837
86198,12921.642046999248
86199,20329.04966040631
86200,17080.342959680296
86201,8366.253607120301
86202,10905.401542995962
86203,17445.25487379499
86204,19731.93812004195
86205,8824.292603591504
86206,8963.889408461488
86207,8857.632784997304
86208,7772.57558701282
86209,11947.359627643898
86210,12048.695096897252
86211,7086.345867101918
86212,11627.699769061846
86213,13178.480345001664
86214,3710.1836117715716
86215,9444.495332878685
86216,14265.746692350558
86217,6968.092583502685
86218,9786.06276885488
86219,15652.9828374025
86220,16559.103338401597
86221,16048.776864769867
86222,15926.888776584417
86223,7667.426995375574
86224,21201.437030414483
86225,11398.01523491795
86226,3758.7706349718974
86227,26118.115859953454
86228,10906.842925007486
86229,11992.31919522126
86230,9410.646198841017
86231,11061.155363814882
86232,4482.815486822721
86233,10822.693326825125
86234,10567.543248350115
86235,16659.77540406184
86236,17432.993754333558
86237,11284.043166396417
86238,7441.477091073054
86239,16501.469013088397
86240,15309.545308097093
86241,10571.383455445643
86242,16896.73692494064
86243,14228.429293906012
86244,9823.910316395679
86245,7772.840134716456
86246,12560.696135020611
86247,3189.940481251887
86248,8292.634837787353
86249,12832.272665331138
86250,17679.634487246352
86251,9995.851348182892
86252,13968.509579454783
86253,6999.843378490872
86254,9797.85169909744
86255,12233.19845600266
86256,10985.4564501371
86257,14691.54578979618
86258,9007.47986098169
86259,16456.281505373623
86260,15805.866533290411
86261,5452.10307599284
86262,13843.824623725966
86263,10055.107708664307
86264,8894.178163599889
86265,7211.101376286663
86266,17016.313862800678
86267,13486.41123492352
86268,5249.11387852852
86269,15568.995747628109
86270,28668.051419907246
86271,13003.929837249241
86272,9803.757008017035
86273,17377.077894623973
86274,7079.750869790002
86275,12230.390266828017
86276,11726.088266079625
86277,18729.101125182948
86278,6352.737272316711
86279,10672.37023655951
86280,8367.29561570911
86281,18227.700316492
86282,7001.6815369798
86283,9740.751369621585
86284,11025.222617798876
86285,15613.84667578552
86286,7350.390555947117
86287,10125.502504958746
86288,10225.841907619906
86289,19171.393040095085
86290,14504.321427229055
86291,9581.944382674248
86292,21506.47755232136
86293,11904.045200072422
86294,11992.31919522126
86295,17677.69663331072
86296,9173.609033921324
86297,13139.198829452307
86298,10750.317967304307
86299,3349.591226116711
86300,18863.70326487402
86301,17813.446835806455
86302,7917.071293675333
86303,20171.808980489186
86304,9663.821812246373
86305,10504.110233205904
86306,11261.171645834018
86307,13896.15713689621
86308,3587.216464481029
86309,9743.388383452899
86310,10268.67970275882
86311,12698.832906018673
86312,8285.723220978663
86313,18022.06609149847
86314,14465.200311953009
86315,15169.169427310613
86316,12201.086176255587
86317,8004.122753033779
86318,2587.0748496357387
86319,12758.103196281196
86320,10091.411728630992
86321,11437.276587803579
86322,14352.374958937107
86323,16038.131420402213
86324,10821.464632564575
86325,10941.86177685522
86326,8616.16110653628
86327,8679.342573895
86328,20844.895136881583
86329,11072.620354834073
86330,10750.317967304307
86331,12979.86258712025
86332,10992.01572128247
86333,6815.651776841748
86334,8489.075991481464
86335,15834.400261157516
86336,15834.400261157516
86337,13466.095899149246
86338,18666.156934489823
86339,15947.143133230347
86340,10990.85812448455
86341,17156.307996736323
86342,15809.205414060414
86343,10700.420965807765
86344,9572.755089477943
86345,20426.650300331385
86346,12279.293496461514
86347,14060.352390419614
86348,11364.753349177608
86349,10431.276264545648
86350,10956.825751771381
86351,16068.69030402354
86352,11947.359627643898
86353,9478.14924453792
86354,10337.550392131956
86355,12408.143292988028
86356,19723.27564270666
86357,7583.325911346654
86358,11219.984053540944
86359,12963.158160562383
86360,9940.38196613145
86361,17471.869054779938
86362,6909.9344240483915
86363,11386.14658656993
86364,6525.559533930216
86365,9285.743865635777
86366,15973.945442058686
86367,11544.171758545861
86368,13471.761234838146
86369,17318.538074669923
86370,7730.896236478775
86371,16026.391966949224
86372,10440.975391205147
86373,18826.534625658853
86374,9419.085951955733
86375,10135.978525729115
86376,19988.57535602793
86377,16013.747385002373
86378,17108.133782028348
86379,11004.106647315552
86380,11629.393223409865
86381,16862.144527857257
86382,12314.902052454498
86383,8439.668988093214
86384,10780.48697851034
86385,12831.540491285254
86386,10000.189586577559
86387,15643.941827473724
86388,18944.15607199583
86389,10198.784927076289
86390,10604.167773340763
86391,14741.001908948254
86392,16989.672849502276
86393,11314.735955384927
86394,19827.72095474672
86395,18670.66654459699
86396,10666.527296123819
86397,10448.853165752747
86398,10821.464632564575
86399,11398.26165959759
86400,11702.135397086673
86401,9630.648013672857
86402,13213.878210703671
86403,16062.680225102202
86404,11392.779809751994
86405,7739.564734629558
86406,16881.403860820265
86407,6628.806201666138
86408,11817.384651269187
86409,16532.16032833848
86410,15832.330973964301
86411,9870.04655566059
86412,7292.439197214269
86413,17540.557169057847
86414,12833.827080077981
86415,9920.633410856994
86416,7214.061248039196
86417,18248.74618302573
86418,13876.107269283093
86419,7732.543736787908
86420,9424.345799448103
86421,12754.080718568563
86422,16967.36985438387
86423,17062.996095696686
86424,15959.33758659824
86425,17338.66716891553
86426,12025.648329963728
86427,6784.740048452963
86428,2661.545098731647
86429,6028.019429294351
86430,13236.561350816428
86431,10034.690393828923
86432,15933.61268118283
86433,13741.048884507663
86434,13809.216117225078
86435,11947.359627643898
86436,10149.451295343488
86437,18700.550286215872
86438,8538.855186122837
86439,8661.622885824785
86440,11036.801692193809
86441,16038.131420402213
86442,10218.005697803515
86443,11822.103893934609
86444,14979.714874112371
86445,6258.020733992137
86446,8376.67351745305
86447,14364.72710768834
86448,10492.268547015554
86449,9924.245306578467
86450,20056.027400024683
86451,11635.492828395885
86452,16372.85265571073
86453,6197.727761124575
86454,18188.58627810672
86455,9572.243862819134
86456,10464.546558443342
86457,15036.933621785394
86458,9972.605739576766
86459,15645.205286120477
86460,17053.33837090889
86461,6658.119192825157
86462,10212.929807979228
86463,19365.82786202844
86464,10396.723768821026
86465,17142.961699937197
86466,12696.687400677802
86467,12118.185542859528
86468,18179.41415217149
86469,10780.48697851034
86470,12018.39491915222
86471,12018.39491915222
86472,18729.101125182948
86473,11688.210409626166
86474,28617.747652421545
86475,8107.687069508278
86476,16518.44606659794
86477,10750.317967304307
86478,9254.843835246398
86479,6944.91527020916
86480,17045.66228561224
86481,13000.97428206579
86482,11817.654715411438
86483,21189.670783744594
86484,9210.112312660023
86485,14924.387401585655
86486,9336.606290637701
86487,10016.639394262835
86488,10055.678534240922
86489,9803.757008017035
86490,10096.980508826615
86491,22382.785934487823
86492,11303.52409707621
86493,9354.293226717797
86494,7917.4878982853525
86495,10358.58126584458
86496,9201.700658537517
86497,10702.423497869637
86498,16047.668534469114
86499,12277.860310397265
86500,10903.990268496393
86501,3982.9666475416657
86502,7220.078569329919
86503,10202.51437706288
86504,11837.31526944287
86505,8376.67351745305
86506,2431.0157555869896
86507,7193.55022724057
86508,8376.67351745305
86509,15552.811759923457
86510,10808.970521803893
86511,15860.158782860855
86512,13803.42613485388
86513,9796.474650953689
86514,10821.464632564575
86515,15078.551373856046
86516,7823.425054355954
86517,11391.962310453173
86518,12456.850748039873
86519,10625.38935935906
86520,18089.5051050463
86521,7464.171225904928
86522,9796.415373634041
86523,16734.221047232673
86524,7374.32026763901
86525,20077.944730675423
86526,8489.641231063357
86527,12441.280356740188
86528,12556.165874897362
86529,12554.24020096279
86530,10994.404792662262
86531,10653.640210875956
86532,12503.90583144196
86533,21573.081953262106
86534,7677.378344502886
86535,14474.70428609631
86536,11151.198511293018
86537,9153.608527747947
86538,12591.95613231354
86539,5351.5377142903
86540,13661.667319172459
86541,17638.67645994031
86542,11828.324375721055
86543,13036.531256891749
86544,10030.381649615501
86545,11386.14658656993
86546,9529.898878932934
86547,5510.699509573852
86548,13560.127413207387
86549,9698.977741696313
86550,15978.446378910832
86551,9464.522434541543
86552,7094.032908190114
86553,9121.107172936712
86554,15834.400261157516
86555,10054.085934167033
86556,15832.330973964301
86557,7787.64596264883
86558,13958.030513691865
86559,18092.901786944545
86560,12361.89409713424
86561,10670.426152092472
86562,12030.765811231984
86563,17027.46648523769
86564,11172.111961117267
86565,5961.776011476885
86566,6458.29792857911
86567,9445.603374353432
86568,7857.827322617513
86569,13172.384452774555
86570,8164.317223081221
86571,10337.895936172075
86572,19731.93812004195
86573,9751.90239473581
86574,10799.766714224688
86575,8939.42789450882
86576,11143.201944964809
86577,10872.983361884393
86578,16056.970476795055
86579,12985.862798323838
86580,10219.362412162936
86581,10729.895095802307
86582,12586.017649592108
86583,10187.23166698569
86584,15065.754851661763
86585,10065.015796947475
86586,17614.555525602427
86587,18900.745057287382
86588,14733.378049029849
86589,7691.235666881397
86590,14384.687876702794
86591,6698.790072522646
86592,11122.21474716533
86593,5043.36507481431
86594,18445.009475833805
86595,16128.395849100545
86596,11925.794498329855
86597,9487.819639491136
86598,16549.156763975137
86599,16629.593463086985
86600,9905.911724655205
86601,10362.310421765766
86602,17195.98129277898
86603,14775.814331445054
86604,13163.524972691874
86605,9922.54408487804
86606,10666.527296123819
86607,17061.102905928143
86608,13698.502698525614
86609,10905.401542995962
86610,11606.398086367335
86611,16092.541407577664
86612,14688.690071169354
86613,13178.480345001664
86614,10385.396422184689
86615,10125.502504958746
86616,9743.172787768364
86617,7736.767438523266
86618,15109.555089794154
86619,11554.972942362252
86620,8554.502079842981
86621,18589.679603980458
86622,9995.36976660082
86623,11653.148694864767
86624,7886.6816596206645
86625,10437.051245037475
86626,13041.993820669053
86627,9401.7670677331
86628,18240.965157046336
86629,11708.773248352416
86630,15426.600196423306
86631,5992.158229865298
86632,10750.317967304307
86633,12987.262596889406
86634,15151.72083274828
86635,10493.551193062858
86636,11611.017262377502
86637,9522.568398776932
86638,12920.031902733559
86639,10084.239367082893
86640,2758.1209168253813
86641,10769.069225853318
86642,8843.472284233949
86643,6865.8146851643105
86644,11883.762496899266
86645,17380.59587631193
86646,19177.26604020594
86647,12483.251815985355
86648,17696.35625442756
86649,10988.16104369109
86650,9999.96830913764
86651,9597.290556884172
86652,8583.342962396908
86653,11103.760898098226
86654,11856.40550940891
86655,14513.087579269106
86656,16559.103338401597
86657,15822.697174608418
86658,19046.209825454407
86659,18437.02859020402
86660,11306.33649692545
86661,19007.974837182286
86662,11165.315570178214
86663,8089.494076550866
86664,6835.563071142786
86665,14154.552916209312
86666,16619.86461184108
86667,13043.618036971793
86668,10904.04641233213
86669,15832.330973964301
86670,16315.296339593997
86671,3308.581356040413
86672,13301.611584416974
86673,16165.348802322424
86674,9276.884272562309
86675,14367.35106024555
86676,10012.948787210236
86677,7768.295398579009
86678,14522.978334607731
86679,14385.25912278838
86680,9743.388383452899
86681,6104.867564366192
86682,6403.576219693158
86683,11034.037255514648
86684,9610.14698036403
86685,11639.390818140846
86686,9534.914291544652
86687,7401.5968579590735
86688,15655.61413722479
86689,6703.460991104525
86690,13690.958995202956
86691,14020.056848853126
86692,7867.254153956476
86693,18651.720385845052
86694,6946.581599586868
86695,13915.00900291166
86696,19770.97443657384
86697,1015.4815986650622
86698,5572.048896430926
86699,9409.090938645675
86700,7043.497732883476
86701,13571.78711093144
86702,16047.668534469114
86703,9802.51054325404
86704,8200.062057333123
86705,12016.465778703623
86706,7665.688121880208
86707,16481.599275657907
86708,11277.287417749329
86709,15810.042428035556
86710,8311.645126100391
86711,13083.81664475021
86712,13122.243005231687
86713,8679.342573895
86714,9656.496671776855
86715,16515.771795316414
86716,17318.538074669923
86717,7498.029000140042
86718,7468.967128813445
86719,7094.032908190114
86720,9802.51054325404
86721,18292.123651741967
86722,14504.321427229055
86723,27893.861343573226
86724,7534.2581835042565
86725,12690.349772481073
86726,6995.141974374715
86727,10041.237320026037
86728,10287.117968351358
86729,9840.940651448293
86730,10821.464632564575
86731,9443.243765807869
86732,13698.502698525614
86733,10396.723768821026
86734,12843.149562682127
86735,16509.145551825415
86736,13542.741970055167
86737,18309.605262436064
86738,12203.283315476676
86739,9165.45265464333
86740,10204.413955811793
86741,20283.548433020682
86742,10390.393208488897
86743,10970.622751577388
86744,11876.861702657994
86745,15094.305288604724
86746,9293.122142350281
86747,16058.680013602288
86748,10784.72023816729
86749,6498.01724468655
86750,9350.432468420278
86751,9937.365757828395
86752,18822.43866905753
86753,9161.41169923855
86754,9904.282429863077
86755,13644.569100963172
86756,3359.2698458595246
86757,5762.705635619099
86758,10670.426152092472
86759,1804.8241050643016
86760,10810.405733014833
86761,9340.925358692857
86762,7165.96663653015
86763,16048.776864769867
86764,14012.717308558647
86765,18284.89286553607
86766,14522.330770431783
86767,14364.72710768834
86768,11913.491666417984
86769,9766.54543389952
86770,11970.728078816552
86771,16443.634554515607
86772,10473.88191079559
86773,8193.002996849924
86774,19908.86657772215
86775,4400.242364479749
86776,10649.443065824227
86777,11829.685868763318
86778,7880.887025712946
86779,2794.0711037109286
86780,16013.747385002373
86781,19972.472056069266
86782,17365.990725593743
86783,11560.961814442431
86784,12003.101953983018
86785,16293.90245235636
86786,8323.749437846438
86787,16047.668534469114
86788,19227.47530748903
86789,8345.23590701447
86790,20263.963003746965
86791,9650.223524795436
86792,19337.891838667656
86793,16622.8250757026
86794,10065.223307933265
86795,15804.97845055319
86796,18763.249083966326
86797,17924.717730211603
86798,13505.60375456272
86799,13091.223911751964
86800,15986.08946788326
86801,11518.848773670587
86802,12225.801337989738
86803,6657.752985739832
86804,10684.25533597265
86805,11318.090611846033
86806,17027.608543495353
86807,9765.600026742535
86808,15380.768418451536
86809,19750.850740810278
86810,6787.6205922962545
86811,21160.450632194483
86812,8534.637794060101
86813,11418.151466891775
86814,21555.475102630302
86815,16645.676832833702
86816,10524.546208146083
86817,11554.98258499991
86818,10708.53836624022
86819,12545.52672446333
86820,11735.81780719283
86821,16100.5608724961
86822,8345.23590701447
86823,9936.756347143883
86824,15642.599914024016
86825,16548.119406332204
86826,19169.071765354267
86827,5452.10307599284
86828,10961.794621916164
86829,13425.680188204013
86830,8499.327185189031
86831,12509.748913118521
86832,4284.156840415953
86833,14673.625340692031
86834,15138.544849257309
86835,16448.4439926168
86836,10292.759566976747
86837,5992.158229865298
86838,9697.92823826093
86839,13859.990699592789
86840,8647.102148817894
86841,11810.619424691136
86842,17706.29256525563
86843,12687.625636942053
86844,11429.178086084348
86845,7334.521315673733
86846,8873.594467914649
86847,8477.96605116878
86848,17395.5035510004
86849,7778.260931834868
86850,8780.828274125903
86851,7334.521315673733
86852,9814.191181299724
86853,13468.753954379783
86854,10796.08883740109
86855,14937.589928604491
86856,9165.45265464333
86857,10276.502432198837
86858,9213.714378830478
86859,9354.293226717797
86860,6897.101594363776
86861,7354.561966794819
86862,6008.356043757097
86863,10869.8232320507
86864,15804.97845055319
86865,14210.85500799161
86866,10926.508134375072
86867,4513.51756619778
86868,10046.61069313794
86869,11249.136378766438
86870,11454.920843506667
86871,12027.831247701895
86872,10550.373684083643
86873,13471.761234838146
86874,10043.158337097715
86875,13902.501615293393
86876,11409.693940559173
86877,19564.544678543458
86878,13964.71653964613
86879,14379.661608575789
86880,12811.39273038586
86881,9719.291027181447
86882,18158.44539878808
86883,11493.560997804956
86884,5790.703815339186
86885,7559.250949127382
86886,2503.4262012334125
86887,16025.35620549262
86888,16640.382967864847
86889,18665.105422746103
86890,8020.686853781893
86891,17938.01953682645
86892,9477.173830594453
86893,7162.229313568009
86894,8222.063425905832
86895,7345.419773158288
86896,1714.4076827840697
86897,9515.11835205407
86898,11403.43921759553
86899,11651.805820408652
86900,11540.623160269874
86901,10185.890344196465
86902,8439.668988093214
86903,17393.468380363032
86904,11673.032676997971
86905,9947.661422129857
86906,11836.815034661206
86907,12662.540021233586
86908,9743.388383452899
86909,9779.945198377636
86910,10664.87936237982
86911,8503.740736126058
86912,11261.171645834018
86913,6761.406939314276
86914,16436.829054127316
86915,12656.200216255434
86916,9165.45265464333
86917,14974.42706419108
86918,5632.357496284212
86919,11693.286419504271
86920,14391.711313744096
86921,16823.69225961005
86922,10780.48697851034
86923,16694.270102057002
86924,7930.949510212314
86925,9526.39315101146
86926,8944.860214983384
86927,14514.498734402161
86928,19302.82904367427
86929,10307.927201653893
86930,7700.8081857472935
86931,18510.288402071168
86932,13161.22040113621
86933,11069.684009455314
86934,5707.758475020215
86935,8345.519513110672
86936,15101.934965104909
86937,14281.101358520173
86938,10212.929807979228
86939,14143.025402280271
86940,9255.51293811041
86941,15996.700371121735
86942,11009.552108227092
86943,11601.279134003109
86944,7445.862494022011
86945,10013.752933815593
86946,7853.527224609229
86947,12387.551191092083
86948,10852.64414888842
86949,9836.443596430368
86950,8917.726831825648
86951,9143.772474135709
86952,10522.5005187537
86953,9785.745243059686
86954,12363.206269582357
86955,14766.978104948277
86956,18143.79900032866
86957,8079.722285376428
86958,13756.129883738899
86959,8285.54822586633
86960,16917.21627552867
86961,10034.423477823217
86962,16047.668534469114
86963,9743.388383452899
86964,8930.603175802396
86965,14143.599201523335
86966,5847.6633646497985
86967,11150.76849986022
86968,10775.019511212533
86969,1783.473754676494
86970,11478.165357360738
86971,7854.6074929394745
86972,15797.06051590361
86973,12144.926389204586
86974,10759.473296509754
86975,16213.258394479228
86976,18877.003512037085
86977,11399.710405147334
86978,7884.5976636045725
86979,14399.62463066803
86980,8927.743644385328
86981,7952.0999066395225
86982,16118.313881186345
86983,13433.49419324896
86984,12698.832906018673
86985,19013.8548575308
86986,15167.753778284916
86987,9181.049050812891
86988,20280.156507880245
86989,17413.510137254198
86990,17725.084088550087
86991,18298.82471298642
86992,15642.599914024016
86993,12118.185542859528
86994,15078.551373856046
86995,11137.362871745565
86996,15988.557557278009
86997,10040.46091913154
86998,11004.24310453478
86999,28581.166365299665
87000,13809.216117225078
87001,17016.313862800678
87002,18062.057184828762
87003,13088.666655741248
87004,19739.32370851799
87005,13673.904428625725
87006,19670.36869722507
87007,9988.344691340331
87008,16402.886648449097
87009,17724.660617927344
87010,8494.337108233249
87011,11324.293250921788
87012,11289.199202375463
87013,10649.443065824227
87014,17311.774479330725
87015,8811.281913036497
87016,13234.056438129974
87017,13178.742426195906
87018,20010.239005643707
87019,18152.43874128331
87020,11049.245032233866
87021,16578.450413195405
87022,14206.437234771662
87023,16504.32767053191
87024,18089.5051050463
87025,15285.36944410078
87026,12679.529407373284
87027,12006.087508937553
87028,9020.773277041057
87029,13392.884968044702
87030,15367.630457496001
87031,10580.392608460306
87032,22413.159579979485
87033,17089.487340866785
87034,7777.9050914550335
87035,13286.214837493362
87036,6991.194888863117
87037,18305.11141216482
87038,10212.312681944795
87039,3859.732840958572
87040,7831.542507720461
87041,9840.548257153941
87042,18199.455151935792
87043,14996.893006928729
87044,16668.409109530436
87045,5597.474346705403
87046,2486.3747126731564
87047,16861.709779049543
87048,15967.214643504289
87049,13184.795362041517
87050,21560.79505822789
87051,10756.044771799412
87052,16022.734339042294
87053,15101.612982309562
87054,14391.067809671495
87055,9086.389458055508
87056,15285.36944410078
87057,8613.367764561877
87058,17518.8974836147
87059,17548.752639507766
87060,18900.675148670278
87061,9928.81508635405
87062,19525.010502281955
87063,12555.248567657678
87064,14167.893114953751
87065,10102.350882371964
87066,10501.893833253207
87067,17317.182001200836
87068,11004.106647315552
87069,15790.978102893701
87070,18472.44610050677
87071,27029.81389214067
87072,17825.42588390497
87073,22527.571630148806
87074,12293.139369916256
87075,12633.57512787838
87076,17432.578350524884
87077,7138.920481795833
87078,17108.133782028348
87079,7925.427246221965
87080,9711.268565262782
87081,14963.604464755334
87082,8419.361494013385
87083,17350.65992067217
87084,16681.641061752944
87085,9772.654990277066
87086,13036.531256891749
87087,11597.36069499124
87088,11627.988845693873
87089,15140.45073020911
87090,12360.881882801827
87091,10603.796358264597
87092,7548.699417042268
87093,9593.870047288052
87094,13083.639960023631
87095,10000.189586577559
87096,12472.770296095863
87097,7521.1428428887475
87098,5945.956216397456
87099,13430.203730423758
87100,15389.53739737275
87101,18866.895222840398
87102,4986.210198099232
87103,6759.894444918786
87104,27639.12923887488
87105,16943.13948041277
87106,15177.821538205433
87107,17999.48296575736
87108,2846.974930342109
87109,4772.990589921836
87110,4877.75554698196
87111,15804.97845055319
87112,10434.617141378874
87113,21242.9666431244
87114,7003.982114491849
87115,9829.372763843057
87116,9453.218257345488
87117,10513.551551883362
87118,31650.615485592414
87119,12587.924028692101
87120,9001.805482628462
87121,10342.184565112144
87122,15553.484516683342
87123,10634.540350411808
87124,8679.342573895
87125,7034.6271870290775
87126,18278.063438226178
87127,13601.584236057703
87128,13190.10115531757
87129,9508.300618364729
87130,8792.841287432275
87131,8278.197079499845
87132,14914.301399129405
87133,13533.549006719772
87134,16089.972790843194
87135,12829.429388646093
87136,13102.409399036073
87137,16674.950329236064
87138,10652.031806733907
87139,9072.694142654147
87140,16903.0623711222
87141,13572.34955897689
87142,8567.63793740877
87143,16798.430391658392
87144,10830.227554539291
87145,10750.317967304307
87146,12832.958863388341
87147,11920.038560882533
87148,15842.839825074754
87149,14518.941369095231
87150,23425.80324652472
87151,10901.69339383047
87152,10670.426152092472
87153,8464.124850681568
87154,17966.89657995379
87155,17682.45520438675
87156,7921.861246045681
87157,10548.49083082967
87158,10785.506488766618
87159,12986.874997063556
87160,9114.854704957637
87161,14069.914998689592
87162,12987.262596889406
87163,16555.653437343655
87164,17565.533886101315
87165,5598.269088155241
87166,10849.125889759282
87167,13684.215746394484
87168,18366.873274785514
87169,17784.328559680307
87170,18207.001426251678
87171,7774.202239780498
87172,15662.706441464721
87173,10988.16104369109
87174,12610.498795282527
87175,17277.735287714742
87176,18347.523109753696
87177,6638.151171047187
87178,18729.101125182948
87179,8469.559456635421
87180,15625.58155323037
87181,8620.245570581825
87182,9097.669095925226
87183,10479.509632152814
87184,23820.532275651974
87185,16664.26066669734
87186,17881.52304862266
87187,16330.561741413194
87188,15484.04623765449
87189,19206.46594500948
87190,9230.776338123764
87191,21930.077026112485
87192,11165.315570178214
87193,8067.438528480929
87194,17480.491981402512
87195,9982.713968655476
87196,8921.198871208815
87197,16759.403548169335
87198,21313.902752091584
87199,15804.97845055319
87200,17919.08989555573
87201,12095.473144786973
87202,14130.125513316354
87203,14744.775488967462
87204,14188.9906002061
87205,16501.80136755967
87206,10246.87358725338
87207,9829.372763843057
87208,12682.549597026347
87209,7863.333950184495
87210,4475.62216010054
87211,12669.47456583137
87212,10499.525134117532
87213,9000.825982272432
87214,9515.259861268214
87215,13239.483373643829
87216,13471.761234838146
87217,13358.857234199031
87218,16269.977522147745
87219,18417.049467024466
87220,19127.041985834156
87221,19381.85455447302
87222,10113.079925919874
87223,9078.62888172361
87224,10168.77136872125
87225,7255.062872179137
87226,4943.65695284045
87227,11491.56318549832
87228,8407.308023513486
87229,11970.172177964349
87230,17432.993754333558
87231,5184.47866417443
87232,13809.216117225078
87233,3966.806050894271
87234,10216.60702827611
87235,7556.981396998581
87236,8843.650322130767
87237,9393.974749167193
87238,15836.192190563914
87239,16874.531822212975
87240,10563.642524737343
87241,14092.761675056157
87242,12152.900798766801
87243,6136.427759975456
87244,12904.078033736043
87245,17083.881340426742
87246,8756.12232086117
87247,24153.13681571368
87248,8446.986714333469
87249,8330.251246378213
87250,11900.93925488312
87251,15931.202048057425
87252,18826.534625658853
87253,15107.623768743913
87254,9064.002869243082
87255,10161.803133435953
87256,9485.099761977117
87257,11457.034389524768
87258,16106.736617782297
87259,10592.036043110602
87260,10294.193348198902
87261,18458.738934785524
87262,8995.797839600438
87263,17478.668105276607
87264,7346.2739030364055
87265,10625.38935935906
87266,25617.417198370855
87267,9988.344691340331
87268,18156.903239826042
87269,8270.218178579931
87270,18808.15839669967
87271,16081.866935204844
87272,19001.817940993846
87273,9463.718866208994
87274,18686.208997118905
87275,11253.104901412737
87276,11843.150409329544
87277,9796.474650953689
87278,15933.61268118283
87279,10952.936768866677
87280,12567.720454879352
87281,10524.588943865838
87282,13317.95893369228
87283,9850.398892264304
87284,7325.273933807598
87285,8238.131132395223
87286,13471.761234838146
87287,9315.827667624457
87288,9778.996816931336
87289,15359.806189765495
87290,8087.199291855553
87291,17432.993754333558
87292,16806.36593719316
87293,10849.890359794472
87294,16422.735612990487
87295,14295.451271456013
87296,16081.866935204844
87297,12199.512943379934
87298,18797.303631917333
87299,10507.39398374892
87300,9546.574600454815
87301,4496.713306078421
87302,10905.401542995962
87303,9227.625083703484
87304,9988.344691340331
87305,12021.725338195589
87306,8731.844111264461
87307,18675.15380811951
87308,12021.725338195589
87309,9741.715930415025
87310,15996.81215183355
87311,17924.717730211603
87312,14242.598267848534
87313,5825.246897473249
87314,17406.075479555235
87315,8891.011193199462
87316,9410.646198841017
87317,8489.641231063357
87318,12680.163875155955
87319,11637.149240335297
87320,16559.92296130045
87321,7637.0416103937005
87322,10701.304480936958
87323,9979.007011622849
87324,25011.650499568863
87325,17352.627084690153
87326,10492.944262891095
87327,14799.965839363362
87328,6765.878719700452
87329,10308.771273471406
87330,16062.680225102202
87331,12322.585386064877
87332,6243.528728561143
87333,11151.198511293018
87334,7866.157870210548
87335,17733.948492668744
87336,10540.238643937539
87337,9141.887697193464
87338,10654.25993228314
87339,11165.315570178214
87340,15790.978102893701
87341,15101.612982309562
87342,11485.148978006833
87343,11150.76849986022
87344,13036.531256891749
87345,8377.020258928664
87346,15211.857430471442
87347,9309.067315469907
87348,10956.421960683605
87349,16033.369564105127
87350,5801.901372231811
87351,17108.133782028348
87352,11843.150409329544
87353,15451.861151456354
87354,10990.85812448455
87355,7432.98910069209
87356,6205.709222518728
87357,8404.374117546158
87358,8242.513777571115
87359,10562.932912950024
87360,8944.38964419564
87361,7732.543736787908
87362,11175.198586424542
87363,5401.390752133887
87364,15587.021422569986
87365,7850.946989657105
87366,9529.898878932934
87367,11307.646538560373
87368,13702.025544960472
87369,8726.216492913762
87370,14384.687876702794
87371,15309.816876762798
87372,11113.926436641614
87373,17277.735287714742
87374,15533.381863662387
87375,10921.245946303485
87376,10342.184565112144
87377,9892.74081813139
87378,16671.672977061935
87379,16513.193409039675
87380,7108.72556491158
87381,9378.27750816407
87382,16242.422193203838
87383,7437.557236161114
87384,14066.474387796912
87385,20580.47037926077
87386,10791.327083407912
87387,13684.312493727139
87388,13471.761234838146
87389,7924.748976581452
87390,21453.170085082995
87391,25147.361114643532
87392,10348.78554445503
87393,14188.9906002061
87394,10492.268547015554
87395,16637.655733625943
87396,18086.288429918794
87397,10916.773439705335
87398,8015.407792045258
87399,14143.599201523335
87400,9658.443368423661
87401,15556.455324295992
87402,15809.504864875398
87403,8650.725674844809
87404,12749.995507752223
87405,13626.297852078123
87406,9630.648013672857
87407,14410.948211217496
87408,7529.169663854572
87409,11061.155363814882
87410,13122.243005231687
87411,12035.502851111112
87412,20661.667690867846
87413,18325.93655899295
87414,9287.704889149381
87415,10931.651259942026
87416,13085.371315290207
87417,33781.00178340235
87418,10258.507841107488
87419,15832.330973964301
87420,16324.042284714373
87421,11732.33071674778
87422,11905.883310250028
87423,10736.42119089574
87424,20921.12369725425
87425,9892.74081813139
87426,6597.548395216792
87427,9743.388383452899
87428,14950.04254978149
87429,10499.525134117532
87430,7390.732498087992
87431,17474.70852321201
87432,10862.950453859348
87433,23820.532275651974
87434,11876.861702657994
87435,5539.030354852562
87436,7623.655212666815
87437,8390.062261508318
87438,13863.619215978799
87439,8012.227727144521
87440,9531.341069066926
87441,2653.3922024798703
87442,11230.047808501624
87443,7211.101376286663
87444,11584.14617102253
87445,9663.90135258741
87446,13145.725020079683
87447,14975.168291702405
87448,12560.696135020611
87449,22544.775130267386
87450,11453.058759460062
87451,10194.709431280538
87452,12644.293366349002
87453,11392.779809751994
87454,9905.911724655205
87455,17570.105737102265
87456,14938.481263036618
87457,8554.312788401092
87458,15285.36944410078
87459,29159.625286256294
87460,10692.30754410098
87461,13141.28750383377
87462,9913.452536900426
87463,14568.952152356977
87464,10996.946685835412
87465,17501.887815655748
87466,15126.844232813659
87467,10559.149912618303
87468,12386.871544416135
87469,9504.80462327117
87470,11181.48163214416
87471,9013.553088232795
87472,10542.526761809271
87473,11726.088266079625
87474,11197.303924176069
87475,11494.589387639975
87476,9526.39315101146
87477,17438.481787227858
87478,7824.768457057286
87479,14028.848246377222
87480,19402.608417170064
87481,15918.790131239108
87482,7345.419773158288
87483,10199.599528529105
87484,10750.317967304307
87485,10830.227554539291
87486,13676.112204697794
87487,33568.76237695109
87488,16977.552891072086
87489,13676.112204697794
87490,5746.454451843301
87491,21908.857653387393
87492,16062.680225102202
87493,13924.4278463281
87494,9011.338832855386
87495,17000.46417330111
87496,8372.732030315152
87497,11686.576471496677
87498,12378.719560988442
87499,18524.089662176157
87500,8876.739875679135
87501,17534.066700457464
87502,12322.585386064877
87503,9567.701255854383
87504,18913.90041674166
87505,8091.781894252323
87506,12146.904229500422
87507,8475.73078042428
87508,17634.479717557577
87509,11538.66344271832
87510,10678.03921051958
87511,15541.182914354269
87512,15804.97845055319
87513,13239.534874233079
87514,10513.184761729357
87515,12073.570528611152
87516,7996.583629459228
87517,16326.832737505174
87518,15222.705011035485
87519,11688.210409626166
87520,7824.768457057286
87521,7516.665007632321
87522,11187.25140070089
87523,9349.618601370159
87524,8626.36298550323
87525,16110.781491678797
87526,4354.454654746131
87527,7855.270937864023
87528,10769.069225853318
87529,10990.85812448455
87530,8960.399263019302
87531,2837.773746824081
87532,14481.821960472036
87533,10692.679156661487
87534,11072.620354834073
87535,30959.776306035954
87536,8749.843593214611
87537,16056.457833635515
87538,12876.782844612366
87539,10955.225675499321
87540,12277.860310397265
87541,12556.259799672827
87542,10245.889248643518
87543,19488.933660346254
87544,13252.713662322081
87545,8981.184492286571
87546,10745.025013308656
87547,19177.26604020594
87548,18146.484885339058
87549,9790.362678579684
87550,3914.5190265545907
87551,7728.504171540243
87552,6170.793618072364
87553,18152.912036655143
87554,7811.185015344983
87555,17337.678746347938
87556,9764.843333044018
87557,7992.278359120708
87558,10828.231656501745
87559,9946.180801076804
87560,19355.957836835463
87561,14788.117285728815
87562,7525.145161282373
87563,10295.641780181466
87564,7736.767438523266
87565,18194.498458203358
87566,9723.771696473408
87567,16475.51443528837
87568,4302.2868947740335
87569,17058.71270176335
87570,3068.3365470426784
87571,8092.461347341642
87572,22686.11058773311
87573,8019.401658029449
87574,11817.654715411438
87575,13784.792605342083
87576,17648.713978932974
87577,15201.40751565788
87578,10575.202051465452
87579,12267.236540972019
87580,12008.84537063315
87581,12592.91782707943
87582,19832.70601830332
87583,19756.475545770703
87584,16586.255739782657
87585,6789.67456321341
87586,7826.810844074791
87587,8369.349294838235
87588,9161.573797550374
87589,15107.623768743913
87590,10327.208652610447
87591,14577.362076698579
87592,7987.120209369332
87593,15342.387526064062
87594,7345.419773158288
87595,19599.210413773326
87596,7520.081633310318
87597,11165.06851419539
87598,10273.09733018663
87599,18764.25994707303
87600,11165.315570178214
87601,18858.79405076212
87602,15821.0553331418
87603,19292.972975723937
87604,12610.498795282527
87605,14381.028286048235
87606,7191.678554902369
87607,7058.324759773891
87608,8966.832917200858
87609,4547.8039665023625
87610,9829.372763843057
87611,10367.78320368486
87612,6001.431883154701
87613,10218.005697803515
87614,11925.794498329855
87615,10917.158291205857
87616,10338.180645749939
87617,16708.91579357773
87618,17103.772290171404
87619,8398.505202367167
87620,16081.866935204844
87621,17302.565341302936
87622,13412.524925695725
87623,10465.23292331419
87624,16917.21627552867
87625,17560.61468933963
87626,11954.155139875842
87627,18640.585669079468
87628,10334.691329574203
87629,6339.799994028212
87630,9495.551129498974
87631,13528.220736765914
87632,16658.425377541727
87633,2791.0902680228537
87634,7832.368933211811
87635,18221.263016120593
87636,10327.122647036836
87637,11172.035527670721
87638,7873.834148543233
87639,7824.768457057286
87640,9067.505790405467
87641,15524.581058017779
87642,11168.851497607762
87643,15121.829825198858
87644,18239.937408833153
87645,13210.14226852683
87646,5869.2303163334245
87647,16679.447021617463
87648,10896.292238674065
87649,16334.634521006747
87650,9127.47877231901
87651,10992.01572128247
87652,12600.740209529336
87653,9425.101529975842
87654,11453.058759460062
87655,15114.439562688609
87656,9784.793893739372
87657,16818.827380272633
87658,10229.67589518538
87659,18501.609642395455
87660,12021.725338195589
87661,9816.812133188629
87662,10402.926670497947
87663,17790.845110820435
87664,9355.409671026819
87665,10572.605701761855
87666,10233.064524603931
87667,7711.221684129453
87668,17491.692904347532
87669,10210.77753273764
87670,13486.41123492352
87671,16668.409109530436
87672,9212.443606736148
87673,17142.961699937197
87674,10951.852007674632
87675,11054.08950336887
87676,17269.713735536126
87677,1952.3290601597453
87678,19358.11410377433
87679,10476.305222189692
87680,6219.518201528859
87681,7248.811787897925
87682,19608.973477993004
87683,13065.391137708395
87684,8270.89748564978
87685,20152.021673618165
87686,13773.223483606229
87687,14808.173057516122
87688,9696.06418782207
87689,19380.542905798065
87690,14718.079374063213
87691,10081.459396425202
87692,10339.804053843929
87693,13008.624347900324
87694,11855.196143236866
87695,11290.409236120631
87696,10842.227656824312
87697,15098.901570751934
87698,12095.473144786973
87699,6176.4185123154075
87700,18793.16116814447
87701,18676.444727123235
87702,10702.423497869637
87703,9341.773390259097
87704,7883.039362987331
87705,28689.610182572684
87706,11025.814165030839
87707,6006.831220113003
87708,10412.761131532236
87709,11837.31526944287
87710,15986.08946788326
87711,10351.179133020594
87712,10280.123777781822
87713,16081.866935204844
87714,10267.568507476912
87715,13645.598614726541
87716,9141.887697193464
87717,9658.443368423661
87718,10535.500542282789
87719,10203.926774114525
87720,9480.76019771212
87721,13182.042535121658
87722,10622.372628321187
87723,15982.229412019762
87724,7846.282386697982
87725,13623.672151702012
87726,10567.90075823208
87727,8292.051408482914
87728,18396.764177601017
87729,8905.591225829397
87730,10603.372951419167
87731,9397.534535425079
87732,14668.210095984694
87733,13689.370163184303
87734,17601.39941385409
87735,10212.929807979228
87736,8900.263140740726
87737,11162.68812096718
87738,17538.053728661125
87739,5067.333928986199
87740,16362.590980874258
87741,15158.48538169712
87742,8040.159517601675
87743,1609.471909085664
87744,12461.074054176066
87745,9894.323187591493
87746,15797.06051590361
87747,10410.01781558239
87748,19949.49343393499
87749,19478.21017672906
87750,12920.031902733559
87751,12801.504433580552
87752,11138.895130189434
87753,11212.691924642053
87754,10601.061808643624
87755,2922.6852755374557
87756,9449.381252564233
87757,13701.165072390017
87758,17461.374241496065
87759,7899.507840712165
87760,15810.042428035556
87761,10338.180645749939
87762,6147.571635473605
87763,9645.228424563133
87764,10040.097100695015
87765,17894.07666116335
87766,16008.76841709771
87767,15790.978102893701
87768,7131.095563142679
87769,9593.870047288052
87770,11320.903735384396
87771,17431.982460188607
87772,18429.67999874591
87773,4502.571084161396
87774,20207.62964920926
87775,19358.11410377433
87776,9005.965090008192
87777,9011.375629724495
87778,13764.2250120022
87779,11165.06851419539
87780,13071.691132024347
87781,11706.589527638826
87782,16048.674522072104
87783,11090.520012767822
87784,9597.290556884172
87785,11050.370868189648
87786,14767.359116444988
87787,9597.290556884172
87788,16062.680225102202
87789,15840.376096811693
87790,9625.592038448609
87791,7406.199399906663
87792,7575.902222682767
87793,15822.697174608418
87794,14744.775488967462
87795,11018.388534958813
87796,11261.876459885832
87797,13937.609066487259
87798,2091.2533458767707
87799,8829.64747350416
87800,15809.205414060414
87801,12970.512980726367
87802,10992.01572128247
87803,14300.575436018122
87804,6336.383065778654
87805,20953.760808511386
87806,10708.013596894058
87807,4156.659277872502
87808,12230.259054190878
87809,17350.115427819295
87810,9784.995077456257
87811,17560.61468933963
87812,18118.38419082917
87813,10268.67970275882
87814,11165.315570178214
87815,10726.199597733194
87816,11006.414358699669
87817,6614.853315872381
87818,4999.170876296616
87819,18604.07292986926
87820,10780.48697851034
87821,20242.596631600296
87822,8503.021091016493
87823,10060.14599380751
87824,9916.41157703138
87825,18525.78335257511
87826,12408.143292988028
87827,9658.823664701506
87828,12141.261404915162
87829,15992.370847764198
87830,18725.771735638664
87831,15874.766646768132
87832,9469.825663849777
87833,12786.741700313145
87834,10397.980778753561
87835,17415.9536293022
87836,9258.84629354322
87837,7863.610853452968
87838,22239.101069240907
87839,13229.570301332908
87840,18082.103796895502
87841,11675.820413920721
87842,14485.843003375243
87843,7448.060022055759
87844,17905.33127033501
87845,9004.806072364823
87846,10792.724286057148
87847,7920.314461800194
87848,11172.111961117267
87849,16170.224146296954
87850,12385.47714616434
87851,14241.823745422376
87852,8585.074065958737
87853,15844.732023776873
87854,2122.2798054156883
87855,7438.18657202422
87856,9870.810692705089
87857,17460.279706402434
87858,11453.058759460062
87859,18161.58453830431
87860,9572.243862819134
87861,10946.244553172917
87862,35698.9023469772
87863,10377.801978772168
87864,17346.10527664217
87865,19985.488704922238
87866,18396.082204207327
87867,13877.86884993116
87868,11478.165357360738
87869,12322.585386064877
87870,10357.231541051931
87871,10735.971466764355
87872,9405.642257850297
87873,9444.15706571209
87874,7898.959421550307
87875,12680.163875155955
87876,9999.96830913764
87877,20227.012104911402
87878,10625.38935935906
87879,13234.056438129974
87880,8864.689043394928
87881,10845.847647378545
87882,15998.111096832708
87883,14347.970598298207
87884,13785.814604595782
87885,10786.085680532537
87886,17287.786839796547
87887,10371.531183045327
87888,9834.27812138142
87889,16648.69909247894
87890,12094.61070914633
87891,11627.988845693873
87892,15804.97845055319
87893,17301.167214000463
87894,7839.52907859553
87895,10833.261518966088
87896,18113.022711490023
87897,12773.526986897154
87898,8903.398691371498
87899,19122.454869515957
87900,14410.948211217496
87901,7641.157861463935
87902,10887.059667021624
87903,10533.052456138403
87904,11916.085062110666
87905,10715.85004349418
87906,17204.678291325283
87907,11253.104901412737
87908,17628.526339802986
87909,11065.176042650673
87910,10401.247108271604
87911,11333.703707035065
87912,10419.82063039781
87913,5381.433104794909
87914,10778.51425868054
87915,12396.463558965694
87916,9526.39315101146
87917,10436.091620278115
87918,9183.68765701289
87919,8473.687616537936
87920,12662.154392560422
87921,10531.329820039202
87922,10030.993796834711
87923,9755.43687076757
87924,12921.535748513692
87925,6770.084441114888
87926,19013.8548575308
87927,14744.775488967462
87928,6064.720245575508
87929,9165.45265464333
87930,18472.988195603215
87931,8710.973648678017
87932,9972.463930193117
87933,15789.37957700764
87934,8726.216492913762
87935,14373.287616777761
87936,2427.46342433723
87937,9912.436881895575
87938,11306.538591486715
87939,11835.647372487269
87940,11661.13730113912
87941,11165.315570178214
87942,10989.00496243311
87943,12686.562105046814
87944,10478.105138993787
87945,17892.66219074961
87946,15834.400261157516
87947,19411.379695817155
87948,13573.300303549993
87949,12933.857492024143
87950,12969.520925178309
87951,16749.29417660515
87952,4362.897357650449
87953,11319.365530512603
87954,16892.453012002094
87955,6352.737272316711
87956,11836.815034661206
87957,10040.46091913154
87958,12050.33562076016
87959,21116.89509140077
87960,8473.687616537936
87961,11674.849798198344
87962,13594.521434834682
87963,8560.579261980958
87964,5899.0942827934605
87965,20939.76850956462
87966,9770.12095276977
87967,10050.963630382328
87968,8862.972891494192
87969,15763.283583099317
87970,17372.01027426778
87971,11110.907872374282
87972,10967.327129157962
87973,22848.805671768354
87974,18822.44366776541
87975,14319.128400420017
87976,6332.436738291177
87977,8473.687616537936
87978,12264.560136903205
87979,16169.108584405049
87980,10431.276264545648
87981,10493.626538352817
87982,18453.538437048755
87983,19251.62282898892
87984,9478.14924453792
87985,1477.2647012766054
87986,5897.445891344801
87987,10604.167773340763
87988,12516.12255661729
87989,5331.47276684773
87990,19227.025834899207
87991,10587.559786923886
87992,14020.056848853126
87993,7924.890072625789
87994,19274.794122456136
87995,8647.615314403254
87996,14908.548844141613
87997,17874.042051895212
87998,9855.95601310769
87999,6658.119192825157
88000,13466.095899149246
88001,14723.245721381936
88002,16994.77566935818
88003,14768.28484970166
88004,10303.299962309702
88005,8469.559456635421
88006,15988.972113247948
88007,16892.450665313132
88008,11912.015725447789
88009,14633.553239345249
88010,7424.940150541848
88011,12395.192614309026
88012,17471.639507873886
88013,10604.23410371048
88014,8052.3130326895825
88015,8793.321279640932
88016,14061.723202716645
88017,14723.184621630351
88018,12103.744635689814
88019,15781.04841457098
88020,10625.38935935906
88021,11581.32441423356
88022,17269.713735536126
88023,15533.381863662387
88024,10615.414361040435
88025,7644.065792371345
88026,10076.51861342208
88027,17882.059906993516
88028,8649.846372687862
88029,17137.13247543792
88030,9836.443596430368
88031,13383.309889230917
88032,16873.59430764381
88033,16365.56679935341
88034,11901.103863378528
88035,12900.154458352084
88036,17417.04538587972
88037,10717.851049800245
88038,10578.075667159535
88039,8962.917098202934
88040,40463.55464605025
88041,15448.169060293507
88042,14304.48712022203
88043,10542.526761809271
88044,5302.959203275788
88045,17350.65992067217
88046,6421.4429774897135
88047,9402.9238056188
88048,15821.0553331418
88049,6063.648577180137
88050,15832.330973964301
88051,3506.059163746166
88052,17415.9536293022
88053,7814.725290450548
88054,17956.144943591862
88055,15652.9828374025
88056,8679.342573895
88057,10746.417615113392
88058,9871.735189525743
88059,10650.689740172771
88060,15297.68174981088
88061,11944.02104826139
88062,16706.528217150706
88063,13471.761234838146
88064,14001.085503351673
88065,17415.9536293022
88066,11865.947352414474
88067,13118.705772902267
88068,1763.8790122793446
88069,7354.561966794819
88070,6791.301861007386
88071,4581.195862055621
88072,15804.97845055319
88073,16586.011523976147
88074,9449.381252564233
88075,16288.805854424707
88076,6946.581599586868
88077,21220.61653009348
88078,8089.494076550866
88079,16257.031435570238
88080,11334.587864353172
88081,16890.40046820539
88082,9597.290556884172
88083,7555.396854422631
88084,13815.395677271714
88085,10666.971676382727
88086,9883.32643910236
88087,1732.0962810294766
88088,11715.648769668705
88089,18930.066268131042
88090,17570.105737102265
88091,7047.416038617107
88092,18433.180202427764
88093,3512.2450845602443
88094,10542.502023791869
88095,19523.46752758338
88096,17981.00361797974
88097,21236.842249061654
88098,10647.285800229758
88099,6975.856605107981
88100,8130.702158773812
88101,17643.050603791384
88102,8688.61803636295
88103,8443.09383359836
88104,15790.49242642285
88105,12587.924028692101
88106,10836.169199368189
88107,6673.318839453597
88108,19985.488704922238
88109,13610.410389737779
88110,6115.033964751491
88111,11150.76849986022
88112,10253.906490899466
88113,8893.126362018304
88114,12652.44900234422
88115,10030.381649615501
88116,12852.874577477944
88117,8883.6968791667
88118,19102.994202980626
88119,10574.113923793544
88120,13373.376615703079
88121,16867.298645543127
88122,14163.933030203281
88123,17813.446835806455
88124,15816.610321510678
88125,12230.375706908655
88126,9504.80462327117
88127,18102.71035567507
88128,9749.072003002888
88129,8962.682850943786
88130,14716.680667719664
88131,12033.451681053128
88132,16409.22733078628
88133,13376.90988960727
88134,6913.4459794020495
88135,5661.33568270286
88136,13077.33420732574
88137,8340.907188115432
88138,12813.966261476993
88139,8624.79568154142
88140,10143.688844004586
88141,15369.108926449344
88142,13894.022504539747
88143,10541.386073258653
88144,11616.68251267186
88145,15986.08946788326
88146,12250.371279552352
88147,8909.45624439915
88148,13689.370163184303
88149,16855.37609166905
88150,17819.971281310514
88151,12554.24020096279
88152,10849.125889759282
88153,17123.162028398452
88154,12678.209782502496
88155,18385.306449939184
88156,7440.132599555049
88157,10735.971466764355
88158,6390.854097635702
88159,10903.333018148413
88160,9836.443596430368
88161,9759.50298178755
88162,17570.105737102265
88163,17325.294945008303
88164,12322.105186997715
88165,6975.856605107981
88166,17990.36538769156
88167,11934.709607591882
88168,30522.25831523176
88169,12183.931825958402
88170,16062.680225102202
88171,9323.216915842277
88172,9707.406766635362
88173,11684.450661781346
88174,35417.680602319306
88175,9312.65669643541
88176,18732.651708526282
88177,8433.724431576189
88178,15804.97845055319
88179,12592.872905235234
88180,10976.955087723998
88181,7214.061248039196
88182,9996.337626212488
88183,13439.182096805964
88184,11261.171645834018
88185,8695.097592526216
88186,7513.091494232282
88187,9564.860420549994
88188,10996.29321697984
88189,7838.113853673633
88190,9919.507223691588
88191,10033.88344461572
88192,17842.700019965934
88193,13636.717092097213
88194,10346.05928196644
88195,10034.423477823217
88196,12381.77004826972
88197,10737.843855587425
88198,8400.806455096632
88199,14103.927483429883
88200,13888.583674157986
88201,10493.551193062858
88202,10316.303304538942
88203,16078.95088764811
88204,12488.113768056366
88205,15347.713743431155
88206,16944.171916598458
88207,9319.129742533178
88208,21405.46817439299
88209,8093.306503612529
88210,11937.665972586467
88211,6277.061276990761
88212,10727.550802884496
88213,15982.643019508998
88214,10515.636426930407
88215,11374.800410171645
88216,7723.236925594586
88217,17723.377583395242
88218,14625.637743976244
88219,7903.311946860919
88220,13587.350783659469
88221,12745.52948422016
88222,13969.931041674075
88223,16963.792155498893
88224,9913.452536900426
88225,10687.84594643629
88226,9231.831428392125
88227,10005.856170584935
88228,10052.26451003402
88229,10371.531183045327
88230,2600.0516746865324
88231,9822.730064942887
88232,14389.09349184999
88233,19443.022045255024
88234,16258.24378978405
88235,13607.740468387105
88236,17118.27324876918
88237,13214.146607315943
88238,17432.993754333558
88239,8864.689043394928
88240,11570.943206603255
88241,10785.317506816265
88242,10866.862905960981
88243,12018.39491915222
88244,7877.490159782477
88245,9858.456059404607
88246,11150.76849986022
88247,9476.063718953821
88248,18215.39701098437
88249,9158.075665025415
88250,10433.155033592539
88251,16587.644082832998
88252,10956.421960683605
88253,26447.125133485744
88254,11296.63915804469
88255,9517.79074362075
88256,15992.370847764198
88257,19747.898042521025
88258,13576.418132317694
88259,8252.797225003118
88260,7722.091331897067
88261,12034.759862971661
88262,18991.836570693235
88263,18213.682901474946
88264,12034.759862971661
88265,9203.18566364573
88266,10185.087379305922
88267,7992.278359120708
88268,14212.741773231139
88269,13497.259743231923
88270,13566.325398764318
88271,11586.088742420427
88272,4848.240706463978
88273,16716.69900865412
88274,12073.570528611152
88275,16988.38493596294
88276,10956.421960683605
88277,13419.837247704963
88278,13567.019278825603
88279,10988.16104369109
88280,13040.90861400905
88281,16790.619163947908
88282,12876.782844612366
88283,8102.847200655224
88284,11392.779809751994
88285,18398.78431871421
88286,15038.83092359423
88287,7043.497732883476
88288,11208.108893883564
88289,9161.41169923855
88290,13964.287295065027
88291,9642.03302050802
88292,13602.53054382201
88293,9743.172787768364
88294,13678.756042057305
88295,10634.540350411808
88296,13958.175269193867
88297,10170.824735130647
88298,9905.911724655205
88299,18011.487648336974
88300,11528.232203574345
88301,11103.268065564722
88302,12969.520925178309
88303,16586.35469365508
88304,7342.474115962945
88305,14629.3128571398
88306,9497.935625493581
88307,10169.721993673624
88308,10604.167773340763
88309,16384.16368758403
88310,10990.24056505683
88311,10015.445051726358
88312,7740.342352054385
88313,12242.995707038235
88314,19214.246868015507
88315,12616.145342046562
88316,15797.06051590361
88317,10988.16104369109
88318,24008.398076969384
88319,19757.107686134575
88320,13239.554269232414
88321,17941.77265961571
88322,10204.923968635818
88323,13684.81610292017
88324,7777.9050914550335
88325,14967.496987580544
88326,13235.752104329948
88327,16433.144373689593
88328,10272.427217887554
88329,18545.744943704634
88330,9906.156543356503
88331,10571.834244648684
88332,13056.601890335563
88333,13582.676779426549
88334,5202.535061093241
88335,10097.09440277227
88336,12451.817679395279
88337,20249.57379941514
88338,13210.01812737546
88339,12773.509849942702
88340,8075.742121172355
88341,9873.885921019359
88342,9920.839460262228
88343,17270.319296191752
88344,11328.920904198556
88345,13260.62859559857
88346,10351.179133020594
88347,14061.723202716645
88348,7223.0231820639565
88349,6767.405876158596
88350,9887.146290759387
88351,10708.53836624022
88352,14303.744578169435
88353,6123.980817985316
88354,18676.444727123235
88355,9074.66906514149
88356,11674.08742500374
88357,15413.232966545862
88358,15841.872693757003
88359,11140.86963816213
88360,11143.201944964809
88361,12009.306219784483
88362,7852.137591116941
88363,13653.245618962928
88364,8103.868390145176
88365,13480.781358953078
88366,9398.530750748838
88367,21992.960260467073
88368,20058.406436473193
88369,16293.598742518836
88370,11106.410586704733
88371,16224.817376869802
88372,13693.614280317815
88373,6846.259690305932
88374,16048.776864769867
88375,13229.817500179766
88376,10780.094489964695
88377,10973.819003909266
88378,16760.69577718583
88379,21143.63658177766
88380,16084.217803187772
88381,7735.2765432689785
88382,22713.869890715243
88383,10543.677882494587
88384,11702.907289491854
88385,9799.034913467116
88386,18768.006761003504
88387,10526.84547001618
88388,8702.051869962761
88389,9336.606290637701
88390,8220.666306694655
88391,8212.856462280337
88392,8302.006101303718
88393,15890.635100208634
88394,16365.56679935341
88395,8932.752746142442
88396,8524.781230256807
88397,9445.939943547473
88398,16900.890986005707
88399,15246.348366269107
88400,12842.654376561593
88401,17123.162028398452
88402,17210.373851092965
88403,18309.605262436064
88404,8836.83030751724
88405,14344.157235827333
88406,11535.81827106739
88407,15456.41041313027
88408,10501.666722620072
88409,13877.86884993116
88410,13732.232264060913
88411,17463.239574028765
88412,14273.40092344212
88413,9549.831647623078
88414,17317.182001200836
88415,2100.0552724466943
88416,18799.78370529999
88417,31196.665992864037
88418,11197.303924176069
88419,10266.401780987511
88420,11451.404849306271
88421,9181.944845972728
88422,8417.403221961495
88423,15359.806189765495
88424,18153.05304634689
88425,15318.895185480194
88426,6266.65051599148
88427,12427.181352235324
88428,10821.346327738142
88429,16963.792155498893
88430,16504.32767053191
88431,12468.906499682296
88432,8959.201263322502
88433,16671.827690613056
88434,19071.91955232277
88435,12589.294289228481
88436,7345.419773158288
88437,8285.660105770612
88438,9982.982009638556
88439,10022.441201980559
88440,12252.525752807105
88441,12300.804388604041
88442,6836.10247358712
88443,11544.171758545861
88444,10081.022743418307
88445,11145.521297816693
88446,10453.030068340351
88447,10922.380512712323
88448,16593.810839911894
88449,8427.141557013989
88450,10961.511651683526
88451,18459.382286804863
88452,24221.24004898122
88453,17057.847169172972
88454,9937.365757828395
88455,4116.698665099964
88456,6387.295126357937
88457,10876.548270629972
88458,17473.604175707744
88459,14999.552300745161
88460,10623.565526352171
88461,6217.4392943701405
88462,11976.520945849803
88463,8729.337790177291
88464,7303.680402755999
88465,17150.303727708244
88466,15931.202048057425
88467,5909.875977455051
88468,17233.31907283115
88469,2838.823455163611
88470,16333.082198674074
88471,7818.291901629854
88472,13186.866997606598
88473,18089.5051050463
88474,8272.86081041022
88475,17993.37630463163
88476,14138.016358309784
88477,17135.880893347516
88478,17048.986328616837
88479,10988.16104369109
88480,9151.095161963633
88481,11702.135397086673
88482,6428.191781245683
88483,15827.108738556672
88484,10885.867375270976
88485,19302.82904367427
88486,11937.665972586467
88487,8091.20319605663
88488,16583.77742527079
88489,11478.165357360738
88490,9743.388383452899
88491,15405.022365991528
88492,17239.86320448593
88493,9745.109817053853
88494,10902.988719890289
88495,18517.84855092329
88496,6796.823495225104
88497,6243.528728561143
88498,3840.3502934839007
88499,8859.217616142134
88500,7325.8456250895815
88501,16022.734339042294
88502,11947.359627643898
88503,10908.977248866053
88504,18066.873403063255
88505,15121.829825198858
88506,14518.941369095231
88507,10575.202051465452
88508,18586.144387303924
88509,10760.378743379784
88510,12848.367531079964
88511,10841.24358097888
88512,8347.65826718882
88513,8609.3218470329
88514,15805.866533290411
88515,7690.786473490466
88516,10803.40057313678
88517,4394.386800795292
88518,7740.698989024637
88519,15955.646241744846
88520,9217.755515231407
88521,21970.24136298922
88522,12021.725338195589
88523,13480.781358953078
88524,11621.55509981819
88525,8200.062057333123
88526,12494.516969205995
88527,11416.09191642376
88528,18948.46597029744
88529,7598.317448452421
88530,9935.350934599159
88531,13794.908599873406
88532,18100.236355963018
88533,41212.32813066071
88534,8000.471657281725
88535,10567.543248350115
88536,16026.391966949224
88537,14735.840759303976
88538,18371.864997357316
88539,9179.10517507584
88540,6367.857809356859
88541,7311.033293769907
88542,8300.328602938464
88543,10780.48697851034
88544,9345.249733812429
88545,10351.179133020594
88546,19830.74936562024
88547,10541.514343940711
88548,15463.193334845339
88549,13252.713662322081
88550,13600.415369464608
88551,10558.950859848484
88552,8242.304284910635
88553,14282.947900797773
88554,11168.851497607762
88555,8675.854254782755
88556,11900.270564047434
88557,16092.541407577664
88558,9743.172787768364
88559,9992.862252665409
88560,15306.182980703561
88561,8925.745890835104
88562,6400.333691160797
88563,7315.6184185824295
88564,16127.978423730276
88565,19337.891838667656
88566,7727.921786978067
88567,14626.537376814837
88568,16118.313881186345
88569,15874.766646768132
88570,20103.262070483303
88571,18907.8936260534
88572,6065.374517492901
88573,14051.564843148064
88574,15514.938185426381
88575,16855.37609166905
88576,16637.655733625943
88577,15142.512841253685
88578,4146.139797083747
88579,10524.588943865838
88580,21213.506661636282
88581,19364.534331561736
88582,13015.071850484372
88583,10894.627241637872
88584,20862.12802347386
88585,11271.596251880628
88586,10645.776210926892
88587,6741.011387833521
88588,12213.955665451791
88589,8376.67351745305
88590,8067.697560830548
88591,4421.042555255965
88592,7643.445053710038
88593,13915.00900291166
88594,7982.226911294236
88595,11904.045200072422
88596,16062.680225102202
88597,11261.171645834018
88598,13456.363567820777
88599,15027.90615826193
88600,17939.659041067072
88601,8477.96605116878
88602,19001.026774320024
88603,10990.24056505683
88604,17672.79503587575
88605,13252.713662322081
88606,9988.344691340331
88607,7687.012425963969
88608,13146.68142547099
88609,8921.198871208815
88610,6250.604384713378
88611,2890.920322617582
88612,15810.042428035556
88613,9635.408995434384
88614,8033.253696832518
88615,12801.504433580552
88616,2454.822599184652
88617,7711.221684129453
88618,8035.379945671624
88619,10077.796825594414
88620,17364.54890936037
88621,10258.273780056614
88622,7866.230796538661
88623,15405.022365991528
88624,12879.649360955606
88625,14752.57962667943
88626,14840.971298821602
88627,24466.259057716645
88628,20696.522073740354
88629,13065.782764042178
88630,8679.342573895
88631,9869.18222780599
88632,10750.317967304307
88633,16818.827380272633
88634,11459.261864854367
88635,7628.5258624617945
88636,11947.359627643898
88637,15479.622608436823
88638,7656.231975858432
88639,10592.478283763134
88640,12047.387090059752
88641,15874.766646768132
88642,11576.369933215294
88643,7302.865773375928
88644,17431.37565318459
88645,16331.968280360483
88646,9855.95601310769
88647,9684.124721684508
88648,9911.909255677718
88649,15834.400261157516
88650,10550.7884946665
88651,9572.243862819134
88652,10563.521801160092
88653,7733.804209841911
88654,15778.173160351917
88655,8752.165743641955
88656,9064.002869243082
88657,12246.18209978656
88658,15039.95020180266
88659,10081.194425970903
88660,16640.382967864847
88661,6041.650752639251
88662,9019.05481739242
88663,10237.086954969041
88664,11309.18636652931
88665,7863.333950184495
88666,16875.54802481761
88667,12961.594132490842
88668,18098.29640179056
88669,10475.926445847472
88670,13000.97428206579
88671,22962.308764171867
88672,4368.855595177879
88673,9688.328072003016
88674,16132.239414743415
88675,18812.256121088183
88676,6141.592430577874
88677,17135.322611656695
88678,11050.370868189648
88679,16132.239414743415
88680,13066.406254424477
88681,16586.011523976147
88682,7897.526546706742
88683,18661.495631346348
88684,21042.56461557032
88685,13626.297852078123
88686,5613.101966733178
88687,13644.826288294335
88688,7877.032139953708
88689,13846.830720846703
88690,6117.761407382335
88691,9782.036184034492
88692,10175.041427066792
88693,15643.941827473724
88694,16640.366500764783
88695,10458.914937313035
88696,17127.39831114132
88697,8280.610533067053
88698,4547.8039665023625
88699,14513.087579269106
88700,17688.168387102403
88701,14210.86238038888
88702,8136.737147951724
88703,10669.786053043672
88704,16632.041614648435
88705,15360.383353725685
88706,7554.822300614804
88707,7961.181988488
88708,15810.042428035556
88709,12567.534493485096
88710,7774.07234190349
88711,10173.926939364821
88712,12963.158160562383
88713,9784.995077456257
88714,7750.1741115400055
88715,15504.448420192994
88716,20237.035461307547
88717,4050.5297870718427
88718,12100.816567979096
88719,7586.689191289668
88720,12622.935479142272
88721,17277.735287714742
88722,14211.785378317629
88723,10247.509785052616
88724,22497.29611698088
88725,10931.651259942026
88726,12073.570528611152
88727,16637.07276708515
88728,8554.502079842981
88729,21313.902752091584
88730,17968.036652347157
88731,11009.552108227092
88732,10176.474230562235
88733,11079.222544400547
88734,11544.171758545861
88735,21233.091547516975
88736,9471.71530708598
88737,5949.906596710278
88738,2967.695058015958
88739,23346.716224989148
88740,8932.091159591739
88741,9658.443368423661
88742,11404.828033107857
88743,15271.51326933203
88744,17277.735287714742
88745,15874.766646768132
88746,12545.52672446333
88747,10961.511651683526
88748,12381.77004826972
88749,11320.903735384396
88750,8184.1777182409905
88751,12587.924028692101
88752,7577.719224393282
88753,18944.03189718905
88754,6339.4042533260135
88755,6401.117827710977
88756,10956.421960683605
88757,12199.512943379934
88758,9793.40366343101
88759,12374.671842320542
88760,9814.191181299724
88761,17737.91240162149
88762,18152.912036655143
88763,35100.127935493634
88764,13550.028339788127
88765,17634.479717557577
88766,3066.6483064873546
88767,16642.23633022456
88768,10766.091654878715
88769,9914.265758565534
88770,8845.474527377697
88771,6125.7628772559765
88772,11197.303924176069
88773,17108.133782028348
88774,8480.169056229553
88775,6713.993754346184
88776,11219.145311793913
88777,13612.182433572665
88778,19985.488704922238
88779,16078.34790581308
88780,8274.790031978528
88781,11009.552108227092
88782,18379.968281549012
88783,12249.93315254535
88784,10998.08871058597
88785,14214.933051008737
88786,24610.534679034117
88787,15809.205414060414
88788,9363.46609375896
88789,13105.732551118055
88790,16633.89594535607
88791,12199.512943379934
88792,8477.96605116878
88793,11737.837722461554
88794,13710.268816265494
88795,7539.766843726791
88796,13230.560893615231
88797,7436.097459671262
88798,19985.488704922238
88799,8531.308688627001
88800,7390.243956573187
88801,15790.978102893701
88802,10955.004084206825
88803,16675.16650355969
88804,8484.85351984599
88805,17108.133782028348
88806,17289.20347825627
88807,13626.7352956513
88808,11407.129034989288
88809,10367.78320368486
88810,10345.291169927217
88811,16392.006331283217
88812,9820.132315068004
88813,9820.132315068004
88814,7554.822300614804
88815,13245.046521458584
88816,17285.384325770272
88817,17415.9536293022
88818,16644.098199327076
88819,8605.066816790224
88820,11832.232551485959
88821,12050.33562076016
88822,12987.262596889406
88823,16701.606532449565
88824,18481.659221501202
88825,7987.60416265387
88826,16008.76841709771
88827,10316.303304538942
88828,8229.349252048358
88829,19417.41951191509
88830,18699.369749447505
88831,9751.90239473581
88832,7582.062248089731
88833,15330.341299224196
88834,12972.002531647113
88835,12801.504433580552
88836,15986.08946788326
88837,12581.858756221982
88838,13790.09729235974
88839,18214.848941053315
88840,11318.090611846033
88841,17943.70245574053
88842,25058.861972715244
88843,11621.55509981819
88844,9546.614865003281
88845,9937.365757828395
88846,13083.639960023631
88847,10458.208927540283
88848,21797.775949103063
88849,10951.852007674632
88850,7567.276018623169
88851,19198.747288375533
88852,13511.471587914619
88853,14510.095463966572
88854,9525.74694321968
88855,6980.652836930638
88856,14232.195115741595
88857,15456.41041313027
88858,12408.103492906579
88859,3348.0672170944995
88860,8804.941053581548
88861,10507.39398374892
88862,11494.281517755926
88863,9067.505790405467
88864,10940.445193708216
88865,11820.907788025726
88866,11900.270564047434
88867,12214.579377195023
88868,18392.27547534356
88869,10956.825751771381
88870,15310.893079245245
88871,15777.64225051228
88872,9474.591145145589
88873,36153.46896594613
88874,11505.265858589688
88875,8925.261279909433
88876,1874.674912928223
88877,18146.484885339058
88878,12671.65739973957
88879,13178.480345001664
88880,15834.400261157516
88881,6232.848549758354
88882,10479.51433848543
88883,11661.07005403103
88884,10511.65397830169
88885,13673.904428625725
88886,19393.714403497997
88887,14336.735153973461
88888,20154.153636963998
88889,12755.714890614108
88890,20433.317242606092
88891,18392.281627098848
88892,12773.526986897154
88893,9822.85208483061
88894,13230.560893615231
88895,10043.158337097715
88896,11456.65003681953
88897,10186.364810279934
88898,16395.074587528157
88899,12035.827401199442
88900,7571.123597242863
88901,10625.38935935906
88902,18152.912036655143
88903,10699.251645545079
88904,17981.670131208328
88905,9117.84872166503
88906,23193.747100188673
88907,6837.121726717104
88908,25422.547762751634
88909,7221.060868998084
88910,13051.428265142276
88911,17745.091787024157
88912,12031.995964594747
88913,12760.516149184701
88914,9523.53377232802
88915,9260.203859531159
88916,13089.562176308502
88917,14249.29552241693
88918,5963.653941316494
88919,12786.741700313145
88920,7736.767438523266
88921,7501.3343828703555
88922,27861.740855153726
88923,8860.215333682972
88924,12115.310689018574
88925,8640.034231045083
88926,15116.015813533657
88927,5693.51382966412
88928,7334.521315673733
88929,12662.540021233586
88930,15059.352444254178
88931,26867.922341508565
88932,10548.795392784836
88933,8498.192502042644
88934,11634.888654125418
88935,13074.957248152485
88936,18057.758107412774
88937,12212.916125386677
88938,19044.132947203663
88939,9495.551129498974
88940,3240.4774987646683
88941,11439.023370780764
88942,15790.978102893701
88943,17843.105199058897
88944,9055.026082640956
88945,7365.399858132839
88946,12226.910230919506
88947,6476.6677239015735
88948,9741.715930415025
88949,18517.687924200643
88950,11686.576471496677
88951,6815.938687932926
88952,13145.725020079683
88953,14180.392196545414
88954,10034.690393828923
88955,11702.135397086673
88956,11206.986773171218
88957,19202.020238436737
88958,12346.132955228411
88959,17518.8974836147
88960,9465.37068599375
88961,12981.361427864304
88962,18241.870777382068
88963,11486.470968999476
88964,11009.552108227092
88965,14974.42706419108
88966,15194.077408410894
88967,16898.014697491297
88968,10114.077077065998
88969,9401.494980541434
88970,17628.526339802986
88971,10270.584272894746
88972,19324.356421867982
88973,13110.191849222816
88974,12368.321551455923
88975,10371.531183045327
88976,18524.089662176157
88977,18997.85836967374
88978,10996.946685835412
88979,13938.115587005532
88980,10471.08764451172
88981,15988.557557278009
88982,9905.911724655205
88983,16548.119406332204
88984,9165.45265464333
88985,15809.205414060414
88986,10385.339472663838
88987,20590.06367449325
88988,11568.278083192798
88989,9937.365757828395
88990,11364.753349177608
88991,16333.082198674074
88992,9459.08164465681
88993,10573.796176957088
88994,16708.91579357773
88995,10298.333019364693
88996,12961.623781837148
88997,20219.292960338727
88998,11004.106647315552
88999,16760.15475361722
89000,11592.26000435363
89001,17525.324275442803
89002,8400.806455096632
89003,10990.85812448455
89004,6763.057308993748
89005,9408.723362160295
89006,15834.400261157516
89007,14095.329791745959
89008,7593.00480519266
89009,11939.123120111899
89010,9501.570381445814
89011,11290.409236120631
89012,5943.763623338226
89013,25148.404112458007
89014,19618.457315248303
89015,10166.626819235324
89016,10853.206578017825
89017,7819.029204934448
89018,17287.786839796547
89019,6842.631957171721
89020,10870.968623898074
89021,18482.74850149872
89022,8998.614642882709
89023,16734.221047232673
89024,19198.747288375533
89025,10367.78320368486
89026,20226.694055586002
89027,9927.497684306349
89028,14680.725449116855
89029,14339.989263042886
89030,11784.66106690705
89031,7345.419773158288
89032,16958.125762985746
89033,11843.150409329544
89034,7810.474940517209
89035,18049.090600198866
89036,12980.497268121431
89037,16093.991839338412
89038,10541.386073258653
89039,14450.120778123111
89040,20917.084924632527
89041,9626.800935775342
89042,15816.610321510678
89043,13252.713662322081
89044,12292.788279507624
89045,9016.27843972933
89046,9547.275924766447
89047,13573.300303549993
89048,10903.333981572749
89049,9662.126537533384
89050,14987.955016538155
89051,19544.726446601377
89052,36153.46896594613
89053,17444.564992560507
89054,15347.465454684247
89055,13466.095899149246
89056,16491.11757946844
89057,15592.979183434145
89058,9904.282429863077
89059,7898.355833799275
89060,7462.244089509683
89061,6240.650290712536
89062,22062.517552337187
89063,10367.78320368486
89064,13614.771345404692
89065,10000.189586577559
89066,10762.902245396397
89067,9380.586512492951
89068,6826.734326147094
89069,15178.576804207602
89070,6197.672679507529
89071,7943.6464397225
89072,7924.890072625789
89073,9677.571136267836
89074,18505.55070145855
89075,9182.609869684451
89076,11273.917168290935
89077,10012.948787210236
89078,7307.62553768256
89079,16008.76841709771
89080,12925.687236263346
89081,18942.3698666688
89082,16047.668534469114
89083,18842.251366707027
89084,16691.37635162133
89085,9638.73229596222
89086,1337.3850302114595
89087,15726.430965723024
89088,13043.517104173397
89089,10793.574818435649
89090,11290.409236120631
89091,11022.643170661217
89092,13192.56125687064
89093,13601.584236057703
89094,6874.3273697797895
89095,17981.00361797974
89096,15805.866533290411
89097,7223.0231820639565
89098,16721.895240613216
89099,25509.71735448023
89100,11004.106647315552
89101,17858.663818945133
89102,4629.595188962286
89103,7914.877086917211
89104,6476.638240287405
89105,2302.994333285184
89106,10571.383455445643
89107,8109.2510363935435
89108,19354.909121747536
89109,6352.737272316711
89110,7095.437388999196
89111,20837.648249639897
89112,13893.776132633433
89113,11238.716386278633
89114,11469.244972957084
89115,17318.538074669923
89116,7886.6816596206645
89117,15285.36944410078
89118,9804.234664953301
89119,7810.326101706053
89120,10857.492619926174
89121,7063.597557255907
89122,15522.249225446278
89123,11547.69219169704
89124,10750.317967304307
89125,9804.234664953301
89126,9667.369678985651
89127,5899.0942827934605
89128,11542.404334720408
89129,11806.046457660688
89130,10177.133275882254
89131,9515.944211134845
89132,5333.351430942646
89133,6706.625014743738
89134,16760.15475361722
89135,14014.557278042319
89136,10653.281026504594
89137,13455.991011534335
89138,10849.125889759282
89139,14040.495000555577
89140,16078.34790581308
89141,24997.034242617134
89142,9540.119243223855
89143,19414.47462197395
89144,10086.834205075083
89145,7723.236925594586
89146,17176.025061412285
89147,11159.01051549848
89148,11391.962310453173
89149,7570.085709853855
89150,16025.35620549262
89151,9041.238330594435
89152,14471.914716882466
89153,20343.749126500574
89154,17880.683702090268
89155,9972.463930193117
89156,13482.179833147005
89157,18146.484885339058
89158,16722.293763276677
89159,20283.548433020682
89160,12468.970607348268
89161,17142.961699937197
89162,17027.608543495353
89163,14396.648948624053
89164,12139.654340947967
89165,7264.824446743042
89166,13475.664165639986
89167,13542.741970055167
89168,18123.623571949018
89169,15675.981564843694
89170,12012.57506473755
89171,21228.732693487345
89172,10857.492619926174
89173,18799.78370529999
89174,13547.298497650583
89175,12206.49962958006
89176,13178.742426195906
89177,9593.908705639273
89178,8477.96605116878
89179,15595.511271477812
89180,14894.350942237374
89181,11101.462666844222
89182,17333.554571596793
89183,12507.247621709033
89184,10780.48697851034
89185,15285.36944410078
89186,16892.450665313132
89187,16559.103338401597
89188,12070.121173526162
89189,15996.700371121735
89190,9023.814074421029
89191,14691.54578979618
89192,21096.795496283696
89193,12185.985053928076
89194,9225.307532257737
89195,10980.006078723358
89196,6628.806201666138
89197,11843.150409329544
89198,16330.561741413194
89199,6917.313208767855
89200,10471.197566853409
89201,13145.591588194444
89202,21194.801885083984
89203,10821.346327738142
89204,8446.136428777663
89205,5304.600630017279
89206,5403.936135610021
89207,13535.001536570146
89208,3404.504124497993
89209,14504.321427229055
89210,9280.577560506634
89211,12268.155056220761
89212,6975.856605107981
89213,16047.668534469114
89214,15552.912370783095
89215,10422.792392268502
89216,7618.0299628733
89217,10803.025661280366
89218,11708.379840677007
89219,6065.374517492901
89220,9979.660418220526
89221,8451.680073854563
89222,15040.12070828205
89223,16974.506231511426
89224,13913.015585872934
89225,14381.886161146316
89226,6628.806201666138
89227,9426.47327865246
89228,13223.189580962067
89229,17082.46554608058
89230,13464.158674591243
89231,17436.094499983945
89232,9281.303399338829
89233,5565.940224192529
89234,17089.487340866785
89235,16025.35620549262
89236,11810.619424691136
89237,14352.374958937107
89238,22763.504950889863
89239,17142.961699937197
89240,8270.89748564978
89241,12744.156428321123
89242,18866.887721220515
89243,7857.827322617513
89244,13877.86884993116
89245,18472.44610050677
89246,22497.9844909742
89247,7547.7538450407965
89248,6563.500899871184
89249,10931.651259942026
89250,13627.276394160072
89251,19094.200146712268
89252,14394.799668652291
89253,19071.53804145427
89254,17142.961699937197
89255,13373.376615703079
89256,17024.04392669955
89257,12002.086093124186
89258,10986.90481181574
89259,10580.542897312478
89260,16268.774990400896
89261,9981.986474262618
89262,21063.7176876889
89263,16408.375691769026
89264,12838.368191481177
89265,8186.237029559981
89266,10511.65397830169
89267,5693.51382966412
89268,19768.834594742668
89269,15844.732023776873
89270,15107.623768743913
89271,18299.850501760026
89272,10309.91642404754
89273,9714.163903099954
89274,17688.306994271123
89275,6406.275644377169
89276,8933.930578951666
89277,11688.210409626166
89278,13205.688292495151
89279,9613.326438982634
89280,10751.283649695928
89281,18699.369749447505
89282,21824.708991645253
89283,13126.539650322024
89284,9076.353707027472
89285,15436.793557543817
89286,10316.303304538942
89287,10649.493809953854
89288,19001.817940993846
89289,18650.896915309302
89290,8179.342238249476
89291,7816.8455349281385
89292,10780.48697851034
89293,14788.812181570655
89294,9346.207825463152
89295,10759.473296509754
89296,13285.00639497549
89297,18407.361616024173
89298,8726.216492913762
89299,20933.2005651157
89300,19956.787765908586
89301,16148.218099396667
89302,9924.245306578467
89303,16642.24156892406
89304,10200.867200446164
89305,15889.900157253005
89306,14698.811252317157
89307,9013.008813681818
89308,19985.488704922238
89309,19985.488704922238
89310,9612.875262079757
89311,14576.170240089152
89312,6815.651776841748
89313,5688.651092717933
89314,11549.842739198488
89315,14282.947900797773
89316,8644.809106783045
89317,21122.95957782888
89318,9665.970288170269
89319,7521.1428428887475
89320,13809.216117225078
89321,9265.064755579398
89322,1729.6661048010626
89323,6598.340057596747
89324,5095.481684937809
89325,9877.461372834538
89326,16330.561741413194
89327,16261.895082738063
89328,10055.04138253472
89329,17557.854333460884
89330,10622.375340363358
89331,10301.3863795207
89332,7157.255389527577
89333,7402.221875867876
89334,13013.97102196401
89335,15834.400261157516
89336,12134.070499471141
89337,9922.54408487804
89338,21551.644285696184
89339,17083.881340426742
89340,8376.67351745305
89341,13708.751809683185
89342,10623.565526352171
89343,18747.442484329516
89344,17732.608174235953
89345,11639.390818140846
89346,11276.884148406358
89347,21680.590963536953
89348,7886.6816596206645
89349,11756.59846593051
89350,12262.11727274547
89351,11686.576471496677
89352,4833.809448755997
89353,11200.125282066545
89354,12793.556992853837
89355,9658.443368423661
89356,14061.723202716645
89357,10079.714516579668
89358,12308.898474718
89359,15997.925091374193
89360,7046.328169355004
89361,13900.606540154584
89362,10731.294492719455
89363,8940.284522270502
89364,17330.635265537145
89365,13471.761234838146
89366,17038.45690970216
89367,9495.551129498974
89368,10653.281026504594
89369,8051.088381532211
89370,28573.227094631744
89371,15966.092037369724
89372,10687.648151273073
89373,13602.53054382201
89374,15834.400261157516
89375,9124.003307479861
89376,8280.610533067053
89377,11564.029548694114
89378,10486.06308484632
89379,10225.1336597611
89380,11009.552108227092
89381,6756.695522441155
89382,10625.38935935906
89383,11219.984053540944
89384,16691.37635162133
89385,9772.654990277066
89386,17572.562343752204
89387,8454.085819880193
89388,14240.92367822272
89389,10043.158337097715
89390,7433.586612425768
89391,12790.532900426042
89392,14574.785018910052
89393,7603.5801895136265
89394,12455.624883870736
89395,6560.388908438163
89396,16755.460867765603
89397,11312.311698743828
89398,13156.085521065028
89399,9843.998217581426
89400,14028.848246377222
89401,11652.702763745403
89402,13161.22040113621
89403,10811.47950391413
89404,4545.986738678344
89405,9863.89979595805
89406,17677.69663331072
89407,31449.71176341473
89408,9564.58502597475
89409,12560.99702272579
89410,12371.64772482556
89411,7527.401957631385
89412,10649.443065824227
89413,5988.17120134977
89414,24529.819865084202
89415,9736.54416854264
89416,15436.952243927517
89417,13587.431073692156
89418,11072.620354834073
89419,15634.453557145302
89420,12917.810175015238
89421,9833.311218036188
89422,15745.84096118326
89423,11450.636667953742
89424,15283.751630594503
89425,2454.822706643283
89426,12630.98455610394
89427,13471.761234838146
89428,10567.543248350115
89429,13622.626747021548
89430,20103.262070483303
89431,11670.569170085555
89432,17896.43905493849
89433,7103.319994079342
89434,9767.86834800906
89435,21287.269244983752
89436,18344.94010382039
89437,7626.4433134762
89438,16650.205943897112
89439,17537.98701852743
89440,8459.525410820153
89441,8278.159944946203
89442,11053.202370946981
89443,8210.352721607213
89444,25197.223820970466
89445,9760.91026026981
89446,20456.814507952953
89447,16052.323666171786
89448,11457.114942870812
89449,9398.786080762186
89450,9691.819556270595
89451,7631.268156133136
89452,10302.265379582388
89453,13556.327436212661
89454,5643.909840152065
89455,9625.085345626687
89456,14665.667651563406
89457,6398.093723325156
89458,12754.44738151902
89459,14155.020113171311
89460,8016.209772702026
89461,8715.127252361193
89462,5277.259973835507
89463,5887.410352207083
89464,17156.423208737884
89465,14000.035281861461
89466,6517.007357336506
89467,13421.98125356394
89468,11820.29323046667
89469,11752.729638747405
89470,8861.42865347332
89471,9675.299538206324
89472,34513.824761717304
89473,17440.985488242542
89474,7078.309765707746
89475,14307.68371187832
89476,14385.69267596772
89477,14886.472795919392
89478,7833.164926153393
89479,7018.7279390494095
89480,34842.941034549825
89481,9531.995073061782
89482,13587.982893756986
89483,8778.413273590502
89484,8906.296863419884
89485,11691.817220329016
89486,6801.356384030233
89487,9159.517155252426
89488,10599.324221770978
89489,7720.622918056719
89490,20690.035339544807
89491,8269.851215848896
89492,7528.288582543591
89493,11075.796773803593
89494,11338.176842501045
89495,7390.096981119773
89496,8447.076607413115
89497,36914.80636201873
89498,17084.62072104845
89499,8574.336133708872
89500,10670.71297671876
89501,8830.876936402754
89502,14678.735920508654
89503,7720.622918056719
89504,17559.263112695688
89505,7786.298515006942
89506,17813.61926229386
89507,20965.322453708945
89508,9313.577585114455
89509,9689.225740610787
89510,6886.682209678346
89511,8126.376490161389
89512,9632.298657212696
89513,7088.099792260475
89514,24558.50949461616
89515,8847.896914296089
89516,14756.64654291413
89517,7051.822474586954
89518,8347.57023805103
89519,15109.87705388063
89520,7998.530480802857
89521,8207.8110628786
89522,6683.665589796433
89523,10863.67992501922
89524,8762.660754675633
89525,7299.153847700464
89526,7934.79939368696
89527,14711.880247856627
89528,14982.198823240904
89529,19440.115632375928
89530,9757.190760576614
89531,17731.52795374593
89532,9698.205727634424
89533,19267.905510730467
89534,10286.679890076355
89535,22326.862147936674
89536,11258.054892109303
89537,13366.772813432526
89538,14300.616236448619
89539,6712.137427130071
89540,14907.055233359137
89541,7671.9254526151535
89542,7910.273225555527
89543,20117.978155778917
89544,7482.384558317027
89545,13318.340195226243
89546,15579.966364669488
89547,15346.52344515305
89548,14712.091652376486
89549,14357.966474986097
89550,16952.6955848929
89551,7594.688066099314
89552,13331.079040739458
89553,16809.458368808457
89554,13334.063426864579
89555,24071.62112571526
89556,9033.307748561232
89557,10517.546972229726
89558,14647.911624156275
89559,15443.33034294569
89560,14457.096867461487
89561,14290.677828510386
89562,12072.34803908809
89563,21126.558684747022
89564,12111.677220573827
89565,17458.368713121497
89566,13292.105237771635
89567,2546.8606398583906
89568,16987.751146451497
89569,17927.041303022208
89570,7051.822474586954
89571,11703.500247162818
89572,16389.70841000499
89573,7436.185884306218
89574,4716.972751862303
89575,6488.368723836175
89576,8994.199902405391
89577,3279.1675517868134
89578,20164.717625697896
89579,15564.258086742746
89580,15863.90791562307
89581,6936.910897463889
89582,4883.1901455365705
89583,9289.386596165474
89584,7371.958972074228
89585,17622.099277336652
89586,8144.362440390266
89587,11540.549297195948
89588,7364.571218361789
89589,11714.549660017961
89590,6294.2209302548135
89591,19605.552627515917
89592,6272.442438574595
89593,7559.28261728244
89594,15611.969225513954
89595,6256.428546351957
89596,9500.126289041025
89597,12956.978691370767
89598,7012.949957470231
89599,7333.07178405795
89600,18733.82455242856
89601,13217.629900158683
89602,23920.874155039684
89603,20625.056585240367
89604,7322.033812206215
89605,14818.483121816253
89606,16654.843139032884
89607,7927.783004022937
89608,14385.407402707866
89609,17174.21353214169
89610,7263.837682036482
89611,13687.043922503804
89612,7593.666126249502
89613,15395.825204617455
89614,13527.328004288147
89615,5064.441379088022
89616,9493.365999779171
89617,11335.2660265284
89618,18632.08663183557
89619,8586.65498271515
89620,16968.90896129371
89621,8810.855274142716
89622,15699.778962598317
89623,6800.060199489623
89624,7559.28261728244
89625,7508.1248541305695
89626,25632.260172371945
89627,11714.042719883928
89628,8588.241647168888
89629,7746.992202929947
89630,21593.247225072628
89631,33877.4260766945
89632,10570.843191901025
89633,9052.38899922335
89634,6595.324520820982
89635,15904.959042492357
89636,8131.3604342777835
89637,6091.915913558333
89638,18583.93852382435
89639,9218.080903556245
89640,13901.32249708676
89641,11018.154573590224
89642,17191.415931640855
89643,8120.257611421023
89644,14830.997249748745
89645,7743.578757580933
89646,22857.90990114119
89647,11181.858633027134
89648,9257.956180270468
89649,12156.249791694348
89650,14251.049463259256
89651,17603.046145063585
89652,12868.302007549186
89653,9017.13421744069
89654,15432.636604273406
89655,12552.781385592836
89656,16630.830477131098
89657,16181.993309299656
89658,8615.367080548545
89659,10933.410449167915
89660,8533.893370643305
89661,15629.46052328136
89662,15577.215518380019
89663,10686.540051252367
89664,17443.865371904692
89665,13488.885196086516
89666,7527.083289654396
89667,8702.745085874953
89668,8226.320901288038
89669,8567.997405064414
89670,9143.07345951443
89671,7122.192804885693
89672,6749.161317095071
89673,16654.843139032884
89674,15955.031843073142
89675,9520.52949798333
89676,33623.36326485566
89677,9893.836622333103
89678,18331.862320678592
89679,15234.244141048199
89680,14529.34105349141
89681,9922.368390233647
89682,7039.060845933882
89683,8860.860578470945
89684,8917.802269040345
89685,15105.437576871946
89686,12644.043645375863
89687,34207.82259512962
89688,10005.069149376284
89689,15112.871260114116
89690,7983.107375399194
89691,14633.928649587426
89692,6975.278529174844
89693,7391.1066749012925
89694,14160.601223203155
89695,9688.114979341584
89696,24660.540855279753
89697,16976.81036670029
89698,14419.412208240847
89699,7438.899530063827
89700,7035.704060605527
89701,8258.040229690667
89702,7480.778608919232
89703,15618.577700024269
89704,13097.248882324315
89705,13521.626901005771
89706,20124.60263113669
89707,10811.603786018235
89708,18128.6775070446
89709,13058.241690171184
89710,10211.49558321909
89711,8255.608799252157
89712,7719.454831668059
89713,12986.358256005733
89714,12468.2358896826
89715,6866.73318381699
89716,15997.59576680728
89717,6564.7852038823885
89718,9245.65799684175
89719,19335.55713040536
89720,14040.54814227095
89721,9869.40003257469
89722,6967.496113257243
89723,14180.405572352065
89724,22630.47784828088
89725,8200.598360536449
89726,9105.23245073737
89727,16739.15431079427
89728,21425.342042287582
89729,5119.378141470776
89730,13878.331300153219
89731,15577.215518380019
89732,2799.837202428778
89733,15182.235700823241
89734,14647.959837890357
89735,12396.984479946237
89736,15159.995349782685
89737,9168.163881078142
89738,7176.294645777316
89739,16949.462371470083
89740,18474.792106520024
89741,7639.068321386082
89742,6872.370280423639
89743,15346.381077343718
89744,18082.805394522362
89745,22100.690752583487
89746,15585.708966894677
89747,13634.408915588065
89748,21183.960205727664
89749,8695.274457610538
89750,8101.370024523615
89751,9516.365794232863
89752,7528.352051650678
89753,11452.534214397792
89754,23999.803196667577
89755,18199.46321609223
89756,8343.068507157921
89757,7381.031477610597
89758,15499.39647303123
89759,8380.305752572322
89760,8400.756421222364
89761,11774.086455134477
89762,6801.356384030233
89763,15136.649429356758
89764,15496.119863939177
89765,14668.417828484733
89766,14549.133461026418
89767,7069.791541749971
89768,8077.815674386604
89769,7825.19993634306
89770,6473.507758865146
89771,15877.8191792966
89772,9488.809395266173
89773,19968.065823560453
89774,18110.845706975135
89775,19991.151852467097
89776,13779.448058322352
89777,13321.081062454748
89778,15951.357191753796
89779,14626.228074987703
89780,34065.66989606458
89781,19456.169850523023
89782,14295.92149571583
89783,9251.841611383963
89784,10472.140666413428
89785,8383.257962613876
89786,16331.312940723255
89787,20286.470372100237
89788,6873.562261342554
89789,14149.015308400743
89790,6226.339543694117
89791,8832.746525230596
89792,5538.432977012302
89793,8805.574710962353
89794,8847.945561116447
89795,23994.882423933275
89796,4441.635281061297
89797,7971.86582057998
89798,7973.394220750829
89799,17414.02687548241
89800,9570.54349440349
89801,6993.454675285498
89802,15232.183472397195
89803,10989.029391587073
89804,11725.519655226397
89805,14177.818672361129
89806,6847.263696511895
89807,8464.670877457736
89808,12183.760272847376
89809,24737.067296102647
89810,8757.663338123493
89811,6975.027911820328
89812,15319.182830590771
89813,5441.270215375467
89814,16086.934010398076
89815,8071.270057395593
89816,6761.405600552193
89817,9665.276321761334
89818,6111.3724383167455
89819,22673.911257916887
89820,23459.02277631048
89821,14519.208198365981
89822,19622.03088946723
89823,10932.577388065305
89824,12055.480051922648
89825,10008.355722176128
89826,8283.10713718679
89827,10489.915966893364
89828,10586.683891758386
89829,16269.337611244453
89830,22073.143359431455
89831,14029.219885818986
89832,9580.797469148341
89833,18931.13174101243
89834,7934.79939368696
89835,18496.364404056476
89836,14709.278630214418
89837,8976.79747051978
89838,18384.41586684467
89839,9381.889387792755
89840,8997.486826874725
89841,15051.49531002094
89842,16814.868515732778
89843,10192.669853838755
89844,14322.844176772905
89845,13664.578130559079
89846,8418.932064215309
89847,15118.799239024289
89848,17622.589249550158
89849,10349.822865287173
89850,8714.400306573618
89851,6908.563288319549
89852,5798.809133983759
89853,5524.738416872968
89854,12288.25119109423
89855,11416.002540079424
89856,12176.554928667068
89857,8847.993150838865
89858,13285.783648913528
89859,17562.26340339585
89860,5268.011644721301
89861,8095.041793153533
89862,4311.558948215867
89863,15400.038777295671
89864,14610.899535572451
89865,6209.537661651201
89866,15232.183472397195
89867,14727.464304668625
89868,13423.1581576256
89869,9506.29327436394
89870,6801.356384030233
89871,10111.68165273425
89872,5875.543448593892
89873,7757.010387856585
89874,13852.180442151277
89875,16000.636138286
89876,10980.21522813431
89877,7540.252044480993
89878,19778.82002881137
89879,7974.501156171432
89880,13292.105237771635
89881,13429.93620503752
89882,15852.071359442154
89883,5286.221761302171
89884,7557.184726770502
89885,6986.650972022823
89886,15538.243625910534
89887,17838.09996972678
89888,9130.87394896032
89889,19253.857297432656
89890,9214.308345554953
89891,6609.619827858778
89892,22646.691867943155
89893,8480.032323701718
89894,25052.02383636033
89895,9134.189111990396
89896,9888.156576473479
89897,16732.57943739001
89898,9305.474780525865
89899,16476.79807002026
89900,14773.140655928393
89901,7407.3894900991045
89902,7419.261187795705
89903,11532.536003525822
89904,10099.752970713984
89905,6598.373642792714
89906,15691.094575261359
89907,9697.125715760552
89908,13162.434032570702
89909,16298.788181200774
89910,7212.160865482434
89911,10228.05339982037
89912,9222.58271360069
89913,8430.312109988912
89914,34259.31944553121
89915,9401.395825786996
89916,13979.823044257064
89917,17599.514276611982
89918,6713.59659779151
89919,6978.004906142569
89920,8331.135398130422
89921,7031.39122136607
89922,17360.212199247573
89923,10825.47877342892
89924,7610.439761795403
89925,8491.755160357872
89926,32621.647060518888
89927,9507.362268492034
89928,15940.663668852436
89929,10223.89675594165
89930,13359.57994066823
89931,10151.320276470664
89932,20827.65393329315
89933,18364.513707270064
89934,8234.25295587627
89935,15877.412302792205
89936,7137.12964178844
89937,10481.329578569294
89938,13387.834462654691
89939,12256.341874262593
89940,19963.640698306102
89941,23070.107720416934
89942,14752.753650668537
89943,11703.463584562931
89944,14393.29366419282
89945,9863.674337508817
89946,14092.665913950808
89947,11724.676897785175
89948,15506.901674575027
89949,11714.042719883928
89950,17839.478182850777
89951,6691.740497429806
89952,23822.402723727664
89953,6847.442061220821
89954,13274.22440587075
89955,9588.474381726684
89956,15266.054125201117
89957,10266.333138876733
89958,17979.246158715447
89959,10528.336571423211
89960,8655.930024101419
89961,11808.38092091949
89962,20521.70484869804
89963,13392.481113382542
89964,6996.070828537844
89965,8484.59372152438
89966,15144.897523473008
89967,8588.241647168888
89968,7014.835503362542
89969,10358.282163550512
89970,12157.913396406653
89971,11238.161402059328
89972,17539.685462893056
89973,5610.234357401462
89974,4799.654569375852
89975,6502.4967943510455
89976,8667.87411303069
89977,7253.234694399177
89978,8745.960676441115
89979,22408.804155153586
89980,4946.844838937136
89981,6157.462668740673
89982,16651.668312701262
89983,11096.577853169027
89984,6690.287900550719
89985,7645.519242716088
89986,9966.125638795325
89987,9962.028946832785
89988,17200.184961360177
89989,15153.830640564856
89990,20311.108998672797
89991,14409.921584793368
89992,7786.474853752597
89993,10424.540282808866
89994,8492.33461951279
89995,24219.716769267554
89996,15933.509044210547
89997,8298.616811373124
89998,17529.034568371328
89999,6045.872815517533
90000,6100.718772773842
90001,12538.753586521503
90002,15309.901141069922
90003,11708.439666330982
90004,8054.637322093757
90005,20904.286135551476
90006,11694.720337365243
90007,16069.286570929162
90008,22138.364730614674
90009,7682.520406138617
90010,8630.248424774278
90011,5619.097268186383
90012,7998.348871215478
90013,24288.521518483216
90014,15574.174672893043
90015,9029.328750874854
90016,15812.08476680256
90017,7763.19079897987
90018,22616.585165681423
90019,7430.303037969208
90020,15551.765869276278
90021,14632.387392879811
90022,12871.914140159748
90023,7423.24131989534
90024,20976.521683932355
90025,6221.887728447376
90026,7426.614995091569
90027,6254.994284484985
90028,15391.315475480724
90029,8684.881867299744
90030,5275.303994455019
90031,23900.241326796287
90032,7093.066501825332
90033,10312.427752399783
90034,15167.110131970156
90035,11663.831163106184
90036,6922.176924400521
90037,10653.027172932016
90038,8309.119360407205
90039,7026.457777138356
90040,13098.706707577514
90041,14834.358760023642
90042,12065.68112649576
90043,10170.912626256728
90044,8281.015512657234
90045,6572.944653934884
90046,5262.380970118983
90047,13794.233924335565
90048,8803.993198009252
90049,9210.667114613783
90050,7941.0703189666165
90051,7582.736732390415
90052,22121.26175884954
90053,14977.84782365898
90054,11899.882848146202
90055,9313.577585114455
90056,15936.933143440787
90057,10938.148885474204
90058,6855.318370079071
90059,26142.606383796072
90060,12297.941049765373
90061,6881.378625231888
90062,11965.80290521727
90063,6429.023036856137
90064,12534.819608524213
90065,3517.0737719015174
90066,10021.59591826707
90067,12386.7613929811
90068,14553.702216895132
90069,19948.473706942226
90070,9532.79237455879
90071,12708.023063165836
90072,7010.55979853703
90073,16063.54240159591
90074,8385.119697178896
90075,10042.272115915997
90076,16554.59508918617
90077,9010.598855287799
90078,2682.523944976489
90079,17921.30774251048
90080,6533.862964513269
90081,11707.102940642437
90082,34174.664207414055
90083,7105.13711673566
90084,10615.767343333013
90085,6987.937346336263
90086,8266.56485388617
90087,17648.601622662623
90088,7744.316596089431
90089,11469.151682139154
90090,8355.18189057649
90091,9471.876480118231
90092,24077.113087509
90093,20722.97473954913
90094,8069.87024824624
90095,16564.81780252755
90096,4280.903973947293
90097,22601.765118025283
90098,18281.283713530745
90099,8196.238301813008
90100,7088.099792260475
90101,13973.125937484405
90102,11321.72540164149
90103,6297.553940317118
90104,9257.087572048611
90105,6312.489251945559
90106,14036.501213493078
90107,10151.036960709978
90108,14632.005040736874
90109,2971.362486742529
90110,5676.000340410961
90111,15961.684958600152
90112,9569.718769853147
90113,9298.169062619249
90114,22589.386738795656
90115,15868.679918311473
90116,9997.300488734752
90117,12906.917472685624
90118,8055.875325668717
90119,11206.454400441775
90120,9518.359871873849
90121,8808.381657392816
90122,13706.657792054055
90123,6435.819459940586
90124,4291.778265204771
90125,34065.66989606458
90126,15906.293839518812
90127,13218.976738274492
90128,13299.281007175789
90129,11000.192242037456
90130,14187.397866445039
90131,9773.919983487025
90132,8861.507327290828
90133,12701.426028619851
90134,12568.117400075545
90135,6723.253505707993
90136,20418.572898365168
90137,8317.780934074737
90138,20923.247503461054
90139,17983.62918469965
90140,5313.970126629883
90141,6689.107887217886
90142,20506.347863540414
90143,11423.269308554925
90144,13764.707544214412
90145,24558.50949461616
90146,6196.890020538089
90147,15608.573210185954
90148,21102.914727363015
90149,20965.322453708945
90150,7289.116514517416
90151,8622.617716408964
90152,13351.955771344004
90153,9757.859014322992
90154,13076.930497140347
90155,6197.972274338392
90156,10132.147480669631
90157,13018.011587667514
90158,14818.483121816253
90159,13957.33532417188
90160,16261.080016118702
90161,13363.132858740886
90162,13166.030679047995
90163,15660.07865654905
90164,14712.89513649202
90165,8131.3604342777835
90166,12257.205612744476
90167,12999.593099034946
90168,7330.158255456188
90169,14179.07647502644
90170,7486.449891437164
90171,7821.48698440562
90172,14560.562914527605
90173,20449.67017917988
90174,8111.233249892486
90175,17167.192631051195
90176,33975.50208603274
90177,8531.389036814911
90178,7492.584475977382
90179,14139.534742759804
90180,10557.566115818438
90181,21294.00166068936
90182,14938.285987174924
90183,15966.605149389885
90184,16014.293647733073
90185,8486.20929881384
90186,7140.092573882244
90187,10940.146900236105
90188,6679.819155163396
90189,10626.983519753767
90190,16392.873568287723
90191,11026.566164295215
90192,15296.46675743825
90193,12209.49653515551
90194,16981.26781633806
90195,6313.492999056699
90196,6701.4022284707
90197,8196.471288971397
90198,9293.24282681458
90199,24582.819155407917
90200,6809.468332547892
90201,8660.756532329438
90202,7835.2604689394775
90203,15545.32978075758
90204,2761.3253102389763
90205,21660.144356154284
90206,13513.396567858706
90207,10578.139981756469
90208,7605.56248938859
90209,11902.098153949373
90210,15232.721925014306
90211,15512.998333420646
90212,5656.4944433155515
90213,6327.639028245089
90214,15948.025432264432
90215,5605.7132290707805
90216,5725.113690826975
90217,15383.24765563224
90218,10263.233731983591
90219,21741.340665384498
90220,11335.2660265284
90221,15334.378067110156
90222,10104.5210252565
90223,23033.910315640973
90224,11688.982011186501
90225,15556.653579487502
90226,15496.119863939177
90227,13967.571528442215
90228,14518.27819483987
90229,8452.787231709604
90230,17173.317714819266
90231,8150.099184511535
90232,11672.76288790369
90233,8092.180529854133
90234,2412.6449032336673
90235,11505.435072278142
90236,8814.617151675517
90237,7879.304259848404
90238,18843.773731788548
90239,7176.294645777316
90240,13217.971433752606
90241,7984.811824020445
90242,15917.170544174236
90243,28630.79049615957
90244,7192.41744845205
90245,13506.387429786044
90246,13421.98125356394
90247,15676.577388642036
90248,24389.521848239827
90249,11440.528661850063
90250,6690.328438187296
90251,7225.748507141663
90252,17942.013094540172
90253,5712.5140532596715
90254,8321.93266192585
90255,21283.865432835733
90256,7654.19280251394
90257,7533.0388953792835
90258,10449.034631522884
90259,14342.295011926046
90260,8367.524511297568
90261,13264.22942434689
90262,6489.795416277346
90263,12879.3295078881
90264,14773.140655928393
90265,9694.25582019229
90266,6839.308960808627
90267,8371.620428508626
90268,8435.632639955724
90269,8431.286421662873
90270,18675.524521872878
90271,6957.157926126564
90272,19501.293254719018
90273,16013.854568074674
90274,8485.785081621972
90275,8189.663809422104
90276,11532.502868209736
90277,9280.124205956467
90278,15169.867271819967
90279,10151.036960709978
90280,10384.42545822094
90281,13745.460183213716
90282,6996.070828537844
90283,14712.091652376486
90284,14130.614667980068
90285,14935.339023761697
90286,8204.690091384924
90287,22272.612215637295
90288,9572.200287653608
90289,11859.259914171744
90290,14464.348134277672
90291,14344.560456354922
90292,8246.15764801867
90293,4080.733356124206
90294,18600.664996840853
90295,17887.08187247848
90296,11869.054210831006
90297,6617.6735603763955
90298,9822.096870131521
90299,21984.48290120325
90300,13226.418334487547
90301,7599.925921650204
90302,21213.693721324427
90303,13305.712947307546
90304,14279.324924528482
90305,7304.98906201314
90306,14437.41764243067
90307,7635.092243772081
90308,7212.235524861083
90309,5354.7841113605555
90310,15535.796682431537
90311,10470.62884881452
90312,13365.926712570923
90313,9890.886786402256
90314,5579.622188297952
90315,8728.569784718999
90316,15530.690029652269
90317,12426.506343999696
90318,14582.110257958106
90319,6556.8374447403785
90320,8867.496193610734
90321,8383.257962613876
90322,8111.19480959022
90323,4956.472362006534
90324,11922.391656563761
90325,3285.3249882309615
90326,20827.65393329315
90327,8111.922529001417
90328,18627.619923146725
90329,8770.855633886296
90330,17510.4980019493
90331,10578.817606001296
90332,12546.20415364714
90333,9289.386596165474
90334,9289.386596165474
90335,15899.88958679213
90336,16444.75100965795
90337,8511.056088007585
90338,11458.507347711433
90339,13515.093376494375
90340,8795.413626870308
90341,16928.27357520751
90342,14712.091652376486
90343,13253.14245830864
90344,11721.47437445611
90345,6925.521713613106
90346,7002.277803050871
90347,6022.164011433344
90348,9199.89995730051
90349,15489.615653967418
90350,22956.25181797034
90351,9343.164929362008
90352,7689.941400335886
90353,4753.655114758281
90354,6731.020769848428
90355,7471.6862315187
90356,11880.227546138434
90357,13973.171253012164
90358,16915.3138257508
90359,14306.264817257119
90360,12665.488380978886
90361,12825.519077827501
90362,14938.83670807267
90363,11505.435072278142
90364,11764.943201187107
90365,13711.906229625485
90366,14548.011218960482
90367,9502.015542720133
90368,10151.036960709978
90369,8331.78782837763
90370,9720.149096583174
90371,6474.974455462025
90372,11587.393047185076
90373,32330.35565008854
90374,24389.521848239827
90375,22175.76918836592
90376,15630.026170833324
90377,8580.671641830095
90378,14791.58388345127
90379,11567.992479010798
90380,9663.224282067296
90381,15868.679918311473
90382,24458.982848451473
90383,7708.560746324276
90384,34163.184053851604
90385,12209.49653515551
90386,10475.88244948702
90387,9087.153963369641
90388,4867.510032184807
90389,7451.30657983807
90390,15262.76742316483
90391,18482.579602048412
90392,8609.73626547126
90393,17421.65055485179
90394,33940.585732621585
90395,12517.701358648495
90396,7953.347126111352
90397,16266.641460305922
90398,15906.293839518812
90399,14948.816450981149
90400,8539.803132168288
90401,15988.140431783042
90402,6943.649353605193
90403,14181.481389957942
90404,19501.293254719018
90405,10286.478588033258
90406,18011.921034720195
90407,22943.809277533463
90408,24189.584433430024
90409,14354.002346933552
90410,20965.322453708945
90411,17332.90829638461
90412,7982.525318252151
90413,11238.38371638565
90414,15093.559191651922
90415,11053.202370946981
90416,17648.601622662623
90417,18615.917810172316
90418,8636.060129969255
90419,12426.506343999696
90420,15338.711443953009
90421,13009.745136828142
90422,15073.627902137041
90423,19983.048197128373
90424,21154.133152545397
90425,16269.337611244453
90426,12466.572591332075
90427,9500.126289041025
90428,7177.188727289583
90429,15381.208266568168
90430,7526.580952714668
90431,15383.24765563224
90432,11702.586208786639
90433,5671.415042478003
90434,6182.035088214009
90435,12794.362548883386
90436,20923.247503461054
90437,6453.080461897775
90438,7508.1248541305695
90439,19225.550187734185
90440,15595.474034768176
90441,7548.981826793608
90442,14370.100559083814
90443,14510.710062900756
90444,13745.645646992194
90445,10450.612098350472
90446,4323.588762738173
90447,6870.820131575004
90448,20300.477694318375
90449,15347.40461643311
90450,23091.069840816228
90451,32794.10956218594
90452,13407.377736533148
90453,14144.813819690735
90454,15966.87386217814
90455,11989.491496017728
90456,9723.323808050569
90457,8140.813151468273
90458,25946.46569441811
90459,8835.83656278169
90460,14766.106343493939
90461,9240.58295282914
90462,10950.309214343539
90463,10141.46336367209
90464,6694.6447172058815
90465,11783.82253604373
90466,9865.354945073486
90467,15974.112192973655
90468,6900.47439900289
90469,8351.57279751738
90470,20174.499029827024
90471,16107.119956868533
90472,5384.650716776694
90473,8126.610230666678
90474,10762.359083131752
90475,8807.357817982993
90476,8983.402805260257
90477,15551.117759708575
90478,5844.410370039436
90479,9825.424480270656
90480,7003.564232592803
90481,16948.579948710514
90482,14566.391501292639
90483,11889.917394048745
90484,20598.66158500035
90485,36571.541431659345
90486,3072.671166804893
90487,5730.620207713169
90488,16039.785398030624
90489,12730.46256593617
90490,6794.3534187587065
90491,13039.625545262066
90492,15084.39317598188
90493,9709.44185711171
90494,8509.28899707817
90495,7922.631806942798
90496,7603.823427642474
90497,14675.23719599541
90498,7743.027623126066
90499,7534.281734619105
90500,12785.541402361367
90501,7671.9254526151535
90502,14321.14011505991
90503,11714.549660017961
90504,13265.507128198255
90505,21404.426507656284
90506,7693.1113656150155
90507,16252.284592837072
90508,6898.607369443107
90509,4735.735186763431
90510,7400.416124341604
90511,16542.540483628156
90512,9136.821083356219
90513,15997.831808846326
90514,15920.31621420891
90515,8904.63664971353
90516,21044.960984919224
90517,8747.01800001829
90518,13359.718938610962
90519,32794.10956218594
90520,6103.308568285609
90521,14427.185530690536
90522,13368.184609978744
90523,8126.035554765236
90524,20660.74067039289
90525,17373.798581900573
90526,14658.597120883282
90527,15095.173174711199
90528,13287.691128517261
90529,13331.079040739458
90530,11283.005288776165
90531,13576.445392528234
90532,21260.613024018134
90533,10327.404222379178
90534,23125.938289494785
90535,5033.579893897249
90536,11458.507347711433
90537,5951.87082850754
90538,15944.651094484214
90539,14208.72163555354
90540,8336.343526636869
90541,15709.847549590884
90542,16045.307125545754
90543,15811.170618434908
90544,7383.730873284181
90545,13394.138432900065
90546,6983.077530554739
90547,16392.873568287723
90548,14278.903727758277
90549,15610.862144454886
90550,9532.254041772596
90551,18313.722837946985
90552,7469.177905800854
90553,25022.343143663536
90554,6958.394037739527
90555,8557.213060332819
90556,15813.965340338727
90557,7402.568894610302
90558,21198.04415274596
90559,34022.935058610834
90560,17018.400711431794
90561,14519.181279107821
90562,17184.739644728426
90563,13975.800032361158
90564,15145.721333306608
90565,22943.809277533463
90566,11731.577231092282
90567,14165.3866311291
90568,20583.126189542574
90569,15099.251958627683
90570,11589.882717292128
90571,12415.027758414331
90572,8404.384894295463
90573,15367.932667061452
90574,10590.460059811468
90575,12050.46639178793
90576,18788.068244822432
90577,19672.277885958978
90578,9017.13421744069
90579,18781.15824833255
90580,11211.078533775008
90581,13012.590256902871
90582,10968.551246099994
90583,10405.154498208434
90584,7582.736732390415
90585,15081.532992859185
90586,17157.097571523645
90587,7375.2635887989545
90588,10788.194618308786
90589,13595.862610818585
90590,14092.827596860106
90591,7733.631030570664
90592,12192.013065010948
90593,12745.344841157867
90594,24762.412862438905
90595,7858.381046839048
90596,10021.355534980015
90597,15095.173174711199
90598,8989.710212351383
90599,8447.40954926733
90600,9790.674593386517
90601,16320.747631280963
90602,8117.3075472089085
90603,10564.908590599181
90604,10951.410163883356
90605,13552.229214940624
90606,17868.709075823837
90607,16781.613681071423
90608,10560.861311353456
90609,13098.706707577514
90610,14860.87004629665
90611,13254.39152770941
90612,21977.218815191383
90613,15235.35800179275
90614,13593.98617060806
90615,8502.324428320859
90616,13678.379956790064
90617,7950.061245434388
90618,14153.677077212928
90619,13784.862052780474
90620,6075.274953066636
90621,7385.6427334128075
90622,6923.190017718767
90623,12538.753586521503
90624,13146.690798303145
90625,7398.507266902054
90626,17869.552203561492
90627,7321.276395906569
90628,4628.176727863047
90629,16149.17064235736
90630,15966.87386217814
90631,7611.64143292645
90632,7405.922339189975
90633,17457.894892501787
90634,25233.70441894824
90635,15983.039124315035
90636,7142.788714071031
90637,15334.378067110156
90638,6506.671929722873
90639,11036.357715429116
90640,14851.355231708698
90641,9714.843295097893
90642,7559.967263912323
90643,14853.510854568776
90644,6219.050205298945
90645,7109.274549585348
90646,14938.271559130106
90647,34061.724610718105
90648,17865.215490319493
90649,6219.050205298945
90650,21942.4892303438
90651,7396.562932342033
90652,14638.849862857365
90653,6466.571730985745
90654,15709.107418367086
90655,16554.59508918617
90656,20056.71354901085
90657,8389.00860501262
90658,15337.429760165187
90659,17631.765126320835
90660,7573.070610024268
90661,7651.140465147655
90662,18951.865480077497
90663,8136.656097674359
90664,12456.102481120053
90665,5894.724106903845
90666,17682.524997530694
90667,21420.50575078129
90668,7045.236168812281
90669,11982.293681034529
90670,15965.118026638265
90671,10220.798371466792
90672,9757.190760576614
90673,7565.941292011572
90674,12618.68486128911
90675,8099.372799291163
90676,7012.949957470231
90677,23980.16166865632
90678,13449.030844575545
90679,14712.427029997107
90680,15491.029865306598
90681,14620.524964780894
90682,18063.53610817868
90683,13452.739434743156
90684,13504.75525537258
90685,9911.512046828311
90686,8496.930986797996
90687,18267.46357478015
90688,11384.00925300459
90689,7443.733626287197
90690,13476.629050167825
90691,33940.585732621585
90692,6945.463873126378
90693,15157.997224297582
90694,6786.605830668621
90695,11532.536003525822
90696,14229.595449433415
90697,15125.949979409534
90698,13382.807482138267
90699,8060.47407987741
90700,7808.788730589139
90701,33960.3410744159
90702,8278.546045529816
90703,8835.1550772076
90704,23729.62235796657
90705,11139.55059742801
90706,11211.078533775008
90707,12896.494742565206
90708,13296.713818753014
90709,9043.795802275035
90710,6434.178332560925
90711,11755.404061940106
90712,13399.300169853708
90713,21921.69117050777
90714,11148.942175249873
90715,16045.307125545754
90716,15579.34781443906
90717,7289.116514517416
90718,15691.689101607657
90719,13260.24194367261
90720,15962.609152285875
90721,10396.217946102655
90722,9500.126289041025
90723,13285.664985818123
90724,14001.867888458406
90725,16136.29239104049
90726,7808.530798864363
90727,7491.665061172296
90728,8400.755214571229
90729,16348.754255078951
90730,6368.441579551315
90731,16830.779102671804
90732,13940.83965998875
90733,9153.691731802754
90734,13462.053197281335
90735,13234.64103620841
90736,8930.042242008274
90737,4486.180709390854
90738,8414.595260108605
90739,13861.385744433277
90740,8222.245464162512
90741,15224.22297334201
90742,2833.2860968009986
90743,10486.639183064719
90744,6173.43525789728
90745,7177.188727289583
90746,13928.209678028377
90747,13234.133157822867
90748,6855.318370079071
90749,23999.803196667577
90750,12492.593439625947
90751,8004.72224492758
90752,14737.332806837483
90753,17299.687897822725
90754,8083.501161413957
90755,13694.588558219935
90756,9620.274483936897
90757,7941.0703189666165
90758,15950.299245513297
90759,23903.737913784753
90760,17288.42014350355
90761,16418.809117902772
90762,7560.750361678317
90763,8362.76123772143
90764,7558.832434630425
90765,21284.363296692318
90766,17638.618016655255
90767,6469.831237608642
90768,29277.98886704058
90769,15458.188066303086
90770,25284.09678143744
90771,24389.521848239827
90772,7196.6793420960585
90773,12209.49653515551
90774,9321.380758396319
90775,11445.786113528287
90776,7447.991367514888
90777,15609.881279209243
90778,9058.720372742095
90779,7953.773158895403
90780,15823.448823794653
90781,7821.122406941608
90782,8521.443501159487
90783,19786.155863101972
90784,22227.5061618338
90785,11192.61108031937
90786,6992.558837081917
90787,14062.498083529137
90788,21546.06417688635
90789,20394.434586153966
90790,6419.2501391437645
90791,17944.180846614287
90792,13915.432680256748
90793,7705.601768963719
90794,16333.383915410473
90795,6967.332674010427
90796,22249.72566798058
90797,5594.173432588153
90798,7524.006789264971
90799,14416.970313227795
90800,7605.56248938859
90801,16029.887186106931
90802,20374.663225577595
90803,16815.84995639956
90804,17470.70760589146
90805,13065.083972907796
90806,9614.192826824748
90807,15339.929498856523
90808,15232.183472397195
90809,7268.533903355959
90810,8460.60520485217
90811,14560.933800710856
90812,6196.890020538089
90813,14028.650871092977
90814,6708.231463134512
90815,9687.412363296246
90816,7472.565947304914
90817,15381.208266568168
90818,32782.97922725574
90819,14556.766152914013
90820,11001.875797591214
90821,15774.580594313453
90822,11671.646893955607
90823,11017.911620345902
90824,8897.108259890554
90825,6801.356384030233
90826,10551.545942720208
90827,11181.092496755376
90828,15691.121806988944
90829,14044.885118669838
90830,2518.3820394807153
90831,7508.1248541305695
90832,15272.912260593768
90833,5952.937423857013
90834,20864.589851376175
90835,19008.32021478629
90836,9717.48484187729
90837,18412.175898133348
90838,6501.3395215522705
90839,6436.777901901437
90840,15553.071117557247
90841,11606.055798432804
90842,20980.99440339429
90843,12391.269895602816
90844,8724.675685880551
90845,8318.909743149337
90846,14773.140655928393
90847,15848.818417221139
90848,10141.46336367209
90849,8988.748806272264
90850,12137.556302602085
90851,6308.186035154508
90852,15842.95233560991
90853,13996.729698797659
90854,10282.105153017501
90855,8721.42158035762
90856,15480.106191521365
90857,12439.612352834582
90858,16523.925928191733
90859,7730.9935542812345
90860,14974.081995255554
90861,15023.8387476785
90862,3974.623633339407
90863,10547.69626383322
90864,8399.874685992223
90865,15577.927914391985
90866,16016.734565468165
90867,5797.7763551013895
90868,20227.399679261598
90869,21962.912412909995
90870,8910.15927629987
90871,7407.866265583282
90872,30651.060401226503
90873,19139.925644786574
90874,6822.031723855692
90875,14834.815964334968
90876,20076.60470856727
90877,15692.159010150413
90878,23903.737913784753
90879,11819.88022783866
90880,12405.47585278381
90881,14233.413518702602
90882,16210.312313315178
90883,7876.937687658841
90884,8866.667672754787
90885,7022.821727242681
90886,5922.591976803336
90887,15620.629499802328
90888,9500.126289041025
90889,12831.364631992396
90890,14169.125043250937
90891,24648.41081627708
90892,10479.253545118316
90893,19281.36755646763
90894,19138.48514241976
90895,17064.325144289996
90896,32594.030883765627
90897,17064.67695262415
90898,13508.655931484165
90899,23531.453055799306
90900,9578.236997572223
90901,15209.344021574389
90902,48816.95453578643
90903,31815.49437513513
90904,32020.366622412137
90905,21495.69218087977
90906,20896.6697260248
90907,15413.6756479902
90908,24084.615422757404
90909,30526.947134613507
90910,18518.546447337743
90911,26383.089726776543
90912,26071.39600207047
90913,18822.102570647676
90914,25908.55086052496
90915,19275.729992518358
90916,22058.455706961482
90917,29042.932014517304
90918,28210.726496667656
90919,12475.431149214719
90920,14516.876211478206
90921,33615.9945687285
90922,23270.69037854667
90923,29038.962111853594
90924,15999.250969982946
90925,19820.59496443757
90926,15240.853375361547
90927,40570.64926337521
90928,32075.23043823557
90929,19294.759907862765
90930,21043.506945071294
90931,23980.056471762477
90932,38474.75297286814
90933,16932.10601089872
90934,24626.3236398945
90935,28975.91607351813
90936,20556.57232555271
90937,25838.731258483822
90938,29797.360579192326
90939,20883.1197125734
90940,17622.927283449386
90941,36846.761328194894
90942,44807.98128535476
90943,29073.005331184522
90944,31069.147895592716
90945,24955.893024765544
90946,18520.026789341056
90947,13434.469404513435
90948,18345.159163616467
90949,14363.889908413614
90950,22763.685610439497
90951,26770.450396532768
90952,30862.244184703814
90953,27586.539947448306
90954,45891.94093955846
90955,22875.948651887527
90956,23695.609534876552
90957,12806.760995734212
90958,29026.23798682682
90959,17276.11306173402
90960,15439.62006682424
90961,55659.680690724155
90962,35696.16258890152
90963,18685.73424612322
90964,16414.836930467638
90965,39673.81055444889
90966,46022.12769657042
90967,18533.761073282738
90968,14479.934258249203
90969,19240.16921053747
90970,28383.987942267995
90971,27444.30247566302
90972,9745.331698830336
90973,23137.022080456834
90974,20220.589993672456
90975,34140.68673454808
90976,26927.46664601693
90977,19062.53410110106
90978,13619.81465560827
90979,21172.32140116937
90980,24140.203905072533
90981,41807.251354412925
90982,21024.180171379045
90983,21552.483459338237
90984,40105.17431666446
90985,19020.772324722057
90986,23563.015053364485
90987,13037.170043049917
90988,17175.917330933367
90989,34713.45743163658
90990,20017.995203734892
90991,49138.59108214043
90992,46592.251425199
90993,22041.174512716687
90994,31911.128624609213
90995,13839.491552140586
90996,7238.201612692943
90997,22655.669710624083
90998,16494.976028390265
90999,18358.78702533264
91000,30552.395124173767
91001,23762.0628715915
91002,36139.99758704454
91003,19213.283046020442
91004,21604.516764757365
91005,79786.0329870361
91006,55241.14799126348
91007,23994.15880153018
91008,27632.863453228078
91009,42648.334702652035
91010,22468.042455971176
91011,27634.47530621776
91012,15623.245456659133
91013,40610.87496597248
91014,27369.895224537275
91015,28507.797798274863
91016,17149.94544202455
91017,19587.990630445893
91018,25259.29850527777
91019,15451.213425798056
91020,13673.990249624492
91021,28138.072542596015
91022,43174.435241457824
91023,25913.103414316305
91024,23298.6496990403
91025,25723.602798238495
91026,16185.447213114352
91027,25393.32092843315
91028,22762.729364865572
91029,20226.26049636665
91030,24427.664342730823
91031,31820.656653797545
91032,21344.438281074556
91033,38608.307585213704
91034,9970.464428199999
91035,31711.65102804175
91036,29019.132588245266
91037,16567.36421476417
91038,21679.557244226467
91039,38034.437945914484
91040,18784.288981588743
91041,19992.609736605245
91042,25800.375282061315
91043,25296.18955185815
91044,22089.522613561257
91045,16523.52462528534
91046,16151.116224724115
91047,22197.312990315622
91048,30236.80355143951
91049,45293.52290523828
91050,28422.55836532021
91051,22504.6442652612
91052,16769.025648458522
91053,18924.259867742097
91054,30184.18058599559
91055,18945.094782861874
91056,19481.120360606543
91057,40959.63590108654
91058,15706.898195839465
91059,25091.6212412736
91060,21350.85625634048
91061,24065.616900700927
91062,24853.48770525763
91063,23783.200184021232
91064,25324.558919171526
91065,23474.66052608981
91066,28525.999714295194
91067,18319.58914573635
91068,20390.69709698081
91069,55547.68169727896
91070,38280.59240010896
91071,20508.8404965016
91072,18602.862922756423
91073,15989.630212451531
91074,53678.25719293631
91075,2383.874461336957
91076,13826.236014531769
91077,13487.263861948286
91078,20273.742043313032
91079,32641.252739556083
91080,23987.991284555017
91081,31223.098256583173
91082,7298.717709007037
91083,21098.074938637947
91084,17337.68635762516
91085,17092.85540383638
91086,6124.663352377328
91087,15614.17418220332
91088,26874.373601303265
91089,32884.140773447536
91090,17757.604620294405
91091,13761.695302107544
91092,14920.56640561783
91093,15137.566226667002
91094,19466.55756679395
91095,18181.14925869575
91096,14989.099084550548
91097,25211.650452591966
91098,16835.037663919204
91099,20383.82957878055
91100,28014.065848264207
91101,16921.60144329242
91102,20240.999291119442
91103,24067.650234534245
91104,34913.884136423
91105,23773.970596118066
91106,22099.836968073716
91107,26731.604037800917
91108,14351.447113686292
91109,9952.065364618154
91110,27292.84305720846
91111,29153.7713425545
91112,19140.346764803686
91113,29401.608344193584
91114,18690.86956214998
91115,52052.90760490937
91116,31423.717499789847
91117,54534.010349801356
91118,19175.695589926345
91119,14323.919964081739
91120,11176.553032174554
91121,18793.5125790491
91122,29211.339249410128
91123,27208.780044341212
91124,32530.160643743064
91125,20821.145964618972
91126,31074.828648928073
91127,17504.38814714608
91128,24796.268500399317
91129,22329.098140862596
91130,44302.80094187719
91131,22916.78568108184
91132,59498.4318649927
91133,23811.943299904597
91134,14302.389651259396
91135,25131.174304178832
91136,25850.78692631324
91137,18770.756153307375
91138,16987.94677484099
91139,26326.30828466501
91140,27711.035567614374
91141,44908.61203366289
91142,19415.366203418336
91143,14529.842416057654
91144,13919.348658932526
91145,33879.71036545848
91146,26017.27922344508
91147,22601.000569152886
91148,16907.510060494995
91149,18113.58761300624
91150,17024.449152316778
91151,25178.55677630709
91152,19104.52955454345
91153,19089.550666449224
91154,28368.043670890387
91155,27572.62941758827
91156,14737.716185969392
91157,23656.168608584718
91158,29410.606430831896
91159,19222.720179648262
91160,29776.68458673489
91161,23746.659731431777
91162,22869.373234279126
91163,27575.13575184707
91164,32741.334235232556
91165,27949.727591356062
91166,18908.533540236007
91167,26991.029347145977
91168,21552.483459338237
91169,29432.599508202336
91170,31485.728377302497
91171,48567.972934596204
91172,27956.5935532784
91173,13682.362804866498
91174,27396.302464226348
91175,24486.017353780015
91176,59762.577014249335
91177,14593.354004713277
91178,18144.595257116394
91179,29145.1559924169
91180,19133.788230760918
91181,16847.322398475462
91182,17605.188849028575
91183,22379.18060059593
91184,12437.828739601131
91185,48393.7283661887
91186,20887.347501966295
91187,29087.300574456407
91188,22344.966766503523
91189,21877.383993254647
91190,26275.329043233294
91191,15398.326694290288
91192,28087.61852747
91193,105961.20721262525
91194,32024.380739350407
91195,24790.266150876414
91196,17405.001190208393
91197,10440.381843289048
91198,27510.371232707035
91199,17854.13070362059
91200,27608.66989413756
91201,20614.036661560225
91202,23627.677803140843
91203,17017.755174254613
91204,20255.0312665869
91205,24933.184776690585
91206,19166.267941296966
91207,15804.605649220548
91208,64174.63638150931
91209,12717.88793856646
91210,28700.95066325168
91211,17293.68635936714
91212,17833.22150528279
91213,25197.290102570525
91214,27637.960948986827
91215,29209.094621680233
91216,26992.688148355013
91217,42310.91550791494
91218,14195.429239635489
91219,26685.324798152073
91220,31384.721596161693
91221,45148.55589191141
91222,14773.174003805752
91223,21113.992050835503
91224,24621.823634089797
91225,34624.151584823965
91226,14324.3783411105
91227,14522.62335803331
91228,20090.270198006674
91229,27031.73780922177
91230,58256.567700210006
91231,24869.13544869625
91232,21980.050702061013
91233,18870.151459172233
91234,36386.32715576527
91235,13615.79712882761
91236,17647.62977949859
91237,34305.51681347224
91238,24533.00372678301
91239,23261.20810624368
91240,17672.83255872486
91241,22541.82729781749
91242,31603.33658231492
91243,21284.410923401923
91244,15655.55968973555
91245,26710.715295941125
91246,12819.160068687175
91247,27681.23561723101
91248,34973.51425073032
91249,18196.054058208167
91250,17525.390309128456
91251,21744.58800986788
91252,42042.616547990845
91253,17506.28389301535
91254,39886.80014668987
91255,9916.054516875323
91256,11316.953386494746
91257,20653.14212840038
91258,32710.448437283172
91259,26568.821964521383
91260,59316.417541001196
91261,31280.263554632304
91262,24874.972472406633
91263,22159.462628413756
91264,24240.622871911826
91265,23362.636698830283
91266,16152.607661128703
91267,10720.16725687259
91268,29086.780228104108
91269,24452.172800001576
91270,17083.030760024485
91271,28959.319924923755
91272,25740.227980145824
91273,23563.798187926885
91274,20368.86818123627
91275,26415.035106191855
91276,17756.70257858596
91277,19739.974317974513
91278,23342.4275636866
91279,26757.17420962341
91280,35346.11823140221
91281,45475.72192267662
91282,28482.806518378376
91283,23747.059822652405
91284,22465.43433871553
91285,16176.983458899658
91286,7139.594165164222
91287,18009.30219704087
91288,32963.967855882736
91289,13848.663592704212
91290,16242.080634996264
91291,30384.482448551495
91292,18868.402910873923
91293,11376.984894336825
91294,15467.503708956305
91295,29389.953458207518
91296,14151.144718631782
91297,44909.94827927233
91298,34110.35760722519
91299,23799.08721880589
91300,19771.92711713566
91301,19781.726702526797
91302,27080.807422197213
91303,34364.255517841404
91304,28959.085780651498
91305,31167.015958541466
91306,15579.408249409787
91307,18736.92882124815
91308,46915.37920726754
91309,20099.949482610904
91310,15453.677916022763
91311,28290.53618081462
91312,29737.76401036736
91313,44828.05344229914
91314,37557.97962205422
91315,22681.90263864862
91316,21878.9044222542
91317,19852.89280611126
91318,20530.399662057724
91319,14788.868289885413
91320,21961.288155758994
91321,27070.262825465536
91322,32054.575009693333
91323,24110.64716543132
91324,17043.07168226685
91325,19766.514693840185
91326,11261.37186197476
91327,46444.71604865557
91328,31091.304273018708
91329,15411.568113283942
91330,14184.097659139821
91331,17702.06620051613
91332,25346.467891512326
91333,14688.007516685177
91334,15527.96771309888
91335,18346.833568535487
91336,19631.765833243295
91337,17369.534049478018
91338,58873.50036405094
91339,81940.68931914923
91340,14834.985521833241
91341,15908.625022580594
91342,40848.463809666064
91343,19727.95930347247
91344,43557.152692264826
91345,19098.704049691994
91346,50533.55893910949
91347,15398.561298910081
91348,12385.497413478675
91349,32915.82778048805
91350,21038.158993896097
91351,10027.318265020727
91352,24925.460805665825
91353,29337.85681378021
91354,22642.209091633013
91355,47850.579829982926
91356,10351.07826694512
91357,32606.82095648625
91358,19554.0135383266
91359,23249.19822915304
91360,26266.971676192305
91361,20130.48229051528
91362,29018.560809572144
91363,23430.960999449515
91364,20280.333664488662
91365,40834.66038718202
91366,16859.11224645522
91367,29124.908989784453
91368,25790.487865151055
91369,22462.6846682144
91370,25349.06530879196
91371,25216.269950002057
91372,17143.863032345504
91373,21498.11362671727
91374,20115.23690711621
91375,49578.17830699405
91376,23136.788351018884
91377,26947.369380979504
91378,22387.974729469774
91379,16054.298094646289
91380,27788.296978612307
91381,18588.09620873687
91382,22272.823476454007
91383,19561.080107137615
91384,24055.873167845893
91385,18395.55822925343
91386,25947.31182305091
91387,13943.468092454532
91388,33390.26618523309
91389,13563.753825912005
91390,22580.904490114615
91391,19066.036023988247
91392,26707.56970276972
91393,12530.051122237515
91394,25529.704049021446
91395,21721.066752792856
91396,16541.968622056716
91397,23475.735899608306
91398,18757.46626844932
91399,26375.398483893885
91400,32804.94987246058
91401,15479.737767161956
91402,14338.90321051134
91403,21265.41888864364
91404,15837.08773085926
91405,28101.052208461882
91406,19182.19791670668
91407,39030.038751258726
91408,20919.940614580286
91409,15499.748841911569
91410,24856.35837753512
91411,29094.078108847898
91412,31626.989936081805
91413,40734.34985535528
91414,19420.289925399793
91415,24641.290075110595
91416,28923.83623313332
91417,12734.095667034606
91418,19441.52014724011
91419,5411.750900650158
91420,21958.487501967553
91421,16596.1456332575
91422,18959.85884260143
91423,42058.111868812004
91424,21111.44621812475
91425,26119.05491565916
91426,28975.933807825404
91427,13462.131199316898
91428,31264.226196112457
91429,22053.879723503924
91430,37134.56098197059
91431,24535.162105215622
91432,24904.937061519497
91433,25983.89027160348
91434,19226.25630233301
91435,19547.833668991025
91436,31270.721615177765
91437,37125.27986782676
91438,10063.377822072722
91439,12679.226958291583
91440,23145.86539343943
91441,29882.736859873934
91442,17910.435508313523
91443,17592.47156438729
91444,20266.307332966488
91445,53116.98145404141
91446,17857.08420383263
91447,21925.81034688124
91448,35614.74355325414
91449,18859.258263595355
91450,25976.939702714324
91451,34386.11365689372
91452,22822.17335895528
91453,11646.026066090451
91454,10873.143739868794
91455,23653.820589055336
91456,39839.50787769645
91457,9764.913354255805
91458,22621.608439065385
91459,32034.96105184366
91460,29370.471986435034
91461,22924.01107122733
91462,27244.532677518713
91463,29437.634954293386
91464,26066.635484036942
91465,24819.56571658602
91466,13374.690967718787
91467,30944.617095328435
91468,24276.45471819494
91469,17383.67507056163
91470,27453.911420743236
91471,21506.341796196106
91472,17172.99615495656
91473,22872.983194110187
91474,19342.88335248691
91475,24929.924350455996
91476,22574.307472881523
91477,25792.714695190403
91478,21873.14941045547
91479,27108.94621752112
91480,8359.351253004472
91481,30783.183606815346
91482,28512.750230626032
91483,27535.241675838402
91484,14921.653960082489
91485,22250.570311239953
91486,14576.19189369111
91487,22447.100976730682
91488,33806.45950403826
91489,12278.23554301978
91490,18974.479275213664
91491,31280.263554632304
91492,28072.45498935069
91493,15549.75989139077
91494,13488.774181884784
91495,19830.99365172558
91496,14062.616243953707
91497,30116.75569217516
91498,18814.148816350753
91499,51951.07457086477
91500,29479.234074401957
91501,25731.10604184798
91502,15448.977703231789
91503,23719.22561498312
91504,15890.46595381373
91505,31886.34269314955
91506,31716.0857640117
91507,56997.720380973406
91508,28897.217041815675
91509,23253.403964761146
91510,29068.816376219722
91511,24277.531856061592
91512,19497.490983008804
91513,43783.733902461914
91514,21063.930282920144
91515,55377.528062736754
91516,35691.2429825223
91517,1740.5399569127417
91518,49009.42307324645
91519,22545.123048100206
91520,17452.271604236827
91521,27997.7554004714
91522,27575.13575184707
91523,28051.63538477361
91524,12971.673766800892
91525,35588.251591969165
91526,23028.626314223086
91527,20605.05988221672
91528,37541.600941331766
91529,24636.752874228383
91530,19545.142801799277
91531,11118.269334222958
91532,46910.670106714504
91533,30724.764390681554
91534,25432.16885524328
91535,13062.03052065343
91536,20456.373868362978
91537,16954.241974530436
91538,18996.215478101734
91539,29081.906176076896
91540,16218.594330514607
91541,24884.789733374975
91542,20966.996287245307
91543,19872.03146196784
91544,16138.863477632514
91545,22345.70911750518
91546,13585.366177708156
91547,18612.340905998648
91548,21886.017111224526
91549,48340.584527005594
91550,22101.51096987517
91551,41354.055503103205
91552,22118.092630300434
91553,14123.720542296442
91554,21225.238997967623
91555,16243.00690738974
91556,15546.680195552524
91557,28826.078177605166
91558,30152.895660472797
91559,22944.599953701472
91560,18149.476869300895
91561,22750.53052241007
91562,12329.372185143124
91563,30464.618160125327
91564,38536.814121936346
91565,49640.24889054832
91566,16388.940055078445
91567,24784.24061920714
91568,28892.574639417577
91569,27440.925309148784
91570,22457.619884242227
91571,22910.323153774767
91572,26581.764629067402
91573,17103.901237940747
91574,20589.046577788093
91575,37596.29233917493
91576,21897.578650601678
91577,16715.307539387086
91578,19098.592248060508
91579,12914.681407933482
91580,55238.17826392945
91581,28974.8434270694
91582,32759.300531081237
91583,7894.9751622554795
91584,16457.94382197588
91585,23799.71147754828
91586,25873.506973182662
91587,16820.4254654205
91588,29921.389863143144
91589,16054.019576872406
91590,28845.731167038757
91591,23178.301000613938
91592,28963.306615488735
91593,29794.52183192924
91594,10367.358475825316
91595,29703.050270146112
91596,31744.745810215394
91597,26517.4347733436
91598,31504.29545296266
91599,26449.37004203385
91600,40593.97192904366
91601,34899.25632985581
91602,37151.4310590795
91603,27376.853141848267
91604,24278.960836279366
91605,24648.335364139428
91606,25664.949894098616
91607,28993.8582431825
91608,15224.501705150207
91609,20079.376692020232
91610,21480.517203889758
91611,22981.6527787286
91612,19111.13583753795
91613,25491.969108794536
91614,18254.190905881893
91615,35662.83174977039
91616,16459.02593380227
91617,20029.65133903282
91618,26159.191522300556
91619,19800.075693499777
91620,46193.990282756626
91621,19529.552227610693
91622,17431.23294479747
91623,20240.064301400274
91624,30943.496472797287
91625,20887.28686468875
91626,30944.617095328435
91627,52334.9687190831
91628,17005.11165757
91629,42420.21900183577
91630,14080.156384505453
91631,9219.792605180759
91632,22738.647527631834
91633,18920.914964818658
91634,20746.647755306683
91635,23231.80824060492
91636,25050.436361821754
91637,28988.75466496636
91638,16505.20172692272
91639,16175.612099941392
91640,10530.641299030936
91641,20469.550392828613
91642,25790.487865151055
91643,40333.02576484382
91644,18027.594659222912
91645,24585.293463961912
91646,12464.921034329438
91647,21411.283976511364
91648,17155.838225550637
91649,17395.895358445716
91650,16364.391620282713
91651,15190.470346844211
91652,19223.48364286301
91653,28484.185495712798
91654,27242.530043357816
91655,24347.10625023132
91656,36767.58739896711
91657,59961.61866770193
91658,21017.974119175364
91659,32273.507161616522
91660,55409.754551577826
91661,26155.884185715684
91662,19898.33878070166
91663,19118.18157947121
91664,32292.627507942663
91665,42696.411968255794
91666,24305.701473919158
91667,20202.975216321316
91668,10632.601916608595
91669,17935.963694725706
91670,27972.296197570213
91671,41366.21311910532
91672,17422.95048447576
91673,28778.2378012283
91674,24896.953653857057
91675,80413.3515377284
91676,34609.980934197294
91677,25024.837429557887
91678,13198.42028059008
91679,30995.165665535624
91680,26106.20619459114
91681,28784.78689702439
91682,14091.17971976891
91683,31411.650081417265
91684,12974.490415579347
91685,15816.465603219016
91686,18759.08039802297
91687,27343.425878161514
91688,18861.130441933954
91689,19115.207892209008
91690,25717.82830145079
91691,29578.416820250583
91692,15025.34402771203
91693,26045.58109748209
91694,22455.528306560944
91695,18522.035351111324
91696,15344.054767212432
91697,30060.977177540553
91698,18458.87694636482
91699,16055.10299748273
91700,15315.07146560462
91701,16390.693799492317
91702,18140.550811208697
91703,18675.78780347472
91704,27627.997094640425
91705,27403.17424650726
91706,8754.541855042291
91707,45775.99676406999
91708,27275.700221635027
91709,18881.97484323742
91710,27380.13375825354
91711,15714.94561711151
91712,20310.954270855935
91713,12624.741037076697
91714,22084.015610515635
91715,26530.763485976306
91716,21010.95445376443
91717,25405.227654715585
91718,25709.512252868844
91719,13553.013086740837
91720,12855.91518051049
91721,13698.906638442428
91722,26992.539348745027
91723,29520.723085267502
91724,20039.399225928853
91725,23324.503231889626
91726,19359.41957572398
91727,30664.95014274439
91728,25613.862859494988
91729,16363.160667764438
91730,13777.724863472382
91731,17461.418380845746
91732,16540.41542353438
91733,18772.760788557996
91734,27087.087946171392
91735,17133.090831153546
91736,27384.787243667666
91737,16457.316946582298
91738,16155.498660636335
91739,26255.867620353747
91740,30336.669588752568
91741,23021.344522773805
91742,3638.8238143281505
91743,23080.83046014669
91744,14583.837943718867
91745,13781.53336255717
91746,29296.991619626933
91747,19722.230291115487
91748,25619.004732148856
91749,27699.664806744047
91750,26740.41906938142
91751,20653.194880425614
91752,23873.66142977132
91753,33196.476556866626
91754,26767.958315868473
91755,18149.476869300895
91756,15526.185237012456
91757,36264.62456258178
91758,26510.359806167628
91759,16640.59985595801
91760,27500.71281580573
91761,47565.439337500575
91762,30242.12863820548
91763,19898.729253532103
91764,14327.099674263685
91765,25486.58095250596
91766,36118.65285055706
91767,20268.839416128732
91768,21259.451795421897
91769,22711.670493257072
91770,19984.482205060493
91771,14249.810005844194
91772,28389.89681586917
91773,19069.148739207478
91774,31560.513669424472
91775,33058.600238512234
91776,27272.40201760652
91777,17711.354291214393
91778,21448.86330945878
91779,25901.566056141517
91780,37325.78448056661
91781,31330.13123470838
91782,16067.754201658656
91783,25609.782904007672
91784,20579.88074706119
91785,33300.3477330664
91786,25376.934134681727
91787,18658.7406107456
91788,24336.999846065533
91789,20888.088327622696
91790,32708.130910967197
91791,21573.166120223344
91792,27848.329705970482
91793,32130.261350115918
91794,13391.950020531618
91795,63542.86680363139
91796,28956.485858783108
91797,22984.612620905446
91798,22702.870675854007
91799,6406.011954968756
91800,4248.094211698316
91801,16662.410832075657
91802,26345.723417983856
91803,24851.120878086826
91804,40554.72035146387
91805,40750.473379222705
91806,19362.433728875203
91807,43719.03157981439
91808,19567.60910317292
91809,33989.1096581958
91810,41182.51644056608
91811,29670.219064488774
91812,64696.03320828641
91813,12683.814795257505
91814,19292.374047924444
91815,19696.519080046288
91816,22761.666036911065
91817,30272.716713147573
91818,37120.22092146151
91819,26315.487072446063
91820,11308.543308160122
91821,25529.86360077068
91822,20739.397605538594
91823,19497.89097933962
91824,21996.385634027367
91825,24438.815765753796
91826,33048.47577256764
91827,28685.797748240075
91828,43366.59170266248
91829,17923.329578977886
91830,24351.035772876523
91831,19542.56310591869
91832,16208.22293215753
91833,29825.65221323615
91834,10527.12235579916
91835,12989.752129256027
91836,14845.814430596396
91837,18863.70517682336
91838,21314.443171545787
91839,11089.955963791554
91840,24934.07855471809
91841,23095.762465685726
91842,24071.065699409544
91843,38752.74691047742
91844,24351.968744199086
91845,15539.031677851906
91846,28443.114670781888
91847,63864.69637650497
91848,21673.348309483645
91849,18043.58677889668
91850,40424.57578995536
91851,10716.751738673205
91852,15863.372953799591
91853,17784.830926536633
91854,26017.27922344508
91855,29097.551804813153
91856,25897.028760829602
91857,29301.692832919536
91858,7111.795948527357
91859,44504.54242852616
91860,28703.46435876189
91861,25334.24932650852
91862,25290.941112402317
91863,63624.87994634584
91864,47346.80723765629
91865,17017.969618201983
91866,21672.04048089937
91867,32156.332565704015
91868,25666.454932205266
91869,9598.342592704814
91870,19957.20669435131
91871,17171.46090770194
91872,22936.17031817497
91873,23926.252777648933
91874,15115.17649154565
91875,22325.707984599067
91876,17982.24006003771
91877,31886.34269314955
91878,14451.647697486562
91879,26741.94768000825
91880,22644.143158709332
91881,21548.248870773474
91882,24601.024227093272
91883,15542.461725779798
91884,22639.046945639122
91885,22829.166421297177
91886,21930.160622512456
91887,22376.43063951041
91888,22367.935559910915
91889,14783.258203516332
91890,17165.356699889515
91891,19307.600779365133
91892,13726.927010127658
91893,18354.607487498026
91894,25481.229656906242
91895,51577.41905413214
91896,41417.82883928586
91897,27289.647173936984
91898,25131.661913888747
91899,23083.33291723467
91900,18882.646851979276
91901,24921.79391233598
91902,15868.4084508488
91903,27265.157742794734
91904,20772.172169744063
91905,18945.857147819257
91906,25475.212327390484
91907,29096.027479556786
91908,24140.74642430062
91909,46486.23535419736
91910,60528.48050026027
91911,24727.969382409596
91912,17189.033430731408
91913,11313.650792634586
91914,44417.9089873479
91915,16306.517209023628
91916,25433.024606766234
91917,18076.280365111154
91918,9860.678591507627
91919,17022.834632787315
91920,24628.523413352683
91921,21379.15879357628
91922,18909.584618634904
91923,26030.189067797095
91924,6352.128295269346
91925,29375.909046650853
91926,15281.381488809056
91927,18660.396510988227
91928,30467.466554574832
91929,25769.11420191309
91930,25435.917574958912
91931,30960.491103753542
91932,19497.69893218149
91933,29219.55942810944
91934,24979.153598658235
91935,17186.279639004657
91936,32091.540742865935
91937,29849.403325835297
91938,18162.69453709021
91939,10503.970299100472
91940,10163.498500459771
91941,23980.056471762477
91942,45585.0259689361
91943,27342.639986135146
91944,24712.4161988793
91945,13202.863512612983
91946,8410.387083465785
91947,50176.325985590425
91948,32280.47171874922
91949,44613.64725239153
91950,30693.788664764277
91951,26235.575978066274
91952,40469.14689024549
91953,10357.84205590932
91954,27010.83192308238
91955,10055.990536641842
91956,16889.845106365665
91957,18331.026387939706
91958,57871.46297276437
91959,39888.56122410621
91960,26741.814317244265
91961,28685.15145167881
91962,12657.939679995274
91963,24795.58253880112
91964,26060.612320111628
91965,16942.38400603654
91966,39293.15617163657
91967,48171.3175989444
91968,13887.076597294763
91969,47801.465021316675
91970,20374.29725683934
91971,40633.577003527374
91972,25926.93238661036
91973,28154.90627059247
91974,15841.517588554918
91975,13690.205964221612
91976,25531.593570547604
91977,35265.65100834199
91978,14474.952217230646
91979,12220.36332951908
91980,26356.41831164853
91981,28044.27728761876
91982,20217.350886585577
91983,28589.076188164196
91984,25588.441421957614
91985,11950.17683246063
91986,15049.27863262837
91987,42394.34817897559
91988,10057.13722768313
91989,26298.833058515254
91990,29740.00342381926
91991,22740.250860588963
91992,57280.09093227483
91993,17260.303490124912
91994,18224.758838695274
91995,10249.929335038381
91996,15256.65959952279
91997,21705.504673667314
91998,17531.979851266027
91999,26751.747158652404
92000,28790.858346738445
92001,10635.585412327231
92002,21834.511151383995
92003,21347.272535494332
92004,27481.018867570096
92005,21860.381297231233
92006,5734.580364184266
92007,37709.68406902493
92008,29172.66334938848
92009,32274.700685210235
92010,14492.569263415098
92011,14979.35278627839
92012,28660.53373072272
92013,25701.025875428506
92014,14519.8857284447
92015,14371.508735902526
92016,38543.33273525003
92017,10639.16790255064
92018,24427.522567411645
92019,13606.904862140987
92020,22519.69691422266
92021,32898.63153177605
92022,10039.916450760333
92023,31007.789399111236
92024,55975.16534669624
92025,41186.929244074825
92026,49407.19044288989
92027,41731.30556083064
92028,13181.2411578822
92029,43454.37012955149
92030,43702.58538655712
92031,30983.61095825813
92032,26718.999334949167
92033,22452.539252276434
92034,18151.346682862233
92035,18427.300573944955
92036,24252.754156425093
92037,24830.644383488045
92038,13200.907441437072
92039,39007.57078654838
92040,37991.44524345563
92041,30620.43240093521
92042,10501.481303262493
92043,31864.899756614155
92044,29844.28209369572
92045,16340.74875679902
92046,26455.481919786846
92047,14608.261400857195
92048,30291.969914450547
92049,25314.268757353224
92050,67082.43376055115
92051,31671.02672126958
92052,8992.203492093326
92053,17322.070711963966
92054,17865.668105494886
92055,25505.827708251898
92056,26995.986660106468
92057,26983.94026045909
92058,25701.87120299157
92059,17974.60264127948
92060,17054.231655497675
92061,12984.72483708214
92062,56059.91338002466
92063,23681.707215827104
92064,15665.464258041757
92065,26770.119635330168
92066,32799.20828518245
92067,17953.08393803002
92068,21284.003268602166
92069,25588.440119586154
92070,23187.803396167088
92071,20288.687149260266
92072,14208.37691394097
92073,19079.454325433144
92074,27265.157742794734
92075,32993.05705594447
92076,29731.31739244432
92077,30159.387731456794
92078,30724.166068223552
92079,42150.61588735366
92080,30923.33628539564
92081,20363.09897249559
92082,30859.072667048546
92083,16464.637984189776
92084,14774.88841032404
92085,16125.743869080126
92086,21998.837224116658
92087,22430.47257928192
92088,14897.61300827998
92089,18685.41821552288
92090,28353.072741269996
92091,15546.680195552524
92092,17235.568961290042
92093,18989.169994434847
92094,22982.51650578795
92095,26087.947686123807
92096,11670.865466952644
92097,17125.05094516262
92098,23890.84197685598
92099,12699.33371174978
92100,27303.74473530293
92101,20984.102124924928
92102,30162.472192648904
92103,16609.779248852486
92104,19632.697833840757
92105,26135.875563035435
92106,27029.29541689763
92107,25362.35763577555
92108,10775.875762173315
92109,47071.13516007176
92110,14308.387322470395
92111,22028.023433403916
92112,10308.153186317413
92113,22889.660171002663
92114,20677.870816121696
92115,28600.037979700082
92116,18338.270817279066
92117,28718.814238277322
92118,9174.487951992514
92119,20775.98194992591
92120,14811.140359290017
92121,13468.98885303989
92122,19207.8551536096
92123,30025.14831538611
92124,24936.90999858589
92125,49453.718065695044
92126,30467.402264354165
92127,18759.17361047449
92128,29242.88967261317
92129,40680.522037639144
92130,26778.219377946036
92131,16554.081201524867
92132,18155.749632901014
92133,29212.079561316743
92134,13814.684436495829
92135,16677.74135495954
92136,50835.941137369424
92137,31082.7344064159
92138,21306.443209029403
92139,24535.55420484147
92140,17885.874939139827
92141,40637.8385613261
92142,29136.190558521925
92143,17137.571002441153
92144,14971.984399597663
92145,26044.526602720387
92146,11459.142117910738
92147,21500.16142945453
92148,44619.928015310434
92149,29943.053658178902
92150,27783.611211922114
92151,17589.749879392162
92152,32219.522391368937
92153,20993.03950345004
92154,15551.346605724037
92155,15552.96921603319
92156,25455.498667860735
92157,17281.7603031701
92158,15067.410382902048
92159,21996.385634027367
92160,15692.824871357674
92161,19114.663796592882
92162,11586.976904960935
92163,24124.553609926457
92164,37488.765196132845
92165,38914.936740852354
92166,37952.7387567382
92167,16068.749654147325
92168,21445.545216163584
92169,20504.30531867504
92170,25759.42993315561
92171,18460.784829730666
92172,17101.797691915144
92173,25452.335732508745
92174,22406.86565030546
92175,16097.736363856719
92176,65322.36668465425
92177,31723.56800528661
92178,13310.181694399407
92179,26248.045027750937
92180,25297.897663719184
92181,27097.031643186692
92182,16293.44860161106
92183,25336.85508340477
92184,22148.971431608265
92185,32152.133209958938
92186,24322.469189846848
92187,45412.21389613623
92188,22224.507139066813
92189,23823.935163958635
92190,12315.316386555842
92191,18424.14285018958
92192,33087.44571971948
92193,23932.1427879142
92194,30944.617095328435
92195,40469.77556043913
92196,8632.816196912943
92197,22123.41592987119
92198,35178.06384972391
92199,15076.665704604206
92200,17069.150697262085
92201,28182.35010156722
92202,22674.456922690308
92203,39360.12583609864
92204,27281.316736617177
92205,15069.403552113146
92206,15398.326694290288
92207,11338.702059229548
92208,9756.726095927623
92209,19257.218434618724
92210,19684.963617217658
92211,23330.49585880328
92212,20445.357064814667
92213,17262.61595154655
92214,28790.858346738445
92215,28774.968632218774
92216,14948.341327240387
92217,14384.934001899155
92218,19843.197700329565
92219,27264.369363975242
92220,31407.81452873932
92221,16570.08376197702
92222,26250.811764407204
92223,20035.195620398958
92224,30358.182923222852
92225,27760.09886305548
92226,21500.39064825403
92227,25702.16811621394
92228,30607.553029175593
92229,17244.110248305235
92230,20734.007284815223
92231,42741.34620866692
92232,14340.042053742927
92233,19176.76809058564
92234,21419.941215127303
92235,19052.004297862914
92236,27889.054463695815
92237,32094.302570814845
92238,23878.954677622925
92239,20125.92662781278
92240,19366.528394827623
92241,16416.75137450323
92242,32425.66695545948
92243,39848.14822790083
92244,34409.16295354651
92245,32260.814948657946
92246,22713.17783814589
92247,22756.319435196063
92248,31536.190535321835
92249,31090.055366034685
92250,28495.285991852412
92251,12581.229640611558
92252,18078.492732230658
92253,21635.672793262223
92254,21360.623176648856
92255,10208.10329204057
92256,25446.271304166865
92257,24213.932269808385
92258,22163.400433039973
92259,18201.207436039844
92260,5648.696146827085
92261,13010.679983686783
92262,15898.090198899554
92263,22822.17335895528
92264,20245.553596246427
92265,21965.866018552864
92266,21851.303717220933
92267,24447.794790164637
92268,31729.612078950857
92269,22552.01343146962
92270,31743.559899092194
92271,25616.659964941522
92272,16798.60924302125
92273,21572.795753868126
92274,24238.259305591513
92275,9634.121222543574
92276,25064.631919185194
92277,31471.133701166764
92278,24727.30817488477
92279,22614.80763516387
92280,26919.131075211648
92281,5037.272580809083
92282,16515.96367662306
92283,30807.194450748564
92284,19228.953088407936
92285,31251.148536451758
92286,26836.135396580048
92287,20017.23655766832
92288,14920.56640561783
92289,18207.433740224675
92290,23838.848432235955
92291,29825.954835242337
92292,33648.0926668083
92293,21509.316169342314
92294,13715.98050323579
92295,26147.694534398106
92296,15772.07988672403
92297,105204.89984071741
92298,22762.605852558652
92299,13174.252470314494
92300,32068.906520210676
92301,26708.877651520823
92302,13169.621922965147
92303,24231.35511807519
92304,26318.800580083327
92305,30360.80931485584
92306,15234.253473265135
92307,17092.85540383638
92308,17110.077984618318
92309,13018.4599272116
92310,23009.623941858335
92311,25623.02185496931
92312,16427.946853943642
92313,24447.794790164637
92314,32264.105388416596
92315,11828.30657848877
92316,20767.430444447797
92317,15545.43284049007
92318,26061.692044639698
92319,15985.5980357729
92320,51928.622680185996
92321,15211.214010277215
92322,27032.93604359707
92323,32809.064296753524
92324,27525.9757750633
92325,25885.883197592455
92326,17293.293537995407
92327,19539.33526436837
92328,30367.870506683157
92329,19098.68260129361
92330,19933.931559586435
92331,18349.3566755091
92332,16122.456596577753
92333,30096.74030248898
92334,20690.661387951855
92335,27028.43121227651
92336,27317.561753107024
92337,17281.6361664265
92338,24705.3910287168
92339,20570.92339364415
92340,16054.254337083334
92341,30725.023453610294
92342,24404.344459706954
92343,47881.24502257523
92344,15736.620770451049
92345,24095.90719011507
92346,40562.07514307886
92347,16142.166905860631
92348,20461.529018051457
92349,24570.203752579753
92350,29212.079561316743
92351,19833.55264261314
92352,13652.997261645125
92353,15337.923283577133
92354,44950.87881130458
92355,31872.70785874806
92356,16480.095629585117
92357,26651.618187685912
92358,27202.33603383986
92359,15364.105767702069
92360,20210.039035595197
92361,26045.967120623664
92362,24819.314644383463
92363,22321.394649836224
92364,23337.50005470892
92365,19497.000823592327
92366,30607.927821853424
92367,28958.515784898827
92368,20819.225548880804
92369,12285.587991738641
92370,32242.99796733126
92371,22477.62634866928
92372,31724.36056555183
92373,18270.91007366031
92374,16336.071059857948
92375,19896.600225922048
92376,15707.8157139436
92377,24084.49011131476
92378,44240.9562993441
92379,26515.02650571156
92380,15043.877455602254
92381,17744.54186512915
92382,35721.49514441086
92383,18741.230963072067
92384,23315.832319734254
92385,11955.754400505384
92386,31501.64924510583
92387,30827.461671633093
92388,36738.74250859881
92389,16072.223353734402
92390,9937.32037943039
92391,25908.55086052496
92392,20951.19751957452
92393,16390.630372566055
92394,15287.326502318287
92395,28028.731342258543
92396,33181.30403141262
92397,13025.49626111868
92398,27235.742138511694
92399,28550.02728514992
92400,18655.85626799492
92401,18732.364454239305
92402,21050.182891306704
92403,17441.531325892505
92404,38041.039681894275
92405,15260.250438544272
92406,15829.125136931169
92407,14546.441198948252
92408,17117.079120747727
92409,16026.141513391904
92410,27953.486525475328
92411,25853.857381000693
92412,15096.12128018798
92413,32105.336812920454
92414,28274.58608729032
92415,30183.997434686797
92416,19457.38237273754
92417,18757.741178030534
92418,26481.29673450863
92419,44285.31973595083
92420,19692.216099654255
92421,30436.00511364831
92422,30829.39005572292
92423,20386.497623951618
92424,28224.704206553037
92425,28811.286431542412
92426,15590.395445456255
92427,5465.727974064718
92428,5623.805305259895
92429,22022.142886567894
92430,25084.648725408773
92431,11636.98703556091
92432,18741.53947031054
92433,17598.053156522008
92434,36458.654592888204
92435,18572.821129698543
92436,70132.72687114801
92437,10228.365275162194
92438,28053.31405623005
92439,24775.16573275323
92440,23309.44854467795
92441,24554.69515048244
92442,8165.2602882163455
92443,49825.51338935137
92444,20265.518473521908
92445,26677.9746391482
92446,13602.984435717372
92447,22654.227689549854
92448,26389.52127111438
92449,16115.626119280358
92450,18569.038147048028
92451,15528.396787100755
92452,20934.088777977522
92453,27937.955251786854
92454,32340.65588302719
92455,29264.751115051662
92456,24152.94874829659
92457,26439.576613113295
92458,19320.45478185613
92459,22196.552549001754
92460,13729.953660483005
92461,19140.622845895403
92462,51606.528384348494
92463,19174.21189243056
92464,19684.490104149576
92465,22160.05545330586
92466,29378.39786117165
92467,25353.313693560463
92468,27469.61754530804
92469,30832.886038608143
92470,20218.54547944558
92471,29347.112104594173
92472,13848.266066764001
92473,51662.210776186475
92474,22500.07204834679
92475,13190.541014114968
92476,10458.82534925367
92477,24823.474434835556
92478,20955.769140709148
92479,7966.538748610487
92480,20393.30804300817
92481,20030.963735739035
92482,20094.40935061448
92483,30748.80455918286
92484,20846.028482028072
92485,30175.007237473816
92486,23363.746240243974
92487,20488.517681849888
92488,18378.75436195745
92489,20694.26961314601
92490,51868.69219934027
92491,25924.2006305738
92492,17359.10550946315
92493,25984.38627700112
92494,19812.857474532226
92495,27786.917160554316
92496,45016.110142065416
92497,23278.586201479462
92498,18692.57654018966
92499,22223.885886865566
92500,23421.135536891037
92501,13439.027157084742
92502,28795.78331542786
92503,23362.67735625396
92504,21025.33246518063
92505,28727.062599691228
92506,17767.968677146502
92507,21903.926860946845
92508,16783.65475250969
92509,25112.363962942418
92510,18233.753764310106
92511,14268.548847415983
92512,21598.433657426605
92513,20726.899242348587
92514,19707.146942468622
92515,10740.756511184585
92516,14077.871117997927
92517,17263.630128136232
92518,17419.81646384077
92519,22127.270755307225
92520,18723.856596536527
92521,13406.764936906751
92522,29106.56616047571
92523,12955.5693211191
92524,28975.933807825404
92525,32251.202280057154
92526,23580.476138955742
92527,19457.38237273754
92528,27552.278184828698
92529,42738.59071748795
92530,22650.112202874647
92531,38042.05836539614
92532,26679.940328973003
92533,31334.774993682608
92534,33100.68655309903
92535,23633.86986217851
92536,30025.14831538611
92537,12901.754820599332
92538,31315.542881984402
92539,32543.903355477774
92540,18636.797890288653
92541,32002.50804562055
92542,29042.932014517304
92543,47937.13505366959
92544,16266.928119782122
92545,16008.786900757852
92546,19784.717075143417
92547,25524.435713460025
92548,40786.54579392792
92549,34398.455411192124
92550,11449.67116738236
92551,13254.430035222835
92552,24363.72483886854
92553,19459.770365236025
92554,30159.387731456794
92555,16022.520613590406
92556,9366.059068172788
92557,24765.635280769184
92558,11291.073776140787
92559,29148.713963696628
92560,16892.545254900702
92561,18532.349251102456
92562,23189.218901383345
92563,55777.52747311615
92564,24007.016098341926
92565,13933.353283345203
92566,27891.278915772917
92567,10290.376587966955
92568,39389.141394051716
92569,22171.479904200507
92570,21212.16606810975
92571,11722.700245501606
92572,19321.90462861851
92573,28876.49587789034
92574,40544.600631985864
92575,15717.623777633182
92576,26645.101240053682
92577,15013.328143482597
92578,16868.190258243416
92579,26513.78618477181
92580,8862.041503667928
92581,18847.120425889163
92582,29073.005331184522
92583,38672.778398667135
92584,6904.053579849782
92585,15739.4332322212
92586,16660.532803035756
92587,79644.77249233697
92588,13929.655876508717
92589,28932.781624325027
92590,25853.857381000693
92591,45635.43090531445
92592,22572.318955478095
92593,15858.216400965917
92594,12661.420930589626
92595,19928.38772043176
92596,18438.323770985717
92597,30165.064359172324
92598,20386.497623951618
92599,13884.917641705504
92600,26066.103332174916
92601,22341.82201289398
92602,53078.47795579352
92603,30055.317658161344
92604,31479.74078402143
92605,42874.031500299294
92606,21478.182238014444
92607,17423.97841573844
92608,19940.661205415872
92609,22218.16732582391
92610,23862.491498792217
92611,29832.849097182872
92612,25707.487052434197
92613,26252.510607158267
92614,25533.644407315853
92615,25124.145975636446
92616,29373.52195980194
92617,20906.572839383716
92618,22773.777452958813
92619,24129.696727963055
92620,22060.971336227376
92621,25700.637185844156
92622,20943.728893172516
92623,22908.398850045396
92624,18955.890688468928
92625,77128.5207043138
92626,48524.909567182
92627,21545.45753592038
92628,25152.375683761027
92629,56605.75055035917
92630,25080.3676409657
92631,27593.644880170927
92632,35519.6720726943
92633,34503.714953753406
92634,26022.07874978171
92635,27696.816584443084
92636,18501.8500265433
92637,7249.657586861376
92638,21965.50951890912
92639,19521.772845907704
92640,25241.807708545435
92641,49839.05504999991
92642,18877.290484640747
92643,34283.399675761095
92644,30333.480524568124
92645,21159.18317599648
92646,27596.14146101586
92647,21399.83655057794
92648,22814.724211691624
92649,32866.58809765985
92650,27534.536133276037
92651,39000.690221994
92652,27454.229286599235
92653,18964.757665166944
92654,8928.042059030151
92655,20229.540944844328
92656,15499.964048428252
92657,16380.453538878439
92658,23787.20157994818
92659,18825.782382598503
92660,29064.437745035804
92661,36465.54828611444
92662,17513.249953255352
92663,13781.967488242117
92664,10286.97073892381
92665,16240.087535419956
92666,27812.09291603396
92667,25904.01676347385
92668,26067.66330084147
92669,13781.332520656682
92670,21135.68867235291
92671,18697.145926437628
92672,32198.23922272861
92673,20884.863253047795
92674,9961.640740380957
92675,5017.373298108022
92676,22185.21463508924
92677,16477.261061788966
92678,16014.756345557766
92679,11664.451812913821
92680,20510.897043287074
92681,13272.869710839428
92682,58427.652915578095
92683,25232.192440226267
92684,25928.002206589423
92685,18653.788090002126
92686,24850.688583089533
92687,33135.8134294632
92688,28434.742994086282
92689,29683.36200313379
92690,27340.57171223171
92691,25710.120092673063
92692,24564.38692563227
92693,26169.714964938834
92694,13119.33298841933
92695,14967.697749452494
92696,21246.608700530203
92697,25274.032088922766
92698,30247.631572552305
92699,21579.12458159892
92700,35493.73498912926
92701,24030.457726889606
92702,26831.52452785067
92703,18575.146660795242
92704,20432.928991752276
92705,25521.30376724344
92706,24658.618633440197
92707,24203.169832229072
92708,3681.208958068808
92709,20400.77659492922
92710,12702.06502811563
92711,18821.654484404426
92712,35878.69361563818
92713,50469.21264929891
92714,20895.695589054634
92715,25966.421060943583
92716,15510.895228996491
92717,40760.84925979737
92718,15661.06888212507
92719,24376.435539745915
92720,18994.6599101
92721,18758.322397142714
92722,42992.76836627796
92723,23426.76690268942
92724,38498.4666855938
92725,9307.16502051914
92726,19358.644935823657
92727,10573.587962868904
92728,25339.132829317197
92729,21816.03807818049
92730,45466.63366691878
92731,21228.087427731
92732,30287.612227048132
92733,21877.383993254647
92734,40553.93719011539
92735,16676.59692099319
92736,35248.868835030444
92737,15472.69380240882
92738,16856.70209068718
92739,40157.19593176313
92740,19189.65695864636
92741,10584.035687651252
92742,31511.69459829184
92743,16985.648195952683
92744,16088.611710949326
92745,31478.55618684609
92746,31514.714049891234
92747,26817.884251944197
92748,58282.539350066785
92749,44892.38720543835
92750,24766.06742295007
92751,17711.951961238305
92752,23893.45647274675
92753,41292.68153718927
92754,15306.729316724912
92755,19832.402162800914
92756,25565.22764628039
92757,27203.187023233448
92758,18212.23156945804
92759,15090.990342678391
92760,14979.445176386365
92761,19949.92440275772
92762,23214.16651791673
92763,16592.774902408124
92764,18284.7306771179
92765,21793.323850274137
92766,11768.302376348494
92767,24257.27516734141
92768,25146.54630709231
92769,12294.609751433381
92770,23620.3231418724
92771,18276.094990075962
92772,18124.76974260037
92773,126852.85537241177
92774,39749.479319215716
92775,23185.37223054463
92776,25654.394323229233
92777,38103.58203866994
92778,17637.231417576535
92779,24617.290393728574
92780,21349.788166505805
92781,25945.808457375726
92782,20617.10825531711
92783,27303.74473530293
92784,17092.85540383638
92785,10454.607960172978
92786,12460.60060646119
92787,22650.89082281781
92788,30593.627754951805
92789,56787.39315133622
92790,41296.97054522594
92791,29007.154712933232
92792,28861.538144713377
92793,18196.578141430735
92794,20160.93641658603
92795,27664.4115774386
92796,12547.988429693563
92797,42562.265278348204
92798,16037.44519317272
92799,23149.746260715463
92800,11459.339019743205
92801,21511.473656100567
92802,24568.48908911575
92803,14900.886993345355
92804,15645.95160265942
92805,18580.47973837772
92806,20130.48229051528
92807,24005.40525804966
92808,24632.919287602537
92809,18091.095272467606
92810,59245.18162497505
92811,23002.93900752219
92812,30202.099603319268
92813,31425.63975832674
92814,43528.37606935691
92815,26814.122892964533
92816,15042.378294588061
92817,15420.574823172032
92818,27238.314204127815
92819,42204.77639496344
92820,15877.791835374352
92821,14695.937107720296
92822,15132.857886274809
92823,25351.113634606103
92824,16877.637295720662
92825,26595.21289152301
92826,30552.102872873584
92827,27486.7634761323
92828,17310.07289186662
92829,19044.231796263633
92830,25248.960974564958
92831,14909.646106852952
92832,20063.119918394917
92833,16007.697050371122
92834,15862.61277634445
92835,29205.339816254775
92836,14864.455695686936
92837,16478.754728707714
92838,30963.029487990123
92839,16052.353216973535
92840,9818.812918368698
92841,28983.493692100572
92842,47994.01584509845
92843,14108.918290066764
92844,22151.798994156445
92845,64745.00468454048
92846,19326.19096266266
92847,22918.804045104058
92848,25876.78121734725
92849,25785.571026946065
92850,22406.450928717637
92851,31134.73704502762
92852,27708.559839382517
92853,20786.4403541258
92854,18820.344441765334
92855,19675.454679889226
92856,15571.026652704662
92857,20047.53353418014
92858,14157.025098048578
92859,10872.399565724374
92860,23509.81270554027
92861,28284.84644255398
92862,21157.903262090622
92863,18158.44139019038
92864,11932.097505139665
92865,18126.76782073261
92866,13583.650317376227
92867,42498.681826756445
92868,30938.01038963443
92869,28717.397608387197
92870,32993.05705594447
92871,22253.77377354311
92872,24023.10053991908
92873,21917.036087466022
92874,24186.017610112045
92875,24793.68962927627
92876,18071.198875245118
92877,14883.359038051609
92878,28540.2075061967
92879,23710.979346625412
92880,25331.608730481217
92881,20681.85828979678
92882,17516.533451634605
92883,21456.929952716593
92884,18710.92245036394
92885,15909.587629415573
92886,21873.61240246224
92887,19782.926539937445
92888,62251.5279953431
92889,18281.58178826833
92890,18970.24989691306
92891,11595.745938223467
92892,27965.938026638276
92893,17842.90381354681
92894,39268.52361336587
92895,17008.24575081187
92896,31744.528037452143
92897,13690.205028101416
92898,37308.33968382147
92899,27298.640993467423
92900,24840.62244650356
92901,19642.1353183696
92902,23399.086077316937
92903,6268.238944400324
92904,24888.83396809433
92905,36751.098493319354
92906,29844.40381563874
92907,19073.71968960564
92908,26446.379351739986
92909,25926.93238661036
92910,30646.892166392372
92911,20454.830625696508
92912,19055.247057408058
92913,35911.636810312615
92914,22110.076714716477
92915,17926.25840877393
92916,29219.55942810944
92917,25983.89027160348
92918,20212.665895273254
92919,22631.936327495983
92920,22273.18479932193
92921,9817.434628910252
92922,17844.609998424752
92923,19110.95481643062
92924,26781.844142359136
92925,18766.965519839294
92926,33553.12320001828
92927,19541.991308814428
92928,24545.24350772352
92929,21420.43486519522
92930,19359.285933153667
92931,51498.57232073784
92932,28491.531004157794
92933,22676.879746237304
92934,25684.541925852474
92935,20586.376834904724
92936,21346.553265882147
92937,14037.74868543518
92938,29964.9212508196
92939,15848.723212667615
92940,13719.395661748134
92941,28867.53838238335
92942,19219.47285898936
92943,29870.2735365067
92944,22430.48510557552
92945,22095.84504610375
92946,39088.13679711631
92947,2347.7898026435637
92948,28801.80216044815
92949,16758.530054603372
92950,72240.17235461423
92951,10312.069686106743
92952,25903.403972943543
92953,19525.475426462614
92954,18654.299798318556
92955,27837.12988919822
92956,19149.491233310786
92957,20900.904374398604
92958,91696.4305831973
92959,15398.682370088685
92960,32905.38715925972
92961,14914.621146736621
92962,22042.765210447487
92963,25411.940083628862
92964,25976.178171167412
92965,22624.22239301242
92966,31222.826456714116
92967,20130.48229051528
92968,15025.140970728437
92969,20665.966084894415
92970,24190.125748422637
92971,15729.068177144381
92972,22547.747060104437
92973,22491.95513312405
92974,19542.73705767787
92975,25447.158013953416
92976,21835.6872048188
92977,24903.138964862643
92978,25894.940486130174
92979,26500.327789177627
92980,29270.343071870222
92981,34529.89708583988
92982,42696.11242916827
92983,32091.540742865935
92984,24606.97611164012
92985,12210.505650566844
92986,25296.18955185815
92987,17480.176204381965
92988,24872.064628483717
92989,20833.382361189582
92990,17133.127403298065
92991,22692.62096054804
92992,13630.02225312501
92993,22567.94628757819
92994,19434.489854690317
92995,16574.995795926254
92996,21616.181943972817
92997,12223.677105465407
92998,12990.168021657108
92999,16932.120602433384
93000,23057.974061608653
93001,31026.990378054365
93002,29113.39598925296
93003,19770.321128459575
93004,14646.28494325478
93005,12400.94154869838
93006,30915.038937548543
93007,24600.61570384912
93008,14158.912232742741
93009,24153.535590796313
93010,25637.80257233821
93011,17070.702373463682
93012,16945.55967379084
93013,20639.55756187522
93014,16136.056005048837
93015,19106.45540572726
93016,19523.817793598355
93017,18014.555097807883
93018,16585.63664564176
93019,26243.017012236065
93020,11176.88909383003
93021,21205.131054517235
93022,22795.065310030805
93023,16289.311716169179
93024,26017.27922344508
93025,44500.778603027
93026,20030.963735739035
93027,15085.996996604397
93028,25549.82193138154
93029,19593.022640072424
93030,34910.0945803996
93031,26847.79990490186
93032,19352.53295245727
93033,19356.092526466113
93034,25465.87157814268
93035,23203.407534307567
93036,19256.093502634245
93037,22036.0088529661
93038,22671.486345150388
93039,27339.03097344625
93040,16029.208263384287
93041,24490.434671006362
93042,33904.4301169772
93043,25290.52819410366
93044,12642.545239799374
93045,21977.89710503683
93046,17674.86264536846
93047,15400.585091208857
93048,18631.07753379984
93049,24080.839840340912
93050,16289.048780308209
93051,18488.633457693937
93052,24881.87572152084
93053,33127.59847368948
93054,17860.920747818367
93055,19435.87302929736
93056,24461.100396621136
93057,26973.76247291284
93058,26511.266309207535
93059,39733.865375722045
93060,44862.5456013916
93061,20244.36884473739
93062,47623.25868439751
93063,15952.185284722085
93064,14831.978369911798
93065,40801.8195584202
93066,29617.149007627675
93067,10780.080222553319
93068,36811.31450357092
93069,22664.908715854825
93070,40625.30367402902
93071,15413.424499187242
93072,64439.49757590822
93073,21304.814884784017
93074,34697.57917430933
93075,25581.356591367585
93076,17639.108890543226
93077,20549.87699518216
93078,16002.07234916656
93079,70250.16832101547
93080,19813.42615531597
93081,34278.67553244516
93082,20984.102124924928
93083,17699.341208608286
93084,30402.049022390216
93085,16100.522662474244
93086,11378.946746494381
93087,18340.571924789398
93088,27649.38705329805
93089,33915.21642893995
93090,18232.091501505616
93091,20607.42853100999
93092,19967.20165529937
93093,16951.452995852487
93094,24030.064847023474
93095,19095.650094443983
93096,18732.8941824319
93097,12876.919455250869
93098,27795.331110093157
93099,30026.105332369294
93100,32898.13890222058
93101,24400.68566053263
93102,16809.20590384322
93103,22639.82406677708
93104,26017.959935862862
93105,23002.320865322756
93106,23682.990345446306
93107,18753.747144177025
93108,21365.373681496243
93109,32195.94299220109
93110,17884.455353808986
93111,17733.36426766472
93112,13487.348781116523
93113,26566.13427685029
93114,31119.196027991555
93115,42310.91550791494
93116,20997.31918257902
93117,23182.276297748376
93118,24503.57656715012
93119,15504.956101842972
93120,12507.713676504423
93121,16866.815092751305
93122,15498.205400323313
93123,62401.042936192316
93124,17653.21276407124
93125,27161.077576512747
93126,32075.700408391902
93127,20831.024121654886
93128,26565.81701742062
93129,19671.60756259974
93130,17833.953809354556
93131,17293.892544058974
93132,27165.597074507736
93133,14722.234385505131
93134,24394.057126495198
93135,28674.01834800447
93136,31357.476446388744
93137,16988.41131771668
93138,13109.219400116504
93139,43913.01537263066
93140,23873.66142977132
93141,31272.203452753878
93142,26822.327432315193
93143,57400.83090970319
93144,4820.084129331742
93145,14748.86972370194
93146,20437.887177986468
93147,25321.016709172298
93148,25770.54867361603
93149,31414.14588360094
93150,26015.93882019538
93151,47030.03801684075
93152,12430.612421757822
93153,21165.963254176193
93154,28317.818053269082
93155,18718.900991109116
93156,27278.421495651757
93157,26265.899671467683
93158,17591.516328687812
93159,60875.93209363625
93160,20182.894576312945
93161,25866.192341186834
93162,25411.825845337025
93163,33479.60388357542
93164,16448.413819668305
93165,15209.174479451698
93166,16954.241974530436
93167,25785.571026946065
93168,19140.032839640066
93169,12007.043585642352
93170,18099.429476084602
93171,31792.08387300133
93172,26003.668987709105
93173,34910.01489012307
93174,29731.240876621345
93175,17205.271759217037
93176,31272.203452753878
93177,34582.99681951945
93178,20639.615740345394
93179,26631.17806759505
93180,29290.265441154334
93181,19934.749051474264
93182,27876.839988057945
93183,17781.55770610196
93184,10785.123897384075
93185,19969.2035969477
93186,15162.58982333345
93187,26921.521477043236
93188,23463.311689555416
93189,20009.03588100837
93190,34471.3778739176
93191,15880.899609696115
93192,28330.40095994192
93193,26011.92350513541
93194,21511.51967979828
93195,33188.11846622597
93196,58260.11772056402
93197,17894.265323022726
93198,34647.84478762888
93199,23106.340370286878
93200,22429.250950146223
93201,33097.192278167466
93202,25907.215290666525
93203,33652.20656798111
93204,33781.58816669143
93205,11881.36120364858
93206,29853.967414199436
93207,26708.877651520823
93208,24366.50544976347
93209,24566.279887731558
93210,31233.91369806317
93211,23970.092338961407
93212,15364.507140618343
93213,13694.512648681708
93214,18623.514801555953
93215,19058.128007544965
93216,12669.89551132501
93217,19380.591112969832
93218,15772.678427232686
93219,16669.496351982692
93220,24544.121702760414
93221,13851.42783819073
93222,18960.99438025678
93223,17043.709382320812
93224,25312.544531898613
93225,22892.215772728436
93226,19634.203192329154
93227,46064.64366202818
93228,25231.271715942738
93229,22100.92913343107
93230,21447.943131246026
93231,30072.94564060796
93232,24522.875352907104
93233,31276.359837900312
93234,14475.42367661626
93235,26526.577838748923
93236,22385.29552275317
93237,31244.112491111708
93238,31744.528037452143
93239,13866.624737668582
93240,25430.462964185328
93241,15128.801227049034
93242,28819.843604069447
93243,24676.223133124953
93244,38425.67497783475
93245,20584.372069738136
93246,53144.91585142577
93247,17151.136062686295
93248,21235.59980294098
93249,30242.075490445997
93250,39773.9045316873
93251,13903.026146431981
93252,18591.902764515326
93253,31581.39769797829
93254,31511.69459829184
93255,26498.130088875736
93256,25076.550458180714
93257,19887.869774349067
93258,30058.073960771464
93259,110975.34414339984
93260,45838.11671456507
93261,14367.121746360017
93262,21674.475984356348
93263,31264.716809360867
93264,40094.18566862696
93265,19425.988529120947
93266,29516.917366951824
93267,17979.197764074008
93268,46801.53526034375
93269,46918.799067642285
93270,30950.271538187655
93271,19170.47396553899
93272,15740.95787750325
93273,20159.283676783823
93274,9826.965053090624
93275,31179.339934264965
93276,19223.039652009746
93277,18900.902849404767
93278,58493.27010647053
93279,32788.50157369505
93280,14979.259213922014
93281,19245.520104921638
93282,12617.858131658673
93283,22184.83769994197
93284,19713.410360940135
93285,22908.78195254862
93286,24778.16015541508
93287,29085.613465098508
93288,17821.048744097247
93289,19230.154169312344
93290,15287.62078210069
93291,29707.107895754678
93292,20884.863253047795
93293,36938.39919484723
93294,19254.523749587315
93295,20949.05113723676
93296,18212.30890890354
93297,49734.203086829264
93298,25876.78121734725
93299,20107.54651072154
93300,16476.34628423817
93301,17283.952054591646
93302,28151.835058286895
93303,17816.725059575383
93304,25960.783556927083
93305,20444.50903236079
93306,16240.087535419956
93307,20160.93641658603
93308,32705.55732121215
93309,30385.95041740221
93310,20779.629742162113
93311,15519.841762560269
93312,19048.923309049747
93313,11604.710805297753
93314,20017.23655766832
93315,26506.923340517482
93316,23517.192013623535
93317,25738.69478285708
93318,10867.34125520204
93319,25955.100159597143
93320,23103.864711188427
93321,55744.17125861906
93322,25440.843064820478
93323,27341.156882900894
93324,32612.212342210812
93325,21374.391815085663
93326,15269.392059187607
93327,32034.96105184366
93328,23015.95327587787
93329,16099.946282031242
93330,18028.511151708015
93331,21675.289579338918
93332,23658.723643207177
93333,12524.446834238875
93334,30100.069289725798
93335,16158.86601032728
93336,20924.52486312223
93337,20779.629742162113
93338,35300.62724039659
93339,22805.67667461801
93340,27777.842121218688
93341,15892.369562872838
93342,18509.747129220395
93343,28626.480760265433
93344,12931.284290983253
93345,9463.967828698234
93346,16144.553090990239
93347,20405.425672240715
93348,13761.348687744246
93349,32556.923304323413
93350,16232.002020133184
93351,18729.036573403457
93352,25339.534152358832
93353,21046.86196457975
93354,14127.661930344568
93355,24463.07245813858
93356,23994.15880153018
93357,10210.11015191199
93358,25769.216639701597
93359,16181.698246847032
93360,21813.895914834877
93361,15500.13751189287
93362,14958.610524926693
93363,26567.88446890912
93364,38227.04050048689
93365,27203.977644264283
93366,37160.3446440121
93367,27799.646250234884
93368,23445.343483424876
93369,25876.78121734725
93370,23163.54146750302
93371,16953.682197145685
93372,42130.54191372099
93373,40987.195186790836
93374,20818.41626567042
93375,20616.389836812337
93376,11954.95360106078
93377,25818.474733972682
93378,14020.006042979741
93379,19144.42605175247
93380,24263.299996410067
93381,34068.569720526575
93382,50524.32225799757
93383,21945.579852418192
93384,24298.915794465647
93385,30208.059775546044
93386,22664.59610923652
93387,24401.547303754684
93388,15593.782881921175
93389,15534.388648598371
93390,17299.08560965848
93391,25141.121953768063
93392,32549.884117447316
93393,17792.18826462634
93394,16096.870495609037
93395,18304.01973566036
93396,21909.67090719624
93397,31233.67957257107
93398,20503.12428349778
93399,16494.236642069875
93400,23207.506239709
93401,20818.711696697756
93402,13692.927627099178
93403,31994.220565316988
93404,32091.540742865935
93405,14714.662580190674
93406,21131.2909928628
93407,20006.7005001208
93408,47950.0611615613
93409,32682.80121279901
93410,14060.549184947999
93411,29855.090876990933
93412,17072.32970168818
93413,15237.368320298616
93414,12165.826188599056
93415,15116.434157408334
93416,17674.35327190952
93417,15068.971628634561
93418,21191.72365542654
93419,28910.285355743916
93420,27004.13425876503
93421,11367.073158293037
93422,19333.382033174723
93423,23058.89056565434
93424,6885.361396707849
93425,24703.162569296983
93426,30312.61998355953
93427,19038.73135344257
93428,29213.760513895788
93429,26542.544955530277
93430,20650.385558993137
93431,24569.584395618025
93432,28251.458016619756
93433,15479.411563705096
93434,44161.09722590161
93435,13788.164526075972
93436,27489.814118777445
93437,40437.00570533305
93438,31863.60203276988
93439,13014.168524760627
93440,31064.477930710906
93441,20707.60365147709
93442,9780.541589130657
93443,27712.532175833767
93444,13550.357590084466
93445,29995.60806219793
93446,13880.727701018901
93447,28730.471166343938
93448,28086.47081218351
93449,22153.63795042299
93450,15983.422874238291
93451,21383.20904639544
93452,8741.77447300743
93453,30236.194143007997
93454,17243.1937416007
93455,82021.65351908913
93456,23906.672153401938
93457,11938.995683539035
93458,38262.03349483984
93459,30136.296320260015
93460,36991.839805390766
93461,22473.310041835168
93462,28681.697917034176
93463,18545.969157890704
93464,19326.52325789947
93465,17130.640501361682
93466,16713.498088375847
93467,31117.809962443425
93468,34377.14549364142
93469,12975.756830081007
93470,21286.13441313422
93471,38130.07064944632
93472,18033.39365494576
93473,15081.111833415824
93474,13649.61214711823
93475,15249.177391935908
93476,33789.259180650035
93477,19828.92911152674
93478,13655.08242649963
93479,16874.72058899667
93480,20010.905459593636
93481,20843.379863931175
93482,52330.12958110374
93483,32591.02508651413
93484,31062.6675041922
93485,18765.670369280422
93486,18196.01267836194
93487,17678.502459653027
93488,30704.718441019268
93489,16327.496486519
93490,15755.80254938257
93491,17167.26706271109
93492,6601.402416586306
93493,21953.249914175933
93494,27532.398742087662
93495,18195.739583253548
93496,26749.230734041503
93497,23616.35739407278
93498,25548.461308303475
93499,20949.079374019282
93500,16228.15499645879
93501,26514.33629113474
93502,17184.670969130915
93503,20594.812240529605
93504,16301.535420805712
93505,14843.067184042387
93506,25032.554903272743
93507,32777.9556306055
93508,25792.661450984888
93509,21968.444987714673
93510,21823.616638929816
93511,22587.832585310858
93512,15193.217581385272
93513,70287.34115427236
93514,32532.258161944083
93515,24892.49601202424
93516,20539.10528434744
93517,25506.18704113718
93518,15252.648340051712
93519,39062.11036193718
93520,21165.963254176193
93521,31810.547291026556
93522,32080.651795447804
93523,16324.019289061802
93524,30919.001478792256
93525,22711.971789394927
93526,23700.708515661456
93527,13933.24074794316
93528,30200.980693187874
93529,31328.72252168984
93530,41487.70072474583
93531,19985.175106028382
93532,19978.009388944756
93533,21156.21564435063
93534,47024.516519360404
93535,24205.648615993745
93536,19196.00407927798
93537,52917.079045870836
93538,29799.855012468095
93539,16893.29622853025
93540,20541.03509789987
93541,25544.48290213702
93542,19441.353013696214
93543,15392.763289882305
93544,17171.547687815884
93545,24032.340753237633
93546,27942.349176675623
93547,20527.393418539705
93548,31230.0758841469
93549,16371.961434030083
93550,29607.238353826568
93551,74335.08919740286
93552,45591.27003568707
93553,18804.96192816454
93554,15431.976458235154
93555,22549.456414315147
93556,13647.269010344458
93557,24841.531121262167
93558,33009.13749308111
93559,23217.354244712318
93560,19078.59940003961
93561,40973.83869760977
93562,31858.87924816055
93563,31886.34269314955
93564,18344.270747658888
93565,30193.888679439053
93566,27742.87072773344
93567,17246.231239717734
93568,37813.96834848447
93569,17000.093731702036
93570,14945.863158029348
93571,23092.16765772541
93572,10521.118156362505
93573,26208.40917920451
93574,37755.53955253153
93575,19546.636961818836
93576,13897.943026255423
93577,26029.842048358383
93578,20805.496804459926
93579,10518.497629738493
93580,25790.487865151055
93581,24557.47956911772
93582,38242.77792691179
93583,33177.26611731039
93584,19391.890263106714
93585,38537.03613888142
93586,22717.646041310825
93587,28750.910270421486
93588,13747.70892604336
93589,30073.344011149526
93590,15653.117424543403
93591,28934.78617893585
93592,26615.614386526922
93593,6935.996757786394
93594,26392.891758331094
93595,24872.405111712487
93596,19016.47779748623
93597,16150.279202001131
93598,21925.890671634377
93599,17329.15578909172
93600,26042.117211552824
93601,30792.782150940413
93602,25894.67606994386
93603,22813.14202190263
93604,19261.158896687357
93605,32567.00153291396
93606,22618.465469531006
93607,19190.37094701677
93608,16016.940406465696
93609,26908.298877513218
93610,27751.56703295481
93611,31167.950200579708
93612,19775.03647484261
93613,14061.431236423377
93614,23912.92434103316
93615,41314.858664575935
93616,25354.863802127064
93617,25873.506973182662
93618,22897.471140997102
93619,17159.635938812862
93620,20672.31401704726
93621,13993.369145387902
93622,15269.552496783432
93623,26945.07442087902
93624,26013.263701514355
93625,39663.568720291
93626,37418.46680509818
93627,9992.260080685744
93628,20360.848135372056
93629,18662.77173991346
93630,21412.928095435927
93631,16106.53827247616
93632,13846.48619043158
93633,14839.938958798066
93634,33536.219739864326
93635,47113.570058843005
93636,64974.605105961346
93637,19812.254309723266
93638,24004.676322639363
93639,13333.062076600369
93640,31675.51675701799
93641,21199.525138971967
93642,25807.497047112818
93643,29992.522959506274
93644,9971.265831760833
93645,18807.754787621787
93646,26891.28731934462
93647,27161.077576512747
93648,18009.56633439027
93649,21091.44800774047
93650,20631.65569271723
93651,31447.08055834347
93652,23746.660630082755
93653,16314.341223417783
93654,18970.24989691306
93655,29341.56554844209
93656,110855.19907226444
93657,17360.242813633366
93658,32675.167388428283
93659,21108.89781626413
93660,45475.72192267662
93661,27312.133257328802
93662,27102.434417957353
93663,15695.316252298977
93664,25991.56145502243
93665,28658.62773298484
93666,25950.07457964108
93667,18399.240997370078
93668,20431.997092439917
93669,30860.025371006202
93670,23466.091122373015
93671,16815.634831197203
93672,19710.76711720978
93673,20402.40093319052
93674,25960.203999255922
93675,31951.226964835878
93676,14361.089107173626
93677,22226.44218450796
93678,36997.70269113671
93679,15873.459023397349
93680,32101.339590970812
93681,15082.803752249441
93682,29339.91755922192
93683,31797.798909327008
93684,18547.0888414476
93685,11831.12969422889
93686,18865.838166914724
93687,20466.9980241114
93688,37003.37622646358
93689,14095.357863823869
93690,18073.97993597986
93691,22643.862575400337
93692,29010.625197095294
93693,16162.191915601474
93694,34260.957733412164
93695,12308.217120168421
93696,24673.17367531933
93697,17053.676692352354
93698,47421.63117146171
93699,20731.469311940316
93700,31167.384459421257
93701,39345.805872573736
93702,27161.077576512747
93703,18974.16519376303
93704,17370.584419935978
93705,25171.460652022226
93706,17688.702908378204
93707,37362.14914884
93708,13554.318861583593
93709,13278.303135720413
93710,65523.8455515086
93711,20118.585902408173
93712,24674.700585578954
93713,27351.4233020561
93714,24916.587874690034
93715,27622.031030863716
93716,60494.175918125286
93717,18859.437809927844
93718,15285.036720860056
93719,37706.53803792598
93720,21995.89648920286
93721,53041.741773527385
93722,34763.80944435059
93723,45422.373013373566
93724,31825.66851608062
93725,18701.866469132205
93726,14273.166389330536
93727,15456.262489765066
93728,20307.512765054045
93729,21419.339452383858
93730,19133.963193462816
93731,21226.91944823885
93732,24602.936705371074
93733,22012.723963460125
93734,13269.23610688639
93735,11913.647156315239
93736,20451.65719669212
93737,22850.60512391984
93738,27812.74154556157
93739,6457.483008061791
93740,42768.94875347369
93741,12949.32646011556
93742,18395.834572627897
93743,16291.816991856665
93744,20341.616099635477
93745,20073.02730647364
93746,15852.523077811094
93747,18088.513150047274
93748,28953.403988043745
93749,15668.893062074298
93750,27808.83170134893
93751,29208.05689243727
93752,14143.919754767776
93753,26795.61344576955
93754,30710.56051611177
93755,28800.0233941966
93756,28928.070308792627
93757,17781.55770610196
93758,18560.186076998492
93759,23472.003388843164
93760,19098.008278098587
93761,22468.222446200372
93762,26728.41048491921
93763,31617.638141356732
93764,20795.445687860454
93765,18322.836289233157
93766,22532.793445002288
93767,14929.265421427774
93768,28093.030483925195
93769,21430.759557824735
93770,12970.425369195435
93771,17394.065991050094
93772,25202.3141269827
93773,29870.112800245275
93774,25301.366295482447
93775,18981.72471325131
93776,26728.128977436318
93777,15609.127810395043
93778,35261.50719314865
93779,24792.55401081592
93780,22989.197424074086
93781,25514.09474033029
93782,40308.48762572295
93783,27291.185097749025
93784,18531.13198214723
93785,11954.448316327598
93786,29559.844695362386
93787,15744.039101346036
93788,31474.9327134457
93789,17193.536407138472
93790,30753.74234676873
93791,24386.697505157732
93792,14981.060510684381
93793,27529.964453402896
93794,13583.357157325805
93795,18910.459288220405
93796,20355.110280986006
93797,18758.778602341932
93798,25780.20290065739
93799,18036.36325558009
93800,19086.745135443656
93801,24047.749760732993
93802,22772.32267047572
93803,10632.210669696635
93804,20786.75300942768
93805,17368.92618464733
93806,22331.473339844324
93807,30728.273997044882
93808,27500.012706185844
93809,29799.855012468095
93810,25197.290102570525
93811,10975.88085075785
93812,34465.39844998492
93813,28930.942332737133
93814,24823.474434835556
93815,8008.7895748308465
93816,24489.905220053246
93817,3063.121835150788
93818,28414.98781969224
93819,14261.481640652908
93820,23247.229939436824
93821,34447.753703267445
93822,17139.322959050776
93823,35895.47720001018
93824,29994.823410235163
93825,19312.763385784103
93826,25187.03271318814
93827,19920.32028689258
93828,31207.959164171865
93829,60224.60177333242
93830,24783.722568373192
93831,27004.13425876503
93832,27052.73406928253
93833,21012.00559086385
93834,15519.292308557486
93835,16166.270063343703
93836,39499.89624728475
93837,26728.83598049199
93838,17750.875026022943
93839,22491.95513312405
93840,37465.383127753455
93841,39640.98901926431
93842,39547.52743963822
93843,17712.54457674776
93844,57182.42773333352
93845,17228.03890405574
93846,8824.30877359369
93847,24733.98123399697
93848,23231.954089911636
93849,27357.99269475146
93850,28562.12059745278
93851,16125.731121945824
93852,25904.01401178118
93853,15000.803552011583
93854,19704.799252909343
93855,22098.27043643631
93856,13982.366806905537
93857,34670.076607436094
93858,17697.195499478632
93859,20631.65569271723
93860,18600.481029952647
93861,16098.541783050186
93862,19086.54258675244
93863,21186.53437039798
93864,9043.831880254029
93865,15457.195433399256
93866,12699.923542914048
93867,42599.088293640845
93868,21327.263398363193
93869,18263.003058398328
93870,40334.07139403326
93871,23911.58197674501
93872,11875.26073012803
93873,20413.312485243292
93874,15731.20274684473
93875,18118.155978874547
93876,31017.78030667057
93877,15628.660782133105
93878,26092.711205417236
93879,9558.692325743066
93880,3157.9812380028775
93881,40456.84393260139
93882,26826.59122855998
93883,15969.755920025606
93884,15150.909469554615
93885,25780.20290065739
93886,28930.542755310766
93887,26497.39770703795
93888,30310.72946856265
93889,21246.722214813046
93890,13855.803915830857
93891,8140.699072303276
93892,15963.897017818366
93893,12577.823695388986
93894,22554.676065194977
93895,35043.621842153785
93896,23994.15880153018
93897,10971.302390554096
93898,16775.274223762364
93899,13514.750349196647
93900,29136.190558521925
93901,39573.06989030416
93902,18107.546016247623
93903,38454.35957484334
93904,11831.12969422889
93905,26863.21690988162
93906,20929.35297689918
93907,10437.171239659414
93908,25818.792323286045
93909,32720.879399113826
93910,19828.19134952116
93911,20158.403547829654
93912,8506.839854779719
93913,19244.535665519576
93914,25529.86360077068
93915,22598.381724124578
93916,15340.221747169691
93917,29258.44177157278
93918,32345.788596685714
93919,25152.651441011578
93920,26361.337428297906
93921,21410.804208056066
93922,15482.081781800423
93923,27373.682050484997
93924,18721.194428073926
93925,17732.79154159848
93926,29726.445193057712
93927,49585.67122762338
93928,24733.449021459524
93929,27309.6576573369
93930,40250.58111646845
93931,17191.86834013277
93932,17646.780760610272
93933,25285.65088259009
93934,14855.790150707016
93935,21635.070548093772
93936,15615.79709290493
93937,24259.648897263898
93938,28258.702228689006
93939,20049.58252604813
93940,29841.694963989088
93941,24118.76805059921
93942,26213.64659036382
93943,21507.598666090253
93944,16775.274223762364
93945,27114.40335713287
93946,20946.834761530212
93947,27033.33674616646
93948,33917.39011774588
93949,31464.541666398913
93950,27882.085160371527
93951,23597.031000595092
93952,15573.855642495002
93953,101248.48295277562
93954,20800.96076840835
93955,20069.173574154393
93956,17058.960389966825
93957,36212.71844316711
93958,18504.760883918552
93959,25474.17950799215
93960,30626.379982004644
93961,47727.38133450709
93962,28853.292235356552
93963,56443.911938391466
93964,21512.06262892147
93965,18068.95472321461
93966,12633.460530889051
93967,28790.858346738445
93968,23201.768117435866
93969,43467.54630334559
93970,7262.878585122737
93971,18042.316002132273
93972,13439.18572047471
93973,30222.358278281354
93974,24043.182400514026
93975,14756.173648890357
93976,20172.097314637253
93977,18736.133050606124
93978,37983.088256767725
93979,12804.735542028224
93980,13772.693668178452
93981,14066.391677875177
93982,14341.820765983755
93983,30127.171525433485
93984,22680.376412247886
93985,24725.548140904175
93986,20708.880900615673
93987,18247.16940201079
93988,15984.018980664378
93989,61950.10141417698
93990,27769.813260800227
93991,39136.828355198115
93992,15406.071375318556
93993,33122.58232075413
93994,29937.555670499878
93995,22589.87576588864
93996,22331.13634425283
93997,19649.639567287264
93998,19463.21439679452
93999,19456.78200117521
94000,30743.604773744464
94001,13798.806918632423
94002,31654.251529152323
94003,22117.65960684702
94004,26077.47390779816
94005,26586.744865123364
94006,20233.312810649306
94007,28750.877341587417
94008,19108.159261864108
94009,31254.807490541116
94010,27309.6576573369
94011,22545.123048100206
94012,28124.455498243504
94013,16501.330570764876
94014,27978.369912677896
94015,25738.69478285708
94016,38599.98659954609
94017,14347.872809983888
94018,19122.947606458732
94019,51095.51696417974
94020,22846.341930482937
94021,22206.880218266444
94022,12863.87665070649
94023,15586.964384091554
94024,60300.4518624431
94025,11318.520044069845
94026,91878.2410181619
94027,21797.234077490906
94028,17767.061177889373
94029,29776.68458673489
94030,33024.78294279572
94031,24812.06800352541
94032,13698.901394773859
94033,38834.68390940034
94034,25358.842573346163
94035,22069.29478898362
94036,22637.617461088477
94037,33521.22049431954
94038,29212.079561316743
94039,17305.965610641022
94040,29842.412979679644
94041,30683.567725191195
94042,37287.64064537032
94043,15437.24722410357
94044,16190.944310821831
94045,33554.27117973143
94046,16153.41298307875
94047,21290.58515450912
94048,20259.700257039247
94049,19003.85183294309
94050,46697.56770820126
94051,12401.810833082207
94052,14278.563240667112
94053,24925.9225241381
94054,25358.73749411844
94055,29023.446678347023
94056,19233.927276894214
94057,18457.797546111295
94058,54619.2285614924
94059,30025.14831538611
94060,30856.49163047919
94061,26394.168681144598
94062,31230.177054666903
94063,15407.984839854067
94064,24439.984447410425
94065,19298.830219006984
94066,11588.457983252982
94067,25458.169953866767
94068,20235.477677744544
94069,16689.755681831535
94070,26052.618706795005
94071,24290.214779531827
94072,15973.746250145445
94073,20516.65196151998
94074,24942.063188600972
94075,43244.44035870517
94076,18737.81757694998
94077,24913.54771496056
94078,19654.70361155186
94079,14897.869335682344
94080,13880.176184391792
94081,4032.7250519395125
94082,35064.20018213408
94083,28728.567090153396
94084,18569.728824300764
94085,17962.431081846942
94086,30031.216236974495
94087,12939.229688058402
94088,21293.512279149847
94089,26007.683028614396
94090,17743.064165395797
94091,19361.88021123017
94092,28426.932821399547
94093,25040.371445703953
94094,16079.564607263406
94095,18556.968059848736
94096,23236.890025106757
94097,20830.646657820653
94098,13325.60393022079
94099,47277.410302230484
94100,16740.631609143842
94101,22161.13026426678
94102,27413.47979834304
94103,18508.920263559863
94104,34030.40112906602
94105,21356.039566764633
94106,29198.81859340904
94107,45420.20261963604
94108,19926.47501350968
94109,29752.71799233548
94110,49008.89314288984
94111,16502.263452198098
94112,19596.064841158062
94113,17697.580353999503
94114,4601.24191314844
94115,26765.810166208666
94116,26199.49288051022
94117,21253.66795146539
94118,21165.963254176193
94119,20239.316374638056
94120,10540.54961568361
94121,13741.013071175656
94122,23792.196062518862
94123,31234.55875960896
94124,10015.214386705758
94125,25396.73661241963
94126,22643.839995796938
94127,15156.071025066503
94128,20271.88501118119
94129,18090.32443963485
94130,26455.383787963307
94131,29007.154712933232
94132,23663.97745148072
94133,20030.32326688288
94134,11473.327693325731
94135,28301.63527794764
94136,26112.01953984962
94137,19108.766326835754
94138,21596.06029441862
94139,39951.34490489196
94140,20170.173685887938
94141,25290.817321630515
94142,18571.809746443396
94143,21116.124789487418
94144,18423.41601097357
94145,22066.56969464654
94146,16006.175706450407
94147,20651.922251109965
94148,26578.395816304695
94149,19144.035874151665
94150,29258.44177157278
94151,11303.589880733261
94152,6012.865784964046
94153,16961.70856711167
94154,16174.848487577743
94155,31107.971783493842
94156,22363.566483234343
94157,25398.750020200172
94158,14970.871550580583
94159,25614.698390497015
94160,22742.75618159327
94161,23560.224138346854
94162,24949.525257397785
94163,10998.830063056392
94164,40906.44915770516
94165,79203.25815857401
94166,34527.80691847154
94167,23094.903831072806
94168,35630.6257342469
94169,20956.99556636379
94170,34656.50820452374
94171,17156.402107959515
94172,36296.45258965763
94173,30163.652753664366
94174,14478.7670302018
94175,17486.74543146191
94176,14630.778085816451
94177,16247.48977551425
94178,16497.319106070227
94179,19838.212284714173
94180,31815.49437513513
94181,24667.128085461005
94182,19588.30214227211
94183,22705.311144543604
94184,45310.55472972909
94185,17619.077618116688
94186,33109.476112814584
94187,25769.208755498214
94188,21350.887592589715
94189,24122.147835137286
94190,17341.788176664668
94191,28890.001388956844
94192,38004.23512230935
94193,29118.87715938935
94194,39850.18489105794
94195,19365.63666302951
94196,20984.173124866367
94197,27840.291993707386
94198,43847.36016638715
94199,32655.631068357674
94200,25207.87919879869
94201,21036.902421360068
94202,14452.327624377778
94203,12474.806393039406
94204,11538.779132911242
94205,22983.904275992434
94206,22098.13919925547
94207,24547.01565104804
94208,20889.91060770762
94209,30305.503900733627
94210,47380.77779204061
94211,9695.231557916986
94212,15534.79799711822
94213,10399.176631077604
94214,24626.10365085768
94215,37235.30313791468
94216,10257.348598904397
94217,13450.955509024005
94218,36236.236667261255
94219,37740.13396002216
94220,37277.60476681198
94221,32594.435256481884
94222,20343.207362461948
94223,16286.77654778571
94224,27727.879768398645
94225,8688.176610113422
94226,24462.941915304287
94227,22777.827875877323
94228,21009.469484268804
94229,27555.962508926514
94230,31270.321291116503
94231,20278.473957948863
94232,27866.650606627354
94233,47782.481622394866
94234,47596.15596346907
94235,35786.32523997736
94236,28176.27253142735
94237,22490.216302872283
94238,20262.191216261333
94239,26148.523507453905
94240,14911.940953474379
94241,26058.58401179937
94242,24504.736937616137
94243,30546.16825878683
94244,19924.826463143043
94245,23313.521191925338
94246,15653.682866975805
94247,21388.81169838219
94248,48448.11513489739
94249,17228.06702855877
94250,18701.866469132205
94251,18557.236639885105
94252,22983.703825007164
94253,24879.558233673844
94254,25331.608730481217
94255,11860.154528284414
94256,26745.532215976793
94257,16858.48887983615
94258,35284.73805711529
94259,22112.077808182985
94260,24250.292895030707
94261,31212.175102931957
94262,21885.247302189724
94263,15816.465603219016
94264,18657.330166956617
94265,25258.342063708347
94266,26762.38732974939
94267,32209.95167085993
94268,30074.939155013955
94269,14037.940540151201
94270,40120.827964667915
94271,13328.383399524328
94272,62394.706285617336
94273,42891.492884576845
94274,24660.525266901055
94275,45069.71954371649
94276,18896.454783806163
94277,13097.788393986499
94278,18692.300841017346
94279,18839.689541716674
94280,12263.767594708008
94281,29629.010020205267
94282,33171.413475437155
94283,12064.616286954983
94284,14736.548325431591
94285,21344.26613012243
94286,10120.16354393879
94287,20805.539588810738
94288,20549.051076408483
94289,24883.442302311254
94290,21340.937368635543
94291,28910.285355743916
94292,26628.57888796662
94293,4685.153667605926
94294,29337.56608612542
94295,31834.196781759067
94296,19205.353135180332
94297,14671.868943555357
94298,18492.79988369513
94299,24791.93475166345
94300,17618.05593707008
94301,25870.308859983696
94302,23095.762465685726
94303,13983.666365979883
94304,16283.244279026847
94305,46042.782579398954
94306,15398.974371239532
94307,19514.90614714751
94308,25075.84935577532
94309,19258.956187647935
94310,19196.095713573388
94311,21060.372099430046
94312,15771.984958095718
94313,29470.946685240404
94314,20307.512765054045
94315,37651.07523558497
94316,37296.475502369394
94317,13634.656738723845
94318,18176.16503787546
94319,35621.27172932213
94320,18831.347161797774
94321,19548.47992018505
94322,24676.366313911847
94323,46963.332158129575
94324,28271.049576040416
94325,62026.3489860752
94326,7921.751039316956
94327,15437.178064814241
94328,17455.509817230286
94329,22019.43564269542
94330,22503.362522525724
94331,14921.942343950268
94332,28616.89080698124
94333,14699.334478112785
94334,12702.874023822258
94335,15596.542400420974
94336,12954.480386133198
94337,17584.967158261377
94338,23617.27390917439
94339,25844.17910369308
94340,18228.856001595508
94341,37051.11354754187
94342,15886.66829118979
94343,22707.698829107947
94344,15960.376592172297
94345,12730.321174282564
94346,12200.595603328866
94347,41448.30120658165
94348,23226.19523437373
94349,16677.840854924096
94350,19150.233154335707
94351,30312.61998355953
94352,20631.65569271723
94353,25262.797935108472
94354,30730.630042015026
94355,24156.054612173473
94356,1851.3425219328394
94357,21564.304842729412
94358,15985.020375358748
94359,11636.472030785606
94360,20388.40141418838
94361,36861.31951330767
94362,17586.851840330903
94363,7793.686546526496
94364,16798.338954829913
94365,19285.160813365197
94366,22902.13383214548
94367,24784.24061920714
94368,31322.030211605226
94369,14430.053872658995
94370,18120.162618199312
94371,28752.82050264474
94372,22510.531182391824
94373,18743.149029308148
94374,23770.42994374746
94375,19282.84820464923
94376,11011.946203336749
94377,26689.01393116441
94378,21503.79285616618
94379,25142.856231675833
94380,31234.29068813081
94381,45230.751541275786
94382,20063.119918394917
94383,31675.998599921368
94384,41940.609296014496
94385,19075.709968508516
94386,34481.86517532966
94387,15450.847483245756
94388,39920.41240620195
94389,14772.847451126276
94390,30944.617095328435
94391,33428.466933154494
94392,24020.244062080237
94393,41415.76135274279
94394,17068.129693811738
94395,20607.42853100999
94396,27805.16089480488
94397,21027.173299919887
94398,16293.44860161106
94399,13817.769731517817
94400,17125.56096913074
94401,28925.482070542475
94402,21347.23252020665
94403,19113.809057895112
94404,17345.19546662708
94405,33298.59177084518
94406,62067.9083093831
94407,18983.67213967422
94408,21624.52709676523
94409,19407.445073890678
94410,19622.051155339108
94411,20347.809346341106
94412,30519.005498755043
94413,18282.476518382096
94414,28662.581775950886
94415,14179.951970173193
94416,36104.00375468806
94417,55391.64482863538
94418,20130.48229051528
94419,23211.12018460276
94420,10092.13177937023
94421,21992.66522468479
94422,20607.755181224078
94423,28324.85878388039
94424,20363.10971420658
94425,24290.214779531827
94426,15156.17472008914
94427,21887.687394601606
94428,9379.617671242117
94429,22291.627994432063
94430,15910.566746541264
94431,42527.45609104722
94432,20130.48229051528
94433,24884.600474151368
94434,29722.36016160507
94435,20313.799865926812
94436,18336.29823140836
94437,15517.580427712093
94438,38273.209351775535
94439,27087.11283143665
94440,22589.93898991062
94441,15917.328112632196
94442,14293.24269112743
94443,20686.876587455314
94444,25338.68375870813
94445,30673.999355100816
94446,18311.315873007323
94447,18789.795854918615
94448,25892.92693988521
94449,33703.94286955596
94450,22404.582220279364
94451,19302.056434071364
94452,16604.769766148245
94453,20686.876587455314
94454,34983.586904807795
94455,25699.45778693872
94456,20194.533856044534
94457,13671.025614807184
94458,48267.109778002334
94459,15484.077303535278
94460,18410.719392286148
94461,22168.043013686744
94462,21582.151936643666
94463,17478.107594130168
94464,18840.297825908296
94465,16488.36685626485
94466,27488.81565208235
94467,8848.79496811132
94468,32460.945071235605
94469,28486.795803736728
94470,34716.85471528001
94471,19095.99828891666
94472,20406.3738854752
94473,21665.595291173955
94474,21261.98631183124
94475,18107.205996697558
94476,22171.616779038322
94477,37451.33499366539
94478,25093.084574610923
94479,25744.543294018527
94480,28494.255596027157
94481,13368.581079480156
94482,18682.535088485012
94483,19638.250351583993
94484,14133.968789902216
94485,42782.00568481508
94486,25956.700647549387
94487,22951.98368243234
94488,26218.843225718552
94489,31576.02279944406
94490,32022.00598515351
94491,15147.315121294207
94492,15058.42378558457
94493,37275.94827109053
94494,19664.8858588018
94495,19093.95257403641
94496,22720.8410051587
94497,33216.671937892046
94498,10877.813683776167
94499,29529.26780602965
94500,20378.588295812344
94501,26345.018414537444
94502,40454.763108068335
94503,48182.4123855458
94504,4082.61717310484
94505,30260.420863306423
94506,14324.33951139797
94507,15472.620839663854
94508,15660.065494759041
94509,19779.538321985292
94510,39463.75967847729
94511,29936.092807122768
94512,20325.603168667632
94513,27525.40135412619
94514,41148.82154374693
94515,16692.451256590735
94516,20018.43099346857
94517,19811.144825717845
94518,19289.571216880035
94519,31870.849832075724
94520,16305.259321047513
94521,53986.770718359105
94522,25565.962921043094
94523,25603.70714633746
94524,16225.206979705623
94525,25505.231074127485
94526,23538.079075543756
94527,22705.247336648066
94528,17518.389355158226
94529,25685.114064789967
94530,32101.339590970812
94531,19654.692078322034
94532,25529.86360077068
94533,14231.39930852643
94534,13126.709767264654
94535,15369.510179031728
94536,15084.96337792655
94537,21019.959985398134
94538,7884.7585141146255
94539,24688.135317988046
94540,26217.89664933905
94541,49355.93646383107
94542,20636.154564034012
94543,24547.01565104804
94544,31492.790773525725
94545,26947.562098634997
94546,18105.36515391599
94547,12625.957383476281
94548,17702.78196700367
94549,17156.128859665616
94550,21786.788259842346
94551,43533.91933081218
94552,24525.613486792405
94553,8314.527094547515
94554,16461.703340261007
94555,34771.508421378705
94556,41123.57581931243
94557,19442.834646973606
94558,20388.55861838229
94559,54673.72532276912
94560,30629.94916747573
94561,14853.119591648925
94562,20613.194935689597
94563,19870.669107421905
94564,30312.61998355953
94565,17201.81040896733
94566,41907.930671303766
94567,17221.959027854995
94568,19260.0568640516
94569,28853.24636958879
94570,15902.390505945816
94571,30810.015544361468
94572,30385.9063682525
94573,18881.501482347994
94574,16959.740429743026
94575,31807.158286186448
94576,4699.771053599217
94577,27966.23977140528
94578,22046.18555731828
94579,28635.50320353991
94580,10296.085858246835
94581,109216.85719019226
94582,35045.33482255475
94583,17673.456127140937
94584,13627.975709076409
94585,15460.886233767105
94586,28076.9316273468
94587,15985.994963262687
94588,28594.84453245617
94589,35552.76535383254
94590,23208.608264043865
94591,27195.678177616126
94592,28128.06782347693
94593,18936.004827956596
94594,20858.863981538092
94595,21371.583849715273
94596,14805.742094518595
94597,20249.774167285614
94598,38244.26246407255
94599,24731.078553165724
94600,25161.464298263418
94601,24888.83396809433
94602,15945.623340656135
94603,22254.60182810982
94604,32436.156218691915
94605,24125.67273536472
94606,21872.533967213327
94607,24784.24061920714
94608,22880.21635914582
94609,16478.175140040552
94610,17463.684730505593
94611,19570.43778838448
94612,10959.454708935442
94613,18112.342989517405
94614,16659.008537952643
94615,30188.550355870284
94616,16313.457836598174
94617,20208.091659853566
94618,22136.444643562623
94619,46801.53526034375
94620,37876.59291802477
94621,41967.74262530494
94622,39196.16321656766
94623,24929.924350455996
94624,10194.035846831031
94625,22234.59538901125
94626,36843.866210840046
94627,3223.5870877016514
94628,22442.800621829287
94629,25358.73749411844
94630,7801.040983729854
94631,22401.18545605874
94632,14150.560131026927
94633,21314.390777226025
94634,17124.224801352724
94635,27816.782738562
94636,11427.834831231208
94637,27353.69655601517
94638,15031.247175659038
94639,30636.299994151996
94640,15860.151635359713
94641,18943.746662725076
94642,16437.835795229686
94643,30952.533183272055
94644,18563.383523939676
94645,15834.855757916997
94646,28204.787387677345
94647,11723.209456544571
94648,36088.39751493931
94649,11540.605614602346
94650,16915.415494711346
94651,28615.47062398661
94652,29097.122420551455
94653,22630.78254654458
94654,16322.922650346067
94655,28721.007653783905
94656,29026.23798682682
94657,14611.295397288222
94658,25128.698457020648
94659,12248.756980128837
94660,21952.242151692553
94661,19559.356450899035
94662,23023.071177426817
94663,28172.750146386643
94664,22248.437272700685
94665,30572.22066309646
94666,30318.404181995353
94667,30133.2542055328
94668,20593.64941592145
94669,27146.98868412161
94670,12774.438191675297
94671,24577.05603745986
94672,20902.39389965406
94673,43844.30882532863
94674,21902.488243760814
94675,9342.432601517412
94676,26366.164682549916
94677,21211.267646286375
94678,15731.99634986135
94679,15794.641424971329
94680,22865.5761303816
94681,27236.30986981111
94682,41563.89898980623
94683,18381.37722246308
94684,33735.95489209899
94685,24139.913607612383
94686,25004.937117004774
94687,17025.928299914427
94688,21361.68739037447
94689,45581.21548035935
94690,24823.474434835556
94691,15764.674718089604
94692,21810.609919671617
94693,28406.652636785224
94694,24452.172800001576
94695,39470.71824132972
94696,26049.075350147454
94697,25354.863802127064
94698,17250.90324680942
94699,35172.208820361135
94700,20021.513171591454
94701,21052.3623272664
94702,17788.525356221162
94703,25798.568408491457
94704,30183.494762024628
94705,49564.565761752325
94706,19515.786372817798
94707,26087.947686123807
94708,23330.245950107394
94709,22366.707625827104
94710,44536.93385550374
94711,18689.57729524019
94712,25866.192341186834
94713,11931.584799589416
94714,21144.729187362827
94715,19701.844551324815
94716,18625.788687372955
94717,22445.710000948537
94718,57600.52889091911
94719,26489.437327944477
94720,37739.84976818137
94721,29437.634954293386
94722,32741.334235232556
94723,18492.22052317714
94724,49808.02479890934
94725,19311.833676345384
94726,18319.85225292213
94727,2892.6000017055744
94728,24134.439619115386
94729,16139.21102751638
94730,18376.298208245345
94731,15725.593469368034
94732,44364.60918785003
94733,20117.277215598144
94734,18970.24989691306
94735,30574.22047984547
94736,47077.24157122858
94737,19869.715556107654
94738,26003.668987709105
94739,12003.701987502109
94740,34432.36380115804
94741,28888.91424177471
94742,30362.167755271257
94743,19816.340750296462
94744,19119.17192028453
94745,35505.097733344795
94746,11666.772308469162
94747,24005.211433573935
94748,18947.90652768227
94749,38899.32474828274
94750,19973.37727393243
94751,14495.910628284782
94752,14994.24324377819
94753,31110.07919937169
94754,22961.749515130705
94755,27057.745377172738
94756,24921.79391233598
94757,24168.830035069
94758,19233.927276894214
94759,21666.540798526632
94760,22826.33842160881
94761,22226.44218450796
94762,16520.086716159585
94763,24636.752874228383
94764,29433.119730425973
94765,31694.21065718943
94766,25048.35432836824
94767,22616.70834085071
94768,42200.003037136965
94769,31723.682507718953
94770,30308.78297768206
94771,16150.574669515161
94772,23952.062485930863
94773,22869.616783308782
94774,14101.683626609512
94775,27424.152206315306
94776,26011.45606130105
94777,11328.381360614023
94778,24637.83751139463
94779,19113.809057895112
94780,11674.993142172352
94781,20356.702205860125
94782,10301.297833960401
94783,26210.50322669829
94784,16355.411497852685
94785,14748.201316959321
94786,27927.40484582884
94787,39968.093961191706
94788,21156.85410378022
94789,29605.82439120419
94790,36991.839805390766
94791,18080.15479024915
94792,19341.716806337456
94793,22777.64216670969
94794,30298.23876902929
94795,18264.186839875434
94796,17010.4046893703
94797,25926.602015036682
94798,78361.4029194036
94799,26709.381863390474
94800,12522.159296602353
94801,18057.670846261004
94802,29002.861597882402
94803,49383.40336286433
94804,32898.63153177605
94805,25830.846243282882
94806,26125.55303254945
94807,17821.466965811047
94808,19359.81503424287
94809,27604.15862259757
94810,17122.545350158238
94811,18709.635910683723
94812,28703.22706261502
94813,18623.514801555953
94814,27241.711572921824
94815,15277.047261184445
94816,45798.964824193354
94817,23546.97294068847
94818,13507.100849436973
94819,29354.974473002392
94820,22550.526636699506
94821,49923.17985106689
94822,14188.094914267316
94823,34749.84248128513
94824,25474.17950799215
94825,37167.17940768055
94826,34913.82265625654
94827,24340.397187375715
94828,25844.8420472104
94829,24858.975337571697
94830,17387.796421762596
94831,24687.787315710513
94832,5275.952060483444
94833,15875.342045985844
94834,14879.058918470138
94835,23616.78401173964
94836,18390.875031819898
94837,30141.28391649085
94838,14016.927479692846
94839,16627.58418247535
94840,9743.557665816494
94841,24788.68913356052
94842,19585.971100558436
94843,21740.926203875824
94844,30011.54137885755
94845,15870.988521170055
94846,18938.221130922637
94847,13286.404406988693
94848,24818.565307405835
94849,31201.918276808105
94850,14856.196445155982
94851,26326.30828466501
94852,12460.60060646119
94853,18641.950490653588
94854,31488.928678230015
94855,31981.45435442431
94856,24779.1738414526
94857,18703.572518203982
94858,25827.739860559428
94859,27467.495591898176
94860,46194.79070745519
94861,17343.90573176341
94862,20980.07511175286
94863,18442.811631448847
94864,31834.920297085602
94865,14880.939967465236
94866,12845.850523083274
94867,18713.352126559377
94868,15381.480103433132
94869,34087.467776122656
94870,23615.95227584287
94871,18020.8952220955
94872,18750.193414621106
94873,27164.263406534974
94874,19786.977878861966
94875,32101.339590970812
94876,32993.05705594447
94877,17639.767214472744
94878,40104.70544503558
94879,16393.835789322868
94880,24315.317767041346
94881,10497.933069854684
94882,31330.705574781274
94883,17632.73571435926
94884,25539.671586935543
94885,29816.803349410133
94886,19809.13756920573
94887,22395.022675804463
94888,13959.713211551407
94889,21209.279164942847
94890,21130.96743287327
94891,13021.054851846098
94892,28273.208472443614
94893,19353.311669133625
94894,32346.69585901642
94895,14498.637606948158
94896,27265.227977690734
94897,44351.42102067703
94898,19909.251482617572
94899,31434.105838108775
94900,25464.04537362174
94901,19513.765141826374
94902,16670.71845630715
94903,23626.391115304217
94904,12576.612634238585
94905,20498.567898000194
94906,29079.50838219651
94907,22914.873581963435
94908,25954.175106951505
94909,21900.778785444378
94910,26837.420209178013
94911,17480.651851056886
94912,23885.695907880978
94913,19790.109192191976
94914,18696.571128833664
94915,29984.53939223066
94916,25222.573880231525
94917,18542.810709857327
94918,31276.359837900312
94919,25290.817321630515
94920,10883.404796553203
94921,29831.976293076164
94922,37106.07811908053
94923,20718.877463741628
94924,15250.266236137339
94925,18239.842610383996
94926,12883.759727179597
94927,25746.30287709329
94928,20303.510293923697
94929,28696.49398400983
94930,58607.99849775325
94931,14474.000965644342
94932,16601.35577274028
94933,23341.537874562986
94934,17920.573361527706
94935,21189.785662803806
94936,19017.396035092574
94937,17029.934678414244
94938,25068.341930525883
94939,16264.426934901005
94940,23399.22091128545
94941,11591.799843565643
94942,25253.969195032154
94943,24160.018425456365
94944,28087.161237042983
94945,56345.695823080314
94946,26158.047911655874
94947,19850.698207452166
94948,26235.575978066274
94949,22128.637640749013
94950,56408.96769271667
94951,14564.66499392968
94952,52056.33979367682
94953,21550.425171453466
94954,20534.96754430521
94955,25384.406167156114
94956,21492.04992900793
94957,20267.67761174638
94958,23861.28293055877
94959,18186.47030001167
94960,9618.183620191712
94961,28733.619246700982
94962,24333.921187377116
94963,15547.070249922534
94964,18952.153693046475
94965,17812.788958533107
94966,20524.334598213794
94967,15028.846944841835
94968,19807.52311132245
94969,47768.72745798527
94970,29143.393423173795
94971,17656.3664255068
94972,23505.956535208596
94973,16889.46215629125
94974,14367.279964629697
94975,10067.622572055812
94976,15479.52542880444
94977,23589.600332817954
94978,20883.57813806101
94979,20617.52883269119
94980,12302.370649823304
94981,23271.330346970255
94982,25873.506973182662
94983,112971.94437772667
94984,20027.30516963918
94985,11779.192753103009
94986,21500.16142945453
94987,28854.09825271485
94988,24141.691419283463
94989,11717.04310759262
94990,31677.9464117425
94991,19407.78173754737
94992,25358.79943040834
94993,24925.460805665825
94994,12581.43880753647
94995,31548.935040238037
94996,16009.573704367256
94997,25839.383521825494
94998,12968.896376649567
94999,13124.642073695064
95000,21210.844246225024
95001,16086.292281505266
95002,15055.619252651535
95003,14687.172806918288
95004,22160.873089837864
95005,16434.098900971883
95006,51156.7279999499
95007,22738.647527631834
95008,25928.55507620101
95009,36218.04548918987
95010,20741.29584572538
95011,24999.660697304116
95012,49383.73386880668
95013,27266.873821196845
95014,13606.340493147552
95015,61075.631328674004
95016,30249.033125350677
95017,24415.733493653195
95018,21055.001127279447
95019,11744.496373447148
95020,11806.67768022385
95021,23231.80824060492
95022,15232.147257279548
95023,9621.473934304262
95024,23013.594750414057
95025,30855.49229916591
95026,21199.823296527746
95027,25615.69137181802
95028,30378.033939469646
95029,5860.502444484467
95030,27180.578237781625
95031,29358.900368252052
95032,20770.379949439455
95033,26667.141393178637
95034,16807.440373853897
95035,33118.59668345043
95036,15082.24624123997
95037,32901.55324205847
95038,15183.15102181595
95039,21169.810449343637
95040,15653.437302725562
95041,32768.78896852443
95042,17191.75570007199
95043,24012.14941872698
95044,45299.45492743832
95045,23606.650071235337
95046,33072.06686487038
95047,46356.94582841828
95048,25216.404370761396
95049,21387.001061934578
95050,25710.35685428434
95051,17812.41968370775
95052,19159.170858629783
95053,45072.78482169659
95054,16052.134229977837
95055,16512.50893468574
95056,29778.373597261783
95057,19633.84598526716
95058,18733.002884803307
95059,34000.84764653984
95060,31025.864697848723
95061,22079.021292097907
95062,25635.629159580043
95063,27721.966433150315
95064,7107.7128666563585
95065,38449.60713370014
95066,22477.437736840802
95067,16787.018522366685
95068,31245.35223669
95069,26635.75220968942
95070,18845.238866667336
95071,21052.418386576563
95072,19354.60286759195
95073,24261.02711746758
95074,25077.380633804154
95075,12571.704513530432
95076,24101.02723358248
95077,27546.07688212222
95078,21480.635786651004
95079,42563.193860790976
95080,27313.81857984257
95081,9967.710793779941
95082,16979.572052667972
95083,57149.07426298943
95084,11099.274718045712
95085,25381.811933674926
95086,19155.198378889996
95087,28325.280348240434
95088,19811.40583261792
95089,47784.859430722594
95090,21185.13356552856
95091,20634.84134641338
95092,39009.61097977841
95093,25170.37019539844
95094,79089.13811144391
95095,17958.723907775602
95096,16603.406132194752
95097,26946.82235668331
95098,26056.031371935384
95099,27503.56438191982
95100,16339.636368992915
95101,23571.8004901229
95102,36877.22864418835
95103,19714.682224366104
95104,21327.883421973533
95105,16438.515731168365
95106,18412.293783828034
95107,16398.29128708864
95108,25007.39653339752
95109,22287.53877499509
95110,24315.727470995113
95111,18883.594593914946
95112,27338.421831350628
95113,22047.333367975727
95114,21968.478279050047
95115,22067.954805624162
95116,26577.208076632818
95117,35759.711273422734
95118,15764.761306758408
95119,26510.81955059035
95120,27793.664466102244
95121,21644.804883557517
95122,13157.701619638477
95123,12891.356970793939
95124,11501.645004760505
95125,25731.10604184798
95126,38161.8791124938
95127,33498.9171696056
95128,26443.64436095638
95129,26889.461146585494
95130,11793.943226803955
95131,18594.11400110189
95132,25335.142372815862
95133,15164.001243426706
95134,62398.8355526181
95135,10258.209185989102
95136,17271.530732108087
95137,42869.66699978337
95138,18739.42553643934
95139,18212.56045031783
95140,19157.04386050241
95141,25517.37253076673
95142,29209.219495597088
95143,18357.87757275707
95144,13188.528572131927
95145,18932.9617783391
95146,19128.20745786239
95147,28090.87367623457
95148,25863.063511775665
95149,26776.299649339642
95150,30617.553675107327
95151,38022.63045132805
95152,40864.9491095729
95153,19378.11521761162
95154,25740.908140208157
95155,14499.643089174131
95156,17134.292782913286
95157,26868.440455465003
95158,21445.545216163584
95159,29009.213053227915
95160,32728.18575271006
95161,42641.02629631966
95162,16823.53237952769
95163,19240.616877257864
95164,16819.587550667133
95165,14863.711218440476
95166,25521.30376724344
95167,33102.59365486718
95168,41447.5779824421
95169,16413.066758543147
95170,19930.890852125885
95171,20408.236088070265
95172,19152.057195261044
95173,23287.103228268443
95174,4082.647267567994
95175,24823.474434835556
95176,16494.87587398102
95177,38588.02050315726
95178,18820.090626507746
95179,34511.0520280003
95180,50265.702008561624
95181,13217.69268635212
95182,24383.46065066008
95183,19080.644741762164
95184,37447.76699712697
95185,21415.718989921137
95186,18733.78344196368
95187,10709.25947711279
95188,13072.119861763438
95189,27555.962508926514
95190,26059.211633585634
95191,20813.908510385612
95192,13210.08769050395
95193,19487.146308265517
95194,27412.66310921016
95195,23041.44870874111
95196,18493.928014193552
95197,32263.048436074245
95198,17913.496814219576
95199,22640.070350911796
95200,27622.065430282928
95201,12599.650908320375
95202,25650.25667793602
95203,15411.288221333749
95204,17222.3527768768
95205,8336.126652409008
95206,13865.799893828804
95207,10422.805420870198
95208,10245.770065723731
95209,19770.873914613632
95210,21009.4435147546
95211,30403.47577011484
95212,22252.88430687082
95213,14633.974615014535
95214,22306.390769940244
95215,22528.681735502985
95216,39943.39602932954
95217,20449.828219811865
95218,23017.881974788466
95219,16087.439624467203
95220,15422.17410288155
95221,13396.918844812635
95222,20170.860906076694
95223,37864.28308597095
95224,32254.596769498305
95225,15812.173025091082
95226,25700.637185844156
95227,27827.531708239945
95228,4570.089449114983
95229,19632.241254674864
95230,32057.55669463743
95231,27517.616742567036
95232,16386.03321887647
95233,18987.295850155384
95234,22176.39384152097
95235,17033.83963979109
95236,27976.64736015452
95237,15177.19143899119
95238,26013.263701514355
95239,40543.26816567077
95240,19909.78162714763
95241,20745.625273827944
95242,14199.898256622624
95243,51121.10995396493
95244,34635.99968931681
95245,45687.07017975926
95246,30907.11361069986
95247,14201.218704258778
95248,30423.73463272772
95249,20781.61297112311
95250,14463.408642389497
95251,27803.028297341632
95252,20634.84134641338
95253,31515.10775529071
95254,20425.34262117932
95255,35493.73498912926
95256,26576.300386883562
95257,15028.250558166033
95258,26147.66903114436
95259,28758.095047935418
95260,16835.425601296618
95261,31874.590013685232
95262,20903.992541132822
95263,22543.6428945164
95264,27340.57171223171
95265,17172.156430328087
95266,16435.153736783595
95267,32030.385223126446
95268,34382.401221463704
95269,11163.06363213481
95270,14929.671178380808
95271,27348.66692994162
95272,27086.983946963453
95273,21818.124243183553
95274,22578.212554139012
95275,17283.075751646586
95276,38057.03305821337
95277,45308.097223774785
95278,31859.416039680484
95279,47670.71531955543
95280,12544.27366560498
95281,15737.959866263724
95282,16372.344583426755
95283,20695.225031192575
95284,17054.79676063934
95285,23964.389353393777
95286,24227.146813545893
95287,17555.360203176653
95288,11168.176259092459
95289,16854.52345061387
95290,19826.480834798364
95291,27120.721505616697
95292,26738.985606573406
95293,30041.731288786912
95294,31893.367922810936
95295,14234.798011828292
95296,47547.57262393965
95297,20651.47473196837
95298,16913.28446459183
95299,19173.840717241557
95300,13723.290308430378
95301,19498.202071796295
95302,15110.335202449542
95303,12884.217783861362
95304,8349.19894621126
95305,21067.0670447539
95306,30931.306473079152
95307,22423.41683313143
95308,21243.19770391077
95309,19109.841268416112
95310,20050.45243361585
95311,18433.214181773106
95312,19349.384615991756
95313,37440.11923973584
95314,20664.989784917918
95315,22351.13094742324
95316,10852.154341665633
95317,26585.104848616087
95318,12550.635226995411
95319,44302.73274693575
95320,27283.516942268976
95321,22685.806510072234
95322,24688.565636210828
95323,27791.8701135123
95324,37447.76699712697
95325,19790.52007132429
95326,19423.770054671662
95327,26905.318760126946
95328,12859.43042171722
95329,26567.653187196887
95330,34721.78174854628
95331,18059.513648049582
95332,20686.876587455314
95333,26190.683879515458
95334,17514.175366572843
95335,23747.885764281084
95336,25924.86329855727
95337,25292.348620220535
95338,12938.356838189487
95339,40757.96543061307
95340,22738.647527631834
95341,26729.356545808572
95342,17178.03872699277
95343,55956.429592719986
95344,22961.204706910456
95345,13664.611885226042
95346,15990.368368293895
95347,20126.865333442
95348,14093.540248445868
95349,17943.773861974863
95350,19451.52389232708
95351,25076.154452742638
95352,17909.993742724335
95353,25232.192440226267
95354,58431.2244067753
95355,10529.888270892567
95356,63806.58596564128
95357,14420.883304151515
95358,22131.50228379987
95359,16065.68591931713
95360,29925.012599703135
95361,14495.53204436177
95362,20628.39223491899
95363,16972.178719895026
95364,12528.695792082155
95365,16194.60825120342
95366,13863.661852245536
95367,28502.816316507404
95368,21556.635482145204
95369,14589.942845993372
95370,14416.944737248372
95371,16502.08980841337
95372,14124.791168648557
95373,15861.072551079847
95374,21259.96910616144
95375,20832.585662814785
95376,19669.259343779828
95377,21843.24773471958
95378,30353.68943633904
95379,26779.574177410515
95380,20531.24907395065
95381,38669.829644175945
95382,17829.799343739927
95383,17233.332235610804
95384,1714.7570491238205
95385,13966.793376264593
95386,29070.91179198913
95387,16646.313050614786
95388,27612.75190740118
95389,21225.238997967623
95390,27995.032714416626
95391,20119.81126140251
95392,18649.32630748027
95393,19695.879813512372
95394,19593.022640072424
95395,17846.388618469548
95396,18866.954591706835
95397,25918.73578525298
95398,27432.737068359875
95399,91418.7170509901
95400,42725.80231958289
95401,13199.763254884037
95402,15031.059220376934
95403,25354.863802127064
95404,21434.561970726314
95405,17804.780110226468
95406,19058.169261847477
95407,22565.584144931097
95408,19807.563611706104
95409,25907.558646406404
95410,14756.301077953707
95411,32146.588770682647
95412,12607.816605256403
95413,12624.741037076697
95414,30162.472192648904
95415,24447.794790164637
95416,23963.859974621217
95417,27448.305423223257
95418,22786.52012706234
95419,9767.1225042041
95420,22044.71187376071
95421,23799.71147754828
95422,12073.483757146485
95423,26658.33029173041
95424,26040.145182473774
95425,16272.890593277629
95426,53831.94845104181
95427,14907.746376593435
95428,29617.149007627675
95429,20524.35036501111
95430,14604.279934337212
95431,30129.219683667958
95432,27239.120405798447
95433,24543.099756549615
95434,19835.15547117955
95435,14012.614011618314
95436,25119.093086469264
95437,23459.054477035294
95438,18817.47672674741
95439,21265.450363552914
95440,25148.15957208826
95441,16120.999908338708
95442,26023.91807631237
95443,26364.277344737005
95444,22922.230205330787
95445,30340.053652966897
95446,28044.175460122475
95447,20751.016382122172
95448,25762.352659968543
95449,22736.529187370328
95450,16026.611000744088
95451,21711.2079516412
95452,13982.993270836327
95453,49710.07339946675
95454,18108.855621345236
95455,24297.74307851749
95456,25874.42691938795
95457,18808.119885312295
95458,14081.40621741822
95459,25076.154452742638
95460,19439.20404825114
95461,38107.53229336066
95462,14570.410511490969
95463,12402.143496748571
95464,11384.928344088834
95465,17908.03742360073
95466,23032.797198321517
95467,23712.928208241075
95468,32851.277412966905
95469,17458.017197187968
95470,31230.0758841469
95471,10143.317433472645
95472,28525.817165572513
95473,9324.575049628766
95474,23961.125314403926
95475,18583.299430242012
95476,29018.841287280957
95477,25469.61852167769
95478,27998.812458850516
95479,21197.150248860817
95480,46502.68322193536
95481,23727.18769997776
95482,48161.31631879068
95483,15080.929517389473
95484,44057.43574622625
95485,17092.91984745418
95486,19383.42470783287
95487,10571.055660702868
95488,27814.093388151556
95489,26619.229796956424
95490,27235.742138511694
95491,16216.13725283734
95492,26441.98129459711
95493,30601.267968401473
95494,29055.727672389996
95495,14802.411382401324
95496,30452.79814273242
95497,19284.70598386908
95498,16612.739778493164
95499,29945.669932141787
95500,17644.207171213857
95501,19905.0689867516
95502,42418.37899037317
95503,17022.63735671474
95504,4232.541802171061
95505,18597.11403989864
95506,13985.537875364622
95507,16728.77814083984
95508,42452.979959373006
95509,32579.289185230722
95510,13479.73524135641
95511,22958.709546661823
95512,35620.52357477719
95513,29955.121826369894
95514,15094.13697986119
95515,20556.554507198514
95516,14697.391611375613
95517,18816.48072498163
95518,19200.67427329014
95519,12199.28606280723
95520,18466.957117382597
95521,25558.34307548245
95522,14113.224351793211
95523,25353.349180496294
95524,19793.68650334691
95525,19131.555662682065
95526,25465.87157814268
95527,25885.883197592455
95528,19041.11008190142
95529,41832.841931924166
95530,48335.44157957846
95531,31355.06200811394
95532,14585.350230850576
95533,27833.121925480067
95534,17175.039423289803
95535,31311.249279825275
95536,39571.375209028425
95537,18482.834667546376
95538,46122.55810375093
95539,11469.883701213394
95540,15021.665470597
95541,12825.873436628002
95542,17202.40368836101
95543,15318.433929572273
95544,30197.277772151792
95545,16633.750115261366
95546,42735.61576569064
95547,19267.540369212653
95548,11237.491335647168
95549,19494.215344936194
95550,43536.45614040999
95551,20321.286141327546
95552,15373.81783060292
95553,29653.678647651122
95554,15347.631381437923
95555,22829.819836048402
95556,26027.487439681943
95557,14363.313665127895
95558,18125.81510906836
95559,17262.464092358205
95560,14480.635470326088
95561,20041.73143456286
95562,30719.526670451865
95563,27713.150031513196
95564,23386.304290652395
95565,25037.393686337175
95566,20952.395250109297
95567,44047.94888779421
95568,31834.920297085602
95569,33144.62954656719
95570,30387.66024824754
95571,19084.904565672652
95572,18996.655952258698
95573,24637.0309166988
95574,25512.549141271345
95575,31108.601312233342
95576,28081.264455433404
95577,16633.217121209673
95578,7398.3777964964465
95579,15382.971954802117
95580,40722.40056544152
95581,9764.869331650714
95582,22464.17471807708
95583,19084.904565672652
95584,27318.623828111748
95585,22001.008494417474
95586,12208.857051519079
95587,29490.74376000125
95588,18057.682570644458
95589,27095.976592739768
95590,25944.637018486075
95591,20216.02070488005
95592,31112.02403566188
95593,19667.078078769035
95594,26626.049043830637
95595,27487.656359691315
95596,17474.9174651098
95597,44341.52861124135
95598,14906.485981275453
95599,13616.494431181263
95600,19986.11511096625
95601,17204.63920766468
95602,29959.858665422387
95603,16145.52885232859
95604,30112.18092306497
95605,19282.50038954205
95606,15203.610010247901
95607,24228.925610299717
95608,28434.5147616098
95609,33518.6567409611
95610,27167.551398092884
95611,32846.46886265348
95612,24313.628123338087
95613,13995.128676771463
95614,13983.370636581625
95615,24237.673399355604
95616,29064.437745035804
95617,41745.82157252569
95618,18743.149029308148
95619,26730.766079406167
95620,31460.967187291637
95621,16296.031719078703
95622,32243.53252869824
95623,43232.0721022208
95624,16318.703897476056
95625,29955.790323439745
95626,17471.276083199824
95627,37549.673778813245
95628,22275.943170316856
95629,33516.64447902508
95630,23941.127920932297
95631,16668.766413698504
95632,25509.508870947477
95633,16821.77282084368
95634,34767.355750147675
95635,25865.561518316474
95636,31098.08760460308
95637,9927.590964903387
95638,13746.337219414212
95639,15752.615023248603
95640,15470.327332939038
95641,25142.855050444017
95642,29912.83250113225
95643,18588.4205216828
95644,40012.24886818544
95645,21497.8214063043
95646,18660.162981834575
95647,24041.74880125694
95648,33963.59885530054
95649,25760.9505465177
95650,22487.697515115404
95651,18876.169875093474
95652,29426.335783597082
95653,4322.781282438344
95654,27388.098949219788
95655,22057.37113475505
95656,16638.19751211306
95657,26981.270570221437
95658,36437.562600425255
95659,23745.064603374518
95660,35075.53438581471
95661,26889.461146585494
95662,42588.72547463454
95663,21388.42233331602
95664,18275.72270887371
95665,53308.032138607734
95666,31365.85852335483
95667,15432.214295067712
95668,21207.265487886205
95669,28698.46835498411
95670,31312.58958694623
95671,21877.968623239463
95672,27997.164680987593
95673,15214.532480759735
95674,15920.750952421511
95675,25237.09913530277
95676,15625.23839563151
95677,13232.710662548396
95678,18812.978638278128
95679,28196.68027396227
95680,18305.37743998583
95681,13689.9373787675
95682,18002.865257374357
95683,17720.33158271305
95684,21314.069486594784
95685,22413.15969854126
95686,14078.059160490722
95687,17489.97658568867
95688,21774.63667672707
95689,22814.724211691624
95690,30728.273997044882
95691,21822.091273522026
95692,27867.166884050803
95693,17610.73670566819
95694,25532.58525497817
95695,19978.161367958714
95696,29338.61651193541
95697,26310.502121976064
95698,17174.456956664933
95699,25494.677784097967
95700,24851.422733489722
95701,27925.156400317228
95702,33750.883059418826
95703,25692.954471647423
95704,16565.04613160578
95705,25923.791872231322
95706,31986.782332152514
95707,18451.761199386223
95708,18456.535781562274
95709,41405.10983138782
95710,33354.00812466026
95711,22381.845634009027
95712,44459.867858093116
95713,26788.966774493438
95714,9702.793733510338
95715,33739.787987406366
95716,15086.397746511222
95717,9799.801023019223
95718,16825.902564586537
95719,29124.41460819131
95720,35974.08272040395
95721,23133.462531599173
95722,26812.543924038815
95723,11919.930480510502
95724,18737.469057641243
95725,26145.487436364507
95726,23747.841112968254
95727,44980.79858331784
95728,14329.002000917455
95729,28395.048448819747
95730,24541.77018830695
95731,16800.647509897695
95732,11334.552613645952
95733,28389.934572874372
95734,20636.154564034012
95735,28931.692867354028
95736,17383.589748830334
95737,20327.275870845813
95738,30696.062648965646
95739,15794.805044351517
95740,23747.58530019061
95741,47009.07950317928
95742,29042.932014517304
95743,28163.46399074738
95744,19774.538888381747
95745,25422.413635368106
95746,25050.81387086771
95747,13915.849848431417
95748,17993.863350789135
95749,26108.96328317673
95750,9419.55713239311
95751,16224.266404123326
95752,32896.152151044764
95753,27331.091139543194
95754,30083.517128751173
95755,42035.40593299037
95756,19946.723912482434
95757,19282.84820464923
95758,19079.921478812284
95759,33782.563271000465
95760,15309.782425861442
95761,20332.288117293894
95762,11530.05941600004
95763,13742.980697710436
95764,22657.402918735253
95765,25790.487865151055
95766,21440.38314306785
95767,9811.696597339476
95768,41265.17087597636
95769,27385.632781099324
95770,23656.024307994005
95771,19067.996771509574
95772,26762.93904015246
95773,25956.700647549387
95774,41018.98797109103
95775,14048.007220134647
95776,52205.37578287611
95777,13839.445048710082
95778,21219.79611050837
95779,15144.19026424554
95780,29152.75318349835
95781,18578.591530197868
95782,25552.028460479654
95783,13756.444748169966
95784,22038.786926924236
95785,22633.170751777237
95786,25062.306458356135
95787,21313.934261004066
95788,17252.10394260854
95789,14761.819588659246
95790,12841.685571308297
95791,32947.80587734325
95792,32982.5537518974
95793,31272.203452753878
95794,26080.157169947495
95795,11085.213846965948
95796,17238.101698117363
95797,19328.369163707423
95798,34884.07117343414
95799,23444.107186175286
95800,12470.493855162964
95801,24808.047231832235
95802,11298.987036156816
95803,60983.828104235596
95804,38663.30415522289
95805,18893.2131655792
95806,29231.748079152763
95807,28685.797748240075
95808,26432.823065295084
95809,24369.368081922916
95810,12523.031419321575
95811,20158.67935016732
95812,23739.18609409686
95813,16326.062972639933
95814,15159.37964356524
95815,44459.867858093116
95816,18213.104075826326
95817,32130.261350115918
95818,27321.911998414726
95819,48425.867960422234
95820,35556.0478338796
95821,32859.15167834487
95822,18585.224961024065
95823,18447.23132908624
95824,17849.417007002532
95825,15819.209346264039
95826,44618.51955714852
95827,27289.647173936984
95828,11755.773864661018
95829,10800.949204014201
95830,22598.277255339337
95831,28607.812632859215
95832,15011.763865292587
95833,22713.17783814589
95834,19063.98370318775
95835,19903.123784529354
95836,18604.54426673618
95837,26912.331186841508
95838,39074.94843255051
95839,29931.362878304473
95840,13244.198565663823
95841,15305.724483466714
95842,20588.47090341152
95843,32109.176666102587
95844,19695.332382567707
95845,27317.66248558214
95846,37020.80582186939
95847,24851.422733489722
95848,22571.23383798365
95849,45687.07017975926
95850,14240.585460943064
95851,12718.078286405447
95852,38142.641570939384
95853,29967.108874164387
95854,19279.319764557946
95855,40944.05948641943
95856,24813.412228788056
95857,23252.98765802545
95858,20097.013339723224
95859,26730.766079406167
95860,16867.191282204458
95861,20187.29531168662
95862,23091.696975053175
95863,22875.506593952374
95864,25068.341930525883
95865,36281.96570277125
95866,53850.690778149285
95867,27415.491518981966
95868,7643.791225527139
95869,27819.41170535671
95870,20452.06439520789
95871,31676.419354206162
95872,23291.6520458865
95873,24779.1738414526
95874,26085.1348634488
95875,14596.64317409938
95876,32361.553355884826
95877,13667.494542565068
95878,40499.531149763825
95879,15832.797780807949
95880,40007.404764567385
95881,19794.481406082785
95882,20190.398302467398
95883,10002.043006784013
95884,22204.120351363854
95885,30048.116329976863
95886,20632.243915599305
95887,21091.670676846177
95888,20671.601910645077
95889,29066.282765846216
95890,18537.435789676267
95891,24810.47118554092
95892,15516.467315420114
95893,27227.098290079826
95894,21250.950616384955
95895,25014.37688360216
95896,16090.998309091512
95897,25864.859721593628
95898,25339.132829317197
95899,26944.39041718574
95900,20631.65569271723
95901,31981.45435442431
95902,22694.96619908767
95903,26487.023328195
95904,24233.501928139853
95905,13389.091001851399
95906,25668.98669612381
95907,45626.35708493251
95908,29381.760235265087
95909,19323.276237168655
95910,40680.30584586262
95911,26170.353749316204
95912,29442.824846724176
95913,41476.00739638188
95914,18960.17870744416
95915,28453.019645319477
95916,36225.0562240944
95917,30964.099840500116
95918,32022.00598515351
95919,17480.7239222272
95920,18814.561424086172
95921,19918.839897567817
95922,39708.35585891354
95923,22087.660663107534
95924,31860.099395068995
95925,18273.647429643373
95926,22197.500486190675
95927,20303.833296838016
95928,17374.330387322716
95929,10369.458842418486
95930,19326.19096266266
95931,27057.97493678506
95932,31140.27951964018
95933,19472.41470788839
95934,25398.513650165056
95935,17864.753544322582
95936,33509.81148147922
95937,27145.66632539111
95938,15240.2268335518
95939,20816.715474635774
95940,16090.090484543216
95941,15365.92402415687
95942,22257.321348302936
95943,39918.34728621778
95944,18970.24989691306
95945,15225.065090765616
95946,20060.735235521403
95947,39673.525301431575
95948,21975.72713416086
95949,19497.69893218149
95950,19721.75294247222
95951,20634.84134641338
95952,35716.88743771664
95953,19176.277130421367
95954,16386.585783684513
95955,20153.4472632725
95956,22110.198772786494
95957,18348.76521968837
95958,10336.400939497504
95959,22436.988883174738
95960,27703.358192077278
95961,21607.787908738715
95962,28697.921525375274
95963,18229.06206137572
95964,34145.390241151435
95965,31867.767653057792
95966,58231.57454576408
95967,19406.7737367322
95968,15786.119394856989
95969,31185.205792817447
95970,22486.89099708794
95971,26159.191522300556
95972,44381.644826953765
95973,25886.092085195567
95974,24090.66890092591
95975,17643.793160743062
95976,32905.4906571193
95977,17964.935797521634
95978,15180.244653933969
95979,23612.800653682807
95980,16402.607741164433
95981,25686.160967406235
95982,18303.3784704608
95983,42039.38594213264
95984,31118.02499785082
95985,14929.265421427774
95986,16198.521515293394
95987,10784.79696265721
95988,16018.267550159599
95989,20618.0768580099
95990,50422.30784791062
95991,19572.655361328016
95992,28739.111942289423
95993,20589.276291759423
95994,23025.22875588859
95995,18611.985882338384
95996,25915.395297627103
95997,22746.02894810377
95998,24631.39056731728
95999,10286.306526120617
96000,16593.350786461535
96001,16232.947549815632
96002,24760.73299675895
96003,10540.250051677067
96004,12976.60438584359
96005,11617.936248381338
96006,9317.019175372583
96007,11327.411227613062
96008,8766.126431544073
96009,14306.850072583507
96010,21191.429195096072
96011,9317.514509682194
96012,13685.283811604218
96013,9943.342381839804
96014,9494.350548329441
96015,25836.986967520872
96016,18895.071859062213
96017,24816.167982219515
96018,9583.641211938168
96019,19011.12448821585
96020,16248.836687066378
96021,19090.058789029874
96022,19817.06892408104
96023,9424.506358524022
96024,18035.32707012991
96025,20237.201826988832
96026,6649.228512225243
96027,10305.90561675411
96028,21690.94220617687
96029,24001.368078223655
96030,30253.12850563577
96031,24615.406964660753
96032,20616.03786370711
96033,19501.950248522866
96034,19032.75983572269
96035,10951.50768006042
96036,17843.02443362337
96037,18511.138873151318
96038,17384.586434657132
96039,9851.854287599366
96040,8551.609513191399
96041,23644.821874065925
96042,15052.698495083358
96043,7442.43004052339
96044,18996.070122615696
96045,19331.93303508814
96046,14732.764595619183
96047,12915.441520499096
96048,10467.99019389547
96049,6542.072246428978
96050,18509.19608291358
96051,13561.340419773353
96052,4951.0168707406565
96053,8371.15193365527
96054,12440.538019760392
96055,8036.445686445586
96056,22246.88039424748
96057,9912.125983597369
96058,14994.770487622507
96059,10263.992820891246
96060,7267.972376734386
96061,11090.161676869551
96062,11223.935190285494
96063,24385.7428686852
96064,10852.421007582865
96065,25293.50154536487
96066,9192.215297288425
96067,9483.234123997583
96068,12275.303564454962
96069,8995.215486804867
96070,23630.38976491134
96071,12314.045702166866
96072,7411.493059676559
96073,8751.55816979938
96074,26371.932642021104
96075,15198.684266894845
96076,5486.547635468331
96077,14387.202652383945
96078,19003.301747879592
96079,27237.829598928834
96080,10646.88916325883
96081,7384.510102455421
96082,7344.14688805802
96083,9279.193132604918
96084,7287.102151003573
96085,7404.995408585665
96086,15325.757631301733
96087,6635.271467633667
96088,7031.011362340397
96089,12283.489744591609
96090,15849.613213511435
96091,10385.34729947818
96092,18920.228121056327
96093,10260.829037412137
96094,5065.040111774633
96095,20268.65194289453
96096,12644.98545978085
96097,27072.319437327697
96098,23149.190111950396
96099,17477.295453581926
96100,10755.265313799964
96101,12661.421586749602
96102,16319.041036121942
96103,28196.665685509986
96104,28276.960216863656
96105,12906.80194879349
96106,9643.607631938146
96107,11116.607036897776
96108,12495.26483444854
96109,9620.827313550659
96110,9521.611994408075
96111,13748.115048380292
96112,19200.16873758529
96113,13093.064882639144
96114,6613.599060589831
96115,9052.88292617366
96116,12638.847895169025
96117,21711.476274196342
96118,10792.674267495164
96119,12845.862403741621
96120,14269.336966420276
96121,18978.358408045042
96122,24208.116332073983
96123,8714.837905432792
96124,6495.274956597361
96125,15148.698029246676
96126,8607.179308841594
96127,18229.21079052608
96128,18617.062138777048
96129,15202.05390356716
96130,14372.19902055849
96131,11293.780846695563
96132,16090.866861935649
96133,18323.27583044336
96134,8957.814643601669
96135,10209.346044105805
96136,13104.585372226691
96137,11919.86578169204
96138,18326.40266168266
96139,19180.392722318513
96140,25462.69222543622
96141,12241.82789162165
96142,30334.949438874115
96143,18895.81890486613
96144,8285.990705043143
96145,9422.068946241461
96146,17874.566411075582
96147,16566.89634456307
96148,11517.729434993129
96149,21357.291194139038
96150,24099.376926121808
96151,16258.53564191506
96152,26693.55211090563
96153,17110.520702761878
96154,16366.910776915312
96155,10695.97049373976
96156,13992.125893075487
96157,12343.153522319442
96158,11541.18863389368
96159,7975.252320001527
96160,8847.803811873788
96161,9750.166639993467
96162,8255.51696468473
96163,22507.205937306557
96164,19662.325929680585
96165,8949.074093515495
96166,13515.104028457015
96167,14027.621111477149
96168,21122.497906202476
96169,9318.008254937642
96170,9882.4633728974
96171,12535.099617612133
96172,6586.853470450299
96173,14874.935019236862
96174,24596.201484398254
96175,17089.89745962404
96176,13607.979673729133
96177,9416.06096044027
96178,13429.202812450343
96179,10091.055751657474
96180,12994.123688565498
96181,17252.393693348917
96182,25456.209752262937
96183,14429.18571874156
96184,8117.33484103621
96185,11613.18802645878
96186,9915.455634204505
96187,21913.952925099285
96188,9154.667396985104
96189,13664.158934431769
96190,20368.939012819286
96191,7591.895729503983
96192,8426.540020478076
96193,10814.256219153445
96194,20403.25178510656
96195,13410.493311415186
96196,6323.634837494538
96197,7910.753108102873
96198,10025.074968415043
96199,21998.186106325942
96200,12568.055959076646
96201,13303.902909226083
96202,13868.911895632085
96203,8368.662432397603
96204,25247.49381073118
96205,7320.324513206927
96206,18967.728068718225
96207,16543.46214286264
96208,18277.419664014025
96209,8280.900233230112
96210,17721.631777160965
96211,10766.993493326088
96212,20448.588476669058
96213,20487.656082048707
96214,32591.31367207512
96215,16799.154393482047
96216,13018.277606708747
96217,15912.509395440684
96218,29417.53392902714
96219,19759.153747846078
96220,10200.443769225798
96221,8145.224396596674
96222,16225.517550720708
96223,9736.347797502165
96224,13906.512178093897
96225,20510.517616263205
96226,7927.772549813547
96227,26578.445999270538
96228,13497.557313565932
96229,16615.5236764471
96230,18782.57257739422
96231,10039.03635059245
96232,9239.868546408314
96233,10494.875290229067
96234,13265.429515555199
96235,16723.23151082343
96236,9424.506358524022
96237,13874.80486990414
96238,17844.827947092905
96239,10263.153997900214
96240,17379.350393622262
96241,17185.135800287997
96242,12243.414893412119
96243,14156.105242315658
96244,10191.698167587858
96245,14583.74802552717
96246,22046.417991453025
96247,20596.122693866324
96248,7935.189012571867
96249,18279.637177735145
96250,18769.431877654588
96251,12738.272861153515
96252,19592.20510289464
96253,13532.847631954754
96254,23946.701907774725
96255,9014.80902286665
96256,14392.3050255173
96257,13891.496551664688
96258,14508.543884855368
96259,12339.467978675826
96260,6541.412841096544
96261,21145.99233894324
96262,14124.944489154044
96263,13562.014830260958
96264,17512.294605879935
96265,25319.983806114484
96266,21898.658239424647
96267,20871.09009198578
96268,25991.419686028632
96269,7477.524384241717
96270,11556.85747188447
96271,7654.754561101159
96272,8302.325877814683
96273,9312.26829371601
96274,17083.958112297543
96275,12509.077108626638
96276,8420.440821451857
96277,17481.323490242634
96278,17149.956161044338
96279,10566.28211132188
96280,18014.425648704033
96281,9457.753787421576
96282,4878.72861312418
96283,10078.0681432421
96284,8154.044378822806
96285,9389.311930633969
96286,26208.076811981984
96287,19218.474400725896
96288,23745.99870033804
96289,21807.188244210127
96290,13538.764708762461
96291,15280.634743339975
96292,13553.043070408854
96293,15245.714753754311
96294,25295.05397101396
96295,23245.80702606469
96296,14190.750590083568
96297,13141.10577211306
96298,20568.51104432555
96299,9149.042921176435
96300,30732.752472948843
96301,4915.55366650548
96302,13044.32287619146
96303,12554.043172626582
96304,10819.627157462994
96305,15977.034469958482
96306,33131.809304870774
96307,10686.8602458814
96308,12770.887530479087
96309,8957.814643601669
96310,20581.557402658804
96311,18730.891089797686
96312,9523.980010943806
96313,15825.916963929889
96314,12118.658808165097
96315,15645.271925975261
96316,12839.840432957199
96317,12909.607372181908
96318,9595.777176382628
96319,10213.564300573742
96320,30493.326808785616
96321,7658.40503123634
96322,6791.726713651428
96323,8739.386013074223
96324,9713.713432419998
96325,12308.91351360081
96326,19918.498006687736
96327,7917.2782334343465
96328,21618.00000018581
96329,26776.001666369764
96330,18423.803306518555
96331,14685.635975174235
96332,11618.638956814564
96333,8495.14620677615
96334,12981.237329554562
96335,22170.121798622993
96336,8397.613911749051
96337,8007.000600098057
96338,9011.807248302764
96339,6461.984502177573
96340,13726.174998206001
96341,7859.881961026923
96342,27131.246753132236
96343,9736.941137972737
96344,19852.82861127002
96345,20171.54911553799
96346,13327.689824802927
96347,11148.164588904034
96348,21067.61962626873
96349,14855.222335638558
96350,18870.502250869013
96351,7999.233922911322
96352,13932.208087282435
96353,26129.24065230845
96354,9027.82955637077
96355,11179.899151925183
96356,16631.71016286038
96357,8950.763355569252
96358,6677.919904664759
96359,12246.312841417948
96360,11330.778146867615
96361,12253.02583195436
96362,29826.256425063213
96363,9157.070148932069
96364,13163.199533852705
96365,13639.31886140191
96366,18841.90190546225
96367,29300.33477236215
96368,21030.72980093942
96369,15514.24755327686
96370,13874.350418785867
96371,14273.535822393624
96372,7413.019107187452
96373,10805.32094576787
96374,2527.0865582876095
96375,7421.463535875226
96376,1538.058280216348
96377,8623.63288349011
96378,9138.979885436567
96379,14855.222335638558
96380,13639.31886140191
96381,19581.00193323466
96382,14054.23293114306
96383,8652.929417916195
96384,21823.055699120465
96385,13164.217377051024
96386,9724.13648322796
96387,11193.386418447984
96388,13314.005085893337
96389,23320.69474962523
96390,8085.2181798582815
96391,16514.80568334522
96392,15880.775725360152
96393,22108.00487132033
96394,9316.82463560558
96395,10223.433267627677
96396,6896.565730161641
96397,18781.3235248098
96398,22971.3624944471
96399,19218.31283822374
96400,14946.39869862021
96401,14488.293039710403
96402,14270.960724944825
96403,18365.229073480557
96404,12256.427454042869
96405,10042.221632147171
96406,8192.166158734315
96407,12862.314714589773
96408,24847.309671451916
96409,13583.830580807233
96410,20170.702556018015
96411,13597.581561523239
96412,25529.39943511409
96413,12595.361354187064
96414,12528.633897683121
96415,14027.122851711061
96416,17704.434545457156
96417,22585.75696730727
96418,28459.185020737918
96419,25547.195135899463
96420,10694.051739774155
96421,10231.299129759956
96422,13874.30388115301
96423,7194.011581465668
96424,12938.065751093416
96425,13202.155274983446
96426,16402.169696803427
96427,21056.160140896864
96428,31566.880863337945
96429,11124.227101979524
96430,24094.14440256453
96431,8085.2181798582815
96432,29453.788142237485
96433,10656.290088509384
96434,7690.476090132268
96435,6978.9695168303215
96436,9479.57057306929
96437,22308.445502306702
96438,17298.091757526792
96439,17935.89837415315
96440,21814.565798277472
96441,10019.146982879098
96442,18384.569615601282
96443,9204.325691584574
96444,6103.031202246494
96445,23044.28924161706
96446,20604.66168675221
96447,20243.899946361966
96448,12283.489744591609
96449,11193.053743688864
96450,9479.27952523603
96451,9726.23154343331
96452,7524.885058176321
96453,13327.689824802927
96454,10194.12364845906
96455,17654.921338794687
96456,12627.648227561398
96457,11146.21766289845
96458,17170.650163558137
96459,10315.493120902082
96460,6899.165264267239
96461,17670.365018975288
96462,18639.788119295645
96463,28299.097071862816
96464,21966.405786366482
96465,12285.116091655036
96466,26234.861119217196
96467,11121.782467319374
96468,11624.342342429065
96469,9449.125539249078
96470,10046.548336513886
96471,13593.063290312199
96472,25711.099209713288
96473,13011.398203352463
96474,29450.310226668724
96475,14404.540864265251
96476,13123.615912395016
96477,29989.890773574298
96478,12105.988691324505
96479,20859.63800611506
96480,11203.452139588095
96481,21370.465093448547
96482,16900.76444056647
96483,9129.573810977334
96484,12563.80632160043
96485,21642.80393386383
96486,30595.331062741847
96487,10766.851566622861
96488,8369.669662088252
96489,8603.429538122815
96490,9914.349451390723
96491,30541.258959240833
96492,5662.3329960026595
96493,12313.356342573583
96494,11254.232877764185
96495,11827.522669955753
96496,11133.21607803079
96497,10753.810471862264
96498,32731.558377359906
96499,13374.998515551111
96500,8004.494967913989
96501,19513.505831363345
96502,7014.917112108545
96503,14488.099872186562
96504,16252.314602798459
96505,16292.882841133925
96506,12587.6474678037
96507,11091.891508148094
96508,9457.753787421576
96509,28690.682654781605
96510,14305.12525946556
96511,10347.020907475582
96512,19279.29685410115
96513,11629.986576423533
96514,11231.771482454235
96515,9857.773976375738
96516,6160.253248552469
96517,12764.178873097788
96518,13334.892839794136
96519,17426.47660213062
96520,8806.890217627799
96521,26822.090555783092
96522,29910.704161058467
96523,12970.781895291713
96524,18868.904717034253
96525,16551.27887566768
96526,20483.917932872115
96527,15552.206555925975
96528,13876.234808799536
96529,13047.627038794986
96530,18487.18970383876
96531,10964.726388002902
96532,13912.211060608191
96533,23120.380068325332
96534,13396.389980582111
96535,16235.922669721092
96536,13011.223584263902
96537,8865.28708786731
96538,10505.513931932503
96539,7877.5920502383815
96540,13699.52475957023
96541,10629.354009563483
96542,12220.607123121119
96543,14818.962463576423
96544,7760.45453489481
96545,22601.850329181463
96546,14636.345008443186
96547,10669.11054166372
96548,30732.752472948843
96549,10214.71648495866
96550,16785.09806301939
96551,8949.630406912147
96552,6074.40360490411
96553,18227.40344121819
96554,9986.196240088908
96555,13014.238866112688
96556,9259.546859332922
96557,19330.472076151844
96558,12812.401778353997
96559,12544.527532471302
96560,14845.570054282647
96561,13131.674145490777
96562,9143.967752997809
96563,8333.559623112182
96564,13109.622997540877
96565,12240.124381147602
96566,13368.22772264961
96567,10328.474835418028
96568,9389.785427096927
96569,19330.268612894197
96570,2568.968129124793
96571,25239.02513609982
96572,9232.907417394978
96573,20466.935682183717
96574,7452.042286357612
96575,25793.662028649294
96576,7563.083506136894
96577,9060.567200668986
96578,12057.746568594135
96579,12603.988397165178
96580,24607.70779045234
96581,12926.378310511976
96582,11903.617430230997
96583,16705.783310541705
96584,13732.998423443112
96585,9138.091694299183
96586,6546.063148135398
96587,11825.41337931939
96588,24094.40306901952
96589,9150.069225757932
96590,10787.481259452332
96591,8076.401381167592
96592,14985.027459739855
96593,10095.06586378047
96594,8240.581510350128
96595,17038.277861574632
96596,13003.302705611128
96597,29979.12160355996
96598,10974.907160356533
96599,9436.487925153422
96600,9208.072866680583
96601,13454.327583978908
96602,6610.457339861644
96603,8255.927911262268
96604,14943.047933415128
96605,24130.93152469303
96606,9186.631928303908
96607,9500.193942084752
96608,9277.196659580499
96609,15259.429425201464
96610,11379.327329089976
96611,12544.587069126752
96612,14160.39627811494
96613,12901.674335213831
96614,9122.580767522159
96615,14088.000892403066
96616,14918.572545313376
96617,13146.258340417518
96618,31788.409788977915
96619,6064.191418191062
96620,22695.082050958204
96621,11526.394859512968
96622,23967.383614496564
96623,11553.350365535583
96624,13077.106810607076
96625,25321.11004265267
96626,18387.677710913107
96627,11812.448432802621
96628,13577.01120482513
96629,13553.35941196393
96630,16485.686817581765
96631,13605.450624471127
96632,9423.710375526243
96633,16076.822797205708
96634,8908.246389201644
96635,28515.724614419014
96636,11727.513632262478
96637,11636.468655241371
96638,18169.54423004928
96639,17546.643190826846
96640,8090.773473030726
96641,9912.125983597369
96642,14554.74358400241
96643,9726.23154343331
96644,13056.394029015511
96645,15768.098400171137
96646,9261.957142186116
96647,7200.221795060048
96648,4868.739637808879
96649,15537.112440774285
96650,12957.490384500841
96651,9788.833475780786
96652,18098.92320667486
96653,13182.4381698709
96654,30725.91323766369
96655,12273.468154475255
96656,10459.361183402052
96657,15939.668218621297
96658,12893.920051253663
96659,6442.022047168036
96660,19878.743829380663
96661,11802.613021186397
96662,15887.54368626404
96663,11158.004807898862
96664,13944.926761231212
96665,6673.266723053372
96666,7979.439832058715
96667,15738.995756239987
96668,13306.41088461732
96669,24561.77404628074
96670,9068.011655458999
96671,10921.041290786081
96672,13682.801076675269
96673,9272.48399077703
96674,11303.171573802485
96675,21276.11231550503
96676,6867.978586613316
96677,9804.994872317347
96678,10356.357683489792
96679,12035.64056335459
96680,9011.565524998632
96681,12184.388984820724
96682,24879.417016045445
96683,16010.058061466247
96684,4284.4334938263555
96685,26092.893412731555
96686,21404.54258689833
96687,13588.878725249797
96688,8832.212385329185
96689,23703.30322161772
96690,16737.745382501427
96691,6571.074041793145
96692,12985.976105387099
96693,10346.193993062883
96694,15658.713531322805
96695,6727.642756739301
96696,11149.263954613809
96697,8426.611591601364
96698,7297.0761560151495
96699,13445.811322366224
96700,16930.72130121749
96701,11740.692735665729
96702,20210.748171520772
96703,25735.643404877712
96704,8522.72056533986
96705,11679.453749080543
96706,9061.035617355046
96707,9197.061611960284
96708,14565.809534931492
96709,11874.50010471402
96710,6459.084949175362
96711,15563.364351709373
96712,16716.96919043414
96713,15981.657634716856
96714,11842.724750818345
96715,13047.141553327347
96716,18893.399948296556
96717,9867.774623972786
96718,26412.095489707863
96719,18353.888506310395
96720,18858.78830093086
96721,20348.726542359505
96722,18963.561576657074
96723,18082.2940477223
96724,12319.179539426195
96725,9344.966839443094
96726,8021.720376247393
96727,8248.255205743253
96728,18947.755863153478
96729,8949.630406912147
96730,12501.41854131324
96731,8249.248344002503
96732,10993.873532078605
96733,9440.515673175496
96734,6459.084949175362
96735,12256.552326167353
96736,9487.905083112057
96737,23073.693065866322
96738,12525.251869349722
96739,15522.72762557452
96740,13972.008636452765
96741,9964.668720482987
96742,7359.709063118813
96743,12934.451004818038
96744,12331.581798137384
96745,7727.406108089957
96746,7953.078248324167
96747,14166.879372832493
96748,4834.092980120242
96749,6891.122798219573
96750,4987.732271365138
96751,10875.227215193787
96752,7805.446799256082
96753,14845.570054282647
96754,21574.744717867852
96755,6635.271467633667
96756,20140.4597831395
96757,9459.051736101786
96758,10651.548080265822
96759,15719.447839511884
96760,32997.693862167835
96761,9252.656890654678
96762,10945.03948509054
96763,4899.201361124325
96764,16747.72880404956
96765,12343.607065648781
96766,20130.205110832452
96767,24933.64772336561
96768,16923.875979396384
96769,10924.312324928242
96770,9428.059621625905
96771,13079.171945290687
96772,15543.033698400704
96773,17940.74487837893
96774,21361.582901659964
96775,14760.030577960944
96776,23299.322034061144
96777,10768.491998620962
96778,13210.453777074694
96779,22956.56293174483
96780,25985.768010189106
96781,29869.365246633115
96782,19270.882917300372
96783,30048.8211790811
96784,9132.603802062973
96785,18051.299714120116
96786,8628.921721863746
96787,12648.124808448438
96788,7852.212594572185
96789,10290.074058549064
96790,6763.718391189655
96791,15392.9093155716
96792,8695.291232747233
96793,9136.176514072555
96794,12805.221352581915
96795,11408.858802404027
96796,25036.341792589697
96797,4995.470376076879
96798,29662.940310587597
96799,12196.379269460993
96800,11590.414543961473
96801,13293.159170952009
96802,15321.487697472052
96803,21260.887181212438
96804,13404.567007386871
96805,12594.644220916896
96806,25437.83949953827
96807,17690.834131156364
96808,18176.993560550978
96809,12278.000916322078
96810,1700.75035815857
96811,32660.176366239506
96812,12609.49435183303
96813,13710.00312215842
96814,21372.31996938597
96815,10026.115686675568
96816,13210.94920359944
96817,11127.464377309647
96818,12724.555291479026
96819,29678.685676811874
96820,9299.85313725228
96821,21005.743305550845
96822,12527.888924442812
96823,25974.978281003383
96824,6257.115684897659
96825,5991.30977107985
96826,13859.655810325405
96827,20723.45812632086
96828,11756.968350946307
96829,12218.119607564688
96830,13587.86640611026
96831,5694.499309206255
96832,8646.54332460095
96833,17987.684667258643
96834,13466.067697346105
96835,20107.528510414657
96836,14364.00219667616
96837,6559.385477457751
96838,24710.383710116035
96839,15105.411282618015
96840,10062.860654644825
96841,7353.538464452549
96842,12999.632697431754
96843,6284.0948383715895
96844,10865.348089081795
96845,18624.651124059834
96846,22294.39704266285
96847,12575.326497494163
96848,5286.7454948347395
96849,13098.788736650555
96850,20293.557746306647
96851,8021.312525116145
96852,7366.984774558404
96853,18985.73056133928
96854,12165.069634613807
96855,11326.357971965079
96856,10879.950885431343
96857,8832.212385329185
96858,7726.152418385388
96859,7381.2072935406995
96860,25355.05951847248
96861,16905.307084795306
96862,8836.324922981847
96863,9214.259016644572
96864,9278.246041411763
96865,13027.44303291997
96866,23813.787239536257
96867,7804.1520227800365
96868,19712.209342976825
96869,8342.649947348202
96870,10019.039554524967
96871,16886.713863551533
96872,13254.30145336064
96873,12618.951678949283
96874,5703.27949944913
96875,12842.762656797318
96876,24450.385929160322
96877,9879.199413186616
96878,20532.846419089637
96879,19941.99168521092
96880,13780.606388508624
96881,7539.6202119478185
96882,8545.552134253508
96883,21220.773036126542
96884,13807.486108396388
96885,16465.121174045216
96886,13112.36175612631
96887,14929.997868098262
96888,9726.23154343331
96889,17169.836200920596
96890,3860.510789537828
96891,14653.891119323149
96892,25992.29350604019
96893,6656.599186961761
96894,8281.228186169774
96895,12489.607798240593
96896,12277.974959705733
96897,9832.177747163027
96898,29735.009412159376
96899,8141.4328162477
96900,14438.177497982357
96901,23848.797166787732
96902,22303.18957593645
96903,17467.02530132914
96904,5849.971834055713
96905,18009.296465528798
96906,12192.17589761435
96907,12479.36848936031
96908,12997.823743310584
96909,13575.068635261026
96910,13975.04267912353
96911,30233.738891926343
96912,12579.239303338878
96913,15822.11426754775
96914,6819.481011067737
96915,26942.36939483804
96916,13273.345509784634
96917,11117.689250975998
96918,19365.97005990802
96919,7382.522831028455
96920,18576.84035118116
96921,7876.5085231625835
96922,14381.61158409685
96923,8935.385406258885
96924,29682.04120788636
96925,14044.35080954435
96926,32543.82633073285
96927,9384.539638406904
96928,21428.203048921954
96929,12167.526507945146
96930,13575.068635261026
96931,16804.735877753865
96932,29547.61227797182
96933,10029.240920719109
96934,7889.755446983883
96935,20629.138438584192
96936,25774.92721740395
96937,11936.100911432157
96938,16611.517144321962
96939,20405.370222011097
96940,9439.937498000432
96941,8130.589533598604
96942,19736.322019718886
96943,10318.086188426058
96944,12241.867769513288
96945,10180.83801841282
96946,15758.595558021989
96947,8437.987990394531
96948,8603.721337739027
96949,18274.69695491858
96950,12278.884904484685
96951,18121.8479805951
96952,6631.904616974083
96953,18898.7685291929
96954,23658.261104511344
96955,12563.36884456672
96956,9557.503823855477
96957,22005.807120368852
96958,13090.680076032386
96959,13173.55821584588
96960,24001.368078223655
96961,21990.36409376469
96962,11651.957462203822
96963,12691.011010756107
96964,6422.85163018911
96965,8902.910124217742
96966,6663.374638602357
96967,12914.821820205325
96968,14969.500514159592
96969,8696.678972913396
96970,9406.821015417834
96971,14069.64890267389
96972,9259.546859332922
96973,16157.947785710094
96974,8788.425852071716
96975,12464.633405898268
96976,17882.831524976078
96977,21213.459632314225
96978,9000.86297801705
96979,19017.648324499252
96980,8261.06205272359
96981,8739.738282366157
96982,17637.26568520951
96983,18562.67567870558
96984,17941.277644039124
96985,13123.447412290478
96986,11627.544867643128
96987,7026.382640290242
96988,6731.722225694568
96989,13554.634920684815
96990,21265.989879880366
96991,9259.546859332922
96992,10210.941943545746
96993,18013.859180462452
96994,2035.72944949319
96995,12965.677730066986
96996,16880.343186589496
96997,28118.79474526286
96998,13312.952428649542
96999,8437.987990394531
97000,20023.08762756621
97001,8646.54332460095
97002,17560.44150407682
97003,7518.927630138967
97004,13147.274873739118
97005,18933.53051910403
97006,11936.100911432157
97007,19108.812266830497
97008,12559.550422415927
97009,21886.73633400912
97010,14559.557912213115
97011,12114.1261935472
97012,13104.315592190727
97013,7854.086961143688
97014,5439.971685117995
97015,26590.070811346624
97016,11413.763993464698
97017,6657.75204391093
97018,12899.978089090257
97019,21991.045625814142
97020,12931.702070771571
97021,25732.200824968953
97022,21846.913048651426
97023,14732.333673094709
97024,17044.60694925457
97025,13756.51905932432
97026,12322.811174238823
97027,10231.046754243936
97028,9142.65981779233
97029,12745.702706120877
97030,7694.732358803438
97031,9366.677685226048
97032,5558.720324396111
97033,8874.434524812494
97034,11585.229225141784
97035,8045.739457797573
97036,9269.696122887048
97037,14249.709935714869
97038,12873.109196672878
97039,18407.285229782105
97040,8631.573385211243
97041,10966.214023709685
97042,9734.725825849775
97043,14935.263607646266
97044,9874.321786401386
97045,4575.299689651575
97046,16737.24555448182
97047,10929.828961164147
97048,8604.303690592482
97049,6418.90431366792
97050,10292.908015108336
97051,7504.698244665334
97052,11940.156208333407
97053,13892.75579221699
97054,11620.588768580996
97055,21719.80705647053
97056,21536.113075874124
97057,10233.07918580743
97058,23120.380068325332
97059,12425.213332326515
97060,14180.015941499207
97061,1809.0516416787784
97062,15984.063408847547
97063,18752.26994157029
97064,5031.503672914488
97065,6734.424266248133
97066,12389.785260928951
97067,28770.378916846825
97068,20771.811773893893
97069,25705.63391076233
97070,14857.395039215926
97071,7711.969055938506
97072,13258.668201585102
97073,10083.390195127828
97074,18698.427153807886
97075,19863.75882461569
97076,17453.649971451425
97077,11919.075120025733
97078,16490.279755208896
97079,13002.321231238917
97080,21969.913427878684
97081,12554.043172626582
97082,30039.17433746869
97083,12446.561376349375
97084,9358.06174449122
97085,5430.910393795438
97086,13445.192702221304
97087,13330.739860227277
97088,16011.923382490713
97089,16071.726502366095
97090,14769.03928541852
97091,10766.993493326088
97092,10026.125642306633
97093,24774.19218149551
97094,13505.530655368284
97095,20667.143119985943
97096,12618.00580098418
97097,7586.715166663549
97098,17857.462712796627
97099,6740.744029144564
97100,9502.915066922438
97101,31568.777501866938
97102,14150.687354512553
97103,31628.982310491316
97104,8005.474050341041
97105,13232.287020604186
97106,15926.999381040254
97107,20512.687543174754
97108,17629.386941878172
97109,7890.011594924545
97110,14513.258966496913
97111,10539.594350429385
97112,13162.856348935784
97113,14404.233831755235
97114,20537.27657457365
97115,6074.644380467365
97116,7696.963108823156
97117,14768.617425997507
97118,15235.906171597888
97119,17636.980665912997
97120,13504.045163274539
97121,16617.59913965685
97122,11607.37465801781
97123,11636.108939274398
97124,9085.706737348846
97125,6806.236077494625
97126,10794.562350787151
97127,4439.901182545187
97128,6846.181471499088
97129,15795.874141173601
97130,16047.514117197828
97131,12233.17617175576
97132,5797.896482402854
97133,9890.133896926083
97134,26395.35661155072
97135,13123.127599695537
97136,10304.14750884385
97137,7935.284090884402
97138,11239.857410583649
97139,12175.945879200483
97140,13139.465053667704
97141,20426.95539593833
97142,19625.252515409633
97143,26007.346847305533
97144,10421.718169461517
97145,6285.368419925963
97146,15121.51793851907
97147,27311.897084762313
97148,21567.359938061094
97149,9269.942143768276
97150,14890.641329779786
97151,18807.644039112693
97152,21577.833286163295
97153,9235.255119606465
97154,14043.934704024488
97155,8746.483360519216
97156,8119.106117343852
97157,14464.452218811723
97158,12378.00344563398
97159,19042.44562347233
97160,29392.8401811602
97161,20381.725594234857
97162,7412.721419078769
97163,10912.183120868269
97164,20218.74233916123
97165,5167.679094242363
97166,13715.76060558211
97167,13293.619611189368
97168,8713.625152848714
97169,7393.9071201253055
97170,7920.746547236668
97171,21564.148459726348
97172,12420.329637561143
97173,12389.036821645921
97174,10876.614827965197
97175,12560.93787824316
97176,18620.53513182195
97177,8928.210107301431
97178,8969.918144150752
97179,14377.30567592751
97180,33610.524899941134
97181,15532.409909194675
97182,11920.050698699346
97183,14564.897751020002
97184,6782.4417531150875
97185,14394.250200807082
97186,9895.727586928093
97187,9006.630433285642
97188,21159.745065900654
97189,10354.565242498282
97190,6914.158885717768
97191,17048.60601607238
97192,10310.004074846345
97193,9724.409244631663
97194,12377.278154131382
97195,25352.56894171283
97196,13679.202493203196
97197,14441.510885122241
97198,8777.114616385774
97199,12329.848736091959
97200,8085.2181798582815
97201,11131.845589364151
97202,23813.787239536257
97203,13157.812715804153
97204,26648.92432357577
97205,4594.140909903637
97206,6710.398570762603
97207,11576.52826771147
97208,13137.31028544213
97209,6780.826337723031
97210,15296.085546475044
97211,18721.063304285828
97212,20814.927667058488
97213,24570.69681571875
97214,14480.737306071778
97215,19301.32057063242
97216,23695.088156452286
97217,17988.11914067533
97218,8885.97903597794
97219,9716.468751123795
97220,15968.824059595012
97221,9431.304182156422
97222,17677.426148357976
97223,12972.621724217768
97224,14290.554687118934
97225,17383.66156969667
97226,12489.280559082961
97227,15823.714750596613
97228,12026.90070784483
97229,11885.750745562147
97230,18113.902196601317
97231,6419.376894776603
97232,9429.231464733637
97233,23313.329548817324
97234,13312.952428649542
97235,12500.625892230457
97236,6359.555993521134
97237,8404.344877005728
97238,5008.8379837032535
97239,24577.538668848447
97240,11348.354990885375
97241,7658.6583809679505
97242,10697.850986101195
97243,10644.515567222026
97244,28780.276034226677
97245,28011.448595659
97246,11136.20200051271
97247,13028.236583203347
97248,12229.439082289786
97249,8884.22685426362
97250,16379.171175583078
97251,15809.930065207365
97252,13975.04267912353
97253,8825.674998762426
97254,22780.961028856957
97255,9528.157303499305
97256,12966.3322759135
97257,25929.771135540224
97258,17716.16272114822
97259,15268.058496405902
97260,13210.23427442905
97261,12549.423062044998
97262,8830.983300843876
97263,10889.820375322326
97264,6891.122798219573
97265,19933.700376519188
97266,11685.711928186696
97267,23683.594317225794
97268,13754.71597474282
97269,9428.365253932056
97270,6526.275608147429
97271,6676.846952048927
97272,24075.519670003574
97273,28183.55473634411
97274,13896.30195476664
97275,5484.8502484756655
97276,6820.770370278657
97277,19814.6803138032
97278,8387.185757277874
97279,13007.343785300582
97280,14232.450192300004
97281,9311.748956457606
97282,18904.04402307293
97283,23423.271683489318
97284,2389.095117164575
97285,9620.85424178975
97286,28426.36748536047
97287,8460.132022111347
97288,8964.765105940442
97289,13056.94887333606
97290,28953.07276316045
97291,9030.264164410091
97292,11910.961094347902
97293,10799.027402639935
97294,8434.393194589315
97295,8804.921668596007
97296,4301.779265060012
97297,25453.74236711794
97298,11804.82608212868
97299,14757.350350771128
97300,8466.695179908302
97301,12453.382184092834
97302,6560.179856102081
97303,30844.182430918874
97304,18298.874677465465
97305,12757.275430371054
97306,10029.240920719109
97307,11050.647697932243
97308,10668.758374006087
97309,8302.325877814683
97310,7564.675238885037
97311,9928.335737326313
97312,13048.826779878651
97313,17295.296867602097
97314,9781.821676699039
97315,17354.398486250295
97316,8114.453208466834
97317,11285.1738611137
97318,7193.962825647235
97319,10593.062313221244
97320,12256.552326167353
97321,16471.495751870407
97322,8220.05208373862
97323,23772.266014875095
97324,4324.7740176255675
97325,9406.957297390883
97326,8286.108732783197
97327,12344.148076235922
97328,12864.985618888964
97329,6219.13712987605
97330,10858.591488331758
97331,15514.917480251177
97332,15154.732585620277
97333,18068.584472071787
97334,9249.362293553399
97335,21050.89272354484
97336,9097.356355887452
97337,11120.142334670021
97338,7559.987188605294
97339,31418.04407052547
97340,6855.069091701728
97341,14578.320244383673
97342,11850.446517206483
97343,24070.092120049918
97344,5721.55466655401
97345,25572.12630894049
97346,8080.006435543272
97347,14533.398996967988
97348,10929.167608746118
97349,6806.236077494625
97350,23476.33687190808
97351,10936.868234630456
97352,12381.494664360429
97353,10459.361183402052
97354,8302.325877814683
97355,16416.78971981274
97356,9505.227441108684
97357,6824.330166634095
97358,8334.797657559646
97359,8637.653918201362
97360,7943.127759517768
97361,7148.135758245268
97362,14302.640041615155
97363,11059.170922198391
97364,12898.550045776165
97365,15327.397797010071
97366,12513.496425970241
97367,10616.269860811824
97368,9428.059621625905
97369,24979.58944100061
97370,19888.25862585008
97371,12649.357437265215
97372,13202.457537531733
97373,19827.554762092015
97374,13983.470990669504
97375,11053.648029911285
97376,7528.337342655763
97377,16033.591708728743
97378,22681.10777596583
97379,23284.279917048574
97380,16190.743614178784
97381,12947.824527175744
97382,14996.489490779028
97383,13566.762887065855
97384,12265.073969413163
97385,9759.789620625781
97386,17803.090508956153
97387,8929.268407315936
97388,9250.788998169272
97389,31235.801439828207
97390,29456.015231312245
97391,15059.672816006
97392,25711.099209713288
97393,7983.616969501149
97394,13202.457537531733
97395,13148.59654613579
97396,6677.919904664759
97397,8146.949163345948
97398,11743.696624794562
97399,12286.719218730223
97400,11185.922287235942
97401,7743.1005173067915
97402,9654.673510166682
97403,13612.4407528638
97404,13278.372869042578
97405,11135.366125727254
97406,5791.666445574727
97407,10872.816572324662
97408,22849.15224490252
97409,9867.917358600122
97410,10536.735692814467
97411,6558.628929134951
97412,10461.058269330066
97413,11293.780846695563
97414,29171.23411540874
97415,12222.30791751677
97416,16318.041497927457
97417,15868.163962806379
97418,20100.214511750204
97419,8167.572789082878
97420,13803.248209985959
97421,12995.144833830793
97422,12513.496425970241
97423,14159.448271695988
97424,19181.207472541704
97425,12236.110593658494
97426,7337.457913312376
97427,17112.986221386804
97428,17321.898607403415
97429,8722.128688145598
97430,13584.336034997807
97431,19481.38617485024
97432,15075.791831212302
97433,10641.836127750716
97434,20922.88592596086
97435,8419.834036113667
97436,5045.803528648769
97437,12762.877571973593
97438,8733.776347245092
97439,14433.101949194508
97440,12845.131940634583
97441,28422.48612910312
97442,6286.679000158603
97443,24290.28469261536
97444,9812.948026993567
97445,17618.986416027445
97446,24349.39727787793
97447,29294.6909928175
97448,9021.730268111673
97449,12644.075783235483
97450,7397.35259457103
97451,9132.603802062973
97452,8144.878119761969
97453,13972.008636452765
97454,15658.909488284538
97455,11560.536462408681
97456,25493.519796977096
97457,20082.935848650417
97458,15854.366705732671
97459,8215.844868237864
97460,9530.064136992185
97461,13693.898295935047
97462,17512.606236942313
97463,9792.20367004363
97464,11869.915784381416
97465,12227.204317684647
97466,10638.332801114053
97467,23808.896567121214
97468,25128.0626327065
97469,18413.211941158326
97470,15386.132123200525
97471,18749.67056092653
97472,6461.840052587897
97473,9301.274683170284
97474,11685.117258837445
97475,11893.016322076372
97476,26125.78364366784
97477,12604.371375174567
97478,12206.210030235168
97479,26225.14332914826
97480,29758.732851914312
97481,9005.607851999253
97482,8109.888387878114
97483,6671.403703998641
97484,12903.952995292126
97485,29095.058562138776
97486,13213.194636987831
97487,24386.89595011158
97488,21232.51525958301
97489,10292.988034784952
97490,7359.709063118813
97491,9702.584913040999
97492,19531.27641700292
97493,17806.946530715864
97494,16822.138380642566
97495,12385.005877778593
97496,13170.917183672107
97497,6264.1631464366155
97498,10035.941901167116
97499,8749.913536452923
97500,25639.221236166188
97501,9495.439685272631
97502,9346.128355783543
97503,16784.512885514105
97504,19747.001472289692
97505,15174.069937357808
97506,8293.029480682517
97507,7879.608600570304
97508,9208.986566731359
97509,20646.78128578774
97510,18919.289330721742
97511,12105.586083231034
97512,17235.22790204923
97513,17935.89837415315
97514,12587.6474678037
97515,15224.80047745386
97516,7326.867731054269
97517,24207.95580576519
97518,13138.507307646376
97519,20488.160374153726
97520,21274.917554962147
97521,6657.432520131817
97522,13182.4381698709
97523,18948.639416697395
97524,6693.545493515161
97525,8155.859915023722
97526,18307.52963832671
97527,4831.055411860323
97528,8413.526997032704
97529,21579.312309536428
97530,8064.469918208928
97531,28951.020149813852
97532,10338.197496923953
97533,25822.550312595897
97534,7142.0728160175195
97535,30505.80080032067
97536,14596.41357079106
97537,14081.63534623572
97538,16805.36433794672
97539,8115.862622429976
97540,12642.51312970747
97541,10182.703875148052
97542,10864.73081317705
97543,9887.410190413717
97544,12277.779554344383
97545,11151.993932574282
97546,12846.20042855263
97547,9266.06220300006
97548,15200.233903054577
97549,17379.542338824376
97550,10459.12032235452
97551,21398.240922958088
97552,9210.656059762287
97553,17542.933097913363
97554,3665.23752093684
97555,12301.830434568701
97556,13997.541661756848
97557,11161.992977367841
97558,16572.30396740165
97559,14875.243289961316
97560,6164.654521878805
97561,18268.649255209028
97562,12869.32727805756
97563,20099.683946974823
97564,15345.455829721937
97565,24742.726566929334
97566,8427.682767428616
97567,7126.7779711832545
97568,14286.8306134751
97569,14849.715448166337
97570,8111.901681511167
97571,26680.358452456265
97572,10245.100984859148
97573,12946.879809934348
97574,7917.624357900871
97575,10020.164261327622
97576,11457.670648309362
97577,7564.675238885037
97578,9846.68600904517
97579,8617.046155061154
97580,24270.75361510847
97581,21859.560506725185
97582,23803.13265146629
97583,8431.340916089439
97584,6829.152338564734
97585,25575.61518679891
97586,20484.773467633615
97587,10076.481740498579
97588,8956.73961579883
97589,25903.58178554702
97590,13249.518763574148
97591,19226.57140275979
97592,18847.027060723252
97593,22920.35432543616
97594,12122.109185468797
97595,6365.112864742616
97596,22792.219119056303
97597,9887.052006009582
97598,20903.428521843332
97599,9883.177549428723
97600,18237.02551945685
97601,10078.0681432421
97602,21479.758255863755
97603,13742.834325407963
97604,10216.86477563994
97605,15944.440157325482
97606,6031.406663169811
97607,19854.68874543124
97608,11191.014675902092
97609,6446.094148124202
97610,28622.16005421913
97611,16736.062218313476
97612,10898.021973123961
97613,13169.274171150084
97614,8648.328407731198
97615,13909.159096436151
97616,13586.987781347421
97617,12585.877702931828
97618,8420.963885749972
97619,30309.823602368004
97620,7546.762773289107
97621,20505.796057912015
97622,19189.353619673995
97623,8591.432663974298
97624,11835.620310648434
97625,11512.27043588776
97626,6562.8141361131475
97627,20555.912129379612
97628,19349.40929061475
97629,25652.858310401563
97630,17996.033648506836
97631,14301.474781765852
97632,10659.85095344698
97633,11506.924737310426
97634,13061.219429629404
97635,27214.109214365337
97636,13842.32487230298
97637,11201.40458972071
97638,7728.985705190949
97639,12904.269395418982
97640,33108.314353381655
97641,6419.376894776603
97642,17202.15554404032
97643,7867.452979376019
97644,6891.122798219573
97645,12091.828937123397
97646,17544.598843617507
97647,8001.063197166313
97648,6932.176422960437
97649,11200.335057198792
97650,17082.71236876903
97651,8002.010876928223
97652,20553.488804559704
97653,14934.319109399748
97654,6336.826087570356
97655,15892.22874152615
97656,16776.203325915634
97657,29198.255137141517
97658,11329.901876410677
97659,6934.120192446562
97660,9175.858463479546
97661,11035.593694575897
97662,8637.653918201362
97663,17930.545130907507
97664,27526.25783414414
97665,7905.751011275718
97666,12791.323122688726
97667,10730.80487080617
97668,19154.385558289698
97669,22523.61434854032
97670,20852.218915941732
97671,12367.331799084672
97672,23294.466582535024
97673,11428.460621232965
97674,8783.301935914686
97675,8875.301464170394
97676,6526.234016253173
97677,13564.800124380756
97678,7809.622224260014
97679,12867.892399072232
97680,12164.558779088573
97681,6332.654504548004
97682,22416.68798254026
97683,13564.875020439606
97684,11235.983660733233
97685,7334.041615652337
97686,14103.830356916196
97687,10787.992664241161
97688,7049.911799510197
97689,8251.490658482497
97690,17955.71682296185
97691,17621.910392651705
97692,19978.53745998776
97693,15165.463381578522
97694,12516.091320152173
97695,10618.914072305959
97696,9217.877642218564
97697,12870.943887477422
97698,5814.623707891396
97699,6596.066159520386
97700,21322.62543364232
97701,16101.23922562946
97702,8152.914493669874
97703,12521.664606644306
97704,7163.427012179879
97705,24160.643968595967
97706,17871.91480391641
97707,7525.932382231195
97708,12964.527955331032
97709,8716.206314876086
97710,17645.011808159015
97711,10262.12280432088
97712,15659.505323309033
97713,13756.007198915237
97714,16299.614296180898
97715,8790.329624439766
97716,15210.314001070388
97717,22098.63442387865
97718,9265.123204829437
97719,24938.267304098794
97720,7987.159775301661
97721,17164.654159455324
97722,16081.658590832985
97723,7101.895623936725
97724,11132.575007799174
97725,26511.06282259383
97726,2517.2324781484963
97727,8637.653918201362
97728,13307.393716902056
97729,12632.547128153115
97730,10182.24497267259
97731,17923.80375458472
97732,12996.67116192591
97733,20733.994287236605
97734,12090.193214574525
97735,12498.21979780144
97736,8437.987990394531
97737,19681.275888044172
97738,6698.387552550059
97739,10771.289102760258
97740,26728.209545182945
97741,17491.069370822825
97742,8710.707176758142
97743,12356.731724052876
97744,16933.223798539715
97745,18801.893874656023
97746,8084.838046621492
97747,6007.380637205218
97748,13182.4381698709
97749,12260.382984376396
97750,31126.76735941168
97751,6929.598756638768
97752,6861.733896056241
97753,9867.774623972786
97754,16936.2488145991
97755,12118.063573186555
97756,11155.714573495641
97757,14563.931981788324
97758,9527.632033751419
97759,18855.755845272288
97760,17170.908731850468
97761,19032.391680081317
97762,9434.211252236972
97763,6860.608994840492
97764,12869.51687001961
97765,10824.506909002146
97766,19726.116206790237
97767,26200.26218618525
97768,18657.380013992664
97769,8249.248344002503
97770,10408.521689755478
97771,8706.407723722185
97772,16710.087607908863
97773,25981.276104779023
97774,22392.280972067925
97775,10087.393888530481
97776,12987.578015180598
97777,24846.79708430737
97778,10565.43492940498
97779,8875.669656096514
97780,26186.086408726635
97781,10821.657142184937
97782,19865.028474444964
97783,6126.294469033229
97784,18378.680648588885
97785,8628.921721863746
97786,16908.822282076922
97787,19986.769005373913
97788,9646.145112930992
97789,11533.510911326895
97790,13200.738712782237
97791,12948.464751425674
97792,16758.321869256124
97793,12998.466262902639
97794,5019.323879978325
97795,14565.813275157196
97796,9887.351824228275
97797,12558.828005808626
97798,8741.952915158445
97799,14001.005115389835
97800,10137.978113725725
97801,8637.653918201362
97802,11066.285952819946
97803,7288.938825205854
97804,19279.29685410115
97805,6832.045950865287
97806,21232.51525958301
97807,12455.51990651122
97808,13552.12151590267
97809,9352.408773894886
97810,9968.054013337369
97811,26846.481412857916
97812,30035.22999537579
97813,13122.065663695848
97814,15050.256565312839
97815,7339.045058361397
97816,16028.742966831282
97817,23324.155618021017
97818,13092.282861111706
97819,3675.142611191445
97820,18681.930701533438
97821,14417.267545084536
97822,9783.29759942039
97823,18720.320258524567
97824,9457.753787421576
97825,17468.31327755949
97826,32040.8633565936
97827,17797.40358238549
97828,13861.473408587959
97829,21609.429133613914
97830,10475.717824959796
97831,15263.33370108439
97832,14062.285796990034
97833,21808.90064605809
97834,9915.455634204505
97835,9200.784593518585
97836,4856.03156911067
97837,13317.406754032236
97838,13160.189349181324
97839,25989.04889119759
97840,12298.61643958286
97841,16118.408587246515
97842,6737.809241134344
97843,8501.345363207958
97844,18787.548898726738
97845,9496.65657108689
97846,24293.081089004594
97847,21590.932907371833
97848,15267.806249365542
97849,8447.14788995915
97850,14715.069477437362
97851,14015.239870532892
97852,10255.552273365634
97853,7713.436913136912
97854,29830.178111824414
97855,27932.481350828126
97856,11782.663935839297
97857,9586.98474785709
97858,14558.35966531086
97859,12903.320230605801
97860,9329.190920265375
97861,6806.236077494625
97862,9223.606163105289
97863,9068.375888975668
97864,13575.136544902656
97865,14232.25461061249
97866,25110.561237142058
97867,17111.975456163647
97868,26304.522790743966
97869,13561.340419773353
97870,9428.365253932056
97871,6763.718391189655
97872,7794.775698346297
97873,12395.685782381737
97874,12716.05945429206
97875,21912.98339815457
97876,10955.514005091838
97877,13731.270400719759
97878,13396.798989791083
97879,15703.648647614767
97880,31986.591843546506
97881,4108.757741146584
97882,11724.978031972783
97883,11809.988626394434
97884,9964.863751515335
97885,11224.997365740262
97886,11046.576687081335
97887,12389.228625055963
97888,20780.03848784036
97889,11371.222932349892
97890,11986.748357718821
97891,12053.724006526878
97892,9960.344704664758
97893,14571.042948801101
97894,7127.073680555957
97895,13675.42651228718
97896,14414.402672020675
97897,13412.40168356245
97898,11460.612032134677
97899,8669.506407115356
97900,7355.450788785606
97901,7713.653854209526
97902,20504.476303159427
97903,11870.922594138701
97904,16854.929111686386
97905,9272.831087338816
97906,18196.252941713028
97907,7123.283744411419
97908,12035.600115940897
97909,18502.690396544232
97910,7406.524498372105
97911,11711.732147553088
97912,4715.8038133133
97913,20031.72748462539
97914,10006.818144488163
97915,16112.426810150007
97916,6407.326048425638
97917,12049.045931749512
97918,24171.278378655054
97919,7659.4384300795155
97920,8650.598452817403
97921,12807.791087289763
97922,12904.103299044371
97923,12156.939210231489
97924,11993.986970489394
97925,3434.866118896098
97926,9960.344704664758
97927,5976.190196866386
97928,7021.311985658607
97929,19379.94982987181
97930,6956.78235635036
97931,10842.204559450334
97932,12106.241740994717
97933,24923.61096572182
97934,20610.67119854975
97935,9849.800840411423
97936,13934.372805732444
97937,8693.833706882193
97938,6695.397309502412
97939,16392.51300865904
97940,10162.625817359094
97941,10022.471278554185
97942,24852.173656410807
97943,22784.913609960484
97944,17543.983617350874
97945,9269.358007900137
97946,20362.948697492862
97947,10393.342552565196
97948,8714.645272390302
97949,8913.457553076965
97950,18038.692474988307
97951,16485.43998143178
97952,13045.820392046993
97953,7196.126543735911
97954,6018.158573449389
97955,11723.912475361536
97956,8129.600668565397
97957,9815.163586453475
97958,21203.52203415083
97959,17313.070718122846
97960,7069.7703369638175
97961,13297.878496019961
97962,14481.598657138225
97963,6228.859524957521
97964,12540.282150900817
97965,13213.278011812075
97966,16023.973530395118
97967,15262.976008956954
97968,6862.155299574923
97969,24171.278378655054
97970,6958.359370385207
97971,49380.097307933785
97972,9074.407327330264
97973,8590.916022554738
97974,7364.437411374455
97975,7720.135962365698
97976,12000.74086903308
97977,11942.050667222342
97978,9571.147879122776
97979,11990.32246998237
97980,20848.319588885483
97981,8871.365278009802
97982,15034.681839682009
97983,11116.266735051857
97984,27868.7781824802
97985,6170.856018394653
97986,17816.225663503046
97987,11990.32246998237
97988,10633.042407038238
97989,17157.58673829881
97990,7867.789226419351
97991,8797.575487049855
97992,7225.804425809318
97993,9673.211318427298
97994,9296.781755534248
97995,12882.076987393515
97996,24377.729425238766
97997,14252.329811137044
97998,9468.183728429989
97999,10384.143199957034
98000,11248.983002704594
98001,18487.27565860827
98002,9183.49680855827
98003,21840.207271184026
98004,23063.107914423315
98005,12885.73258709903
98006,8432.159867962597
98007,13976.23469079237
98008,12711.419611219502
98009,11966.467962011824
98010,8053.3105211450165
98011,8882.803877836626
98012,9794.565882692945
98013,6587.484988850339
98014,6442.0741299387355
98015,7713.653854209526
98016,12687.546697985015
98017,21706.55252412851
98018,7070.373213966785
98019,9772.018526644766
98020,19148.06383095589
98021,24080.372674796912
98022,20909.700029302447
98023,31455.462761585342
98024,9510.737200619365
98025,16622.066938166623
98026,9792.607331799501
98027,1988.5880841074006
98028,9848.83142000951
98029,8129.600668565397
98030,22524.559505620215
98031,13976.23469079237
98032,7731.345969403034
98033,6170.856018394653
98034,14417.488603249696
98035,10182.294504585412
98036,12177.49887145713
98037,21308.0545052861
98038,24685.022905875372
98039,13248.827132150274
98040,9023.750076439359
98041,6170.856018394653
98042,18422.519742914876
98043,14437.291405644091
98044,8520.535046505725
98045,18650.2349874167
98046,15547.244512563297
98047,11966.467962011824
98048,14044.696275957498
98049,12469.72652519991
98050,11843.230052087127
98051,14710.798893536761
98052,6677.487554271463
98053,11990.32246998237
98054,8846.89412584513
98055,12313.283660953384
98056,27888.55158464425
98057,17527.42242802944
98058,6618.224282257518
98059,9317.921984365184
98060,11248.983002704594
98061,8375.566114381629
98062,12793.746302703192
98063,11566.129447042946
98064,8113.350107696623
98065,9429.142113316933
98066,6050.286866052818
98067,5634.071351347496
98068,12987.3577414594
98069,22419.908856003953
98070,8590.916022554738
98071,23518.937767498093
98072,7840.342150914352
98073,10869.396436656094
98074,19765.69582115216
98075,21706.55252412851
98076,6527.905137135924
98077,11164.244922277787
98078,29743.307345545458
98079,13530.402444539925
98080,7462.891703740945
98081,12535.383108463477
98082,8925.827200436264
98083,23263.576511438874
98084,11725.95632821422
98085,10132.882520505604
98086,11305.63106034399
98087,6656.652351102869
98088,25842.952916657905
98089,9132.475501842117
98090,3225.20402333012
98091,18292.89898982877
98092,8925.827200436264
98093,13619.587492795867
98094,21570.70354424939
98095,6623.597095068654
98096,7381.918260470119
98097,9468.485518485371
98098,11947.654668755813
98099,9960.344704664758
98100,20140.018247473847
98101,18276.86424289179
98102,10006.818144488163
98103,7526.2238473042125
98104,11593.862105827091
98105,12924.15993308777
98106,6925.57900506496
98107,8744.87874255554
98108,13104.966055743555
98109,24254.151576836724
98110,11020.020840374465
98111,7650.819800984283
98112,10930.861801146111
98113,8535.134476191812
98114,12499.628677647723
98115,10831.186554701171
98116,7330.524982157021
98117,22228.27899874963
98118,8867.484039403698
98119,12600.799781246831
98120,9979.439983946424
98121,8707.575217444166
98122,14165.704981248124
98123,14063.581946741402
98124,6956.635481699475
98125,6359.1253531661705
98126,19732.3417226362
98127,9865.141620306085
98128,26287.50708545818
98129,11977.30493928671
98130,14521.428183601576
98131,12035.600115940897
98132,11167.599603095265
98133,13548.938451911306
98134,10723.522745419807
98135,11945.084042224107
98136,12484.471435345304
98137,10633.042407038238
98138,10808.60200135595
98139,21706.55252412851
98140,9936.512453351572
98141,13930.730565608104
98142,2355.090716823547
98143,10839.680022843582
98144,17892.9897962901
98145,15147.228483139945
98146,9292.420531630598
98147,8854.554746431571
98148,12373.434090134262
98149,5405.266571730884
98150,7692.259348611877
98151,6831.520549772229
98152,11593.862105827091
98153,7064.006619325386
98154,8236.822295911392
98155,6595.992605087673
98156,11824.156800877936
98157,12630.88457594675
98158,15256.188208140977
98159,6667.518091584121
98160,19061.012577505167
98161,8256.838051077735
98162,7426.197195369614
98163,8256.838051077735
98164,4588.381164799577
98165,9912.462335468153
98166,19433.487467040984
98167,15507.92387666579
98168,18421.755015256535
98169,16347.682116729917
98170,6894.689447602949
98171,17540.38221330335
98172,7687.161705861439
98173,16346.337516330816
98174,13434.222720280079
98175,12107.00780336458
98176,5783.092471524332
98177,7840.210731542694
98178,7941.179276726778
98179,21339.67584363434
98180,13715.052947483953
98181,11990.32246998237
98182,3359.795985097081
98183,5725.919708583717
98184,6113.90407165828
98185,10633.042407038238
98186,4874.1820614270555
98187,11990.32246998237
98188,12618.377481436957
98189,8846.89412584513
98190,6527.905137135924
98191,12357.95369873844
98192,11997.106272799716
98193,46784.18427464463
98194,10825.308755879989
98195,6863.756774084468
98196,9028.828877858523
98197,18546.060555216383
98198,9877.120886828336
98199,7380.0255387885645
98200,10382.063399717896
98201,32561.5802132301
98202,10626.580157404936
98203,7243.309492827323
98204,8898.718476400207
98205,3984.6905584516035
98206,11990.32246998237
98207,8700.34672042232
98208,15477.553499928737
98209,12190.733964710289
98210,13631.761564948947
98211,12793.746302703192
98212,6526.79868891313
98213,17817.866276053686
98214,10925.388343589024
98215,10626.580157404936
98216,9579.951714398592
98217,14865.310789950017
98218,16222.20672584719
98219,11945.084042224107
98220,22276.988777973467
98221,9826.51863944112
98222,6531.457333369601
98223,5052.89862234953
98224,20508.40704067017
98225,9001.240469918836
98226,11973.747920559521
98227,16862.930472253982
98228,8053.3105211450165
98229,11874.224074332724
98230,11393.422782019694
98231,24509.632999641803
98232,9545.827834947928
98233,9622.1187613428
98234,14611.305584651347
98235,22166.872949177166
98236,20869.44794607508
98237,9424.004323518451
98238,9465.265761446435
98239,8898.141338648014
98240,7410.123213550235
98241,12797.691272080043
98242,16011.487039753943
98243,16560.50744959381
98244,6748.833666186834
98245,23913.24012714941
98246,7104.550298224605
98247,9558.61446776416
98248,7482.074103045743
98249,16645.952834763943
98250,14173.967511921011
98251,17376.264896909437
98252,8854.554746431571
98253,9723.743367234656
98254,7082.786224923023
98255,10633.042407038238
98256,12740.365963566792
98257,8669.506407115356
98258,5831.578475521408
98259,9449.863148578166
98260,10098.51919762695
98261,22419.908856003953
98262,22016.89704993577
98263,16723.022344095032
98264,11428.801609433538
98265,5577.287261179226
98266,10868.89691245965
98267,19560.460275364552
98268,10461.226649877428
98269,9012.472260201712
98270,10633.042407038238
98271,7450.854384660966
98272,13446.240746021589
98273,9465.265761446435
98274,2457.980717218892
98275,9284.659298985101
98276,9541.947176214424
98277,2493.5138716424312
98278,11212.968112134475
98279,20573.977032280964
98280,8731.92960670572
98281,20174.904076689327
98282,10633.042407038238
98283,6703.972879000899
98284,20905.822568509462
98285,20508.40704067017
98286,6482.416415019614
98287,9840.694573655333
98288,12469.72652519991
98289,25626.204072288107
98290,12514.77423650131
98291,11972.883936590644
98292,7296.0643414851675
98293,8797.190973315464
98294,8454.030693714149
98295,12629.469742674642
98296,9826.51863944112
98297,9465.265761446435
98298,11656.259925586883
98299,21966.47037187104
98300,17816.225663503046
98301,30380.77799044467
98302,7242.285018143686
98303,23306.16313544515
98304,20748.400588105185
98305,13617.899648556235
98306,8774.16216603444
98307,6921.469326314904
98308,16712.020898262836
98309,8716.65232583228
98310,17611.155656376286
98311,12749.056557359954
98312,6623.597095068654
98313,7843.290548298995
98314,10379.229740103512
98315,5514.574526551046
98316,9127.727646603407
98317,20430.59524092805
98318,10809.578646458736
98319,12324.05527894142
98320,11973.611429034405
98321,8706.478371584102
98322,27812.35812505246
98323,11247.168018222725
98324,7888.797000795671
98325,6958.359370385207
98326,49921.73801263455
98327,10633.818616366287
98328,8910.238610905137
98329,6120.981327882384
98330,6587.484988850339
98331,7413.74134321123
98332,8319.102025923557
98333,12184.561943905906
98334,42140.57324869649
98335,8707.576077903766
98336,8884.547658745765
98337,9397.629348374416
98338,7690.569761244823
98339,7703.898859559539
98340,12561.966345241039
98341,9900.053911844387
98342,16973.77073674209
98343,12464.556045526626
98344,2606.683987118632
98345,7990.453282807654
98346,9977.83150562377
98347,7031.141578264503
98348,14313.536673495506
98349,11636.397014453472
98350,11765.751592858094
98351,8481.648988170053
98352,10494.918858931333
98353,14232.286927812223
98354,13126.721814242
98355,6326.6176829769565
98356,10589.851139184098
98357,9833.0963993807
98358,5754.198839993433
98359,11943.275597133621
98360,7146.4842294700375
98361,12749.056557359954
98362,2759.4059780155617
98363,10607.643746085167
98364,10322.084736186871
98365,9205.807650131963
98366,9763.74958506411
98367,15329.607007384715
98368,6677.487554271463
98369,8669.506407115356
98370,18170.034702630623
98371,13521.989397129406
98372,3627.583941874646
98373,9247.384715719745
98374,23087.24212597561
98375,18038.73427313026
98376,14179.597437690141
98377,10633.042407038238
98378,8018.254059348476
98379,6687.034166811783
98380,10626.580157404936
98381,19304.356243630577
98382,9896.24929137076
98383,50286.327762257475
98384,7897.80505602588
98385,15448.850616196869
98386,16223.139338058023
98387,16494.409878149734
98388,15045.43228831221
98389,6418.304029687542
98390,15250.821793354122
98391,6548.875048977951
98392,9260.49059305984
98393,7358.390382030475
98394,19520.022176118906
98395,22646.656827766386
98396,7438.501091977218
98397,20204.954941874035
98398,7827.875228665411
98399,23369.21190540104
98400,9833.0963993807
98401,8222.75040576326
98402,7114.3397301475825
98403,8998.116407621606
98404,10132.882520505604
98405,18866.08915080089
98406,18348.145653237516
98407,3289.6343759303095
98408,4437.002862901533
98409,7647.140259426864
98410,17397.896878280717
98411,7626.871669731155
98412,8700.34672042232
98413,16991.856761151786
98414,7702.469496404208
98415,12190.733964710289
98416,8361.806531651891
98417,7871.4712357204035
98418,6695.397309502412
98419,10708.915657851234
98420,8735.995626360873
98421,12600.760771928439
98422,7386.4398277627515
98423,12618.62683127454
98424,9009.159219527208
98425,14135.704043710231
98426,8541.294672274777
98427,9465.265761446435
98428,17635.67311807879
98429,13156.532372421743
98430,9417.552189798538
98431,9518.037991431253
98432,12514.77423650131
98433,20735.305831878693
98434,11830.066412635093
98435,13966.522908269095
98436,21159.203270571892
98437,9863.901618500351
98438,7549.840219530839
98439,9095.543577911512
98440,15134.91592765366
98441,12589.356470327424
98442,22579.58990934512
98443,19233.69396270427
98444,22014.697363912783
98445,11476.031328264782
98446,8985.417433751078
98447,7123.937401854743
98448,20248.53467675291
98449,14182.952119661368
98450,9685.324643779453
98451,9035.279534337502
98452,24273.619277346796
98453,8401.71499835484
98454,9671.460988411594
98455,12485.96148479009
98456,24254.151576836724
98457,10814.45715222964
98458,12496.179262027597
98459,7553.887966571968
98460,9180.716237551533
98461,24171.278378655054
98462,11179.565077691885
98463,22276.988777973467
98464,13548.938451911306
98465,9218.97566973485
98466,14560.570104942184
98467,7681.1060075974865
98468,9303.785155903633
98469,17629.41882180795
98470,10310.871859590578
98471,18155.953546155688
98472,10782.923751385802
98473,11068.201040511296
98474,6412.572149286005
98475,7123.283744411419
98476,8018.254059348476
98477,10238.223822775242
98478,9021.050311443383
98479,6354.025299866153
98480,10104.870711780588
98481,6077.173554546947
98482,9541.947176214424
98483,23725.397367369493
98484,24254.151576836724
98485,9609.00069366437
98486,9539.227305759254
98487,13434.222720280079
98488,10141.859301740187
98489,11350.010289399659
98490,10016.487246085584
98491,21706.55252412851
98492,6412.572149286005
98493,13264.190998536342
98494,8947.998758182923
98495,11245.026299841378
98496,8432.52875186901
98497,14699.796603453153
98498,7731.345969403034
98499,9609.00069366437
98500,7609.4185985938575
98501,8917.604489079873
98502,5850.291051566562
98503,7944.332131543004
98504,22166.872949177166
98505,23034.757803810975
98506,7536.565825747043
98507,8092.6813234874335
98508,10384.143199957034
98509,6531.457333369601
98510,10802.331900188212
98511,18061.038692848593
98512,6796.986920219317
98513,15383.285034637214
98514,11168.50173125273
98515,23075.889412255594
98516,14904.678270977793
98517,21477.660556184725
98518,14427.403771893472
98519,7244.24576681565
98520,13434.222720280079
98521,10925.521798916981
98522,9973.37306344282
98523,23602.37205113207
98524,9072.964559828548
98525,6354.025299866153
98526,13248.827132150274
98527,10012.12840354842
98528,8723.991354812932
98529,21672.355264363458
98530,8866.991251166759
98531,12765.131519659448
98532,12046.404050127865
98533,13229.735397974702
98534,10167.461886775847
98535,4742.808240390679
98536,6829.700074447391
98537,13874.674009201286
98538,8518.929815102127
98539,17902.592026670005
98540,6624.573113827179
98541,27925.25043201755
98542,8969.45425033946
98543,14954.891374639854
98544,10862.503718255895
98545,9955.100992724083
98546,7926.496054430968
98547,18090.588610717667
98548,3477.591746175407
98549,5336.954528085282
98550,12155.963541958601
98551,25897.21424802709
98552,13342.840780892988
98553,9972.33556118621
98554,2252.8613073877245
98555,19520.022176118906
98556,12184.477421581361
98557,9521.117435305052
98558,9611.806553033493
98559,9962.13052179478
98560,2076.0873340842795
98561,20028.66210740913
98562,9312.027507303537
98563,13570.783894993938
98564,7506.346021754353
98565,10309.016412097802
98566,19377.825773562327
98567,7997.199017744174
98568,7465.4712282674345
98569,19357.441191291695
98570,12383.004634320136
98571,10132.882520505604
98572,31066.82499995761
98573,7782.39847952119
98574,24116.721395806344
98575,10811.257868288858
98576,9292.905613856656
98577,9297.054088484605
98578,13236.907728477629
98579,8064.29942645754
98580,6027.124312982907
98581,9292.868251168671
98582,8250.500154616107
98583,12478.52129652965
98584,22426.637334001265
98585,7806.291781170007
98586,11956.337801277452
98587,6077.173554546947
98588,7349.367355555103
98589,20573.977032280964
98590,12635.950946840678
98591,9604.601103257468
98592,21412.84470227306
98593,9973.37306344282
98594,10059.712894123537
98595,13521.585030958055
98596,7749.408847355964
98597,6439.79166691887
98598,20181.619955833787
98599,22419.908856003953
98600,3915.453346608769
98601,10811.257868288858
98602,12680.020293957381
98603,14232.286927812223
98604,8893.7027735763
98605,26299.70464329403
98606,15547.911530529613
98607,6596.725158103314
98608,7242.285018143686
98609,15216.176761988449
98610,9596.41099249546
98611,4528.1504726453495
98612,12019.257340182114
98613,6107.170079929762
98614,8953.949862817859
98615,9684.995028320183
98616,9115.931397056971
98617,11452.402952697843
98618,19942.358115960626
98619,16798.512439432634
98620,7879.9437506021995
98621,8344.8657754601
98622,11597.79828021909
98623,10495.182406691565
98624,6027.124312982907
98625,6321.616241472479
98626,8318.520624026112
98627,18021.8896438413
98628,11016.225431117435
98629,12415.404727187613
98630,6074.016478766
98631,15056.05095928668
98632,24543.678236320935
98633,8187.360739227496
98634,8797.190973315464
98635,14182.952119661368
98636,11985.645826451271
98637,10816.653316719481
98638,9465.265761446435
98639,7734.003475968394
98640,9489.746592273697
98641,18579.4983957024
98642,14904.678270977793
98643,13257.824751607706
98644,8326.967151223596
98645,22276.988777973467
98646,13186.671955789589
98647,8674.923676602342
98648,9489.969636731781
98649,9738.042044799171
98650,6461.968713074405
98651,7123.283744411419
98652,12326.41233244812
98653,7406.215059206276
98654,7689.743927607406
98655,11340.784115984588
98656,16192.442257444225
98657,9260.49059305984
98658,7029.160657725084
98659,7390.74175316892
98660,11282.06939006137
98661,9447.672410480543
98662,12583.921804614954
98663,10119.852243505193
98664,22228.27899874963
98665,12344.162766517076
98666,8988.517575847152
98667,10206.131657680253
98668,17886.651111279145
98669,9292.420531630598
98670,14263.938625937997
98671,16512.176278738254
98672,5685.152470704615
98673,9252.632633153848
98674,13052.668421780187
98675,22649.54452933664
98676,11995.723205575534
98677,28001.62723441791
98678,9496.63349556524
98679,7463.845147107939
98680,50125.67949297736
98681,10749.473985037705
98682,10495.182406691565
98683,11990.32246998237
98684,21710.82110187456
98685,10516.214179543473
98686,25090.769342580606
98687,7871.4712357204035
98688,8890.976989409703
98689,12000.74086903308
98690,9152.077862836493
98691,7942.755804883755
98692,20459.63809807001
98693,7969.75085731199
98694,14311.230848484269
98695,17142.55458840309
98696,13538.410896524994
98697,15731.038632140415
98698,12035.600115940897
98699,12269.319676413465
98700,17604.895647740337
98701,18155.953546155688
98702,9285.530563649814
98703,9009.159219527208
98704,23092.675042590934
98705,9534.121306477104
98706,17994.2713618271
98707,24177.767769573624
98708,10927.130720781011
98709,8992.876814725207
98710,8076.487814069328
98711,14768.89668565112
98712,21785.897146108255
98713,9506.016612406987
98714,10384.969763385334
98715,7549.840219530839
98716,11378.106854832015
98717,16730.488585768617
98718,13665.974172085786
98719,10298.535561375224
98720,8617.110360733413
98721,19619.154145027194
98722,4740.937530845517
98723,9169.93707896904
98724,13684.999485597793
98725,27374.42855768142
98726,12313.954434250969
98727,10684.32821394367
98728,9815.163586453475
98729,22259.268184307228
98730,13446.240746021589
98731,7990.453282807654
98732,14704.62953124476
98733,14521.428183601576
98734,6916.6357095948115
98735,12739.209554307292
98736,15002.879348736002
98737,22166.872949177166
98738,12617.567950331133
98739,7467.628282859642
98740,6958.359370385207
98741,23075.889412255594
98742,12158.52058806189
98743,10816.653316719481
98744,13213.278011812075
98745,19479.621082506077
98746,11709.117199814391
98747,10460.535901619165
98748,22260.965506714267
98749,14606.449681203718
98750,9684.995028320183
98751,25090.769342580606
98752,23596.266540844124
98753,7631.533188592808
98754,25334.358748112856
98755,8521.631868704957
98756,9863.012189131627
98757,19002.46653622944
98758,13521.909883709981
98759,8596.869586172428
98760,13052.668421780187
98761,2481.6895741396283
98762,6672.113296973284
98763,4998.932425142384
98764,9415.198959588592
98765,5800.360332962996
98766,16922.820986508534
98767,8494.048021572524
98768,3639.472216055488
98769,12509.02674094621
98770,25230.432850611713
98771,22151.314402927554
98772,9960.344704664758
98773,5880.236838612079
98774,11990.32246998237
98775,8065.468015506118
98776,7378.045138974166
98777,15335.636882715447
98778,17892.9897962901
98779,17183.916938624712
98780,21927.061385643858
98781,24254.151576836724
98782,9164.370533218233
98783,11312.929158138082
98784,9305.091285977163
98785,7446.670799842905
98786,2056.1916875526877
98787,10326.257942445962
98788,14177.719357657692
98789,13608.590108192193
98790,13952.438818626602
98791,11990.32246998237
98792,12190.733964710289
98793,8233.764962496532
98794,8463.09948284967
98795,13624.385182730006
98796,11741.807624034132
98797,7085.723898495491
98798,17704.42346634444
98799,3396.673983162028
98800,16055.709104536683
98801,14831.688249211133
98802,20508.40704067017
98803,10533.71736392515
98804,13446.240746021589
98805,9168.655003188365
98806,6572.4080613471215
98807,10028.378112752398
98808,23297.700210540435
98809,14137.42231022944
98810,23551.786118976393
98811,29088.136611210797
98812,11805.149321959632
98813,12598.129411695836
98814,2811.173533813591
98815,10397.639037875251
98816,6929.817707511578
98817,13740.812714445174
98818,24594.827962046464
98819,16238.390537163523
98820,17668.235186871367
98821,11483.55752638589
98822,10925.388343589024
98823,14676.879926459036
98824,7867.789226419351
98825,5940.148298459939
98826,9231.681422600483
98827,11419.362037505403
98828,22595.33707117726
98829,13949.26120229709
98830,29768.64584777486
98831,7434.253866813243
98832,17668.235186871367
98833,7296.0643414851675
98834,22699.43035667482
98835,24144.873593223874
98836,9977.83150562377
98837,6363.3925301004465
98838,2890.473874725883
98839,21603.28487266233
98840,21706.55252412851
98841,9960.344704664758
98842,9960.344704664758
98843,10294.139899301666
98844,7737.57938862381
98845,18038.692474988307
98846,24292.26587668551
98847,10579.128121547723
98848,12000.74086903308
98849,8456.427058623209
98850,14058.612487134991
98851,17967.989185476297
98852,23888.511239480365
98853,22343.17850839282
98854,49400.155580600316
98855,9977.83150562377
98856,15088.453168931772
98857,24470.177547491337
98858,9865.141620306085
98859,22579.58990934512
98860,12035.600115940897
98861,20050.06264193709
98862,7143.279978220644
98863,9356.383425053407
98864,12035.964652083043
98865,24444.42207783578
98866,11990.32246998237
98867,7871.4712357204035
98868,6030.345021348495
98869,12776.013732722336
98870,6656.652351102869
98871,9539.064207570173
98872,12749.056557359954
98873,8256.838051077735
98874,5989.0884633616
98875,27331.04399681535
98876,5198.396679386613
98877,21706.55252412851
98878,12673.689974530675
98879,12516.798838946515
98880,8810.790777003036
98881,7649.284245746327
98882,21994.92999346695
98883,7390.74175316892
98884,8834.018958918787
98885,7867.320376605712
98886,22049.1928173812
98887,7048.609382633276
98888,10633.042407038238
98889,8504.672122295047
98890,17588.610791035044
98891,20809.20973542453
98892,14325.308985508025
98893,8969.45425033946
98894,7366.196043822284
98895,2908.050210464771
98896,5927.988139960268
98897,8064.29942645754
98898,6863.756774084468
98899,13156.532372421743
98900,18810.60185411851
98901,10413.083061943487
98902,11712.107282118144
98903,10724.098068603917
98904,10869.396436656094
98905,12847.408448380005
98906,6748.833666186834
98907,25185.892743321892
98908,8944.469216621885
98909,21178.895473371995
98910,7865.072223581685
98911,49554.040083269654
98912,18793.169276926303
98913,6862.155299574923
98914,8106.091456074708
98915,12706.996519395298
98916,8250.749089030302
98917,24261.306275911455
98918,16648.690429231083
98919,11995.723205575534
98920,10680.605810143756
98921,12124.11717476542
98922,6927.48698557812
98923,9465.265761446435
98924,6623.597095068654
98925,14336.36310522796
98926,9840.694573655333
98927,8612.914616172306
98928,21706.55252412851
98929,9392.221525843213
98930,7694.199905554854
98931,6818.490585783003
98932,24367.363640868516
98933,11152.316762734416
98934,15832.34621408002
98935,17379.29669581431
98936,10538.513981663085
98937,6828.688980031374
98938,13062.734473120798
98939,19200.940543725927
98940,9465.265761446435
98941,14373.892831673242
98942,21091.878037371876
98943,11116.837436177346
98944,10929.46299161486
98945,5834.9775388222115
98946,11995.723205575534
98947,17976.055577862237
98948,18215.270181305368
98949,12469.72652519991
98950,6893.089219111819
98951,25053.927927198132
98952,10693.13911353768
98953,6696.653752685702
98954,9127.727646603407
98955,15884.525718891146
98956,20274.269031410273
98957,6956.635481699475
98958,7626.336322416613
98959,6916.6357095948115
98960,11567.488722849184
98961,9108.483509977541
98962,5609.93725323196
98963,1948.4233107044802
98964,6818.490585783003
98965,9231.168397287447
98966,12766.15287179663
98967,8839.93313368751
98968,17604.895647740337
98969,7787.885297833534
98970,10633.042407038238
98971,8129.600668565397
98972,20028.063045596486
98973,18106.426708966406
98974,11736.02343604412
98975,23893.963874596735
98976,10689.189906699614
98977,30794.312700636845
98978,19718.738244163982
98979,13182.128293485302
98980,21308.0545052861
98981,20442.934297758693
98982,11969.820702092606
98983,10034.07114596181
98984,25230.432850611713
98985,18502.690396544232
98986,8986.17465676652
98987,19963.15267171418
98988,15044.118333232194
98989,7146.4842294700375
98990,9544.124228553392
98991,9977.83150562377
98992,7889.525275550583
98993,20918.90002782087
98994,9427.278408160526
98995,24663.97569814794
98996,9101.749021538697
98997,16402.555874684203
98998,7720.135962365698
98999,9091.854283116332
99000,13241.412562740212
99001,9865.141620306085
99002,11053.114619497028
99003,7706.015846889797
99004,11990.32246998237
99005,13446.240746021589
99006,24527.62591837474
99007,23576.92361397554
99008,7631.533188592808
99009,30794.312700636845
99010,9001.86348980901
99011,12333.327091103081
99012,13521.989397129406
99013,8614.770444072556
99014,28765.031857030466
99015,21446.255027406874
99016,14437.291405644091
99017,5838.918959783365
99018,10565.787307530898
99019,9292.420531630598
99020,6979.007828987969
99021,25617.573259777742
99022,11751.445778925206
99023,24672.908194327116
99024,8743.776667254138
99025,6179.733170856736
99026,15162.555877927072
99027,16460.154219816653
99028,9621.97249833006
99029,16112.426810150007
99030,8744.87874255554
99031,25405.8616644289
99032,5745.298874780161
99033,9621.97249833006
99034,11997.106272799716
99035,11963.611192984483
99036,25013.361377567613
99037,17294.887084542068
99038,21728.853755669483
99039,10633.042407038238
99040,16953.48003981066
99041,7716.604849337975
99042,9960.344704664758
99043,18011.619066342104
99044,14819.129924413153
99045,24933.95228643166
99046,7452.1953219737225
99047,6491.3238709203815
99048,9191.120228092548
99049,9621.97249833006
99050,10572.592408573853
99051,6971.620875410007
99052,9276.054760502022
99053,9577.52803806333
99054,18097.00506097731
99055,8810.790777003036
99056,8852.267384376408
99057,12509.02674094621
99058,27597.05917196654
99059,8785.384260733055
99060,12682.14224573966
99061,12373.005127792638
99062,5831.578475521408
99063,8797.190973315464
99064,24933.95228643166
99065,10026.09589195954
99066,9792.607331799501
99067,19822.233251374906
99068,12496.179262027597
99069,7243.309492827323
99070,8064.29942645754
99071,11638.612437542803
99072,16050.461168643958
99073,13785.976028512208
99074,8064.29942645754
99075,15056.21324525427
99076,24003.683707713208
99077,10722.157741485256
99078,25252.261492395464
99079,14560.570104942184
99080,7085.723898495491
99081,9427.755312462397
99082,13293.544912913549
99083,9541.947176214424
99084,13636.316841947888
99085,7213.154627670678
99086,8158.656951278087
99087,7705.372257073523
99088,9717.684120019976
99089,12049.045931749512
99090,7214.174982214421
99091,14750.968612662013
99092,19172.160147640738
99093,9308.389065581425
99094,24729.054579283795
99095,10384.143199957034
99096,11956.337801277452
99097,11213.598851536848
99098,21401.613753300502
99099,10026.09589195954
99100,6077.173554546947
99101,8846.89412584513
99102,10633.042407038238
99103,6537.950354543362
99104,12365.880008321983
99105,6286.074064355789
99106,20607.74707656275
99107,12074.083962627516
99108,14699.557258465793
99109,12190.733964710289
99110,19261.756563185354
99111,7209.896468252071
99112,11639.153087398816
99113,13446.240746021589
99114,6113.90407165828
99115,9936.512453351572
99116,6956.78235635036
99117,4390.68712917402
99118,22419.908856003953
99119,12509.02674094621
99120,6361.221630874594
99121,11724.861219246703
99122,9165.5108810061
99123,8703.720920483875
99124,7871.4712357204035
99125,12603.618308365427
99126,7731.345969403034
99127,4603.245188095486
99128,7649.284245746327
99129,2912.223076075471
99130,9489.336523344244
99131,18425.386493719496
99132,8295.173780179655
99133,7183.652639522303
99134,22657.532308284735
99135,19676.78587059716
99136,10945.436777488476
99137,6166.812163111528
99138,20834.574629205967
99139,12303.626142749195
99140,8535.41180614992
99141,22322.383055482416
99142,10930.861801146111
99143,7174.613833874173
99144,9526.34443253257
99145,27790.667853047566
99146,19122.82682018602
99147,10811.257868288858
99148,10309.307526605544
99149,8440.039529589309
99150,42745.10001310031
99151,10494.918858931333
99152,8473.08580256318
99153,17813.462042101564
99154,7194.8287093795
99155,11073.843391958484
99156,8320.36756206718
99157,9581.696431985945
99158,17817.866276053686
99159,18056.86563464386
99160,3547.7171347977282
99161,12996.03306762384
99162,10847.892475516923
99163,6689.1301120623375
99164,16482.959005166893
99165,10782.934725191451
99166,7794.340498086097
99167,7731.345969403034
99168,9518.207878423447
99169,14466.268843578508
99170,6018.158573449389
99171,14079.833248703751
99172,9822.8299781004
99173,10199.655201349682
99174,12904.596417024815
99175,7811.300461852717
99176,12035.964652083043
99177,7260.62379996735
99178,10782.453257217006
99179,9468.485518485371
99180,11138.555480642104
99181,7179.239987925509
99182,18956.68189216866
99183,5732.74056885903
99184,12049.045931749512
99185,6979.007828987969
99186,11371.222932349892
99187,8064.29942645754
99188,4515.356237898168
99189,15427.263399796337
99190,9519.579296835822
99191,14963.10318199798
99192,21564.860649665494
99193,13261.379547160319
99194,13521.585030958055
99195,1933.7342714882193
99196,7012.574054393849
99197,7889.525275550583
99198,22579.58990934512
99199,24616.269890705287
99200,9977.83150562377
99201,29743.307345545458
99202,12509.02674094621
99203,8731.92960670572
99204,15001.95266657029
99205,15952.321556557341
99206,11161.759787246488
99207,11597.79828021909
99208,10680.219292696442
99209,19223.76694992985
99210,7285.280554812609
99211,7969.75085731199
99212,23913.24012714941
99213,8495.584149506702
99214,11539.95022992311
99215,11181.061552041785
99216,10633.042407038238
99217,11012.88361260026
99218,8320.36756206718
99219,12190.733964710289
99220,7871.4712357204035
99221,9541.947176214424
99222,12793.746302703192
99223,8924.854004424764
99224,7421.942075838294
99225,10633.042407038238
99226,9152.289438249558
99227,8803.683154590559
99228,10957.494802956016
99229,11890.83785241359
99230,18178.574530545517
99231,17774.734836870528
99232,12049.045931749512
99233,6509.3355251560315
99234,20821.400475706516
99235,23829.09319304648
99236,8917.104136080943
99237,6416.589858171698
99238,11993.986970489394
99239,11724.978031972783
99240,20601.425708879786
99241,5219.617459169546
99242,8340.476896855926
99243,18931.077452335427
99244,9862.898301642033
99245,17813.462042101564
99246,13231.104589574039
99247,9141.176026612286
99248,8917.104136080943
99249,8417.077502872819
99250,9533.225963556157
99251,12899.423961420367
99252,20609.427626752113
99253,9465.265761446435
99254,23725.397367369493
99255,16888.60463982036
99256,20740.585966404607
99257,8918.635073460748
99258,15151.383643090754
99259,7749.886265570726
99260,16482.959005166893
99261,12528.467090177654
99262,11340.784115984588
99263,7095.617411005877
99264,18507.82588884564
99265,12091.246916169772
99266,9823.858274987106
99267,19479.621082506077
99268,10394.848598928986
99269,8797.190973315464
99270,8858.5431730489
99271,7681.1060075974865
99272,13320.441571059013
99273,22258.7607521153
99274,3579.3317385378123
99275,14437.291405644091
99276,11138.555480642104
99277,9168.655003188365
99278,10782.923751385802
99279,5411.561216929194
99280,22198.869847323407
99281,15372.330176385616
99282,10132.882520505604
99283,3452.5978888502723
99284,7941.179276726778
99285,24069.501528723908
99286,7421.825049622624
99287,11606.464118308886
99288,20104.95854380226
99289,16426.96496924422
99290,7601.837121282857
99291,6432.8201871143365
99292,18011.619066342104
99293,11264.791351306616
99294,21796.072488764654
99295,12832.111835574302
99296,14611.305584651347
99297,5940.370038374752
99298,7330.524982157021
99299,9290.076110821834
99300,38755.92271607746
99301,6798.830958795361
99302,7929.665062808234
99303,12788.794720171561
99304,10483.023152350344
99305,6077.173554546947
99306,8064.29942645754
99307,12793.746302703192
99308,10854.034866929362
99309,12592.427610899967
99310,6187.226604855498
99311,18645.617130942304
99312,7692.259348611877
99313,7207.784375764923
99314,20905.82817913823
99315,9101.749021538697
99316,13164.012802987776
99317,20922.55581791282
99318,10925.388343589024
99319,14685.519213184998
99320,7364.437411374455
99321,9807.593632577658
99322,21949.247943739632
99323,6969.302784430059
99324,7871.4712357204035
99325,12126.636072374777
99326,7208.233432803432
99327,3695.7586328575567
99328,21150.677431988894
99329,7941.179276726778
99330,6474.124922136304
99331,8131.529791187591
99332,9526.34443253257
99333,12799.800190379045
99334,12793.746302703192
99335,18699.185983520096
99336,7526.2238473042125
99337,25382.412207886486
99338,8898.141338648014
99339,13941.594720250785
99340,6597.919853139895
99341,9614.960851096364
99342,22282.350479177097
99343,12049.045931749512
99344,7173.730750567756
99345,13906.567621799442
99346,12711.419611219502
99347,9997.795695810146
99348,24585.89065063782
99349,23464.407641348193
99350,14039.820320334844
99351,13236.907728477629
99352,9481.73077287589
99353,14904.436502129573
99354,8249.101188122922
99355,8797.190973315464
99356,8773.06819295958
99357,12091.246916169772
99358,6059.290319723837
99359,7424.320789362186
99360,13757.257265011765
99361,8801.581377822788
99362,12049.045931749512
99363,11136.762559045403
99364,12099.103278694376
99365,11421.788774790892
99366,9140.410922871473
99367,15667.09700507803
99368,15693.8544518701
99369,10318.548988766934
99370,22244.448095599222
99371,13685.39245682209
99372,13213.278011812075
99373,6862.155299574923
99374,10495.00556093918
99375,11509.049192885503
99376,22595.33707117726
99377,10684.32821394367
99378,7179.239987925509
99379,24367.363640868516
99380,4573.21078807297
99381,3915.7364705945693
99382,20762.826656848334
99383,9849.800840411423
99384,8860.887296103641
99385,25465.528442154304
99386,12752.293115725453
99387,27718.734288267427
99388,11384.269396330505
99389,21252.393807512224
99390,28057.239471195822
99391,10811.257868288858
99392,10633.042407038238
99393,10735.25730157864
99394,9157.564327645243
99395,7143.053346574835
99396,12516.798838946515
99397,10721.138352353071
99398,8567.215378980936
99399,8790.094405354937
99400,8475.289318194935
99401,25053.31542941611
99402,3256.9147886155406
99403,27773.316416654954
99404,13194.109740221646
99405,12629.469742674642
99406,10035.491151294682
99407,18594.24625235437
99408,12520.539028466805
99409,8736.852293527532
99410,6642.652127798236
99411,7158.603324980046
99412,10304.384140117889
99413,7330.524982157021
99414,20051.1695449784
99415,10047.697265385601
99416,11737.60134889413
99417,10024.290283839506
99418,11027.917350844318
99419,13959.716100662683
99420,3870.7949119747245
99421,11377.725868194046
99422,20124.758737917135
99423,21519.320451781525
99424,6979.007828987969
99425,13175.361706046895
99426,10409.320293489265
99427,7211.453262599285
99428,5834.9775388222115
99429,7463.01631676221
99430,10593.818184032503
99431,9225.076492597293
99432,9865.141620306085
99433,7179.239987925509
99434,14232.286927812223
99435,16798.512439432634
99436,9764.563058504335
99437,12155.963541958601
99438,7941.179276726778
99439,18050.135675803012
99440,23183.26258113006
99441,13957.772586453988
99442,7157.590829260669
99443,15387.874860795486
99444,5867.035256584547
99445,11711.732147553088
99446,17936.19830817337
99447,9008.550288021414
99448,11925.293157471657
99449,6390.556487327014
99450,6623.597095068654
99451,7716.604849337975
99452,22663.35672859216
99453,22944.88236102804
99454,22300.328758741827
99455,9213.464104356044
99456,10373.31065337227
99457,10144.047955011669
99458,8197.047997102864
99459,13521.585030958055
99460,7123.283744411419
99461,9772.018526644766
99462,9865.141620306085
99463,15445.005730631106
99464,12000.74086903308
99465,13270.83950485698
99466,9465.041556555247
99467,7179.239987925509
99468,4165.33348761135
99469,15477.553499928737
99470,9472.96768874661
99471,7120.235196332694
99472,5957.911461266601
99473,10209.538071399671
99474,12063.920240139572
99475,3339.245789625509
99476,9526.34443253257
99477,9927.654140491588
99478,11660.976784659544
99479,6030.345021348495
99480,7427.715638257823
99481,30327.076781965254
99482,14556.453428520286
99483,7214.174982214421
99484,4527.446810827448
99485,7375.561535600794
99486,8845.852223884413
99487,28082.37760836231
99488,9091.854283116332
99489,7127.089850683701
99490,7647.189108484716
99491,20459.63809807001
99492,20905.822568509462
99493,9986.704459670316
99494,6746.21267552945
99495,7145.755597267345
99496,9927.65942345684
99497,11029.442690284748
99498,9541.947176214424
99499,6525.027528489189
99500,6412.572149286005
99501,9091.854283116332
99502,6000.0914412787
99503,12049.045931749512
99504,9862.898301642033
99505,19312.507328886357
99506,8998.116407621606
99507,19150.3955560072
99508,7518.788428475291
99509,24254.151576836724
99510,6121.170505870575
99511,8920.23028661915
99512,17604.895647740337
99513,13691.943646510921
99514,9667.252274852995
99515,10850.099700652201
99516,11087.49225317539
99517,8744.87874255554
99518,11113.307899506295
99519,6615.734411044634
99520,8254.866812378621
99521,16264.12820885752
99522,10978.419605550187
99523,10925.388343589024
99524,22691.546946421575
99525,10503.897647329122
99526,12088.325354185945
99527,13639.62726125055
99528,16327.861620525278
99529,11305.63106034399
99530,7214.174982214421
99531,11335.790880663302
99532,6715.552042800237
99533,9863.012189131627
99534,6814.043590958681
99535,7922.702559639555
99536,18554.90217997109
99537,10522.369070048091
99538,13907.390209467472
99539,6756.597370700148
99540,12000.97855380565
99541,9868.004054857229
99542,13126.721814242
99543,8923.486681851948
99544,21619.141657050543
99545,20174.904076689327
99546,11784.28251211702
99547,15292.724017116596
99548,22259.268184307228
99549,10925.388343589024
99550,10039.204522738602
99551,5806.232028545143
99552,25980.680622585445
99553,11515.948631849378
99554,7704.698320973664
99555,23075.889412255594
99556,8707.575217444166
99557,9738.042044799171
99558,7199.259544738207
99559,9534.516176892357
99560,7214.170050769304
99561,9537.263401062206
99562,7692.259348611877
99563,9312.027507303537
99564,11042.643634386572
99565,13858.421333090539
99566,9417.806505301472
99567,11938.082184708474
99568,7330.524982157021
99569,23381.808216911893
99570,8397.562437484481
99571,10318.761143189135
99572,20104.83023952559
99573,9518.170897554546
99574,5982.925312658496
99575,10501.210437927644
99576,6661.407138478783
99577,17157.58673829881
99578,16840.589955832696
99579,20439.983089503552
99580,10233.899712046441
99581,8019.208612482816
99582,14688.646455709206
99583,9260.49059305984
99584,12455.773103447573
99585,17863.579933486417
99586,11419.362037505403
99587,10727.354847656128
99588,8858.5431730489
99589,6781.5844659959
99590,12106.241740994717
99591,12351.499840877028
99592,8053.773613370196
99593,10334.053029045634
99594,13104.966055743555
99595,29261.781243042344
99596,20001.636940874934
99597,10965.389580569845
99598,9948.499005357906
99599,15764.775534447168
99600,10141.859301740187
99601,23066.298475778916
99602,19849.76212037404
99603,9849.800840411423
99604,6688.387299218337
99605,14161.774849710215
99606,18155.953546155688
99607,9079.982012144807
99608,11990.32246998237
99609,7380.0255387885645
99610,10825.308755879989
99611,8049.2972359830765
99612,10034.07114596181
99613,23051.425055311618
99614,12598.129411695836
99615,6183.275092137179
99616,8364.345454741904
99617,7390.74175316892
99618,15045.43228831221
99619,7315.624513891369
99620,12116.215410940937
99621,3365.503097895128
99622,6566.137761851771
99623,12584.452058404248
99624,21192.897057883558
99625,11148.677137769784
99626,24367.363640868516
99627,10969.65772784084
99628,14800.25655193202
99629,7703.898859559539
99630,9772.018526644766
99631,21260.221489952844
99632,18247.0204634844
99633,14606.449681203718
99634,11275.04944639
99635,10260.701699856469
99636,7835.12143018853
99637,10848.893366218343
99638,12687.546697985015
99639,8576.305044417773
99640,14417.02617505528
99641,7214.174982214421
99642,11653.94297414775
99643,16430.53312756013
99644,11995.723205575534
99645,11473.940986931542
99646,3612.0539219561747
99647,30544.25087277086
99648,17604.895647740337
99649,16402.555874684203
99650,9142.593601369708
99651,27606.263548786465
99652,17221.60936908791
99653,8250.749089030302
99654,12924.03129154235
99655,8065.468015506118
99656,7929.665062808234
99657,12732.774360276222
99658,25280.97005762576
99659,8053.773613370196
99660,13113.818184497823
99661,9312.027507303537
99662,11874.806009034768
99663,6781.5844659959
99664,20029.347989309575
99665,22962.361451180543
99666,12892.129795643517
99667,6408.747805284059
99668,20138.71959983412
99669,19916.348293952957
99670,10257.30331773625
99671,10345.718268559851
99672,7941.179276726778
99673,19261.756563185354
99674,4238.784974298518
99675,6672.76371556495
99676,11972.883936590644
99677,5888.8942556697875
99678,6848.777132335623
99679,7879.9437506021995
99680,8609.335918445786
99681,13852.854014408396
99682,6830.984509239079
99683,9907.796355674996
99684,10482.276711686998
99685,12687.546697985015
99686,12832.111835574302
99687,9312.027507303537
99688,12007.299328207837
99689,11012.88361260026
99690,12185.56893389121
99691,11320.39538862627
99692,20192.161142755012
99693,7713.653854209526
99694,15330.922962511015
99695,7703.178785043494
99696,12718.538189148843
99697,8834.018958918787
99698,10741.427186198904
99699,11014.479424868528
99700,14586.097405911953
99701,9023.750076439359
99702,8231.755528976026
99703,20607.74707656275
99704,14964.239418070656
99705,7941.179276726778
99706,21706.55252412851
99707,12355.691803783655
99708,18636.731702994555
99709,10927.233337334259
99710,13617.899648556235
99711,8445.268431151855
99712,13446.240746021589
99713,17273.16020606244
99714,15969.27642377789
99715,16637.1686330143
99716,8871.365278009802
99717,13692.82288587738
99718,21339.67584363434
99719,8458.950837380475
99720,10633.042407038238
99721,6343.381252271677
99722,10182.402635395865
99723,12049.045931749512
99724,9977.83150562377
99725,11911.886512759873
99726,8716.156050474356
99727,12514.77423650131
99728,30627.262039295867
99729,13296.908288787472
99730,11980.965461688073
99731,12732.774360276222
99732,11429.317897729816
99733,9472.900284673004
99734,12074.083962627516
99735,13531.06082619883
99736,28072.226991067226
99737,23551.786118976393
99738,12598.129411695836
99739,8884.321219912232
99740,20909.700029302447
99741,16720.474125780445
99742,21162.582363188314
99743,6412.572149286005
99744,8175.230521202808
99745,8797.190973315464
99746,11148.677137769784
99747,8224.617518694433
99748,1998.3970643176804
99749,14435.28827290052
99750,18384.032120204705
99751,13402.601103945113
99752,7881.220128290119
99753,7135.70052193322
99754,12895.15143794201
99755,10971.33314945886
99756,6855.049804582092
99757,12135.606367153843
99758,7822.642826963501
99759,6748.833666186834
99760,9803.315054888244
99761,16267.2422583457
99762,8711.093171769675
99763,10016.487246085584
99764,7213.154627670678
99765,9420.463333564829
99766,9510.737200619365
99767,8210.59054262275
99768,14772.308733099158
99769,11598.349133819753
99770,14963.10318199798
99771,8752.043016619522
99772,15604.626851032555
99773,13351.000053074506
99774,24040.074345005694
99775,11681.012975345338
99776,6900.8959274864155
99777,6677.767263846724
99778,13098.18246642883
99779,12514.77423650131
99780,20110.158798406308
99781,4395.000707489669
99782,3776.7978333068963
99783,10406.850345347142
99784,12004.373550992585
99785,9472.96768874661
99786,12496.179262027597
99787,20913.70844499423
99788,11003.135944729474
99789,8059.6864338843325
99790,12514.77423650131
99791,22391.267616235826
99792,7162.364649597196
99793,14665.343940199675
99794,5844.568994842267
99795,10070.554116953017
99796,14915.04675874858
99797,6584.378323802906
99798,6077.173554546947
99799,5726.101154770851
99800,8953.949862817859
99801,11217.166798483759
99802,9168.221655457583
99803,20198.30055775794
99804,7912.296410391557
99805,11309.307957713123
99806,22259.268184307228
99807,16078.193492612212
99808,21271.665661467934
99809,18554.90217997109
99810,16402.555874684203
99811,21271.665661467934
99812,11016.225431117435
99813,9140.410922871473
99814,11770.366530640025
99815,11990.32246998237
99816,9034.958375029888
99817,17897.93095607333
99818,31455.462761585342
99819,22237.574443848633
99820,7182.920772886864
99821,15923.079170797504
99822,7243.309492827323
99823,8898.141338648014
99824,7889.525275550583
99825,8130.53636564302
99826,13264.190998536342
99827,13438.312902117586
99828,12775.631197964576
99829,6258.8574288665695
99830,9536.651522946182
99831,11874.224074332724
99832,12007.299328207837
99833,12740.432385918057
99834,8716.156050474356
99835,16402.555874684203
99836,13776.448138776715
99837,20436.48522811857
99838,11046.576687081335
99839,9006.67277254794
99840,6182.988344475749
99841,10986.176102305973
99842,6925.258057644549
99843,7386.4398277627515
99844,9345.96329621534
99845,17500.270256366763
99846,7661.929170672313
99847,10179.962162577174
99848,12858.770554504687
99849,6677.487554271463
99850,13004.12332694472
99851,20188.579011877686
99852,8445.268431151855
99853,10816.653316719481
99854,10880.866010256395
99855,9534.121306477104
99856,20909.700029302447
99857,7720.135962365698
99858,12012.660786170189
99859,20127.761504868708
99860,2644.122611831608
99861,13802.557714591392
99862,6943.581997381191
99863,12501.187371857195
99864,13148.381747579231
99865,9638.910341567953
99866,22294.66540277394
99867,12826.08613150156
99868,5039.124780853576
99869,17540.197434129335
99870,12010.052568055286
99871,14933.555376141428
99872,7511.111922269631
99873,10680.605810143756
99874,11560.488293066066
99875,50045.85505147207
99876,18642.735441687444
99877,9008.969020420365
99878,12749.056557359954
99879,13351.000053074506
99880,7213.154627670678
99881,13699.327705209556
99882,19033.77070219305
99883,23586.370275444526
99884,7620.71529829062
99885,12190.733964710289
99886,10684.32821394367
99887,6917.442377101758
99888,21401.613753300502
99889,12190.733964710289
99890,7990.453282807654
99891,12673.741485399316
99892,8041.8551373921255
99893,8210.15637729963
99894,23927.725944827078
99895,6626.987409613219
99896,9747.105199415604
99897,6916.6357095948115
99898,11995.723205575534
99899,7659.4384300795155
99900,10981.551443815753
99901,11606.464118308886
99902,12062.886613036162
99903,9819.073512473975
99904,9707.793790658865
99905,10731.078401874165
99906,15480.583109427878
99907,11380.304891653763
99908,4649.2618744317215
99909,14890.922619386592
99910,9437.71522947382
99911,15013.229340729793
99912,9708.747392641313
99913,17329.05609021018
99914,7277.526334051872
99915,11623.958529179889
99916,12995.276520903957
99917,15189.13907351425
99918,3009.788697194083
99919,7236.671465645739
99920,14328.153336846939
99921,3877.3699737641296
99922,8714.610400939468
99923,11739.24421111159
99924,9997.495000236055
99925,9021.237997512155
99926,9899.376480287323
99927,5463.330173229317
99928,7620.579220573471
99929,13932.638195935026
99930,14518.183161141413
99931,15475.48445809012
99932,15115.625039676856
99933,2519.299095865293
99934,6853.204694686724
99935,7679.567060932429
99936,8966.559196717568
99937,13252.494567542335
99938,9820.157389388769
99939,10299.013972587403
99940,9462.514865940168
99941,8364.86270470561
99942,12768.422646801839
99943,14708.299400509539
99944,9605.147647941325
99945,12119.717348394155
99946,7447.064746311178
99947,13188.494951365565
99948,7566.223817504176
99949,10557.188206229923
99950,7358.86642504975
99951,12803.668623007521
99952,9538.94003938722
99953,12673.488799734745
99954,10297.557795391682
99955,8430.351129577524
99956,11757.014404361176
99957,15768.28119533905
99958,13203.82801762272
99959,10593.551391346491
99960,7950.270048297671
99961,13259.565493099264
99962,20041.337474643005
99963,11536.558452819258
99964,7137.590145871898
99965,10665.277714165997
99966,5452.310266577191
99967,4585.994202858469
99968,6806.823004652625
99969,7149.229213123421
99970,8763.566519958984
99971,5946.27370493098
99972,12953.557454217946
99973,6695.154598580494
99974,9881.010483351016
99975,7149.229213123421
99976,19343.335729880753
99977,13173.898219816418
99978,14469.312465358546
99979,12318.964931894148
99980,7902.524418696382
99981,9965.91541524134
99982,11688.993958531843
99983,6098.872118121027
99984,14812.444002140368
99985,13546.144661463715
99986,15891.245637860882
99987,8214.695238030732
99988,7515.553609032795
99989,10100.537290402928
99990,14521.458077284922
99991,15367.03461811287
99992,16935.126212017378
99993,11338.418306227171
99994,8253.503714031966
99995,9965.91541524134
99996,15320.328675733232
99997,7032.248140843938
99998,10886.486624060248
99999,8173.966546860819
100000,15516.326254540396
100001,7042.535229525402
100002,12800.868313517942
100003,2521.9045890570096
100004,10868.563409380682
100005,7821.435950102992
100006,11145.252038523693
100007,10557.188206229923
100008,15137.214957890104
100009,10839.458463488822
100010,12674.436536503958
100011,10879.727366815972
100012,8177.91687559418
100013,12291.181866231578
100014,14601.017901535046
100015,10544.117751814209
100016,7974.817512050944
100017,9551.966852882935
100018,7825.66533882135
100019,8659.947048456394
100020,8431.309641529198
100021,5049.121350705981
100022,8387.793271483411
100023,7683.76515043731
100024,7717.703084007842
100025,12118.411554174314
100026,9833.174275308613
100027,8682.40829729394
100028,8326.189544459137
100029,15482.333190851336
100030,11477.86634832384
100031,7769.040765530231
100032,15658.900311574751
100033,10763.714782075785
100034,17146.03304754951
100035,4556.304602150004
100036,7898.704104400774
100037,6361.768068189226
100038,9299.637342124202
100039,10189.938532336215
100040,7149.229213123421
100041,7758.562224726573
100042,7579.8026549549195
100043,9947.63005600748
100044,7764.775711860277
100045,11139.683725572186
100046,5597.420359716336
100047,10761.32311386946
100048,13141.821261349589
100049,9637.248158307151
100050,13660.865808724753
100051,9226.955257900185
100052,10653.565381684351
100053,12731.715772154717
100054,11834.218005258725
100055,8793.501749419725
100056,10246.219955358269
100057,12717.34523813402
100058,6213.894326252591
100059,7279.983816532542
100060,8286.053199057515
100061,10367.123935031364
100062,9534.163791435778
100063,7799.539044670817
100064,10938.584321614891
100065,11648.049444069324
100066,10157.498852218283
100067,5531.493339493154
100068,6832.278230228633
100069,15144.904972446619
100070,6474.273714375289
100071,9426.562604207898
100072,9273.96259623131
100073,14069.089185199013
100074,8957.425854959778
100075,6779.341351223935
100076,13595.701252043677
100077,6603.055335091471
100078,10666.186543489412
100079,18388.049507129632
100080,13201.59105341557
100081,8259.223817992754
100082,10133.93141642845
100083,13318.450480076435
100084,11703.49865016556
100085,10817.939185098423
100086,9587.870009922557
100087,6413.381806650087
100088,6037.419326378378
100089,6060.338341817082
100090,16750.879420535657
100091,11142.774954809945
100092,14737.097534211534
100093,6049.7277882193475
100094,15137.214957890104
100095,16852.18356063013
100096,11978.427035087907
100097,10214.987379815606
100098,10713.861227054133
100099,11279.231709334432
100100,18007.630987339107
100101,9909.712467048665
100102,7272.424527764771
100103,15948.378106382612
100104,10628.829137884206
100105,10141.871053009681
100106,11484.362987177561
100107,16635.95469965804
100108,11170.882004384057
100109,9445.368556096833
100110,7377.511436817933
100111,14927.17338523438
100112,10770.218198262806
100113,10832.892885917196
100114,12719.73091506099
100115,15862.36214652002
100116,12069.81353306923
100117,11914.789547970386
100118,13109.503207005442
100119,10706.024295007694
100120,10392.574433704867
100121,13778.058953618425
100122,5814.685112346023
100123,10653.565381684351
100124,12171.071619471033
100125,5894.470989778506
100126,8182.255203388961
100127,13373.058341551603
100128,8710.628365056598
100129,7826.366875739009
100130,11206.647878162845
100131,11646.320771449797
100132,11256.378537112938
100133,9881.010483351016
100134,8137.445821425674
100135,9976.871829039319
100136,11333.558464413018
100137,21470.62543658648
100138,11692.5241292915
100139,11555.680020891818
100140,9960.337700945827
100141,10931.78602197655
100142,11696.919088465127
100143,15101.758605634119
100144,7176.638712422967
100145,15516.326254540396
100146,9322.951636497244
100147,5718.166043861511
100148,8166.667529911504
100149,16871.489861306596
100150,6069.570284184757
100151,12575.297127791853
100152,8925.067493290817
100153,8529.196895023182
100154,7473.225988704163
100155,15516.326254540396
100156,8295.517224598027
100157,13004.992342225587
100158,11196.638891316108
100159,9832.71497097593
100160,10008.486128786428
100161,12512.567907355084
100162,12991.038600541373
100163,13987.916020587993
100164,15101.758605634119
100165,7323.009868849
100166,15733.520860867282
100167,14651.366826615249
100168,7577.656557251265
100169,10713.861227054133
100170,14096.447867795165
100171,5420.010383680313
100172,9485.96869972529
100173,7660.911454631939
100174,16935.126212017378
100175,13891.821317782686
100176,15668.882346806764
100177,7358.2261226555875
100178,9347.332599099922
100179,12718.063986915933
100180,9997.495000236055
100181,11857.305548993867
100182,12970.25351587077
100183,13493.617046602152
100184,15137.214957890104
100185,6570.967479156327
100186,9238.550026164508
100187,9188.982749412595
100188,11269.221126613224
100189,16140.038949030091
100190,15599.337018431032
100191,5812.886272970327
100192,8397.843795975878
100193,8594.72386638034
100194,1921.4657376005212
100195,6989.863667710494
100196,17918.54860226398
100197,14788.368443362344
100198,8902.37462373175
100199,10938.660405342793
100200,8151.1660368281455
100201,8151.1660368281455
100202,13517.389458132979
100203,6227.5268364145
100204,10723.063203580372
100205,6715.170687057319
100206,11427.572385521747
100207,14055.125709809123
100208,15024.795353494741
100209,15527.796922760954
100210,11890.281123524554
100211,11064.84629195403
100212,6617.28520395736
100213,9279.209176530952
100214,5205.7112190219195
100215,9265.50694612124
100216,9416.385553717559
100217,5234.444813439038
100218,13240.009713933292
100219,8893.736358555085
100220,5621.208710792771
100221,11135.624166994128
100222,7682.19729740208
100223,5197.1369363972235
100224,12137.87410145393
100225,6851.494862245053
100226,9524.983568508282
100227,1165.4509123170096
100228,7764.775711860277
100229,5504.1303934563975
100230,9965.91541524134
100231,11548.24432172613
100232,10575.356147944585
100233,8384.80346452898
100234,6573.820100983854
100235,9873.02174980252
100236,9912.321052065263
100237,10966.776947350785
100238,10344.82539185298
100239,11280.308262219376
100240,10017.516566941644
100241,11268.525477863877
100242,16147.650154852563
100243,7548.623089273966
100244,9127.142625880406
100245,16573.233651487408
100246,3345.6162547468075
100247,7604.368752230562
100248,12832.029277354948
100249,7822.769033517257
100250,15791.441481170958
100251,14770.525038451173
100252,8554.44523440513
100253,10665.277714165997
100254,10972.100027694834
100255,7649.758021732267
100256,16578.82664305313
100257,6651.088837811601
100258,9594.891160908483
100259,10965.259314155883
100260,18771.999687826545
100261,10143.261504733513
100262,5285.983705155637
100263,9997.473791233992
100264,10188.76163954595
100265,12681.474697237934
100266,13413.749412137857
100267,11825.807331737109
100268,2937.955242124628
100269,7056.865594202998
100270,10685.438087604358
100271,11989.035286309552
100272,8050.8732442268965
100273,9778.338407229787
100274,8589.678287605377
100275,10060.894188985656
100276,10989.625145828702
100277,7632.13717191157
100278,14995.055750504294
100279,8797.690945618291
100280,8280.939132894366
100281,7906.357090078026
100282,8203.955128883901
100283,11142.774954809945
100284,7717.703084007842
100285,19830.316261708227
100286,6637.935648025807
100287,7035.844985909763
100288,10787.227343071781
100289,14527.692679898253
100290,3310.236330910007
100291,7807.406085922572
100292,13767.006525624376
100293,9881.010483351016
100294,14445.98361946937
100295,8496.32833758661
100296,8539.200947848869
100297,6771.7447215265565
100298,11170.882004384057
100299,9823.66704192875
100300,7432.429198720809
100301,8674.99383756828
100302,14469.312465358546
100303,12803.577219211675
100304,13821.74708669538
100305,10357.616052823298
100306,11134.140724479
100307,11809.81600912468
100308,6903.8463476723
100309,16023.20807422356
100310,14887.762326196873
100311,12797.353071333564
100312,15944.672801091596
100313,9217.957272272613
100314,10065.367853365926
100315,19917.909196263503
100316,11641.764131658156
100317,6689.133379569217
100318,14363.063781205341
100319,10054.941295406017
100320,16660.76225856783
100321,8036.313465402434
100322,12062.886613036162
100323,10665.277714165997
100324,5727.487924621496
100325,9594.891160908483
100326,10620.823891387194
100327,14096.447867795165
100328,14501.845161886584
100329,13767.006525624376
100330,10859.710282817436
100331,12746.485515773598
100332,11831.771743321078
100333,5617.076793565587
100334,9481.445690876793
100335,15252.015637416862
100336,17164.997929847348
100337,7277.526334051872
100338,7230.045444827171
100339,5853.913952074144
100340,13985.516998067482
100341,10790.445239734425
100342,6310.8909563158695
100343,8843.305304219246
100344,14930.49447676488
100345,11914.767705612401
100346,6305.5083882143535
100347,14104.119234218897
100348,15458.957240325688
100349,10224.606824721042
100350,6549.466662639108
100351,10035.542804158382
100352,15791.828235812263
100353,9827.554262067284
100354,8693.956787690728
100355,13810.14401581027
100356,7977.151285440319
100357,6562.295464490935
100358,11917.624757436612
100359,7501.011940599883
100360,9627.20099688865
100361,9881.010483351016
100362,7789.937890895477
100363,10409.902403988537
100364,12792.003602521958
100365,11292.16495629965
100366,10779.802829522569
100367,8028.358336928676
100368,15527.796922760954
100369,10182.01600651512
100370,9881.010483351016
100371,13041.512120664642
100372,6360.744852414378
100373,10108.810982260073
100374,9902.168805608788
100375,2005.5982581720375
100376,10690.557504036227
100377,7617.759560222279
100378,11287.713111966845
100379,11104.649517088139
100380,13267.983866163044
100381,15426.832199750788
100382,9932.956508267669
100383,11398.202697046572
100384,10653.565381684351
100385,11167.336578970573
100386,10051.087767001165
100387,13440.90120758984
100388,10665.277714165997
100389,11120.232020377103
100390,8013.40969031963
100391,5901.362639459418
100392,7191.931023238427
100393,15697.79796747044
100394,7566.223817504176
100395,9232.63159370245
100396,11446.605054486854
100397,10904.344079090195
100398,9904.30355086661
100399,9862.730588347653
100400,9828.905535010897
100401,11021.658949068462
100402,9724.774173091608
100403,9620.294744310318
100404,13401.470418786148
100405,12717.34523813402
100406,13350.54225410118
100407,5404.056520571132
100408,6224.19033184764
100409,6881.460618900973
100410,18356.161218427023
100411,7157.004372918373
100412,11322.225383039453
100413,11619.274459135255
100414,4457.750286589941
100415,12048.848045736026
100416,10879.121657329408
100417,9368.819303366874
100418,3881.325335278693
100419,15418.210682894463
100420,8400.531370858918
100421,10693.207662575402
100422,7598.18902462833
100423,11110.42627953178
100424,9164.214444239507
100425,9581.13342144813
100426,14500.57154377087
100427,10894.805640068222
100428,14022.683315695074
100429,11741.317351955482
100430,7222.909984691432
100431,15182.526995326138
100432,10904.344079090195
100433,10478.352588178639
100434,10210.404811645873
100435,7078.2535612928805
100436,10108.616811294041
100437,11119.509727012457
100438,13017.96029565896
100439,7632.98973809516
100440,10921.33168421142
100441,4995.557646037215
100442,11212.882216922215
100443,9039.905950887878
100444,11806.494707059046
100445,5348.5105178960475
100446,12265.81068471247
100447,9023.565264905788
100448,10886.486624060248
100449,10877.771159751157
100450,12186.041321926323
100451,11145.252038523693
100452,10653.565381684351
100453,7546.808416631687
100454,7207.14335280247
100455,10321.021583810942
100456,7052.5115627717305
100457,11066.057650805493
100458,8372.891252907231
100459,7228.130674184459
100460,14328.153336846939
100461,16594.620564596567
100462,10027.966536868968
100463,10261.84697705785
100464,6319.310491833551
100465,11559.272492157686
100466,8699.88856564015
100467,11423.584140593075
100468,6153.024452731701
100469,12016.610971819862
100470,5314.307109158839
100471,11705.63935626457
100472,16025.514729407054
100473,10282.504364276572
100474,10655.298621724978
100475,7083.093419176815
100476,8997.032692732899
100477,9891.873563000147
100478,17033.896110423255
100479,13497.76180221135
100480,7800.504546321921
100481,7427.380484966947
100482,8341.188795498918
100483,6494.641615961471
100484,10485.279175212007
100485,8895.780285160925
100486,7415.409694370565
100487,19001.088066550696
100488,7987.088694755559
100489,8290.53618711518
100490,14118.686154692508
100491,6984.307771465262
100492,10610.478735595187
100493,13596.326356683321
100494,7884.134975523642
100495,7678.681061075284
100496,10067.418366518177
100497,12421.177319962124
100498,6305.641075064122
100499,7072.9997078639735
100500,7130.0421642094425
100501,14261.85646532098
100502,4251.688081640567
100503,7092.653056769775
100504,10199.23667658891
100505,11121.185159000968
100506,12401.422553400822
100507,13341.330171551213
100508,10086.12438067232
100509,15130.325359208915
100510,16233.547766103256
100511,7207.14335280247
100512,7738.52341239578
100513,11081.152716354742
100514,7702.287496139422
100515,8478.277643462729
100516,5784.226275459105
100517,15503.177383177932
100518,9705.204071702923
100519,8479.57612259703
100520,14096.447867795165
100521,11014.811701448942
100522,11755.813863203646
100523,6606.953642201413
100524,10409.902403988537
100525,9197.130358476772
100526,16623.08315626373
100527,5092.097367420755
100528,7949.914436330819
100529,9647.682345031422
100530,17690.027360968095
100531,9958.563048668968
100532,13020.536201227444
100533,10557.097791011807
100534,11650.201293459088
100535,5733.3310011953345
100536,8968.64712730588
100537,13661.587089839546
100538,10677.087407351666
100539,13016.19927866028
100540,7735.200382242691
100541,16660.76225856783
100542,16621.417297172826
100543,8945.907323333588
100544,14090.779611446103
100545,13359.50382579981
100546,6101.038138311398
100547,6802.839351210565
100548,15426.832199750788
100549,18138.02342577416
100550,9751.808234347269
100551,10199.876952448183
100552,12125.025153774048
100553,10406.13507141856
100554,15258.316129649078
100555,9249.326028583506
100556,4349.902770193619
100557,15437.238146228596
100558,7068.820931415274
100559,7284.487463331515
100560,12220.731941828484
100561,13153.32565131216
100562,7179.928514502069
100563,6374.037010332066
100564,7824.3235423575625
100565,13472.589428347634
100566,10269.453946401776
100567,3478.985179057609
100568,6964.954332287555
100569,14243.171036116073
100570,8273.801518618528
100571,5326.404728606018
100572,11656.386372579866
100573,7714.938273313504
100574,9521.76632639558
100575,6717.44340320885
100576,14096.447867795165
100577,16633.477309858023
100578,10080.251042232441
100579,1502.5466551784143
100580,9125.276457167216
100581,7210.516141069692
100582,10663.488524542292
100583,10229.193108875621
100584,5559.458850432395
100585,5172.675598195733
100586,16972.992050791494
100587,1815.6170430442212
100588,10749.887324128595
100589,13413.749412137857
100590,9053.022869633689
100591,6959.759092001338
100592,10027.966536868968
100593,10749.358491535715
100594,15712.792365389843
100595,10691.408045462576
100596,17107.01356694089
100597,16886.76940863752
100598,8322.862655923991
100599,11249.334812906467
100600,15497.552970667115
100601,10665.277714165997
100602,12352.735502813159
100603,8834.961560535206
100604,6350.872886510176
100605,8063.561149354554
100606,9033.144821541495
100607,14673.452449097014
100608,12971.678486072333
100609,8646.814391222246
100610,6959.759092001338
100611,15710.793875453897
100612,12800.868313517942
100613,15180.976274590912
100614,9604.523411302776
100615,10095.91178167293
100616,12297.753042661983
100617,10569.093571651523
100618,14280.698727960365
100619,3917.3328780476922
100620,14286.033460085975
100621,9698.072086093529
100622,8106.1255408734405
100623,8627.414720691737
100624,10845.910507527435
100625,11951.246727851982
100626,17887.499508440935
100627,8893.99844497572
100628,8900.785462895481
100629,7032.248140843938
100630,5752.37573041187
100631,10889.69428992861
100632,11653.868348925185
100633,9832.71497097593
100634,9212.321397282023
100635,12839.083930925697
100636,10742.488647026577
100637,15633.729923608833
100638,11920.728904223293
100639,11358.68234419203
100640,15373.169051152203
100641,7709.006073842833
100642,15101.758605634119
100643,11468.772608407535
100644,13895.700268304214
100645,11668.270308463998
100646,7086.324618362245
100647,2071.4850159705984
100648,13818.972841691633
100649,5617.863301013375
100650,8295.517224598027
100651,8266.755509986275
100652,10527.460015299792
100653,10656.788926973717
100654,13592.42783283385
100655,8844.795859115973
100656,7907.424192514557
100657,5167.52130701429
100658,13413.749412137857
100659,12717.4598345057
100660,10157.498852218283
100661,10802.811772008714
100662,9805.174655922316
100663,3906.0018563435647
100664,12801.476427998607
100665,10658.848966233456
100666,14180.48641732703
100667,15860.040331245202
100668,6753.283803303801
100669,9678.60992311606
100670,7600.279796427441
100671,9119.300185953261
100672,9960.03675164585
100673,11135.624166994128
100674,17419.100352450932
100675,12800.972954541949
100676,9676.086777242655
100677,3233.206738620419
100678,6188.545559232028
100679,7079.535919716677
100680,14502.422948936428
100681,18641.077026279978
100682,11040.891881449495
100683,11209.113990668018
100684,8115.360595933272
100685,8611.295922378318
100686,7284.571488486995
100687,8736.986594277858
100688,7722.368960316604
100689,6670.09360573895
100690,9479.391905105977
100691,12256.605239380222
100692,8324.24628289378
100693,11860.505066989874
100694,15199.835853418746
100695,12729.087038757447
100696,9085.13618620705
100697,7889.831494677832
100698,13548.633293738116
100699,5960.879534785894
100700,9194.720727231312
100701,13124.855760593073
100702,7744.4783229692
100703,15768.039487209902
100704,11602.633085432655
100705,6041.326802120089
100706,5476.293430884963
100707,10168.665869530516
100708,11664.225256639153
100709,11878.711820098204
100710,14042.915365885698
100711,5851.955242887524
100712,16919.153168458044
100713,8133.8848872297485
100714,7398.996165704748
100715,8692.945891416874
100716,9537.041921999758
100717,10978.247861635355
100718,13350.54225410118
100719,9445.368556096833
100720,15878.905071654877
100721,12260.858734500478
100722,9368.197410889674
100723,8259.0490808527
100724,11243.21784896844
100725,10114.518183221802
100726,10690.557504036227
100727,13766.293971946176
100728,11067.171292327774
100729,9890.586083192638
100730,7764.775711860277
100731,10001.046808908593
100732,8306.431968692754
100733,10525.224406853009
100734,7858.614207361224
100735,9437.71522947382
100736,15182.526995326138
100737,7797.745908586496
100738,11328.391478785403
100739,9975.783988141142
100740,10879.727366815972
100741,12534.137117549275
100742,12343.268256338182
100743,9738.768628382333
100744,7132.783092096515
100745,15083.986095841665
100746,13252.675676387871
100747,7340.679341705127
100748,17296.49847451505
100749,15906.256618465843
100750,10612.691560154546
100751,10157.498852218283
100752,7735.200382242691
100753,13801.054306192676
100754,8905.24888061509
100755,8079.406521641152
100756,16792.007567564393
100757,6967.221485983288
100758,13348.69510570481
100759,10210.404811645873
100760,10214.987379815606
100761,8198.11415163001
100762,5488.248732768777
100763,8484.854634145084
100764,8556.965312737884
100765,12729.080778771442
100766,7113.615263192652
100767,10911.322748002358
100768,17096.259535901
100769,10872.695562620052
100770,8877.181134075214
100771,13419.72881756377
100772,6265.784581487798
100773,10023.968955179742
100774,12348.31824198877
100775,6229.524815192141
100776,13996.746270701637
100777,9383.973216340884
100778,16793.048171533832
100779,13004.651517808532
100780,7447.064746311178
100781,14213.734266633097
100782,15748.18294470288
100783,6545.153787222924
100784,8272.961638367771
100785,7501.011940599883
100786,12186.746854593282
100787,8539.200947848869
100788,16147.650154852563
100789,16211.795745665982
100790,13199.187067995914
100791,12138.204643158746
100792,7520.095088541835
100793,6828.478094491054
100794,13567.700679295396
100795,9418.32185414634
100796,14644.872421997601
100797,15137.214957890104
100798,8460.642275895103
100799,7296.281039192498
100800,13508.029890977228
100801,9489.677471199238
100802,10751.269151151822
100803,11751.898166117468
100804,9299.980617826215
100805,8476.142249851322
100806,10610.398317773606
100807,16812.24916074781
100808,11858.771787440026
100809,11917.074927519176
100810,8050.405496481979
100811,13345.807879165064
100812,12360.570493901798
100813,11993.309117719813
100814,11112.634154758025
100815,7302.549170360813
100816,12260.858734500478
100817,8063.561149354554
100818,11886.51711578077
100819,7230.045444827171
100820,7058.474576134452
100821,10169.093391600607
100822,11308.93945236296
100823,6393.753901697817
100824,10807.646684101868
100825,8727.342665589442
100826,13530.936908751459
100827,12217.179498774023
100828,9932.956508267669
100829,7529.452935590441
100830,7566.223817504176
100831,9724.790376698862
100832,13846.830784587857
100833,15451.02844610343
100834,15298.615606600464
100835,7161.296259521174
100836,10168.665869530516
100837,6667.945040605174
100838,3681.368665398135
100839,5382.743727332997
100840,9091.324493835906
100841,8710.995357417229
100842,7630.9778437017085
100843,6843.450151552166
100844,6325.47491350961
100845,10442.715995227014
100846,14185.744842677064
100847,9946.783328017093
100848,10910.020108274342
100849,11689.444283959183
100850,9006.614450024445
100851,11484.598882344426
100852,6571.730126435273
100853,10476.47349836654
100854,13036.482169100153
100855,2987.491318025818
100856,10690.919719422467
100857,8292.398630534068
100858,9832.71497097593
100859,9943.805995324134
100860,10854.085370289999
100861,11368.516712926528
100862,5784.907647200874
100863,10735.37675305189
100864,8963.276440716832
100865,12646.03110024983
100866,6529.056561528586
100867,12765.163041780515
100868,8195.694161970327
100869,10227.25096444216
100870,13840.197536725318
100871,14520.455340729051
100872,9222.834056176833
100873,4774.346701640421
100874,8121.233244064457
100875,8162.63092453481
100876,13511.60558671981
100877,13408.355652980916
100878,5576.038613314786
100879,6034.353061872779
100880,13758.288137929707
100881,8522.774114678285
100882,12132.337129889147
100883,2345.5580971674767
100884,10562.187734428322
100885,8112.864111607127
100886,10758.298597732402
100887,16793.048171533832
100888,9987.367734377367
100889,10115.181931382665
100890,15343.571841387122
100891,12186.508464632985
100892,6325.47491350961
100893,15137.214957890104
100894,12626.46973873707
100895,10095.219515444822
100896,7825.253542714285
100897,10090.319036570752
100898,9954.597061517128
100899,4865.438178637326
100900,9073.25081082935
100901,9363.586537719944
100902,12897.796038407612
100903,7614.8003658408115
100904,14736.457606898379
100905,9053.022869633689
100906,11019.642900731054
100907,6380.845405275856
100908,4059.8063992287393
100909,6344.908180217875
100910,7439.661342565178
100911,12026.036110591685
100912,16676.614857081
100913,6133.650186974604
100914,8253.503714031966
100915,8692.435905564687
100916,9738.333307809875
100917,10779.802829522569
100918,10218.416646341359
100919,13016.19927866028
100920,7499.090479360165
100921,10265.809003318622
100922,7171.772098750667
100923,11034.58852124322
100924,13901.60527244735
100925,4583.13915206783
100926,14253.176391531848
100927,7375.09953367899
100928,14096.447867795165
100929,7201.601558315867
100930,16667.00730369355
100931,13310.637865623088
100932,6765.997643233679
100933,10686.379237355606
100934,7874.595830681099
100935,10088.169555696097
100936,4862.639079035793
100937,11241.59029056567
100938,16698.423310182694
100939,10559.102566894215
100940,11559.22767361364
100941,8394.021587875408
100942,13799.66594543682
100943,11134.140724479
100944,9646.952580803518
100945,10203.83112988074
100946,6325.47491350961
100947,9345.584728087784
100948,19401.275553395648
100949,9973.885463380562
100950,7940.330913586209
100951,13340.283104677952
100952,6033.404213037475
100953,7823.797519557717
100954,6990.652856848863
100955,12325.081227846495
100956,14644.872421997601
100957,12280.57468400274
100958,6514.726979978484
100959,9728.864318863025
100960,14807.187914080678
100961,10486.008259375076
100962,13036.814022104369
100963,10910.020108274342
100964,10593.551391346491
100965,2796.427879665818
100966,7926.73130227655
100967,4604.450882421937
100968,10032.016283804154
100969,5958.1193102426705
100970,11910.840206506724
100971,9709.295450142536
100972,6801.733530022284
100973,11692.5241292915
100974,12454.104073532899
100975,6173.960365915098
100976,15860.040331245202
100977,10359.15267124712
100978,9299.637342124202
100979,10027.674604007143
100980,7467.200400644991
100981,6528.937186256578
100982,14019.907748963353
100983,11648.049444069324
100984,12757.720033804912
100985,11551.76973832963
100986,14527.692679898253
100987,10058.035487965513
100988,14116.779515555316
100989,10648.814794849355
100990,12549.410179710025
100991,12883.998865837022
100992,13060.279096611594
100993,9827.554262067284
100994,11934.166595421675
100995,9363.586537719944
100996,9896.15470850624
100997,14526.666125791107
100998,7471.06761855296
100999,8574.344235452554
101000,7704.138487395162
101001,13445.403533213741
101002,10021.467264648027
101003,14759.536806120163
101004,9642.430756609852
101005,15127.372968040143
101006,14090.779611446103
101007,7285.2836295028765
101008,10427.585832251936
101009,7277.526334051872
101010,10702.310501155072
101011,10690.919719422467
101012,17130.876597799437
101013,12154.231741521313
101014,7773.741490161127
101015,13548.633293738116
101016,15148.267055021526
101017,8663.092466451506
101018,8133.8848872297485
101019,13475.686477076062
101020,9534.010180537867
101021,8316.495647254114
101022,10157.498852218283
101023,9881.010483351016
101024,7506.452824666021
101025,13539.621388565589
101026,14096.447867795165
101027,14589.925118149204
101028,9952.67484227696
101029,13277.793494420484
101030,7696.447934809672
101031,5177.082308961004
101032,16801.4594936855
101033,8370.462082161921
101034,10157.498852218283
101035,15793.090434346013
101036,12495.957622398353
101037,9698.072086093529
101038,9308.026282725186
101039,10929.330914153286
101040,12717.4598345057
101041,4476.101122262047
101042,13016.07386630406
101043,8857.855373794357
101044,5528.909176383323
101045,12869.080912961263
101046,6775.9687975666075
101047,14090.779611446103
101048,8386.20114746089
101049,13364.888491516662
101050,11096.184069548683
101051,13262.103744699545
101052,14096.447867795165
101053,9874.097213456718
101054,15206.3054630527
101055,11108.198497969337
101056,7738.7274829620665
101057,9364.850465150916
101058,16186.181236532533
101059,8529.002346129208
101060,7524.588065573317
101061,14334.454659852447
101062,10229.193108875621
101063,12826.073055016659
101064,13517.389458132979
101065,14767.033928554549
101066,11059.831515104379
101067,5249.706139360647
101068,13351.176479199039
101069,9364.649705333899
101070,12260.858734500478
101071,15540.953921915994
101072,3680.9391149374123
101073,13289.428219970365
101074,7738.52341239578
101075,11686.311553810456
101076,8021.852069521028
101077,12448.179276438605
101078,12151.78878628975
101079,15071.236759311585
101080,7086.324618362245
101081,8926.854214369467
101082,6355.856237575591
101083,9002.988638185116
101084,9881.010483351016
101085,5537.319276426147
101086,13066.28238232019
101087,14405.827350380963
101088,8372.613930219097
101089,7961.810504090153
101090,12732.14353761119
101091,9943.805995324134
101092,18898.45533066622
101093,6655.001172908853
101094,11199.687726198437
101095,13413.749412137857
101096,6175.678230683566
101097,9965.91541524134
101098,10605.300195973226
101099,15708.159903062939
101100,7958.8428944993475
101101,9211.277410190316
101102,9317.757062263467
101103,7856.634429436522
101104,11026.812785706452
101105,9403.120922443622
101106,16843.215979559598
101107,15133.654522059993
101108,7456.879834376168
101109,10820.75337759072
101110,17949.239302048612
101111,13848.639253280062
101112,7968.636643026307
101113,10779.311514982677
101114,7512.375347879993
101115,15418.786527116163
101116,8399.120203284829
101117,10000.876990727722
101118,12997.173253301442
101119,6735.341171564018
101120,7903.455364086238
101121,16700.166037296192
101122,13476.835204131668
101123,9970.118139587667
101124,5463.395674454989
101125,8918.108022625294
101126,6917.963096653258
101127,10388.312132340343
101128,13409.185522181087
101129,8448.4064198056
101130,9805.488343927602
101131,11074.977254928952
101132,6898.394905901309
101133,11044.443199845256
101134,11677.721975507828
101135,9891.873563000147
101136,9881.010483351016
101137,11798.972839601583
101138,10927.436328149808
101139,6875.68398204821
101140,6828.294111506883
101141,10892.846765699653
101142,15822.644932169344
101143,8488.428391834323
101144,8219.761086520104
101145,7400.9047287301
101146,9904.167422175142
101147,13721.330355128244
101148,10392.026302193111
101149,7607.232981166104
101150,9912.321052065263
101151,13004.651517808532
101152,7788.293870009302
101153,9977.98295376844
101154,8156.245793023515
101155,9023.565264905788
101156,7799.539044670817
101157,14252.686020825462
101158,7469.850377600521
101159,6313.595275461221
101160,10185.27920697955
101161,11578.406577299864
101162,11727.013399945821
101163,8716.35476680881
101164,11362.804210430944
101165,13467.353071698197
101166,6816.3901828859225
101167,10908.23127382749
101168,8956.4934646444
101169,14096.447867795165
101170,4258.8400624830565
101171,7662.052093682727
101172,5946.566878274135
101173,9396.0069888893
101174,8478.145213153271
101175,7096.674323666375
101176,11644.169638749945
101177,11911.9330796752
101178,6372.407978675119
101179,10931.78602197655
101180,13843.363467033367
101181,5833.135599891481
101182,8142.871463781058
101183,7890.867290445417
101184,9095.240853081334
101185,5583.387999082318
101186,8195.645790781498
101187,6916.482556022874
101188,14759.997361117436
101189,8285.905258281533
101190,7040.390591744867
101191,9437.71522947382
101192,14174.480450617802
101193,6611.778954063281
101194,15949.78800875738
101195,10157.498852218283
101196,12042.57465917894
101197,4838.327265587982
101198,6186.732405265442
101199,10653.565381684351
101200,12883.013781179352
101201,15860.040331245202
101202,9962.55987583858
101203,10157.498852218283
101204,6879.3353215865045
101205,10665.277714165997
101206,7223.460466247763
101207,14082.098177137219
101208,11982.31801683068
101209,5991.848366810527
101210,7803.776410141492
101211,10309.164435576453
101212,10986.818608061585
101213,7550.722711969106
101214,7543.493878771593
101215,7680.449523381653
101216,12805.153043064445
101217,8017.670657485005
101218,11179.386520046815
101219,16793.048171533832
101220,12038.272349267301
101221,8316.495647254114
101222,13843.299221971045
101223,7171.772098750667
101224,14082.246709674864
101225,12056.377252549422
101226,6899.996155314706
101227,8166.581993167126
101228,9374.140388037187
101229,9290.97769270379
101230,10989.625145828702
101231,11243.3591270127
101232,9934.923772505519
101233,11286.175594304912
101234,15933.309251097431
101235,10141.286745210604
101236,7452.99856271353
101237,15260.326597663754
101238,9787.929323217175
101239,14109.055587838198
101240,10667.130363321174
101241,13188.872424433705
101242,13778.058953618425
101243,4289.28821910369
101244,9419.564290545753
101245,16935.126212017378
101246,7770.120359809426
101247,9835.822646399369
101248,7984.92188284482
101249,16494.682696095
101250,7844.623896161419
101251,8309.649336551514
101252,9544.943259294183
101253,8798.669374070618
101254,12041.961481548475
101255,7943.544035269093
101256,8401.554465711471
101257,16725.947071393235
101258,9750.152916903873
101259,10329.971895225946
101260,10894.805640068222
101261,10498.86143287725
101262,9374.759753007123
101263,12332.978310399025
101264,7714.938273313504
101265,16667.00730369355
101266,12264.751363961397
101267,9762.286618970624
101268,6363.097478023587
101269,10185.160817305186
101270,9965.91541524134
101271,9162.097730448868
101272,19195.559939889084
101273,7705.2631834403155
101274,11476.233676019554
101275,7460.053438410623
101276,9451.360483686129
101277,6968.697658864259
101278,8508.311411974562
101279,10650.067891680706
101280,7738.52341239578
101281,11762.006695737407
101282,10409.902403988537
101283,7996.914558168297
101284,10557.1543600032
101285,13408.355652980916
101286,15818.270440053908
101287,14692.85127862571
101288,6560.831081906827
101289,14156.836009874574
101290,8488.428391834323
101291,12174.937512512513
101292,9778.62629854118
101293,3567.982046388635
101294,7909.269768144402
101295,10156.150549179325
101296,9006.726354533417
101297,8423.250673195624
101298,16364.210444650682
101299,11510.425923313338
101300,11337.048422242286
101301,15061.446791411277
101302,13079.24774435903
101303,6238.492505725122
101304,11568.74653024174
101305,11682.969160424562
101306,12186.041321926323
101307,9477.564424991595
101308,5972.984508696868
101309,8323.931078028992
101310,8846.605926711254
101311,9299.637342124202
101312,14176.011551992982
101313,8811.044770174985
101314,12325.081227846495
101315,12697.387428998967
101316,8225.467147373987
101317,11178.086437332273
101318,13267.983866163044
101319,7398.46772344072
101320,9977.4992502029
101321,6093.593863518415
101322,10720.773877161184
101323,13856.398636540911
101324,11924.47240237518
101325,15920.24995271353
101326,6997.595348430743
101327,9930.926188237989
101328,11705.336394732762
101329,12470.565201265566
101330,7032.312953233493
101331,7414.827385320066
101332,16678.392003436144
101333,11363.607385033922
101334,6903.676126110114
101335,15497.552970667115
101336,9938.7940846732
101337,12743.794019687428
101338,11648.049444069324
101339,10593.551391346491
101340,5872.707284556935
101341,6806.131115180589
101342,12279.828458869528
101343,14922.682170623597
101344,7714.938273313504
101345,11295.170220207965
101346,8082.950159847332
101347,10919.894273937907
101348,10575.356147944585
101349,4738.847619208758
101350,17927.550117308507
101351,10157.498852218283
101352,6956.405786924649
101353,6068.636457917353
101354,8226.53873010539
101355,10717.129914984871
101356,11170.882004384057
101357,13413.749412137857
101358,8727.342665589442
101359,11886.51711578077
101360,14929.557768476736
101361,12344.205206771949
101362,16801.4594936855
101363,10775.202952396145
101364,4224.777422726954
101365,6852.508091372539
101366,6958.6225545920415
101367,10870.097621303947
101368,9983.439330193552
101369,6227.611025691096
101370,10472.236116401686
101371,17998.084760918686
101372,9023.565264905788
101373,11580.574825981228
101374,7138.664664873437
101375,13559.929518133082
101376,14532.190140627878
101377,10275.460137450915
101378,11236.025836593473
101379,8783.858227724968
101380,9943.805995324134
101381,9668.178627336858
101382,7831.2772088867905
101383,10262.249665345686
101384,10653.565381684351
101385,12186.508464632985
101386,9134.120059581013
101387,14418.876338468599
101388,11145.1223575824
101389,10685.448594822743
101390,5732.696808309569
101391,10749.358491535715
101392,11701.801129352081
101393,9079.464125435166
101394,13160.157812152762
101395,14192.996641895905
101396,16020.492756784308
101397,9932.831570692035
101398,6267.52413896576
101399,10017.516566941644
101400,14569.857992236979
101401,8345.714006275915
101402,5897.2143964740435
101403,7878.5359208929285
101404,8303.66511471921
101405,12977.389317262821
101406,13016.19927866028
101407,8643.104672839521
101408,7234.02722914362
101409,18622.978603179017
101410,5693.744868286947
101411,11766.715822852146
101412,9841.387319758753
101413,6120.575203674464
101414,13799.045896758016
101415,8958.560200053831
101416,11243.455124026528
101417,16361.396577354613
101418,7149.229213123421
101419,6027.903658468504
101420,9072.199466228263
101421,10656.788926973717
101422,12008.077851069527
101423,10189.685458059423
101424,10821.380454264056
101425,7123.495270722375
101426,10388.224936035862
101427,13077.513359968447
101428,6226.730008392402
101429,9902.177791488433
101430,7220.067213299598
101431,7624.967520102403
101432,10493.7224728874
101433,11419.33357960167
101434,15148.267055021526
101435,14242.361866533967
101436,17167.15011194159
101437,6737.2520281689085
101438,16776.628773849898
101439,8253.503714031966
101440,10869.474712133268
101441,11729.045692219644
101442,12221.619485945936
101443,9303.175589106511
101444,10478.600248746057
101445,9299.637342124202
101446,13404.69004638614
101447,11243.3591270127
101448,6874.362306217806
101449,13531.793371702703
101450,8808.889287206614
101451,13059.605792714332
101452,13755.345318820191
101453,7738.52341239578
101454,10086.12438067232
101455,9881.010483351016
101456,14414.901789089277
101457,10691.408045462576
101458,16990.98891416842
101459,10434.23112143009
101460,5601.137732747299
101461,8862.03621301092
101462,7176.638712422967
101463,10886.486624060248
101464,12217.727254917767
101465,13591.17276634219
101466,14606.596576559281
101467,9704.742081395545
101468,13704.614033826734
101469,6228.154731925279
101470,11158.18019474166
101471,9978.891868499912
101472,5698.826337721802
101473,13321.065647073301
101474,10141.190942732448
101475,10564.850204675335
101476,10498.181183931703
101477,9953.100237727169
101478,7250.8696215464
101479,11204.45759428269
101480,5091.51390397723
101481,9986.073933977756
101482,10888.287685091986
101483,8166.667529911504
101484,7029.670515735971
101485,9313.444850205233
101486,14619.487093520902
101487,12091.401227464648
101488,14022.683315695074
101489,6722.824488534684
101490,5613.611512188117
101491,12609.49762797775
101492,10958.334047533066
101493,15853.002046935017
101494,9800.067995049241
101495,7889.1589826219715
101496,5923.548172841646
101497,7035.844985909763
101498,13122.427089369412
101499,5815.822913284065
101500,9565.705538620108
101501,22621.13012026665
101502,12312.845348349938
101503,10035.689355001317
101504,9786.767781782393
101505,12946.917745740706
101506,10911.576701948798
101507,12614.770469420224
101508,16514.058953364434
101509,16731.039107632503
101510,15642.111896018514
101511,7502.418364658065
101512,6624.333993428974
101513,6911.159272598884
101514,8795.589528994995
101515,8091.773337647782
101516,6959.759092001338
101517,9456.792311345465
101518,8095.583542260041
101519,17528.538123380862
101520,9351.881505463674
101521,12367.970729549521
101522,15101.758605634119
101523,11619.274459135255
101524,10219.844635151416
101525,13596.326356683321
101526,12073.821198212849
101527,9118.68955662909
101528,6191.240193331548
101529,7510.933654932339
101530,13184.183921939843
101531,14233.780260464158
101532,6819.144373431175
101533,4904.856112486902
101534,11921.852739976017
101535,5488.72752761362
101536,10171.05864882338
101537,7365.681048973638
101538,8604.349924787335
101539,14488.5098947959
101540,10775.202952396145
101541,9299.637342124202
101542,13153.32565131216
101543,14090.779611446103
101544,3959.2103720025693
101545,11210.391384224456
101546,6543.726478389364
101547,16071.94532777796
101548,12737.80848045446
101549,10749.358491535715
101550,10120.014060213947
101551,8710.628365056598
101552,7592.145213706181
101553,9723.975975621408
101554,8629.874944559331
101555,3543.533933110643
101556,10858.570351269214
101557,14461.782298651333
101558,12681.479314969669
101559,8451.96313040959
101560,7205.6438967212525
101561,10229.870764700174
101562,9662.57089618928
101563,16870.444396881063
101564,9182.407552055363
101565,10333.318921947746
101566,12805.238170447585
101567,9330.497243784312
101568,10246.712495467154
101569,14072.590444046435
101570,8312.84890833767
101571,12064.018016955
101572,6521.73834104233
101573,5874.984889796792
101574,12318.379736590843
101575,9958.852269828887
101576,14096.447867795165
101577,10648.814794849355
101578,16622.053083779476
101579,10214.987379815606
101580,8498.16596970263
101581,6786.869415405936
101582,6004.846651940047
101583,6096.301871159192
101584,9907.930110598692
101585,10866.641486349889
101586,6846.606760797023
101587,12800.868313517942
101588,6715.6812432836
101589,9942.700970550219
101590,8322.680402872766
101591,11646.914012415276
101592,12864.752035887657
101593,10814.229481563405
101594,12435.461584069917
101595,13868.074414308949
101596,11837.280792315145
101597,10157.498852218283
101598,18577.09584007108
101599,10653.565381684351
101600,13785.793750404224
101601,10731.929759991142
101602,6419.734849599137
101603,10879.727366815972
101604,10875.232993223879
101605,12385.78812649269
101606,12105.045613337279
101607,9951.462103399164
101608,6614.906705007585
101609,14096.447867795165
101610,11668.71520250995
101611,5207.322765018727
101612,7314.5513765162605
101613,7988.573615592354
101614,7505.947987707253
101615,15925.884615193949
101616,5333.174264014851
101617,8135.896187093788
101618,6347.827462315288
101619,9410.229356648017
101620,11105.502038081393
101621,7230.6290130982525
101622,9881.754338559982
101623,14219.67745483853
101624,8194.523794090135
101625,15148.267055021526
101626,10101.068193370314
101627,9636.332947755152
101628,14982.329237175896
101629,10987.990428485891
101630,4593.757582118013
101631,7197.9726365471615
101632,7668.294712908024
101633,16756.212047788413
101634,10752.946042153178
101635,21935.89652780117
101636,7228.130674184459
101637,9193.450738678952
101638,8352.854994034227
101639,3530.638294206529
101640,9927.123940370637
101641,12927.15193029501
101642,9550.293610360932
101643,5085.999763638461
101644,7798.4772407880355
101645,10860.123432104867
101646,11079.258086757261
101647,7738.52341239578
101648,11951.246727851982
101649,9881.010483351016
101650,12746.485515773598
101651,14498.881303800674
101652,15527.796922760954
101653,16851.139292474425
101654,7504.340678474512
101655,12608.485168776528
101656,7502.418364658065
101657,13906.175807706593
101658,16881.395224938617
101659,9523.59355252288
101660,10713.861227054133
101661,10157.498852218283
101662,6908.30994303215
101663,7622.427633093442
101664,11540.626074204614
101665,9101.297390135447
101666,8343.873235209003
101667,11865.201010989438
101668,9284.744366423123
101669,10661.0011018621
101670,13988.088806667683
101671,7992.027902904987
101672,11559.851430020375
101673,7227.47481003805
101674,8930.891281208505
101675,11533.192738876005
101676,8467.97176151641
101677,13546.144661463715
101678,10294.696477033885
101679,7807.965848133606
101680,10987.990428485891
101681,13877.58805601613
101682,7037.795943059226
101683,10591.04128386649
101684,10775.90843667597
101685,7329.086786645239
101686,11705.047859074544
101687,5604.379840207614
101688,9684.007443506403
101689,10229.193108875621
101690,9846.456922927144
101691,11619.39771558527
101692,8425.274117358464
101693,5313.383024091514
101694,12260.858734500478
101695,4775.338691753025
101696,9174.293807289201
101697,13705.071555401139
101698,9437.71522947382
101699,8421.843922548414
101700,10551.1306857948
101701,11563.655772770458
101702,11612.543909212303
101703,10001.046808908593
101704,12522.370514112987
101705,12533.913671529353
101706,9668.178627336858
101707,10431.072410464505
101708,10867.122885499553
101709,9118.570019160303
101710,7592.017946318712
101711,5942.994231630782
101712,9534.010180537867
101713,10876.35678465818
101714,10417.027527379056
101715,7859.48685943454
101716,10210.45150506668
101717,5524.794950878897
101718,12343.079472096255
101719,7067.101895681863
101720,8997.275989532103
101721,7131.211942905769
101722,7709.006073842833
101723,14474.483522789436
101724,9925.955506184817
101725,13511.60558671981
101726,5092.097367420755
101727,15408.435895802755
101728,12297.603475219355
101729,10604.12334631916
101730,13051.223800794536
101731,13350.54225410118
101732,11734.96122540616
101733,6029.875396034186
101734,9802.588664096986
101735,9283.092954730417
101736,14279.690050300962
101737,12615.234537286617
101738,12800.868313517942
101739,11337.515281988028
101740,11678.334965942493
101741,13840.197536725318
101742,8312.84890833767
101743,6876.866448948695
101744,9075.651364573594
101745,11610.957676137792
101746,14257.434901997618
101747,18008.24382766038
101748,9881.010483351016
101749,6389.663176707537
101750,10220.357113310922
101751,15137.214957890104
101752,13189.071146017492
101753,8491.315663791078
101754,6959.759092001338
101755,9851.248210926056
101756,7592.145213706181
101757,5998.009581427429
101758,12038.533865738376
101759,14956.218819465928
101760,16750.879420535657
101761,15878.905071654877
101762,12405.578490012782
101763,6846.360717358598
101764,8467.19501926202
101765,7288.873375804989
101766,10931.78602197655
101767,15012.653182967602
101768,18007.630987339107
101769,5964.991770748149
101770,2510.0118028077395
101771,7223.460466247763
101772,7585.073274994642
101773,4188.314179266717
101774,7747.854778671366
101775,7434.840672740805
101776,11671.532098318441
101777,8294.679196835892
101778,17142.591393081988
101779,11058.220685600123
101780,8554.903527743949
101781,15740.37695742571
101782,13647.260568576643
101783,11060.49564048837
101784,9997.495000236055
101785,10258.269340482562
101786,13607.416353627454
101787,6372.585408030055
101788,10544.520218212418
101789,4896.7692113198145
101790,10458.270868371017
101791,11913.944830893697
101792,16552.249059748414
101793,10171.09766460941
101794,9619.145634867245
101795,8028.849361918471
101796,14822.521879327356
101797,1582.0663071922106
101798,13782.98298724682
101799,10157.498852218283
101800,10761.699468648856
101801,11096.593028990888
101802,9864.392422211797
101803,7224.486042659768
101804,10635.53073322245
101805,10902.578724754221
101806,9441.994042614086
101807,15408.435895802755
101808,5498.762157703878
101809,8653.711758779991
101810,7633.939190808252
101811,13586.886689243129
101812,8637.951929994952
101813,13988.088806667683
101814,8445.46714233528
101815,13629.791669602146
101816,9960.337700945827
101817,9745.979341584882
101818,4555.463361374531
101819,8469.564991740857
101820,5733.572087680462
101821,10437.433893521493
101822,10648.814794849355
101823,15925.884615193949
101824,13316.571989109116
101825,16673.451010696444
101826,11677.368704413882
101827,13090.556627157162
101828,7986.857893636258
101829,11834.154225806957
101830,9823.66704192875
101831,12552.21613634464
101832,6389.663176707537
101833,12926.988463575513
101834,16173.867377329258
101835,7561.037567850821
101836,9620.294744310318
101837,3997.4397557851357
101838,6314.893678564173
101839,14977.152861029514
101840,7699.703869513568
101841,5807.402574233492
101842,14886.942878562013
101843,8427.527467306509
101844,9779.850819947012
101845,4392.385555871166
101846,9458.354608202217
101847,11245.601245695876
101848,8659.187995467493
101849,15101.758605634119
101850,14820.079707288436
101851,9126.165191118747
101852,14525.010949018639
101853,7802.137939647709
101854,10974.5911388735
101855,11734.96122540616
101856,7889.831494677832
101857,10653.565381684351
101858,9477.564424991595
101859,7442.658166711572
101860,14504.90992985722
101861,9100.92120986002
101862,14922.536639560538
101863,10600.591724955344
101864,7205.144154400189
101865,9912.321052065263
101866,16753.476019763664
101867,10223.87258349432
101868,7566.223817504176
101869,11976.589193516496
101870,17107.01356694089
101871,7296.439630710923
101872,10734.3784640213
101873,14096.447867795165
101874,14524.388092490715
101875,9698.480352173121
101876,11807.718646514657
101877,16095.924602175332
101878,8079.406521641152
101879,10240.987794981385
101880,7148.314991720127
101881,9881.010483351016
101882,8281.300809201231
101883,8141.751691597314
101884,10639.218263152554
101885,8320.090329583967
101886,7152.419969859572
101887,13313.020495385172
101888,5702.737638325485
101889,6530.235777512525
101890,13321.065647073301
101891,14611.802840617316
101892,15566.615257171756
101893,13235.911169950059
101894,9115.454948269562
101895,13062.171241688884
101896,6022.709858655007
101897,5246.736992384736
101898,12853.109530006348
101899,10969.70380505594
101900,13052.900309426552
101901,13778.058953618425
101902,16935.126212017378
101903,6299.832398370083
101904,11334.023278645534
101905,15191.053352340285
101906,6625.504025315064
101907,16136.575730876091
101908,13255.914540679802
101909,8655.867322646161
101910,14019.907748963353
101911,19356.450097720073
101912,8532.183457131972
101913,9159.78665212862
101914,11925.031071753772
101915,11076.15715510543
101916,8329.238212174741
101917,10351.7508823528
101918,11644.169638749945
101919,10962.623405261316
101920,10173.799457685851
101921,7269.255318047449
101922,13016.19927866028
101923,5037.348371266745
101924,14719.076185695196
101925,6588.288031843392
101926,19246.333395690504
101927,13346.062401162584
101928,7218.556905128123
101929,12339.252641552805
101930,8166.667529911504
101931,10022.319742322024
101932,9771.095689622167
101933,10477.919277198216
101934,13059.921593102903
101935,11406.03916627762
101936,12681.479314969669
101937,13368.593607145473
101938,5632.342555587328
101939,8538.139585446186
101940,9501.491595295442
101941,6735.499884774592
101942,23190.178876229224
101943,15384.764830976717
101944,8178.913055748416
101945,10568.344134449042
101946,11313.544501622575
101947,12786.962323029105
101948,7149.229213123421
101949,6505.431025557341
101950,12382.847304950395
101951,8734.033138323379
101952,8006.0065919219605
101953,11247.81805371976
101954,15004.760348524309
101955,13440.90120758984
101956,8345.714006275915
101957,13034.615644960932
101958,9461.102517118557
101959,11783.007049537031
101960,13386.62171483037
101961,6567.891429864229
101962,9001.03900955002
101963,6931.305594472067
101964,13941.760407327236
101965,14224.684452019817
101966,10653.565381684351
101967,6965.416026849116
101968,9678.124857335151
101969,6490.404035157215
101970,5737.0149998313
101971,6931.992087609237
101972,7648.048303713569
101973,2122.025389146527
101974,5998.784219362965
101975,7680.327200898107
101976,8129.322463551812
101977,12087.065420474575
101978,14394.454045475683
101979,9510.38252641907
101980,9072.017800874122
101981,6585.028091066436
101982,7029.638018061145
101983,7559.156378174164
101984,10937.385969956948
101985,5395.101587105024
101986,7437.4922071830215
101987,8842.271673119954
101988,15658.573553806935
101989,7343.436639156934
101990,10189.938532336215
101991,11720.184056891501
101992,9412.824957542227
101993,9912.321052065263
101994,10707.800995249716
101995,8850.105237666507
101996,14096.447867795165
101997,8282.843402067747
101998,9976.871829039319
101999,8808.399028309257
102000,7271.930427431485
102001,11313.712817039856
102002,9382.974289669204
102003,7201.601558315867
102004,15818.122288566141
102005,7698.6003882350815
102006,8522.908158193522
102007,12618.250142612891
102008,10160.184966598255
102009,9183.60268656782
102010,13016.19927866028
102011,13407.741875465532
102012,10972.023118655123
102013,9683.022890942399
102014,8927.417291536047
102015,9620.294744310318
102016,6842.610210819208
102017,10860.660736298028
102018,1278.0608959435183
102019,10653.565381684351
102020,8933.02504717291
102021,7762.293139034906
102022,10817.096770092136
102023,13321.065647073301
102024,12478.727909594028
102025,10542.64795400761
102026,9189.649608943699
102027,15385.386855293733
102028,8160.925883254932
102029,12703.809824401249
102030,6097.89180137863
102031,5729.1884614935025
102032,12424.13463793095
102033,3959.4118223053792
102034,18298.83919363525
102035,9029.418198237512
102036,6098.277071035796
102037,17403.644705235645
102038,10422.305507123801
102039,7164.89215051039
102040,11330.569890780904
102041,10931.78602197655
102042,10836.717693968289
102043,10150.682648389458
102044,10229.193108875621
102045,7476.431018937721
102046,10157.498852218283
102047,10690.919719422467
102048,9152.592642683487
102049,11612.543909212303
102050,10241.327008948096
102051,7593.993218866952
102052,8249.188601861251
102053,6708.660778154501
102054,17741.1603875536
102055,8746.256546071954
102056,13812.121261120037
102057,7681.796169860824
102058,8597.602834807207
102059,12848.828370177016
102060,7778.183666931262
102061,9329.105864251102
102062,10384.850964072859
102063,9049.174436490912
102064,8045.0478741835295
102065,10820.231571421658
102066,10866.641486349889
102067,6692.470233260153
102068,16071.94532777796
102069,10902.818146785532
102070,14213.2659703893
102071,17235.7687390877
102072,13261.438976681562
102073,10123.306631153408
102074,14783.93579058862
102075,6934.971973025118
102076,9803.522967062587
102077,10686.100413192547
102078,6955.018209540933
102079,12087.335843344901
102080,7323.009868849
102081,7909.269768144402
102082,10690.919719422467
102083,6987.741023810156
102084,9803.90411746216
102085,14792.446592849887
102086,16807.044359079824
102087,16726.75412073567
102088,10136.837741510222
102089,9986.073933977756
102090,9248.91426998338
102091,12329.474842365475
102092,11828.003592398045
102093,15806.323436925124
102094,11394.749922185312
102095,7524.588065573317
102096,14474.521130926409
102097,10653.565381684351
102098,10200.887857408892
102099,14996.685213009061
102100,9844.13401024956
102101,8177.754639594152
102102,5252.186239617648
102103,9185.807168788704
102104,9100.92120986002
102105,11565.859470881363
102106,6448.968904707037
102107,7152.062716993214
102108,7722.368960316604
102109,9871.503490443
102110,8159.9106693158965
102111,9912.321052065263
102112,16621.417297172826
102113,15527.796922760954
102114,15686.364864250145
102115,9881.010483351016
102116,15582.771177854482
102117,16020.492756784308
102118,10022.319742322024
102119,9481.234003286305
102120,13113.871215515424
102121,8568.51620234442
102122,10785.291426903339
102123,13237.612760225447
102124,9698.072086093529
102125,12300.909874569938
102126,6256.288917244855
102127,10048.36994440336
102128,7296.990405876531
102129,10157.498852218283
102130,9972.189413024627
102131,11729.008030642726
102132,3941.2919289396077
102133,9804.791569249528
102134,15182.526995326138
102135,5880.0041157833575
102136,8400.581748514123
102137,11578.406577299864
102138,11951.246727851982
102139,11646.320771449797
102140,8527.870155093113
102141,13069.656496541753
102142,10760.879705371977
102143,10663.945806224638
102144,5613.611512188117
102145,7794.506561436506
102146,10494.038839860057
102147,8614.459127327445
102148,7807.965848133606
102149,15897.033862530612
102150,8490.525192169516
102151,6291.794530759979
102152,10168.665869530516
102153,7666.104095280725
102154,10911.260620591696
102155,5794.13288298343
102156,7436.669521058666
102157,11039.663891903068
102158,9906.517153732937
102159,8075.2205089188465
102160,9660.569784423216
102161,16667.00730369355
102162,12814.219080860035
102163,9372.925619475152
102164,7958.564096375668
102165,10001.046808908593
102166,7437.460215570405
102167,7364.807707266996
102168,6114.716329349174
102169,9551.450456162851
102170,8249.188601861251
102171,12884.22327305013
102172,13917.27793027047
102173,13492.808658990127
102174,16731.039107632503
102175,20436.352577308753
102176,4780.2137649550405
102177,10074.953722728378
102178,6672.5675750497385
102179,9368.819303366874
102180,6934.971973025118
102181,8023.8367363979805
102182,10504.068231278867
102183,11135.624166994128
102184,11619.39771558527
102185,16290.60474602036
102186,14328.153336846939
102187,8147.930125609352
102188,14319.555270446705
102189,19618.70936429237
102190,15516.326254540396
102191,15529.97046293415
102192,11878.108366533523
102193,6969.940155520752
102194,5465.573973617543
102195,7660.911454631939
102196,7877.738824912885
102197,6460.749225634366
102198,7074.089305372242
102199,17403.644705235645
102200,8889.83025823339
102201,5570.942669515573
102202,10470.474125934536
102203,8037.234157536883
102204,7194.442488847109
102205,11549.871789447114
102206,9842.046675473068
102207,14582.01530876983
102208,10631.525897274734
102209,8458.18426791895
102210,12721.890219025741
102211,20171.691182054186
102212,14181.901691959169
102213,12359.16368894829
102214,6153.495202377298
102215,12514.311244554201
102216,8545.62587156248
102217,7747.253718590777
102218,14186.75625683901
102219,7254.638696579293
102220,13413.749412137857
102221,7456.786975475397
102222,9943.805995324134
102223,15090.98778523829
102224,14792.483772192245
102225,14022.683315695074
102226,7584.487504114541
102227,6677.564408216131
102228,10157.498852218283
102229,13172.51759129185
102230,10273.494556531887
102231,10236.04612616853
102232,9947.63005600748
102233,6052.011526495895
102234,10061.758670231902
102235,6837.071005223353
102236,7469.5608753885135
102237,8354.787584256761
102238,16498.723151054357
102239,13072.87312418619
102240,9711.181522657245
102241,7748.089799449567
102242,10214.987379815606
102243,6721.052622723068
102244,9892.619161295017
102245,11275.07669917471
102246,9374.581904515333
102247,9589.231641673083
102248,12513.26757152595
102249,9520.912252227357
102250,7649.758021732267
102251,15635.663664095027
102252,6630.859144104694
102253,9408.597019131343
102254,9584.22179715525
102255,6790.879853088703
102256,9881.010483351016
102257,9879.282360814546
102258,14481.310595350073
102259,4319.198160119451
102260,10444.447750790641
102261,7324.230281242717
102262,13606.371721627265
102263,8721.549623306124
102264,11538.618541386968
102265,15137.214957890104
102266,6954.0813125258965
102267,7795.104781356634
102268,14170.923435298875
102269,8112.408761949734
102270,9180.506076609847
102271,8740.286363971376
102272,9714.591078772515
102273,2031.0274814204706
102274,6364.4711484711925
102275,9683.022890942399
102276,10444.447750790641
102277,5563.509330884489
102278,8809.107061723364
102279,10214.987379815606
102280,10908.486897499795
102281,7223.460466247763
102282,16627.138525697763
102283,8456.15344783971
102284,5433.096773512578
102285,9873.02174980252
102286,9926.624323311444
102287,9817.488142293103
102288,8089.665283346628
102289,9683.022890942399
102290,10737.643752067856
102291,8398.386687439182
102292,15986.849683254903
102293,17033.896110423255
102294,15137.214957890104
102295,9428.4718977699
102296,15925.884615193949
102297,9923.21855074303
102298,3964.902491214443
102299,14772.164727209507
102300,16851.139292474425
102301,9881.010483351016
102302,12614.781916644572
102303,9225.866224225536
102304,13267.983866163044
102305,6989.863667710494
102306,14501.957224433287
102307,8328.461547577124
102308,9597.15260005436
102309,10872.685696118442
102310,6716.712117644373
102311,8082.576020367176
102312,10333.830247679296
102313,5752.15361478512
102314,8608.572993045038
102315,7491.141008467372
102316,6509.896321520828
102317,7961.810504090153
102318,12825.20551132488
102319,14760.955020820298
102320,9888.02307008658
102321,16147.650154852563
102322,7605.778826639325
102323,7710.967203613121
102324,14201.70224399783
102325,8220.934777422175
102326,10192.285778111478
102327,16969.906822376564
102328,10200.887857408892
102329,9244.321832547756
102330,8681.891396886189
102331,13058.853804104618
102332,10031.228512922458
102333,8380.685930706297
102334,8526.105985648455
102335,8544.922966387212
102336,13511.60558671981
102337,10662.984984773333
102338,7759.479292787247
102339,12796.07017216524
102340,9939.595950180992
102341,7403.709610409493
102342,7890.237981692362
102343,7375.737715666637
102344,17995.946567489547
102345,5462.595415181218
102346,13246.484496458927
102347,13152.537584236175
102348,6396.318134871567
102349,10963.20419214721
102350,19782.293699321683
102351,8903.741143337287
102352,7451.646733697498
102353,6806.131115180589
102354,13246.124155613454
102355,13581.395524070658
102356,9029.418198237512
102357,2281.425277935692
102358,6482.03178354937
102359,10200.863829345013
102360,7165.871211360321
102361,10022.319742322024
102362,10134.180049748775
102363,7501.011940599883
102364,8823.265498791308
102365,9294.894536037098
102366,9620.294744310318
102367,10605.122669529446
102368,9378.573407324362
102369,12037.987857229273
102370,8182.255203388961
102371,8402.544619096923
102372,8094.774044136008
102373,4291.749276907695
102374,4561.500275543258
102375,11416.61396574119
102376,13054.473188417438
102377,14996.685213009061
102378,11363.607385033922
102379,3727.197179217735
102380,10996.815317456896
102381,9213.928969659883
102382,10755.824996784368
102383,12884.7626922124
102384,9698.072086093529
102385,16207.36729379472
102386,12577.634954236388
102387,15834.149918402565
102388,10059.441624728122
102389,13054.071700934992
102390,6838.579920536724
102391,11568.74653024174
102392,10387.210634368594
102393,10402.708011623583
102394,4410.247958848191
102395,8079.406521641152
102396,9454.188602048425
102397,12467.883928630898
102398,11152.937018321152
102399,7158.346682689634
102400,3422.6072094996593
102401,9679.707322620097
102402,14688.841935158433
102403,11344.080468930104
102404,11614.14182988514
102405,9964.521784427665
102406,4899.99484928552
102407,9324.568036236878
102408,5982.477680225372
102409,12325.081227846495
102410,7191.332552492958
102411,19370.531842133958
102412,15849.75535309613
102413,10044.513157283352
102414,14469.478878335594
102415,12693.233124150482
102416,13854.922005481876
102417,10659.473274864158
102418,7747.253718590777
102419,11334.20542998617
102420,6089.602955467776
102421,12068.40307128684
102422,11180.708280536559
102423,6538.4321715366905
102424,10027.966536868968
102425,11263.373921142631
102426,11002.602719028298
102427,9023.565264905788
102428,8708.83725762386
102429,4556.267720692006
102430,6628.95127115566
102431,6332.892377049996
102432,9682.72679835819
102433,10857.50491643839
102434,17512.68822878915
102435,7420.203986702602
102436,10822.356317239275
102437,11654.982838783548
102438,10732.268980611663
102439,6316.596810927037
102440,7890.867290445417
102441,13288.201932889498
102442,10157.498852218283
102443,8665.643957167882
102444,8334.55602128478
102445,6421.93063446697
102446,11380.304891653763
102447,4335.533700636997
102448,9900.569144324947
102449,10052.10446267769
102450,9686.450731142419
102451,7356.9568756520775
102452,11761.871250194683
102453,7686.325527613904
102454,14759.536806120163
102455,14470.197494717244
102456,5897.2143964740435
102457,7219.700140037988
102458,9710.561753754931
102459,7196.9439167378405
102460,15254.043097130561
102461,14555.989353795563
102462,13253.812953177474
102463,8413.67544574732
102464,7240.278260323363
102465,6287.92353352023
102466,6072.95086960629
102467,9068.631855495198
102468,11899.55253942608
102469,7158.4808413171295
102470,12349.481297405708
102471,14932.232645925786
102472,11626.898647623193
102473,13511.60558671981
102474,10249.715474974766
102475,12154.856202755982
102476,10190.353761698627
102477,7393.247821211683
102478,8124.070062093256
102479,15182.526995326138
102480,9984.587210316546
102481,10886.486624060248
102482,11701.430219086998
102483,15182.526995326138
102484,13123.164058771987
102485,13093.357148921064
102486,14985.850623859395
102487,8283.087327955684
102488,7250.3443821452265
102489,5309.299368405696
102490,9388.981251487046
102491,12000.11240289579
102492,6000.493292953216
102493,6496.064363815182
102494,8392.722599302382
102495,13932.638195935026
102496,7599.322939705998
102497,7512.51519582534
102498,8149.974305686339
102499,12220.381435046489
102500,13378.926215371097
102501,9783.640986674229
102502,7502.418364658065
102503,10857.436153336768
102504,4046.491984062356
102505,11236.234578280713
102506,6853.204694686724
102507,8140.370000652297
102508,6614.906705007585
102509,10862.912536120539
102510,5911.792880790127
102511,8007.792287025046
102512,10230.73929393769
102513,17023.22911780256
102514,11487.889180593784
102515,8854.586420540518
102516,13987.916020587993
102517,12575.297127791853
102518,11178.448841306372
102519,1862.4978449721598
102520,14006.343440712597
102521,8677.508901407125
102522,7840.858921946219
102523,5778.880077291536
102524,9229.445951774418
102525,7373.0813928176185
102526,5992.768141137668
102527,8481.570372664955
102528,6978.5432197307055
102529,4628.2459925476605
102530,11396.649036682453
102531,10275.460137450915
102532,9084.162455347254
102533,7175.32035650806
102534,8365.850291022356
102535,15527.796922760954
102536,5178.817295575087
102537,13289.671908226772
102538,7660.6314230447715
102539,6216.254916783294
102540,11267.23065846228
102541,13449.854056598142
102542,10304.690241330427
102543,13283.43430693477
102544,14601.102086238923
102545,14221.763959293286
102546,8076.107389856508
102547,7592.017946318712
102548,15685.55917876618
102549,10879.727366815972
102550,15241.307513322388
102551,13321.065647073301
102552,8168.150803390272
102553,10421.117859041065
102554,12434.969340670776
102555,10660.104463649466
102556,6314.605286177066
102557,11276.88531799468
102558,13883.628347647733
102559,10526.645382611376
102560,15898.571810544476
102561,14495.79687404947
102562,3532.957540489646
102563,7463.90345793478
102564,8349.681549264116
102565,10313.049328117102
102566,10073.040363504317
102567,14225.240571710707
102568,8238.845468356396
102569,11552.23979700791
102570,8343.620736705947
102571,4947.912562665363
102572,3281.29945576376
102573,11261.21588521477
102574,9238.550026164508
102575,12838.718426961324
102576,9098.033261898652
102577,10742.624111521198
102578,11607.401089457677
102579,14956.218819465928
102580,4215.8475270966965
102581,11135.624166994128
102582,12687.05950650855
102583,10558.934594117965
102584,7613.400468188297
102585,10157.498852218283
102586,9530.376147281915
102587,13382.285531377018
102588,10893.327670888402
102589,14113.969676406838
102590,9698.072086093529
102591,11014.811701448942
102592,16743.07740126763
102593,11112.634154758025
102594,8412.978483992441
102595,10056.407621673427
102596,6228.703921657809
102597,8431.94295220609
102598,9876.274108413923
102599,15451.02844610343
102600,15451.02844610343
102601,9477.564424991595
102602,8703.394323569086
102603,10342.582708833857
102604,2548.884748423145
102605,10645.963636836403
102606,15579.874408568488
102607,7495.886643159404
102608,9477.564424991595
102609,7197.9726365471615
102610,8051.056645232642
102611,14532.190140627878
102612,13058.746285643994
102613,10157.498852218283
102614,10440.632660809644
102615,7944.080340355398
102616,12320.37114539238
102617,6906.278808561179
102618,14759.536806120163
102619,12759.532815344353
102620,9909.417486996595
102621,2336.3471208345763
102622,8531.303516839896
102623,14958.895231720995
102624,11605.494582227237
102625,15241.049933392958
102626,7084.532746929845
102627,7172.710051610525
102628,5209.16181153723
102629,14596.668734599636
102630,15172.342790302502
102631,16697.00323229729
102632,7645.607938585264
102633,19810.23843660389
102634,9449.197138346452
102635,16130.346625081318
102636,1760.576159692792
102637,15267.243974753423
102638,6904.776394798794
102639,9121.769810199325
102640,16627.138525697763
102641,14101.025512403003
102642,11647.083970167962
102643,10263.516675764904
102644,15709.422904917052
102645,9526.575675729648
102646,8137.658454891672
102647,16491.16918798325
102648,8395.571468114873
102649,12513.478343841942
102650,10034.383118784712
102651,12017.988099249647
102652,14364.652233518464
102653,7949.914436330819
102654,7063.756131938484
102655,8436.85421601841
102656,10137.402826664866
102657,22248.244586792465
102658,7934.086730529421
102659,7444.563569396614
102660,7184.558156954907
102661,10739.990250112429
102662,7603.957942716175
102663,11797.853149830813
102664,6408.126659054607
102665,9943.805995324134
102666,11559.851430020375
102667,15343.571841387122
102668,12096.366167400363
102669,2861.3917101741426
102670,9445.875692562922
102671,11914.70193398901
102672,16598.591153477268
102673,9910.57513861014
102674,13028.829343640216
102675,6563.344385131739
102676,11804.559875585848
102677,6829.119768666028
102678,9757.854936695481
102679,11051.644910291372
102680,9432.617389544565
102681,9688.974190056842
102682,12125.841693380411
102683,5257.564867649156
102684,6835.513769937344
102685,9751.259470049494
102686,10609.438482959471
102687,12660.872876085245
102688,15499.498493637795
102689,16064.205213625371
102690,9363.586537719944
102691,6107.223668620033
102692,11734.96122540616
102693,9967.88791326929
102694,7770.750821364217
102695,9480.866815430247
102696,10808.673307135714
102697,12094.835320266797
102698,12718.494522317656
102699,4504.073214032726
102700,10867.85427488288
102701,10824.279390295846
102702,11729.322032346541
102703,10728.760977212123
102704,8963.964399166325
102705,7830.034603766935
102706,10782.229457607555
102707,12984.57542244356
102708,7542.161588393747
102709,11543.28753205538
102710,15108.335511038733
102711,10903.88149490746
102712,11001.567617077439
102713,4426.708713062057
102714,10653.565381684351
102715,11333.331802703933
102716,10724.074792314472
102717,10052.10446267769
102718,6403.347859662219
102719,15231.889402054676
102720,8250.972347168605
102721,6964.954332287555
102722,13629.791669602146
102723,9213.28721410858
102724,5370.790256975007
102725,7925.929755665658
102726,9619.145634867245
102727,7079.62423235925
102728,11717.5286898995
102729,9537.519888510427
102730,5213.301368382589
102731,3700.7649168974376
102732,15375.057643754615
102733,14096.447867795165
102734,17023.22911780256
102735,16229.782835206064
102736,8705.694711392658
102737,9649.597561610657
102738,12713.61453911239
102739,10316.09850830837
102740,7571.304882596389
102741,15367.084581764828
102742,14096.447867795165
102743,17540.11070859608
102744,14545.479236173185
102745,7796.310255506234
102746,10538.916659550918
102747,12159.402649705893
102748,7524.588065573317
102749,10168.665869530516
102750,14712.54050594241
102751,9271.061290552176
102752,13252.675676387871
102753,11612.146779381948
102754,9868.846115456128
102755,12889.696291585748
102756,5938.4641880700265
102757,5838.801347036873
102758,5823.650950994617
102759,3964.3103009738443
102760,10251.79828590721
102761,9452.871508379907
102762,11619.39771558527
102763,8128.435323022732
102764,8348.149453920021
102765,6941.203152657576
102766,11919.790355713614
102767,14771.86076885159
102768,10567.068293290398
102769,9341.718275169382
102770,9878.876706275782
102771,13044.111917165781
102772,11629.07549099954
102773,15137.214957890104
102774,11837.69363139934
102775,13350.54225410118
102776,13596.326356683321
102777,9575.138271314772
102778,8399.656425434796
102779,15925.884615193949
102780,11910.543694778813
102781,16727.790681177143
102782,11040.5263203496
102783,12825.20551132488
102784,10152.988502242537
102785,7478.0894444393125
102786,14265.888715860847
102787,10054.594453671354
102788,14069.1109611937
102789,10029.316095419452
102790,10143.261504733513
102791,6434.751944817865
102792,15366.923852955135
102793,9972.56858376708
102794,9964.521784427665
102795,10653.565381684351
102796,10085.206615120753
102797,6507.481409360755
102798,9636.332947755152
102799,12247.032277979253
102800,11996.905180783435
102801,13767.417078489116
102802,9552.291005212406
102803,10341.589568656407
102804,7912.32277755913
102805,6235.620411975587
102806,8527.956364752294
102807,10087.047980071004
102808,7229.6531001991225
102809,5680.378354241077
102810,7411.20106079879
102811,7691.583957812932
102812,6224.391265322394
102813,7878.793769307513
102814,9299.637342124202
102815,6905.044324977167
102816,8830.753434586102
102817,12543.513506737476
102818,10051.087767001165
102819,19836.650820612263
102820,11470.706631926249
102821,12343.268256338182
102822,11951.246727851982
102823,13988.088806667683
102824,10553.416518914979
102825,8324.09727780794
102826,10125.710660119288
102827,9115.454948269562
102828,10157.498852218283
102829,7916.240375135551
102830,12130.747535847366
102831,7165.871211360321
102832,10214.987379815606
102833,8259.136407182954
102834,7001.8164374364615
102835,6624.583374679924
102836,6243.873282492092
102837,10532.779752577864
102838,13264.729297208145
102839,9802.588664096986
102840,6282.339459197846
102841,4682.88948777193
102842,11515.215488035685
102843,8920.151409876435
102844,15021.962641476484
102845,13761.708669030091
102846,10979.906682242361
102847,11918.96008523333
102848,8534.830646891656
102849,5101.079410316072
102850,15458.957240325688
102851,11934.166595421675
102852,14760.955020820298
102853,13901.60527244735
102854,11482.927303367218
102855,12331.00719619064
102856,8279.052369769784
102857,5729.1884614935025
102858,10905.68607089212
102859,19653.233188071
102860,5554.287673951308
102861,14096.447867795165
102862,11091.769225963799
102863,11699.725793325537
102864,9947.63005600748
102865,14547.942009017757
102866,10413.979020997705
102867,7743.688521328603
102868,10653.565381684351
102869,15635.344718068633
102870,10525.463057133655
102871,16306.60964753437
102872,10224.606824721042
102873,9127.163922329657
102874,10818.506102332913
102875,18307.6623505902
102876,11068.137064100163
102877,14450.967158076592
102878,13238.689525806023
102879,11947.075735553854
102880,9820.566164366792
102881,14177.852631082693
102882,12686.320393504948
102883,8681.948824077102
102884,10486.763967266086
102885,7940.993747758199
102886,8238.845468356396
102887,9912.321052065263
102888,12077.48047345522
102889,13162.763183533018
102890,8893.072944803214
102891,10653.565381684351
102892,9873.02174980252
102893,6853.204694686724
102894,7286.675356152749
102895,5463.395674454989
102896,12020.493026909477
102897,10345.440721966042
102898,10970.411946391225
102899,4545.531179249513
102900,8883.330946515163
102901,13484.897282808015
102902,8028.849361918471
102903,10221.614877513555
102904,11743.991323631031
102905,11423.53962560219
102906,12413.002233372144
102907,11067.40943787531
102908,11690.34116289123
102909,10731.971050592449
102910,8001.651783813393
102911,15456.557859989014
102912,11534.992155109356
102913,10342.582708833857
102914,2287.842912998471
102915,11886.51711578077
102916,10488.695881572907
102917,6926.833130461874
102918,8084.046129992137
102919,5766.092577996904
102920,9293.130790016874
102921,8313.869079072572
102922,7470.6464840504605
102923,13257.179378209144
102924,8303.66511471921
102925,7305.678409298258
102926,13263.102540933907
102927,13457.31402185202
102928,11269.024473974468
102929,7390.130232317263
102930,13246.065126765126
102931,9364.098266563107
102932,9891.873563000147
102933,7778.183666931262
102934,9556.104221636224
102935,7056.409534582931
102936,9886.199260680516
102937,11167.338431719238
102938,13843.299221971045
102939,10713.861227054133
102940,15415.242064971595
102941,13162.763183533018
102942,8578.716731756123
102943,13433.83545740899
102944,7312.813003101579
102945,10261.503999768436
102946,13198.61301891134
102947,11120.781648008744
102948,9805.488343927602
102949,10200.887857408892
102950,10794.506119519148
102951,12329.486030719938
102952,10776.811586037456
102953,9256.04707841143
102954,9594.962049191474
102955,10934.843844660152
102956,11000.98852423123
102957,13532.249930266518
102958,15451.02844610343
102959,8150.377317483924
102960,7223.460466247763
102961,3661.2239854930085
102962,12188.790580644816
102963,11524.5696645223
102964,10403.40064735341
102965,9997.495000236055
102966,14184.755343089919
102967,15673.332234797457
102968,14524.428681881762
102969,11890.181329388588
102970,12702.81836277444
102971,7944.76872687827
102972,10507.28734812726
102973,8996.204391292013
102974,12243.523319672651
102975,10308.49332529993
102976,8106.7498506338425
102977,8314.547811210701
102978,5187.182140417679
102979,6383.361923160255
102980,9874.097213456718
102981,4783.32594840065
102982,10214.987379815606
102983,16900.855151082033
102984,12717.4598345057
102985,10904.449290302824
102986,18834.35084354152
102987,7197.9726365471615
102988,10886.486624060248
102989,10008.733457858027
102990,3298.6113593231794
102991,12188.790580644816
102992,5805.511699356645
102993,11742.461564821624
102994,6178.14748109827
102995,6950.166172910038
102996,9862.797914753093
102997,9637.248158307151
102998,11621.616964908068
102999,5239.991127193333
103000,13004.651517808532
103001,6739.298382341022
103002,17998.084760918686
103003,12272.987576477575
103004,11796.091463113486
103005,9944.048010934197
103006,13549.016632095072
103007,10229.193108875621
103008,11386.381700300202
103009,6502.548811087839
103010,4526.216559947489
103011,2614.64316487293
103012,15415.242064971595
103013,7175.435190694598
103014,10046.930914626593
103015,6644.880117193909
103016,9901.74209217204
103017,4502.632833670108
103018,15148.267055021526
103019,6924.255568835865
103020,9567.978982285536
103021,14577.095405110342
103022,13408.355652980916
103023,6022.517921469074
103024,10190.613141509446
103025,9943.805995324134
103026,11683.172490404095
103027,14426.40634469162
103028,11477.631520685492
103029,13903.652732342165
103030,7384.2955056762385
103031,10218.61024254993
103032,10308.49332529993
103033,6949.580464045487
103034,7956.970622009256
103035,10869.76604854363
103036,7818.257417405072
103037,15891.245637860882
103038,15148.267055021526
103039,12868.166303241205
103040,6753.828904031986
103041,11152.021458565157
103042,15451.02844610343
103043,9976.871829039319
103044,7947.416007830739
103045,15253.342578781328
103046,12800.212917411622
103047,5011.490016155764
103048,8341.621604939894
103049,15675.673891598786
103050,18578.222599256816
103051,5622.376825333096
103052,15599.337018431032
103053,8544.054547762902
103054,11269.840213403422
103055,10068.997661875352
103056,11712.621175861961
103057,13065.661689621844
103058,12553.414715310983
103059,8310.68835126082
103060,3963.6798741296006
103061,18007.630987339107
103062,7230.718616599236
103063,8320.562554177008
103064,5054.065060198065
103065,9965.91541524134
103066,9908.360094445128
103067,14900.075826169335
103068,6613.571512239725
103069,6298.195878498352
103070,9859.81019556451
103071,8478.357958854342
103072,17045.573208808277
103073,8869.691047631848
103074,11446.440208630158
103075,7849.238643486159
103076,11771.791609110182
103077,4467.133472687665
103078,15527.796922760954
103079,16871.489861306596
103080,8082.8454361650965
103081,4552.805486327786
103082,7500.732959318924
103083,7212.881711802553
103084,10539.808673760237
103085,11549.291516343515
103086,7838.99692025126
103087,5250.839666103453
103088,13782.649703936573
103089,5886.4374753166785
103090,9677.119785129502
103091,6958.706527271538
103092,10919.900893546623
103093,13939.000856853672
103094,8337.427349370684
103095,9821.216537924702
103096,7797.835658439427
103097,8983.102719862989
103098,8113.654934085446
103099,9642.430756609852
103100,9668.178627336858
103101,13039.957959596437
103102,8587.109801289022
103103,13988.088806667683
103104,7193.773792762228
103105,15660.70079375201
103106,14719.30723412218
103107,8359.083779712868
103108,18512.350485363582
103109,7127.488893660514
103110,13289.758135377573
103111,9150.878949556649
103112,9471.255949546425
103113,5023.352881273005
103114,9552.529406957114
103115,7181.003792628819
103116,5037.348371266745
103117,9370.70167603919
103118,3882.616317275563
103119,8079.406521641152
103120,7583.666021576743
103121,6958.706527271538
103122,6806.823004652625
103123,10288.926855479907
103124,13472.589428347634
103125,11951.246727851982
103126,7254.638696579293
103127,14404.541399385102
103128,11012.458150370509
103129,7889.527217663412
103130,9791.088960516823
103131,9991.622044238655
103132,14937.984267658632
103133,10409.902403988537
103134,11125.314456885297
103135,14253.176391531848
103136,9546.373150789892
103137,8182.255203388961
103138,11252.827724129627
103139,8079.568107748099
103140,5235.410730461509
103141,9484.522878331907
103142,10713.861227054133
103143,6824.56401513184
103144,7660.233864974533
103145,11073.578915830802
103146,8502.245179711821
103147,7137.590145871898
103148,13695.374171968275
103149,15101.758605634119
103150,11116.383761548619
103151,12333.582969886791
103152,6718.600180393526
103153,9580.909731742944
103154,10452.398064208191
103155,7458.994425858419
103156,8302.665761818304
103157,17105.697345303444
103158,8249.188601861251
103159,14999.103894274793
103160,14784.303242266842
103161,13351.176479199039
103162,8467.97176151641
103163,9881.010483351016
103164,9291.252144980208
103165,7727.288752429498
103166,9633.279691720556
103167,16777.72012204925
103168,11634.27089614839
103169,10665.277714165997
103170,12475.466390885042
103171,9140.11483734449
103172,10969.70380505594
103173,13210.54922731715
103174,9838.35857845255
103175,11778.893879670439
103176,11815.06639209695
103177,10958.324103325376
103178,8141.751691597314
103179,7749.9600746173855
103180,2560.0235012272938
103181,10690.557504036227
103182,15806.323436925124
103183,8138.684080738629
103184,8843.80880669484
103185,10677.839779258049
103186,9943.805995324134
103187,10075.291901190609
103188,9721.921363554799
103189,8123.665843718467
103190,12073.084638163578
103191,6926.5213664773455
103192,14096.447867795165
103193,9965.613537389394
103194,11850.321961030173
103195,12421.177319962124
103196,10670.928282942676
103197,8138.112462962217
103198,6814.045687442994
103199,6394.599174565912
103200,10712.145246687936
103201,11729.483283052245
103202,7098.490606130173
103203,9496.943677387218
103204,6716.712117644373
103205,16345.46482275648
103206,15708.159903062939
103207,12138.204643158746
103208,6102.371014675715
103209,9925.955506184817
103210,7524.588065573317
103211,5275.337302636544
103212,9881.010483351016
103213,13474.94680462312
103214,9872.039412202213
103215,12523.569768382255
103216,7301.157015578641
103217,8318.00348616714
103218,12553.173017775736
103219,17280.899059320574
103220,10824.279390295846
103221,11726.236969630123
103222,8343.620736705947
103223,11978.024734870884
103224,7281.841204084788
103225,6976.190382991305
103226,12455.914945946517
103227,3759.452028493637
103228,11297.981347301653
103229,15156.184603719566
103230,6964.258831810113
103231,11337.515281988028
103232,10068.587051870863
103233,14233.780260464158
103234,7277.526334051872
103235,3843.4330602873283
103236,15137.214957890104
103237,13778.058953618425
103238,10036.950042593611
103239,13407.741875465532
103240,7709.006073842833
103241,9669.128002701395
103242,10341.212272561595
103243,7074.089305372242
103244,16347.141707539815
103245,7444.563569396614
103246,10723.40223253162
103247,13384.164600315746
103248,6834.611903717253
103249,10121.59515743717
103250,8341.621604939894
103251,13273.711336996741
103252,10087.133005018264
103253,6552.062972995413
103254,11261.782995018675
103255,9775.886107120938
103256,11866.325452288807
103257,7196.9439167378405
103258,12804.0227902793
103259,8337.61151440898
103260,8022.566147305798
103261,9841.15856295275
103262,13476.835204131668
103263,8329.238212174741
103264,15182.526995326138
103265,9445.875692562922
103266,16726.75412073567
103267,6329.857591355978
103268,9693.293245583607
103269,17304.035378367345
103270,12113.238848163748
103271,2915.77853197754
103272,7422.897723371507
103273,10022.319742322024
103274,6677.826104974819
103275,11034.420275254979
103276,9056.863514406456
103277,12475.846061385942
103278,10047.99353207444
103279,12148.462863317494
103280,8248.313169164016
103281,8123.154145076669
103282,10647.124614629469
103283,10886.486624060248
103284,8414.626060219283
103285,10940.19787883267
103286,10900.450521459152
103287,6814.045687442994
103288,7499.251359009959
103289,11659.298691961194
103290,11282.546080087122
103291,10157.498852218283
103292,10510.817692400722
103293,13413.749412137857
103294,17887.499508440935
103295,10653.565381684351
103296,2546.384994286918
103297,6033.404213037475
103298,7601.835725799328
103299,10214.987379815606
103300,7534.808149385584
103301,9993.36195751392
103302,11710.596464555747
103303,16747.770018695515
103304,7927.599210482049
103305,8168.150803390272
103306,15137.214957890104
103307,5149.212013376623
103308,6948.541870474921
103309,8135.965554351641
103310,15659.344812000778
103311,5079.631785778989
103312,8951.254679464579
103313,10545.800268185716
103314,9741.164440333878
103315,5697.749632793181
103316,10931.78602197655
103317,9932.43907694613
103318,9708.019389226702
103319,13836.58955877327
103320,6200.559326955699
103321,15907.470612030227
103322,10977.671956287224
103323,9075.389489942008
103324,9590.181720002203
103325,6912.310644683136
103326,11951.246727851982
103327,7152.78955229969
103328,10552.480886837327
103329,10779.329409254371
103330,9997.473791233992
103331,13264.729297208145
103332,11543.388723000995
103333,13511.60558671981
103334,12794.204079575566
103335,14863.367248205055
103336,11320.41717854367
103337,8455.228463602514
103338,8697.306679114718
103339,6035.114183964877
103340,15045.807025143391
103341,5990.535745847697
103342,9290.856070127627
103343,9706.339518231358
103344,9692.010396999829
103345,10778.392348806154
103346,10927.17516812324
103347,14770.525038451173
103348,13778.058953618425
103349,10179.147300061917
103350,7259.307727939479
103351,10168.665869530516
103352,8286.053199057515
103353,5598.875425397741
103354,9976.871829039319
103355,7145.880866452334
103356,10495.683119961172
103357,7224.486042659768
103358,13490.321829955628
103359,9497.653859798329
103360,4242.766427063953
103361,13197.576968060719
103362,6623.872339252296
103363,10030.48418014022
103364,11667.802206633041
103365,11742.461564821624
103366,14325.764277039805
103367,15676.777540382524
103368,12188.818710748748
103369,8637.951929994952
103370,12479.801258907344
103371,10400.06884656359
103372,11951.246727851982
103373,17998.084760918686
103374,16660.76225856783
103375,7252.040390138982
103376,6019.805814488472
103377,7993.500022845295
103378,8232.975911354555
103379,9806.99947194507
103380,7159.687402644852
103381,9417.933832091152
103382,9706.529527515651
103383,7825.66533882135
103384,10940.19787883267
103385,16852.18356063013
103386,7224.486042659768
103387,15588.788589808088
103388,10000.876990727722
103389,9005.230831699417
103390,12661.219403283834
103391,8557.529194181638
103392,9514.105974127426
103393,12917.244813764877
103394,14624.854295024186
103395,11224.474897484875
103396,10313.271449918275
103397,7445.849916696564
103398,1626.5561651160265
103399,9433.937455444242
103400,6816.3901828859225
103401,13778.219766647871
103402,9249.326028583506
103403,8213.633071989721
103404,7686.109590364576
103405,13581.395524070658
103406,10703.201565566915
103407,14859.881174399261
103408,6241.479207525443
103409,10734.3784640213
103410,11060.140363003151
103411,7427.380484966947
103412,11349.898061023148
103413,7633.861982950701
103414,12874.605961258349
103415,6663.256884804509
103416,11947.075735553854
103417,5157.7265732686255
103418,11761.171451727952
103419,7052.5115627717305
103420,9100.15579080429
103421,11165.198299204787
103422,7528.304324575457
103423,15384.94068111234
103424,14786.694886037658
103425,8312.84890833767
103426,5210.722386071219
103427,7660.948303188843
103428,7893.526261914039
103429,15101.758605634119
103430,13036.814022104369
103431,9820.883714383084
103432,9208.751486092979
103433,10249.715474974766
103434,6249.479980682858
103435,8527.958445262731
103436,6076.871782948769
103437,7722.766211847468
103438,11548.24432172613
103439,13985.320086879536
103440,9223.91248378636
103441,11659.298691961194
103442,6901.75686232673
103443,10235.790888986647
103444,7172.16235083843
103445,17280.485227275996
103446,10575.356147944585
103447,8180.76936897296
103448,13661.160478516953
103449,4505.73527098277
103450,10702.310501155072
103451,14469.312465358546
103452,10724.79643789244
103453,11706.009542853251
103454,15599.337018431032
103455,9792.060213847022
103456,9299.637342124202
103457,19428.9419964882
103458,8343.620736705947
103459,9824.805740277656
103460,7439.955858071915
103461,13261.438976681562
103462,6879.3353215865045
103463,10653.565381684351
103464,10713.298431561712
103465,9710.66663932723
103466,13988.088806667683
103467,11649.689184380572
103468,10931.78602197655
103469,10343.589350651337
103470,11217.95209303698
103471,10693.872344732394
103472,7635.375370081954
103473,7225.255859856929
103474,8857.337748117328
103475,13023.316339540686
103476,12800.972954541949
103477,13413.749412137857
103478,14858.202743290096
103479,18494.35377512049
103480,18131.45712216984
103481,8900.653250536283
103482,9829.898928092685
103483,10487.011614552464
103484,9141.70393903074
103485,8890.078829614451
103486,7528.290374119025
103487,14085.035852925026
103488,10997.519359638572
103489,6453.450738897249
103490,12064.525182912379
103491,10022.319742322024
103492,8505.711306813442
103493,13368.593607145473
103494,14678.392591081152
103495,15993.808609096195
103496,10749.358491535715
103497,10728.136925838044
103498,14759.536806120163
103499,10653.565381684351
103500,10693.704587454491
103501,8682.188447531395
103502,8112.408761949734
103503,12912.942293187054
103504,15490.290063651686
103505,4241.588208607637
103506,7513.498135213598
103507,12096.146996842104
103508,15529.97046293415
103509,12330.11201689072
103510,10062.186650267284
103511,13028.827861789085
103512,5804.749811366321
103513,8214.069154298906
103514,9902.177791488433
103515,11535.097983535383
103516,11730.99748025613
103517,7353.508621830103
103518,8468.58714972116
103519,7715.234739732622
103520,5189.020830096539
103521,14907.457072432788
103522,16982.148476037022
103523,11472.766574369356
103524,8133.8848872297485
103525,5445.728007202081
103526,6606.048162003032
103527,10466.601008221207
103528,4901.852013640381
103529,10022.319742322024
103530,13546.29876759285
103531,10914.09040610801
103532,11690.18539572565
103533,7604.56089992774
103534,11290.000546149204
103535,7376.149681921479
103536,11130.335560041747
103537,13760.672523739953
103538,12166.387962273191
103539,14501.082164583913
103540,6715.6812432836
103541,7447.064746311178
103542,10042.419606088011
103543,14679.286941049419
103544,7329.401314886626
103545,12608.485168776528
103546,13811.951067261245
103547,15516.326254540396
103548,8234.126672557892
103549,6981.944961960037
103550,12325.081227846495
103551,12336.342935765448
103552,10850.098428909203
103553,19184.58265548555
103554,8051.763184286485
103555,10700.067406031507
103556,10504.571088414663
103557,12517.695999218136
103558,8150.599803870442
103559,7284.487463331515
103560,6615.818468469268
103561,10930.26485986194
103562,16233.547766103256
103563,12809.933989614712
103564,13341.366768465447
103565,3385.227304725797
103566,2533.6723881767575
103567,13984.38370587015
103568,13484.897282808015
103569,14656.60237274288
103570,7478.520579619555
103571,8262.879919775423
103572,6588.288031843392
103573,9308.69605528188
103574,14148.286620337254
103575,5484.54323629624
103576,15891.245637860882
103577,13285.467870893403
103578,4896.330904301665
103579,5775.079289481263
103580,15320.328675733232
103581,10738.276467768881
103582,9912.321052065263
103583,17072.157772145172
103584,10001.2401038912
103585,8292.003483785586
103586,15907.470612030227
103587,6367.098711647022
103588,7874.790029805789
103589,10731.819609322833
103590,10468.81932260728
103591,7226.476030424774
103592,6011.036093701905
103593,10318.36039217829
103594,10631.162511240187
103595,4486.727169890867
103596,13391.34588785031
103597,10255.836637252944
103598,13402.81186617927
103599,9333.335490596743
103600,15834.35830465076
103601,4704.77287247816
103602,11007.403244017509
103603,14673.452449097014
103604,6552.963565061207
103605,6197.033717196172
103606,11254.830717802985
103607,6865.884576738964
103608,9965.91541524134
103609,12065.690775958
103610,11625.224791478802
103611,13345.807879165064
103612,1946.5579637640592
103613,12703.809824401249
103614,10697.215753860723
103615,10094.044697232508
103616,6026.595113318579
103617,10898.455001808368
103618,14096.447867795165
103619,15202.282437374428
103620,13517.389458132979
103621,8796.582447608425
103622,9788.677935647596
103623,10177.331993963433
103624,7986.857893636258
103625,14213.734266633097
103626,10699.738676451616
103627,10670.928282942676
103628,15128.831813729694
103629,20134.514956835275
103630,7439.657864016847
103631,2007.369497418924
103632,14090.779611446103
103633,7983.129605447156
103634,9364.353445466833
103635,10524.83236149165
103636,3129.616024475929
103637,15148.267055021526
103638,9864.50390390971
103639,17142.591393081988
103640,5563.831922571674
103641,11994.369542170938
103642,7967.862702862075
103643,9978.891868499912
103644,10140.381792325741
103645,11165.304434235726
103646,7212.881711802553
103647,9669.120034027008
103648,9514.105974127426
103649,11537.629253391871
103650,11508.431670431642
103651,18086.770703682687
103652,9410.137955353614
103653,12036.815179774843
103654,14237.276521762506
103655,9408.231001385739
103656,10736.587073128205
103657,11871.504889518756
103658,6249.4022446503795
103659,11135.624166994128
103660,8570.48503841481
103661,13268.614169571509
103662,11419.189765745383
103663,6980.16879181155
103664,11711.630437216594
103665,13244.434586176518
103666,7794.506561436506
103667,7631.726824037016
103668,6038.854389732392
103669,14957.115327422554
103670,15791.80287129941
103671,6685.374859580731
103672,10704.385677151846
103673,8157.047056202118
103674,6913.945631145309
103675,14996.25988604403
103676,9107.815767129878
103677,6737.327588463095
103678,5439.483180119599
103679,8977.847037254436
103680,7745.256117478865
103681,13517.389458132979
103682,10643.214002229503
103683,11689.454891566445
103684,11826.87721298514
103685,8415.036986180246
103686,7840.858921946219
103687,7944.76872687827
103688,19623.249303284927
103689,16545.707021539256
103690,8343.620736705947
103691,6724.5629007771495
103692,6480.608047466852
103693,9225.32530630707
103694,15905.585880652525
103695,12329.187891553242
103696,11094.41767771543
103697,7509.009652482387
103698,6920.506930642978
103699,12188.790580644816
103700,16934.076804514007
103701,17986.22983891852
103702,7245.421282750972
103703,13490.321829955628
103704,15343.571841387122
103705,18134.58795307367
103706,3734.7273550047103
103707,8500.257372742872
103708,10126.056092431892
103709,12353.057443961929
103710,10104.49783587112
103711,9282.96320788709
103712,13343.557063054457
103713,8920.146859334693
103714,10759.057309616239
103715,10958.787763547583
103716,11301.68899097849
103717,16874.81140272115
103718,13721.330355128244
103719,11135.624166994128
103720,9997.473791233992
103721,9735.199545112138
103722,12717.4598345057
103723,9780.103968189253
103724,8214.560090108673
103725,15215.256405750444
103726,9943.805995324134
103727,9773.871390597722
103728,10100.140641616343
103729,15676.777540382524
103730,11366.207009909705
103731,13484.897282808015
103732,14257.77966543003
103733,10029.99456482503
103734,6566.857272427989
103735,16793.048171533832
103736,8915.615826703002
103737,13448.191350425406
103738,14274.956388619989
103739,16647.219754467795
103740,11058.661037326907
103741,11792.480972500784
103742,7454.934580471323
103743,5341.616527799734
103744,9753.740638690071
103745,11489.04911396417
103746,5860.156551670706
103747,5186.475701507975
103748,7749.661711293931
103749,10978.587808448072
103750,10665.277714165997
103751,12131.37537428282
103752,14905.675134566185
103753,7319.9242384589725
103754,10934.975322167724
103755,9613.586914492886
103756,7660.911454631939
103757,15115.257245797291
103758,8795.589528994995
103759,6896.044520327406
103760,10691.056100734644
103761,7406.288809267103
103762,7197.9726365471615
103763,11122.10088710238
103764,16541.82310475045
103765,10157.498852218283
103766,8142.244663722909
103767,12726.56200709343
103768,11657.297884805474
103769,11053.467601827457
103770,8002.473555284479
103771,13054.473188417438
103772,12388.907384180971
103773,7284.487463331515
103774,15697.79796747044
103775,7173.757520693398
103776,8214.560090108673
103777,14022.683315695074
103778,6389.950703675948
103779,6876.325769671112
103780,19862.06495331193
103781,7537.80742282738
103782,8263.527015233269
103783,10157.498852218283
103784,12085.032593849479
103785,5426.689937793408
103786,10886.486624060248
103787,7152.062716993214
103788,11358.195244387474
103789,10532.779752577864
103790,8073.735090617005
103791,9786.266508562108
103792,16743.07740126763
103793,10817.939185098423
103794,14127.593909078803
103795,9787.57996814131
103796,13028.328426942418
103797,1917.3464498947058
103798,12211.753661777433
103799,5576.152867576968
103800,12868.778289259611
103801,10653.565381684351
103802,10225.415800096096
103803,10029.99456482503
103804,8784.731011958123
103805,7165.983880682846
103806,10326.87663956289
103807,11978.0343441744
103808,10048.07227419164
103809,12971.06436054692
103810,14529.757441995136
103811,10436.179400871179
103812,5714.863769077084
103813,5722.682236945898
103814,12289.993848607706
103815,8291.020275915127
103816,7580.0800054036945
103817,10762.257853914933
103818,1834.791584343248
103819,4397.447118172693
103820,5826.908884687944
103821,6934.524281953279
103822,10168.665869530516
103823,7216.344762333758
103824,11646.320771449797
103825,8708.691857802998
103826,6235.122860707998
103827,11559.851430020375
103828,8925.594885328528
103829,19253.705772277986
103830,11423.584140593075
103831,10940.19787883267
103832,11135.624166994128
103833,6442.021842000787
103834,11165.198299204787
103835,8375.417120199812
103836,14093.657701586817
103837,19772.696373360406
103838,9926.879516984882
103839,9213.928969659883
103840,11498.329409161726
103841,7622.427633093442
103842,12638.403346258237
103843,8436.385084077092
103844,9881.010483351016
103845,14655.463666074733
103846,11298.290228805905
103847,10168.665869530516
103848,10475.768216258013
103849,11484.42965176925
103850,12876.77316812912
103851,8190.9983041794285
103852,8175.958066777573
103853,5745.731603174357
103854,13407.54373361516
103855,13036.482169100153
103856,6612.056319575323
103857,8566.831218915531
103858,11918.96008523333
103859,5407.338963452687
103860,9912.321052065263
103861,15206.3054630527
103862,12192.851836582127
103863,12713.61453911239
103864,8525.521467160215
103865,10485.279175212007
103866,6860.004667287801
103867,10653.565381684351
103868,6730.734371116299
103869,8215.738205311007
103870,10200.887857408892
103871,6989.863667710494
103872,7725.91030343962
103873,7494.874933575696
103874,6221.772672928305
103875,10653.565381684351
103876,15200.58490980722
103877,13593.072102789489
103878,9329.173610356507
103879,9350.444462420597
103880,9935.033412749663
103881,14260.038968903355
103882,7702.1480819033295
103883,11784.674829427391
103884,10748.345194251298
103885,11090.671556540192
103886,10276.086864305838
103887,10435.94116860244
103888,8023.1051620385015
103889,10457.65691756915
103890,13920.395461216573
103891,10759.232788027926
103892,16934.076804514007
103893,5122.1184653567825
103894,11925.931794344458
103895,8638.488215537438
103896,3563.4581183489586
103897,14892.773481323724
103898,12015.085200168516
103899,9965.91541524134
103900,7937.472501707049
103901,13767.417078489116
103902,10702.101147077681
103903,10048.801357333705
103904,10931.78602197655
103905,9623.732974673449
103906,6672.157153933235
103907,11209.960411739848
103908,7826.124164209356
103909,14546.717938216132
103910,11401.34139221622
103911,8306.938522097673
103912,16564.284022933727
103913,19782.293699321683
103914,10416.573136726553
103915,7982.835187350382
103916,14819.358677299766
103917,6446.8864609901175
103918,12169.230960387918
103919,10297.997872356524
103920,7406.288809267103
103921,7794.506561436506
103922,15095.975474402047
103923,4870.043088545906
103924,10157.498852218283
103925,10062.663999477534
103926,5996.150167053527
103927,10931.78602197655
103928,9355.021247429933
103929,10157.498852218283
103930,6570.967479156327
103931,11077.579593973167
103932,11339.12385507706
103933,8169.388740586172
103934,10702.673114716863
103935,11482.026248812352
103936,11270.683737829864
103937,2436.0488145579297
103938,11957.47847787357
103939,7987.088694755559
103940,11273.481845461096
103941,16675.405019864058
103942,11692.958090738375
103943,7823.797519557717
103944,7800.504546321921
103945,6698.588426599655
103946,8354.104629732303
103947,15836.526882393655
103948,10958.334047533066
103949,11252.78534375066
103950,7960.122543686031
103951,7794.506561436506
103952,13511.60558671981
103953,11759.55549063679
103954,9668.178627336858
103955,8269.707570478457
103956,12440.777092287963
103957,7760.449345850245
103958,9996.724391454172
103959,7699.703869513568
103960,11079.663769643386
103961,11785.535177247437
103962,11225.374970407276
103963,13317.784140811636
103964,9030.71623168743
103965,6002.413456964119
103966,15639.969999091849
103967,8188.484064921413
103968,10167.896713917313
103969,9708.168985876011
103970,5832.278177388432
103971,11659.09106556134
103972,10215.639237592835
103973,6583.361932230173
103974,6767.943543068002
103975,10486.763967266086
103976,10389.196651523864
103977,13797.37429641791
103978,11091.413168282945
103979,13310.637865623088
103980,13512.024768059653
103981,9881.010483351016
103982,8403.445932186412
103983,15310.418427810304
103984,6781.328464890371
103985,8229.3338574566
103986,13308.241294261055
103987,1647.5544050924232
103988,4967.574701831101
103989,8990.007791174277
103990,10790.51170423732
103991,7777.0557661998355
103992,13938.49972569689
103993,24236.294443769275
103994,12446.190298838206
103995,9827.69780561444
103996,20060.69108597651
103997,24867.10626364518
103998,28964.551759091602
103999,21842.001023161567
104000,10952.565968103123
104001,19261.710039512414
104002,26605.84877602548
104003,9320.330171520578
104004,10283.439693384167
104005,19745.112409583944
104006,12799.63578747113
104007,18977.578366953574
104008,20245.163284431223
104009,9700.082388507828
104010,9456.730606503445
104011,13616.164961220196
104012,21032.07085105864
104013,20428.323194323446
104014,16426.79859825171
104015,14287.683693811146
104016,9882.470332500565
104017,30273.328205676695
104018,44941.00814503086
104019,11577.797271345526
104020,22582.423904266932
104021,28011.795284971427
104022,22665.73239947512
104023,12122.3588988053
104024,29905.86512009178
104025,8014.635652471434
104026,8735.598873544035
104027,18986.162152101002
104028,23827.19268454717
104029,18025.009750129248
104030,14211.508338512793
104031,19938.936371266183
104032,21232.629799027087
104033,14310.273889296908
104034,27810.30388644687
104035,20968.3963647158
104036,12226.861526590284
104037,15819.755844486186
104038,9561.206687247359
104039,6825.782107315524
104040,10590.481656259239
104041,11848.938932691042
104042,23244.39491486048
104043,14425.228468588071
104044,20149.390419041432
104045,19693.830841383315
104046,21443.546177669275
104047,27363.061796999504
104048,12912.721857644327
104049,18415.85454832105
104050,8479.641531520558
104051,8795.111972709876
104052,16587.22076259406
104053,10197.77670568471
104054,28859.207646308347
104055,14596.756793792432
104056,18372.223891018406
104057,9567.280443055046
104058,20077.324618380288
104059,12938.704074839035
104060,39274.339862281886
104061,14371.308749306116
104062,9208.446488543812
104063,8864.797616040547
104064,22395.400451602163
104065,24527.994199692843
104066,19916.415877006264
104067,11359.057177129185
104068,13482.943528384654
104069,10832.879072500082
104070,8483.734255050225
104071,23157.880856400985
104072,21858.67199775626
104073,10858.487247523568
104074,17505.530782675844
104075,13809.401671127775
104076,18339.556039654173
104077,6848.374903249607
104078,17282.611243940086
104079,14844.054501921788
104080,4857.858096120505
104081,9883.023175530741
104082,6808.244324279019
104083,28153.091111414586
104084,17324.626249233435
104085,13055.954870590382
104086,17806.907063724662
104087,9527.418214730362
104088,14231.427083144237
104089,20266.320081837264
104090,15263.334126151587
104091,10902.731392612874
104092,31262.580550748535
104093,19927.95989860906
104094,6315.819702905742
104095,16941.45771640545
104096,15639.426975422766
104097,13548.225293558273
104098,8404.32963826816
104099,19471.930852791582
104100,20233.774312900125
104101,12706.079243759
104102,10172.09436514691
104103,23197.953299215496
104104,30770.598755481984
104105,9051.766168716118
104106,27515.46370695473
104107,13576.07059163762
104108,10500.093885005883
104109,6105.924498517111
104110,15155.804521214923
104111,19252.986121529193
104112,15037.925397685414
104113,14722.934003936345
104114,17361.39237145343
104115,9784.781136815202
104116,20077.324618380288
104117,11148.482179501128
104118,17355.18906895237
104119,12494.901086454822
104120,8019.846353308802
104121,15421.908339145808
104122,5725.820590566691
104123,25231.136052708564
104124,13444.319987654819
104125,11768.238844498841
104126,29672.55915586757
104127,18695.270762501645
104128,20385.26654577885
104129,9316.683249198553
104130,7823.208372622373
104131,11086.438864857662
104132,15439.222657912569
104133,25024.305077163623
104134,10980.291779217294
104135,9953.040025556329
104136,19704.50963961438
104137,6244.027839361257
104138,21572.792285677857
104139,10417.211031173436
104140,8425.106937776256
104141,18405.142398933043
104142,26760.35292066099
104143,22866.027908057273
104144,31219.101765468688
104145,11249.061524178513
104146,12683.059242108393
104147,31991.187069491298
104148,16066.08563867624
104149,12891.966250125079
104150,18139.19325405226
104151,9582.068877439582
104152,16478.149203579498
104153,9748.8201731346
104154,3154.541692734373
104155,14502.01617855247
104156,9553.685016505468
104157,43828.863125936696
104158,10165.149161453759
104159,9094.52316001803
104160,12269.8352186495
104161,24679.291815944107
104162,9221.039033132034
104163,9800.327428358856
104164,9342.819930062855
104165,17597.946021504
104166,19978.378272294474
104167,14087.386792481451
104168,29106.58665937778
104169,29588.89790453708
104170,9437.699874084503
104171,10179.007060320135
104172,21498.286117789004
104173,16500.227108980125
104174,25195.661504198717
104175,28284.369003785443
104176,11169.229194248079
104177,8291.249169057724
104178,13563.869093683268
104179,20134.430152265544
104180,30800.40239278968
104181,20669.039314037236
104182,44193.8087493515
104183,13336.89748235849
104184,29542.958175020383
104185,12598.618059303568
104186,15635.46108355261
104187,21097.903516437385
104188,9847.998810921397
104189,14303.489567316323
104190,29923.734171376676
104191,19150.74059534894
104192,9846.402401209698
104193,9254.959074845829
104194,24435.673334377643
104195,7415.254822650079
104196,13290.195739104794
104197,10657.921683267095
104198,7693.4264425150695
104199,10847.358222467852
104200,24733.369535965183
104201,12053.907209527822
104202,21588.360376912995
104203,16521.432225559893
104204,17503.83208083159
104205,8739.799772296043
104206,23958.75878177273
104207,14964.416529452377
104208,18033.50154660087
104209,18651.307416636406
104210,17663.453359796644
104211,16264.071304667152
104212,18899.889655933614
104213,10093.432111504693
104214,19361.67299213896
104215,24729.06650602559
104216,14664.248555375641
104217,15660.118280426906
104218,16922.537472864922
104219,13574.477053086855
104220,6152.775818550561
104221,9895.688065174969
104222,19520.194141351414
104223,11275.495575167934
104224,14953.113771962007
104225,27849.482312576118
104226,6863.1248184718015
104227,23929.912372610484
104228,13207.473538252032
104229,27191.199157094186
104230,25026.37544256041
104231,11051.435770789045
104232,24833.67150317701
104233,20147.81260816562
104234,7811.789864589268
104235,24349.473934879934
104236,9117.589463905582
104237,30085.322523097733
104238,8973.714199332033
104239,8734.039074239945
104240,17580.854825021273
104241,34343.64368325794
104242,6982.512832092622
104243,20119.537729690695
104244,12132.604352205164
104245,22476.571768897506
104246,18111.031017550657
104247,23764.46480319919
104248,21963.41637514603
104249,16371.523241275963
104250,14485.325497189075
104251,21461.63720993479
104252,12244.395185156229
104253,51259.07626103578
104254,21623.695462141633
104255,23944.90281505481
104256,21282.469733483045
104257,14964.416529452377
104258,6110.432490015965
104259,18158.87485137338
104260,9320.511193955721
104261,10466.678196054178
104262,26486.38951620557
104263,2196.9940467477595
104264,16323.730670878604
104265,16010.100259093922
104266,19443.466332722546
104267,12970.849333893704
104268,9556.142808756647
104269,19874.824783789823
104270,17549.406910113245
104271,10226.556159024414
104272,15652.47565866752
104273,10314.952262188903
104274,10270.522535496233
104275,19394.38771071021
104276,11946.894254606195
104277,12827.765732570482
104278,11274.002686192069
104279,19236.610428712735
104280,21472.84015515265
104281,8594.751353795378
104282,9439.822758214423
104283,21312.54747349641
104284,19337.013138583497
104285,6951.329476798397
104286,43226.38638275862
104287,12416.648710514797
104288,19859.72315969623
104289,20476.974810704036
104290,19019.527780917702
104291,23030.557835856205
104292,20660.318705300804
104293,20819.69087905434
104294,41517.12454984403
104295,9454.297189692115
104296,25680.610863229762
104297,17297.971691127852
104298,18380.91759126432
104299,18761.43496790932
104300,12789.276804611645
104301,11282.80208698205
104302,9890.323842272603
104303,32227.84716039503
104304,11222.881800850764
104305,20068.838882789732
104306,10023.213802086997
104307,27053.823204405835
104308,25906.672678408475
104309,16728.13207284336
104310,6620.117485285043
104311,27184.652645059417
104312,9021.619467357494
104313,11632.867794100426
104314,12342.756751122957
104315,23131.108493100954
104316,7717.903098284871
104317,13321.981328004544
104318,9039.764223873697
104319,15087.097704158195
104320,12459.821083456118
104321,45061.62505319932
104322,17287.537596919214
104323,15758.525738197559
104324,16196.860691597034
104325,12511.065613916862
104326,26718.103895840948
104327,19735.67693399346
104328,28963.85633565867
104329,7375.1830076065135
104330,11556.360421938729
104331,21496.592043128137
104332,21861.773170119624
104333,4462.134815761786
104334,16713.589960749345
104335,14051.554594970901
104336,11809.558784780085
104337,12179.949872947709
104338,17670.34476790285
104339,23670.43142571167
104340,12669.3120800647
104341,16583.666425968382
104342,14230.028610210893
104343,8917.621542086456
104344,30268.939035978354
104345,20065.838103770544
104346,11955.990394308536
104347,17562.23187219091
104348,12486.574058715609
104349,14142.124605696486
104350,20662.42081228376
104351,24236.12569323051
104352,8570.840005194548
104353,26571.750508880163
104354,7945.798955061666
104355,19633.792157872787
104356,12503.476164857168
104357,12013.957749097452
104358,27212.922294565735
104359,19181.56223271174
104360,15872.124186998357
104361,45185.8758527058
104362,25345.21402626299
104363,9546.582859780643
104364,8158.984828182685
104365,21525.45936593943
104366,19529.02826230364
104367,12023.398238947932
104368,23057.191590376577
104369,19635.164857302425
104370,7902.2554375841
104371,20141.673538667397
104372,10115.90029176934
104373,12282.831257733127
104374,9712.72835457493
104375,28791.840024440753
104376,19882.284267422074
104377,16206.456341839123
104378,16786.78365828193
104379,25250.95749132557
104380,9873.858178187194
104381,21272.850583720847
104382,20602.10923212938
104383,19754.696863255467
104384,24994.170316046868
104385,8214.154440584349
104386,28849.314937984553
104387,17860.63014327574
104388,10162.745919922105
104389,14895.004123285744
104390,14909.454079104087
104391,15066.176379491211
104392,9879.028692728409
104393,14609.82956840692
104394,22688.145343943652
104395,15357.331498680764
104396,22132.81271707867
104397,21170.127277767395
104398,49249.83642510125
104399,18193.40472964971
104400,30671.69053650729
104401,7561.462494626563
104402,19146.785486620145
104403,16866.57676401987
104404,20494.51098813784
104405,21880.406990268464
104406,15081.318104375685
104407,20813.93165102487
104408,12480.73041420874
104409,26944.09651192087
104410,19318.895409915764
104411,17680.190808407606
104412,4749.562933814902
104413,11169.229194248079
104414,22094.403166885015
104415,16940.303795793036
104416,14712.536789222968
104417,11708.93695334441
104418,15945.561566228915
104419,20448.848283668925
104420,27804.122626370456
104421,4188.396227768745
104422,21170.127277767395
104423,15521.27917122722
104424,28615.638952508238
104425,15674.58928554301
104426,18326.443949075598
104427,13320.295955799906
104428,23586.40802604101
104429,13336.334281617254
104430,17253.07936921196
104431,20230.121396534665
104432,23160.362956430872
104433,14937.592316437496
104434,18758.102784238738
104435,10119.246617229937
104436,9834.455616448038
104437,15684.944806075038
104438,14408.465055756918
104439,16780.7304533845
104440,12357.647003188571
104441,7404.923155353051
104442,11725.948440190483
104443,12018.931340403256
104444,14623.381647318785
104445,8569.474605596968
104446,31306.581258329894
104447,20929.405929154695
104448,7043.375384514689
104449,17168.50569811377
104450,22974.11402898007
104451,32813.31002228079
104452,24223.366531620908
104453,18564.395221451992
104454,12547.783247959313
104455,13333.374520780659
104456,9553.480907895677
104457,11160.133780221071
104458,7577.684828194224
104459,14664.248555375641
104460,16492.85068496191
104461,19863.515935625343
104462,4847.636333310432
104463,11887.845506031772
104464,12456.671924138893
104465,11789.994268924052
104466,13370.180432146397
104467,11806.289378735124
104468,28405.510783397134
104469,13154.580947991739
104470,10197.34831867754
104471,10776.047729442313
104472,29638.013403403253
104473,25458.915262146817
104474,31446.257208684186
104475,16395.48584321916
104476,12092.731251799307
104477,28028.9123879879
104478,7346.546024997705
104479,7690.744410975438
104480,10908.97495403616
104481,6519.066745595396
104482,17406.674768136916
104483,22723.57381302822
104484,12962.272933776016
104485,19594.396564113773
104486,23026.760996315035
104487,27061.979385388033
104488,17399.689866018383
104489,11066.894403167067
104490,8387.861508559263
104491,21980.176520861154
104492,11922.464142635463
104493,20688.115570649134
104494,32447.981171969364
104495,10811.13352434604
104496,19576.013409925123
104497,24368.504537411074
104498,22938.75430095309
104499,29180.723650251428
104500,14150.780988987139
104501,24362.789186965074
104502,11531.21902365132
104503,28195.333641106976
104504,11275.495575167934
104505,30080.850072779474
104506,20280.922357415508
104507,29091.744885060183
104508,9140.029097512936
104509,13727.046055431218
104510,9701.970550847367
104511,20127.45027415468
104512,14925.343054841484
104513,12375.289163510732
104514,18727.166562923376
104515,9517.883065184
104516,13278.396290915462
104517,7753.3613646272825
104518,13364.378953208814
104519,17971.281661076668
104520,9343.263398168669
104521,10113.902698893247
104522,18140.544305138425
104523,10568.062206521789
104524,11957.510202127001
104525,7400.236076117088
104526,17728.93343015418
104527,21822.198344666103
104528,6833.067775338327
104529,19987.779688845818
104530,16060.011344576578
104531,12928.02641947341
104532,9502.246351437334
104533,11741.458477563914
104534,10496.6556414831
104535,8222.088943461684
104536,19625.712188256322
104537,10713.374384383964
104538,9089.127701585065
104539,18802.53904573048
104540,13555.452450299976
104541,10638.950792777921
104542,15442.822860382485
104543,20960.649432101724
104544,13216.525097359012
104545,9590.728852661301
104546,24577.5184125971
104547,10230.82933381553
104548,6011.001348766743
104549,16885.250070258422
104550,13659.386335445037
104551,18333.32003426963
104552,6859.256285338239
104553,19409.031510625522
104554,11969.369024184334
104555,14626.32815191338
104556,14146.122450062821
104557,9457.147325155596
104558,20692.340586580864
104559,25989.84169618107
104560,21816.21137615986
104561,8404.106258579975
104562,15048.445054061609
104563,10408.188106607273
104564,12917.956183354238
104565,7308.419963074684
104566,8508.18229889268
104567,20168.54747037177
104568,18996.825915218884
104569,4026.7185801572045
104570,12700.769331497931
104571,10200.497287179896
104572,4944.184126404377
104573,10675.899698063238
104574,14718.148569872028
104575,16349.62534485158
104576,13588.31624133407
104577,8995.09891227816
104578,17461.9836866207
104579,9562.054992289188
104580,5586.47080877753
104581,9848.299686079576
104582,10196.776083531042
104583,19772.028221133285
104584,13958.190442856743
104585,24339.838313387365
104586,16403.47158854644
104587,16485.64949093965
104588,14937.592316437496
104589,30602.95660426777
104590,21938.18733187436
104591,5587.365615268754
104592,12534.892205057366
104593,18246.195791016187
104594,8884.839072688035
104595,10979.555936176092
104596,14503.543769051257
104597,30295.399309559114
104598,8862.863559253661
104599,12288.973652815566
104600,18532.191868922648
104601,9284.971000360325
104602,12509.720858702005
104603,13201.623874886836
104604,23879.04668788579
104605,18909.215249994464
104606,19007.846208354084
104607,12965.664799682329
104608,15919.402082256236
104609,6342.701903058797
104610,18639.57613767369
104611,13187.394570810158
104612,22941.21479842391
104613,15011.600534441865
104614,14647.72716348265
104615,26033.895996833886
104616,9857.162706586429
104617,7576.100717849674
104618,21815.68504422423
104619,14715.991753865303
104620,36274.60293447247
104621,19268.762519927648
104622,7102.075080778479
104623,15393.958052018661
104624,20174.55083286515
104625,14251.442527959203
104626,11238.931160940621
104627,26349.25127135377
104628,15025.405730542001
104629,19410.847249205475
104630,12316.141717923934
104631,12084.915707180731
104632,24956.75493432289
104633,20023.413002661164
104634,24052.26807955614
104635,20485.62151957629
104636,14550.753724397975
104637,17267.89337460666
104638,10008.523540989616
104639,18992.497859027804
104640,7115.938994494434
104641,9395.255813361278
104642,29926.803645249263
104643,12404.748710195367
104644,25817.07421452559
104645,21952.61199302423
104646,12951.391592081696
104647,16359.90650362392
104648,16284.52569239904
104649,6669.384178619281
104650,8778.544544748685
104651,9639.069034068209
104652,7228.379707848085
104653,19526.64789376339
104654,24610.087251775072
104655,20953.422271204672
104656,32169.64970550369
104657,16817.406852424967
104658,20402.183816270885
104659,19840.188370899727
104660,12402.02768703619
104661,13583.880750840008
104662,18061.911627793594
104663,14402.383787427925
104664,9488.0252524018
104665,17869.687173126702
104666,9496.351049010706
104667,19552.492020922156
104668,26188.092501178704
104669,19217.376701586796
104670,25313.276876435764
104671,15276.603263296254
104672,13203.716338327564
104673,18148.83296613681
104674,24314.577382329455
104675,12467.931885460244
104676,14761.070760113775
104677,17536.834602251372
104678,11989.570187131056
104679,8559.16898666267
104680,5006.076333943698
104681,22837.122210348607
104682,19124.562726774497
104683,11650.52646107888
104684,22287.413423701695
104685,16499.27330803351
104686,11103.402303602372
104687,20114.824947681078
104688,8517.30084246395
104689,29965.956225663806
104690,12046.839721892882
104691,25026.905630964073
104692,26818.57786722326
104693,30305.1120403532
104694,9122.521287066387
104695,15461.10813326612
104696,12067.568254976257
104697,11080.072109070896
104698,12377.096120114595
104699,20857.280882123472
104700,25745.137611364295
104701,16521.700339720086
104702,21140.598266148096
104703,14822.059912829463
104704,26732.27356360212
104705,17295.499672234364
104706,15872.091724496282
104707,27223.699482777705
104708,11390.811844698605
104709,24236.294443769275
104710,24368.380929249648
104711,13149.832812316727
104712,12281.473901791267
104713,19586.616149664012
104714,9621.908922880897
104715,28170.201998115812
104716,25832.63363415605
104717,18090.46803481346
104718,22547.10336254913
104719,10255.27791403279
104720,15317.866578144492
104721,8986.365869106146
104722,19626.904785343657
104723,14542.707856743584
104724,7276.769636246319
104725,27637.47831216446
104726,10921.541599285927
104727,23874.848106531892
104728,15933.533320618673
104729,15855.018868118068
104730,15836.933940839273
104731,20890.576229803944
104732,16327.158103195708
104733,11384.454600612144
104734,9988.93170930802
104735,12520.939233159475
104736,14395.463736660387
104737,18627.77473896654
104738,15308.359108626257
104739,14479.228395232287
104740,14491.235649653128
104741,6989.704758080262
104742,22260.78210912853
104743,8014.017771734952
104744,15167.374654611134
104745,9602.89585536942
104746,24259.786000840664
104747,14756.495049953608
104748,10879.289984139641
104749,8235.455354371705
104750,10517.264915211746
104751,14193.040087002622
104752,17760.945263120804
104753,26005.75260474815
104754,11166.026302698565
104755,16424.781419865052
104756,10456.422351541376
104757,12801.24975927985
104758,6319.626987179891
104759,12354.444532551604
104760,6763.693465740025
104761,10518.53392546524
104762,29295.681719108485
104763,10609.469716572969
104764,16747.58567353096
104765,10743.144498307855
104766,16527.128749139876
104767,10677.934794245502
104768,10858.960245727747
104769,12558.320146619879
104770,29990.427417236355
104771,9563.515693781414
104772,23730.600539710777
104773,17456.002548570563
104774,7164.8350146385565
104775,12994.71812004552
104776,8700.594455426693
104777,11964.78185785172
104778,4267.241514686559
104779,11632.284714498133
104780,17951.650730944442
104781,28510.151659749245
104782,9853.218232442663
104783,7186.843236933255
104784,25580.743988411534
104785,12792.204612580574
104786,27229.363465065784
104787,9867.345672259682
104788,20333.046028297074
104789,21929.839997575324
104790,10141.27166182565
104791,20849.357790043763
104792,9288.434256291648
104793,36000.42088442492
104794,18271.149000556386
104795,14902.49327669442
104796,11212.846340016516
104797,6552.368924744031
104798,19196.07574721334
104799,9316.683249198553
104800,16609.03541042978
104801,22421.495148820413
104802,24652.85723373912
104803,22657.696194070406
104804,8789.160614231283
104805,25268.421886129385
104806,11184.448899495848
104807,15887.057507037085
104808,12375.323488746742
104809,10660.377734698211
104810,34685.05564640171
104811,23728.646646723413
104812,10516.35974997858
104813,21018.679672420152
104814,16684.395364525622
104815,16943.694557447478
104816,20865.741996084354
104817,8361.103223085309
104818,24665.738558702174
104819,31257.38100728139
104820,8005.436150382714
104821,10671.920005009524
104822,25645.806588305302
104823,24394.0495901747
104824,6989.704758080262
104825,8735.795530353846
104826,13411.388045759944
104827,22119.326051322558
104828,13693.418065855134
104829,28150.65063347276
104830,13503.93137166492
104831,28399.41036643843
104832,7305.579431774236
104833,18327.426528004442
104834,11375.031607595345
104835,3832.2335597255783
104836,26732.27356360212
104837,12488.52929380604
104838,7693.4264425150695
104839,27673.26652135669
104840,18591.828435943004
104841,7430.813001069536
104842,25549.660987684987
104843,9331.437517947581
104844,18246.195791016187
104845,11132.37552205837
104846,8721.841448132047
104847,19178.514820420656
104848,19786.43301226824
104849,19671.822662279137
104850,16773.78317098625
104851,24342.400641653727
104852,21969.600785446095
104853,7042.868301648239
104854,10027.394745046025
104855,5700.836557828667
104856,15141.500244821482
104857,16281.695665609255
104858,11137.083855387651
104859,11743.752041500247
104860,18745.20117816644
104861,16925.23072199552
104862,11846.128502793032
104863,21885.869148193095
104864,12365.832724835283
104865,11369.329397573718
104866,18250.116246765167
104867,13948.560239113123
104868,19265.403598331388
104869,13574.059855181276
104870,11730.17503419172
104871,21170.127277767395
104872,16349.62534485158
104873,21466.61778285818
104874,10710.747097888874
104875,19856.312231993037
104876,18322.4869305669
104877,10181.762252823104
104878,11582.149838825713
104879,19356.48922533872
104880,16287.478841987315
104881,20621.505174851383
104882,6156.957562244882
104883,17300.23241122467
104884,32500.806449107185
104885,12281.374487566398
104886,22880.537221850784
104887,8946.519178216271
104888,20889.622991242657
104889,6696.830297682002
104890,24764.124264817365
104891,25986.417338059404
104892,9137.899200832144
104893,9879.028692728409
104894,13274.86996991433
104895,15270.663871581577
104896,23995.25314797029
104897,7386.490374545269
104898,15804.922530372698
104899,29265.371643250965
104900,9541.88885961116
104901,16174.620833372644
104902,41924.71439252414
104903,15173.634133636415
104904,12195.680415146693
104905,19429.409126635892
104906,15477.37660567496
104907,11248.412651475124
104908,25957.842312552857
104909,19636.415924683126
104910,12523.158282926248
104911,19584.013482129667
104912,18035.624506178505
104913,11440.867676300692
104914,16210.152338972586
104915,18180.056531325903
104916,10315.291387480926
104917,8810.010886683916
104918,9813.544937326826
104919,2843.700780320385
104920,22626.184239256025
104921,15223.93432720159
104922,23828.71489670623
104923,9653.78727608661
104924,22241.140952105005
104925,8333.557986897726
104926,9057.087124364705
104927,12683.450535439066
104928,7491.988824237316
104929,16108.189076505316
104930,19517.69775228039
104931,18216.35440946897
104932,6343.216541032345
104933,16025.306649266433
104934,16597.783276078895
104935,7474.321289342328
104936,7803.222748245449
104937,7670.502759106126
104938,17103.896159227606
104939,7177.60853738212
104940,20015.55242138765
104941,10202.086861079939
104942,11989.512202511505
104943,19181.294301332393
104944,23574.704957699145
104945,19304.930606994196
104946,13461.534077213455
104947,10456.422351541376
104948,17823.41697692098
104949,21480.86350583784
104950,8455.021332124548
104951,13492.500456811273
104952,12219.13468312893
104953,12951.473644623587
104954,9082.359296760897
104955,11227.839860326534
104956,22899.63468267379
104957,39434.10941577859
104958,16769.782835399466
104959,16813.56227539699
104960,11148.985648808986
104961,12755.82896389421
104962,26321.653951347827
104963,16349.62534485158
104964,3036.182634430623
104965,17067.992533935096
104966,19149.15834018915
104967,16328.08190064596
104968,18176.50184521656
104969,20222.76043808949
104970,19256.643473442833
104971,9862.183125104424
104972,15441.822118905731
104973,19195.68561388575
104974,14613.988559307458
104975,27922.368661345503
104976,15609.756382737063
104977,21495.636922347803
104978,2667.7842327492826
104979,9031.162324031955
104980,23119.80933836619
104981,44771.52910173685
104982,20558.76348635547
104983,13555.489301850168
104984,7114.972464779906
104985,10533.785003886149
104986,13667.229390954833
104987,15099.31308030734
104988,13436.054513658368
104989,12159.098023714285
104990,20890.65570348558
104991,9803.45917061507
104992,22069.792596446045
104993,20714.43209090124
104994,14812.38779632814
104995,14352.682098333511
104996,14549.753725147651
104997,14139.652412233172
104998,44230.79523521119
104999,26264.00407017341
105000,8923.408916370581
105001,6935.910793318989
105002,9620.136443822346
105003,26942.666184050944
105004,23532.738475022656
105005,18203.042385373068
105006,9204.43200793519
105007,11652.16630239605
105008,10715.032751239505
105009,18971.30528886804
105010,16800.241177504944
105011,9172.368297610506
105012,10595.929513364807
105013,9258.202302295973
105014,23366.68016285819
105015,23228.79477305487
105016,16188.219633124345
105017,8938.394608700986
105018,9503.292385272725
105019,20716.75967161418
105020,18334.09550650087
105021,22464.555928469545
105022,18047.290779562918
105023,15944.943336989589
105024,21024.856198086432
105025,16852.493548935465
105026,23829.4424833018
105027,19032.774055790323
105028,12677.355594858918
105029,17726.730565815087
105030,16550.876936600333
105031,23096.1696414931
105032,18218.062882536204
105033,7508.822603962196
105034,20279.071527619824
105035,5935.957196260493
105036,13562.559878339382
105037,21955.60840878304
105038,19294.3713904966
105039,20435.686171690373
105040,8964.386717193982
105041,12141.89661898296
105042,21103.19704302514
105043,9579.162865875744
105044,9339.490583876483
105045,9943.32726142448
105046,12711.631382508976
105047,19165.342290458735
105048,6576.829835279195
105049,9922.937367782608
105050,23538.48912261893
105051,20113.989989686823
105052,18836.634084786805
105053,28637.314680713695
105054,22959.251659202084
105055,21115.653915464925
105056,29239.763802224345
105057,13814.480035072756
105058,8821.117638519629
105059,16364.446491582743
105060,20233.774312900125
105061,44634.37565686512
105062,16247.79052471047
105063,9046.077079846329
105064,10121.393811533177
105065,12571.61223091412
105066,8525.575885373866
105067,20798.37618545779
105068,10204.40102990248
105069,20310.40689077647
105070,9986.226929934452
105071,23210.546002987056
105072,29546.044169819248
105073,14269.325570056151
105074,17796.530587396588
105075,17231.54410403566
105076,12037.997814057255
105077,13437.087317469683
105078,16362.759615483474
105079,7996.564554903663
105080,7016.924588581523
105081,10519.264912498737
105082,12127.19557666714
105083,14999.671689665758
105084,24172.009998790003
105085,23751.70028059659
105086,11149.523499645262
105087,22379.886561219555
105088,8096.358234914301
105089,16231.649802864664
105090,9335.875135331378
105091,19544.681574092865
105092,4746.46484837199
105093,7525.618459425144
105094,16664.970958282618
105095,15817.207102175289
105096,29739.033665973362
105097,13899.260568883246
105098,27352.867305825926
105099,8814.114987197905
105100,29063.186089084495
105101,47562.4119620762
105102,29139.09106357051
105103,18302.816588375004
105104,7233.861072594481
105105,29464.93559807045
105106,9598.000062378762
105107,19894.77925728192
105108,11848.38456507225
105109,25810.554655969372
105110,18553.136182275484
105111,24665.60965618752
105112,11354.01762805743
105113,14660.978802659118
105114,11361.8229092264
105115,30620.173382108653
105116,9592.361724982533
105117,11026.003496958674
105118,10468.474273368885
105119,19178.514820420656
105120,26882.16634510759
105121,8678.824182675073
105122,9883.023175530741
105123,12379.94599843686
105124,9059.564504454032
105125,23446.411773429903
105126,8407.355293896144
105127,19071.59279589832
105128,17473.327771445962
105129,16684.340848349875
105130,15676.654408956825
105131,19810.8035128474
105132,30377.00454906763
105133,10756.446267325646
105134,11955.990394308536
105135,21437.316464011248
105136,52672.750824450784
105137,2806.491225261938
105138,16004.671605505784
105139,25017.803466974572
105140,28024.9103385205
105141,14968.213375694171
105142,12885.65456151913
105143,15284.24428211024
105144,24653.988783963025
105145,17990.490956910344
105146,11372.830703837502
105147,22647.100824401376
105148,5490.177236939852
105149,14199.099221721908
105150,13824.666771458833
105151,18715.296080122658
105152,20287.178665998927
105153,14136.555132055964
105154,14461.731326596238
105155,16929.017303682253
105156,19221.039317194613
105157,18877.428887975162
105158,8488.529775468034
105159,19791.96714930157
105160,29775.148502032607
105161,20082.840244286876
105162,16984.5980111573
105163,14030.327347470042
105164,29031.41244830938
105165,17322.994421391388
105166,9523.266714643949
105167,10319.43696444773
105168,13397.163256163743
105169,13164.244344634368
105170,25751.287446289694
105171,7561.059790207927
105172,10456.422351541376
105173,13329.619690171858
105174,14773.255855776464
105175,26394.852987049773
105176,13491.524588802791
105177,26969.12591350924
105178,17999.842728130676
105179,24649.9736388422
105180,14532.231135721675
105181,8369.032437352216
105182,7927.9485631085245
105183,12424.23593962762
105184,26473.40146183202
105185,8326.321518538123
105186,10329.888952376763
105187,30331.409026268004
105188,16902.707632705195
105189,3066.913297732587
105190,8514.212421046775
105191,14249.24623227394
105192,20440.36654857161
105193,18389.200406853925
105194,20732.431999398214
105195,9923.098589127276
105196,9965.291279095696
105197,41330.496352126975
105198,16685.203791293032
105199,23734.905279106264
105200,6358.10735198271
105201,14814.675071497002
105202,8764.283985127637
105203,23403.226498683853
105204,10130.074706168609
105205,24675.295403521006
105206,20121.39433117076
105207,24922.00796061229
105208,19262.09674101986
105209,12122.28943097109
105210,12462.79939429295
105211,9115.181230665063
105212,20125.206374563684
105213,9494.082955831645
105214,13187.322499601767
105215,12434.3378521561
105216,9024.39691071377
105217,32149.997464199
105218,22614.48252214568
105219,17997.99593841921
105220,9975.330481146266
105221,12114.156164773201
105222,4602.82878298676
105223,10395.00967792937
105224,8488.529775468034
105225,18373.747818413587
105226,16069.582088805302
105227,18802.819227459157
105228,20570.39002011321
105229,22035.851800278622
105230,23632.759266199442
105231,14622.936073225528
105232,8191.964106665915
105233,12375.289163510732
105234,21779.384745381332
105235,15161.910094326035
105236,8355.173226292969
105237,13056.458016009174
105238,20902.694756990804
105239,12248.793443646418
105240,16977.190725969285
105241,15904.814652026667
105242,26995.99723173298
105243,17728.076089369813
105244,22100.110966409262
105245,10793.426302814229
105246,8635.719228290913
105247,12612.308257907394
105248,12770.091087273366
105249,19327.742050541154
105250,20046.34792361947
105251,22346.43876768199
105252,11488.19949760546
105253,21182.081331467165
105254,12044.773385295186
105255,9061.929919250464
105256,18574.759203304144
105257,10702.24218875332
105258,7619.650299090491
105259,6794.718831031913
105260,11835.52162804558
105261,21692.965161881988
105262,17771.22979706999
105263,9773.618416801319
105264,13203.822636284027
105265,15197.369733017307
105266,13072.225900536128
105267,27563.159972537724
105268,16507.303616846948
105269,28291.58822519555
105270,20558.660323104687
105271,5771.332210502096
105272,16074.565032426752
105273,14304.714342321236
105274,4651.5834283082395
105275,10928.064070534723
105276,19844.248202920247
105277,9558.667415284805
105278,21142.4435860883
105279,19015.8014074349
105280,10441.278678703287
105281,30408.864675705947
105282,15289.243955329357
105283,14925.343054841484
105284,9503.37184800853
105285,22793.07069020399
105286,13990.9951719412
105287,12105.925970911
105288,9145.665621646209
105289,27284.343310505934
105290,10456.875090312713
105291,41816.27312133129
105292,17494.18914423059
105293,9391.659477830695
105294,23266.137058794768
105295,27223.699482777705
105296,25369.96044307226
105297,20013.53757227961
105298,13661.487300423358
105299,9717.54820237991
105300,16996.356048446236
105301,11169.229194248079
105302,17091.34028654324
105303,8055.6722860490245
105304,6835.136461264353
105305,34091.623211683924
105306,12085.36626245982
105307,11566.51819707671
105308,18116.760300062564
105309,19350.829617654173
105310,14943.907458572892
105311,8813.027224247908
105312,17399.324725010047
105313,18971.237814582313
105314,28174.39612170162
105315,32493.369591873892
105316,23908.0833462813
105317,17597.216740374344
105318,20078.764079884895
105319,13637.505927195649
105320,15671.980105134588
105321,10573.400617562229
105322,18911.042452118916
105323,11275.495575167934
105324,20007.494208475815
105325,8510.49897990104
105326,28940.739448848024
105327,25681.336770937367
105328,12342.756751122957
105329,7016.5218865723755
105330,20486.681418310007
105331,20819.923796546238
105332,18302.01336779973
105333,13576.846037798146
105334,15810.455083441419
105335,22561.689284806092
105336,29771.934314564525
105337,12220.850283241023
105338,21995.513583691754
105339,9813.544937326826
105340,21333.214458413764
105341,7098.721132240058
105342,27928.664577167277
105343,11787.904451256003
105344,11162.126243436913
105345,14321.21173863836
105346,23380.20243696283
105347,17494.48415155339
105348,12475.521165758972
105349,10177.514724071225
105350,17819.05203813632
105351,14354.105090846868
105352,10661.625534217728
105353,25237.863387170604
105354,12672.122406054961
105355,6973.88266712131
105356,18909.44569577882
105357,11402.772796950054
105358,15187.71399918289
105359,8823.857532237374
105360,6653.835029110344
105361,10359.627328142804
105362,30576.141976406616
105363,10181.577844300718
105364,18667.707820361724
105365,25019.683016651248
105366,19564.500305173766
105367,10590.481656259239
105368,24080.217222412866
105369,18189.257409597198
105370,14014.50057438305
105371,13067.132951192594
105372,10172.09436514691
105373,24446.47348864857
105374,9320.511193955721
105375,11572.562315893487
105376,17747.812061872602
105377,10259.396579066175
105378,20580.364577196553
105379,6330.999061512244
105380,8742.277797816289
105381,20264.52155347387
105382,12827.353326299399
105383,20335.471108279624
105384,5862.954499415878
105385,15680.488183069734
105386,9471.23262704276
105387,13537.230775950142
105388,15605.305692153384
105389,21475.054062795953
105390,11892.565080891116
105391,19544.621401775785
105392,19024.126489111084
105393,11787.834420157256
105394,20272.383591360925
105395,18579.93398882433
105396,21428.99757328125
105397,12300.994845516541
105398,22680.91150720062
105399,13840.515125929162
105400,10461.714534089859
105401,8153.89585282852
105402,9485.454056572456
105403,14769.915587688776
105404,20232.657967106166
105405,19069.251878380586
105406,13482.943528384654
105407,15220.967333015826
105408,19236.694781743372
105409,11733.673158384314
105410,19029.490021748923
105411,9147.475742827344
105412,10704.53357810556
105413,16238.959075995317
105414,11706.089773597801
105415,27460.630573611095
105416,10766.193256317187
105417,19658.03284438752
105418,10134.537764626295
105419,9803.737325468888
105420,12453.247276021586
105421,16488.53602215495
105422,29107.925600976632
105423,10457.459860938121
105424,17301.858211461637
105425,10161.388559999343
105426,22103.840168625324
105427,12880.765479281717
105428,12456.671924138893
105429,39503.356967729385
105430,8027.214957306171
105431,16530.49632196471
105432,20178.554712718018
105433,16671.04877979001
105434,10456.422351541376
105435,11527.55974709842
105436,7511.235574186383
105437,23992.833570994768
105438,27928.664577167277
105439,17075.246103316353
105440,11989.380110372116
105441,10292.541999550353
105442,18984.3897756368
105443,29962.391777758487
105444,18404.903684085566
105445,15246.508436923845
105446,16580.53643397845
105447,9815.108496038785
105448,25225.155678530828
105449,15757.798637382199
105450,19437.27657752936
105451,12297.885612667616
105452,14650.833669400108
105453,15979.343377543679
105454,19087.17096661981
105455,12860.160882779797
105456,12597.590808955176
105457,12691.277503237985
105458,6126.441442899747
105459,7775.653503046965
105460,20632.970942941432
105461,20214.211696507915
105462,29295.681719108485
105463,21199.807719728426
105464,19517.360812664003
105465,20544.022618977928
105466,25490.439171471844
105467,18638.299008716
105468,25299.898937326245
105469,7389.078052958086
105470,8404.32963826816
105471,12508.29699568648
105472,27619.24222050376
105473,10203.84052228115
105474,8158.987683754769
105475,13270.690117260716
105476,9868.017134615297
105477,13192.561988529545
105478,21873.164090687897
105479,19695.54778008584
105480,18950.322690088346
105481,10819.31856855208
105482,10401.206747741313
105483,11933.810492852155
105484,11992.343843441082
105485,10567.848931037564
105486,13742.264810047256
105487,18145.33133757353
105488,16543.840778160684
105489,17587.405168605605
105490,11644.169110893808
105491,22520.022187114777
105492,15048.445054061609
105493,8701.945296085692
105494,12327.50141261425
105495,16594.93970468789
105496,12446.10193141241
105497,25673.353479816873
105498,14143.091371162358
105499,7164.8350146385565
105500,11625.781962474452
105501,13321.03591073295
105502,23412.64013860432
105503,15664.974168082144
105504,10800.886353732003
105505,8443.931994005958
105506,13847.343774070534
105507,20933.172194797444
105508,14988.629052770188
105509,7383.697850566251
105510,10138.064231099794
105511,19996.552190593542
105512,13059.508426289194
105513,8017.240106508244
105514,15420.238990315358
105515,42986.509542748725
105516,9619.466732102652
105517,14420.131070212712
105518,9927.915391909586
105519,10702.24218875332
105520,28962.218500582625
105521,23660.94964148141
105522,17153.776920717166
105523,6605.567144909721
105524,29604.07992891963
105525,21499.265923534746
105526,17181.321159335785
105527,12052.451610680482
105528,9204.43184666533
105529,25449.214736610727
105530,20493.4180571112
105531,14303.87517978234
105532,27106.80786609529
105533,28854.217590239095
105534,8362.38370451534
105535,8540.305442395613
105536,7820.407255468168
105537,12487.233581205222
105538,15129.042855354652
105539,12019.340764029039
105540,17617.103330202328
105541,15940.1566537848
105542,15719.64099697363
105543,12185.213171880143
105544,20808.025053801826
105545,8854.895365090804
105546,15957.269844441304
105547,14428.926994483862
105548,18719.48770378221
105549,19164.510246116737
105550,20681.33892020436
105551,10980.876512349105
105552,12350.526078585048
105553,9827.092033063895
105554,10965.391058252073
105555,32840.29549915122
105556,29324.02345232985
105557,10297.108434260623
105558,18531.018134908896
105559,46460.893603484175
105560,10888.466845693474
105561,19909.5437021763
105562,15746.470160651701
105563,17483.416268910452
105564,10249.398166769226
105565,12406.182080007651
105566,12903.703432760742
105567,12563.084814168982
105568,19650.356516883316
105569,15517.33426508335
105570,8110.1709081092795
105571,12396.982422234374
105572,11644.169110893808
105573,31441.387062277885
105574,24443.954880680863
105575,13915.467417829415
105576,9542.610378279702
105577,22378.55495649409
105578,8191.964106665915
105579,25155.750902408497
105580,14214.02983728147
105581,7646.586085153378
105582,17357.587674049904
105583,10468.474273368885
105584,10965.365012482514
105585,19861.33285701137
105586,8003.860974884598
105587,15216.041807971458
105588,11626.725025433856
105589,19898.427744328925
105590,18720.16201593849
105591,28304.67691997883
105592,12544.967611966737
105593,17153.776920717166
105594,19447.811487985633
105595,21065.262970226926
105596,16368.79305087187
105597,10259.282178810938
105598,17207.78437951365
105599,11169.229194248079
105600,18771.818817766154
105601,10666.40457130867
105602,16198.831903035107
105603,14532.62788843957
105604,12411.680030719692
105605,9749.717828194081
105606,18781.61525002028
105607,18654.313946643273
105608,18810.96830685002
105609,7079.912120688865
105610,20648.45153973103
105611,10847.358222467852
105612,7508.822603962196
105613,18758.341360698487
105614,18116.979781528353
105615,18217.030270160496
105616,11651.197458038278
105617,25576.84154194948
105618,35628.66073704189
105619,8575.898053102883
105620,9230.984891211343
105621,23070.354965192295
105622,11334.08621260095
105623,13377.905001626468
105624,26154.480390041517
105625,41380.45399480195
105626,17121.684479145213
105627,19611.17092562941
105628,21644.97715954559
105629,26559.06605241364
105630,18897.01651148073
105631,10125.959851007208
105632,22816.281179386027
105633,19867.371220244644
105634,9049.473431618302
105635,8282.199379270674
105636,24613.635286159268
105637,20608.87514506458
105638,9389.163360805578
105639,14556.917686800794
105640,15220.488200577525
105641,9882.470332500565
105642,19233.57108021701
105643,37344.92666652761
105644,14306.518227199558
105645,10313.618994399134
105646,11141.438845224106
105647,18317.882036353963
105648,7023.550727066091
105649,10643.563176490161
105650,13190.555208792337
105651,18598.10843084967
105652,13732.982108562559
105653,17582.652336704745
105654,19397.448843753627
105655,24562.02568877943
105656,19785.400587328204
105657,25616.947909955823
105658,9306.34013292832
105659,11654.190238072822
105660,18380.208280877512
105661,12143.310021202462
105662,14990.504413821078
105663,18571.21025229909
105664,22693.745458264442
105665,27040.801304255747
105666,9467.00622465449
105667,27822.98120767323
105668,12584.48086630082
105669,15258.261263523076
105670,27838.78739752834
105671,9782.480412558543
105672,10383.395434008256
105673,13576.382861450009
105674,9585.493310372845
105675,22226.56007389451
105676,16514.519403480168
105677,7627.87800288107
105678,2677.917451202879
105679,7822.069394775218
105680,8395.429555979224
105681,25441.797292159925
105682,28887.939820131625
105683,13936.372026057245
105684,20030.013309076174
105685,22686.60900516034
105686,9107.155628092338
105687,17609.65361987865
105688,28894.43279990351
105689,26195.683260057904
105690,24748.281287094524
105691,16061.760892238031
105692,30085.322523097733
105693,9768.581060225473
105694,31219.101765468688
105695,7664.017092322677
105696,12035.317072268817
105697,14631.684843609379
105698,15221.02431747031
105699,8699.397266040365
105700,7350.721866666118
105701,26541.587541751967
105702,20046.09023005197
105703,13693.370039371897
105704,18030.876534901876
105705,12819.22625032169
105706,32393.063752184087
105707,14076.574113606117
105708,28740.935794935533
105709,17282.703057636845
105710,6319.626987179891
105711,15948.622638961904
105712,27683.894771344167
105713,7471.823628026418
105714,5676.875464020576
105715,9521.60052249955
105716,14021.124337170726
105717,16377.828308329728
105718,7969.979271577618
105719,17983.87873112852
105720,12969.22175167567
105721,22541.57727554233
105722,18957.47135014495
105723,12801.24975927985
105724,21519.514138520495
105725,11014.55207795245
105726,9954.339345763352
105727,33609.6224057156
105728,16175.883284877338
105729,7969.436328015556
105730,12614.114779011332
105731,20818.8986709983
105732,26754.98953625096
105733,12669.8073165408
105734,15860.39902871786
105735,14203.587688732445
105736,15801.87941604336
105737,15225.207776493173
105738,13042.648462728073
105739,13022.009592959368
105740,10666.122849412697
105741,20174.482780605616
105742,16254.922689806106
105743,12473.635143711634
105744,7552.969981642457
105745,16792.079968355698
105746,10121.393811533177
105747,18444.765286788945
105748,13391.11599636207
105749,16017.050096277451
105750,11343.024302675687
105751,11409.455163228497
105752,15664.636550731535
105753,22021.68054862793
105754,8500.550701327486
105755,18439.047764023584
105756,25114.70123221134
105757,21678.886385747028
105758,9987.958800443623
105759,13096.63692834709
105760,9805.131175593602
105761,17387.788389389505
105762,16775.72645408598
105763,15048.101095141328
105764,15478.4082464444
105765,14632.86738846618
105766,10545.172178559527
105767,13022.009592959368
105768,9911.493885062826
105769,7910.108853346787
105770,11275.495575167934
105771,19361.46798373223
105772,8864.797616040547
105773,26351.56178048497
105774,11989.570187131056
105775,18221.107872760855
105776,17829.7285157676
105777,15156.83738129721
105778,21683.189462763392
105779,13284.702664259446
105780,24811.739367168786
105781,15673.965068095542
105782,11608.660924502208
105783,12866.920544419601
105784,22326.431637958944
105785,42086.75412100012
105786,15660.708061377329
105787,12228.82920921934
105788,15912.38389784732
105789,26473.197552551406
105790,17107.312656247876
105791,19224.200049926163
105792,25310.55023434328
105793,22510.679127050884
105794,10468.474273368885
105795,6242.726531065463
105796,16509.207117034526
105797,20183.92082025869
105798,10985.325196916112
105799,12105.917095308798
105800,10713.374384383964
105801,12729.202528425412
105802,12003.360867373096
105803,8374.197145286671
105804,15894.702229213493
105805,19091.699597366616
105806,9996.502180413228
105807,22003.11914370385
105808,13205.865619521142
105809,9335.63585302425
105810,12127.772843209445
105811,7999.979987384316
105812,20229.06697576082
105813,13383.773553826253
105814,21192.77851527469
105815,30535.338378944758
105816,20275.678013658577
105817,12051.91287872275
105818,7284.646495671257
105819,15036.058131592834
105820,16515.911208483005
105821,20518.41219385384
105822,11013.9756962995
105823,7596.937233580643
105824,13501.642780460848
105825,9907.623067714107
105826,12470.802106971147
105827,18961.818371085406
105828,19008.61929512445
105829,17216.07878642827
105830,22772.288718145955
105831,17551.189799107946
105832,18918.745835349717
105833,10199.455433900226
105834,10109.317219402688
105835,14966.572667600964
105836,20684.837006711048
105837,21160.533770012247
105838,6940.6057266298785
105839,23003.771395155993
105840,19258.06354398706
105841,28095.999974656945
105842,23304.1620938571
105843,24876.113249282436
105844,18250.676431966265
105845,8006.402863443419
105846,27912.60570400665
105847,12716.594599244429
105848,9444.79486908326
105849,20735.802157090653
105850,13791.579332134068
105851,20144.634234924168
105852,20861.365757584397
105853,6951.997643894981
105854,12856.276492044373
105855,14488.268230298634
105856,16223.200820924572
105857,19301.531436843445
105858,12053.907209527822
105859,20936.311260779687
105860,5257.271166381742
105861,14169.791977724877
105862,1899.8479414320611
105863,8380.717945803031
105864,23309.47810457339
105865,21881.69595987957
105866,41828.75300273153
105867,19081.242696777317
105868,15536.463900039676
105869,13463.097522086086
105870,26181.524916245315
105871,15591.819988406533
105872,20654.95487421054
105873,18791.291513604712
105874,11408.557687243208
105875,7248.865116746793
105876,9022.70375354085
105877,9896.194851832643
105878,13331.464803432404
105879,10770.80588778348
105880,32596.246850626998
105881,20074.552625401473
105882,9823.00937386341
105883,10858.960245727747
105884,22777.72824541963
105885,19982.53821197406
105886,26459.185348824714
105887,23256.14741869033
105888,22661.03870554298
105889,13038.129798998432
105890,10235.520997114963
105891,21782.565207107564
105892,11431.34087723369
105893,19722.2468153344
105894,15557.463760254524
105895,28645.731517439148
105896,17444.97161609646
105897,11043.006715208794
105898,9874.975925847619
105899,15959.854399673632
105900,14869.410592698168
105901,21007.41703811652
105902,5171.851799643305
105903,13391.529316831733
105904,19172.619488021657
105905,10728.598807749087
105906,8823.857532237374
105907,14968.993171005322
105908,22258.257509275714
105909,28913.494289843955
105910,11819.930587137256
105911,9078.622048286616
105912,8191.829282299952
105913,36492.9733014129
105914,26499.960645149225
105915,8699.199968733676
105916,10813.917385891249
105917,10330.482692919593
105918,24022.740787221985
105919,31836.41659624657
105920,17299.76634305568
105921,15962.899616821038
105922,27559.542284895033
105923,7349.415499129798
105924,15253.903171963628
105925,27121.224133992422
105926,6189.545319206225
105927,4310.491213421528
105928,15847.484698044127
105929,11989.512202511505
105930,11976.672874092768
105931,21005.20905159023
105932,14142.124605696486
105933,17385.904815356607
105934,9557.672859222273
105935,19237.79401627338
105936,15284.066940441306
105937,11989.380110372116
105938,11378.279871929984
105939,14859.825966022714
105940,9621.908922880897
105941,10580.084878802243
105942,12266.014752162175
105943,10261.52511680354
105944,13652.578349239808
105945,7513.097318476039
105946,23967.73013756176
105947,22248.301171006875
105948,9021.619467357494
105949,12038.81766315057
105950,9957.962632924673
105951,10538.588994577416
105952,12376.974728701953
105953,11671.127619937528
105954,17055.961935792202
105955,10035.091554356133
105956,10776.047729442313
105957,22277.2640220772
105958,20361.89128298297
105959,6851.195131992936
105960,20168.54747037177
105961,20997.344081531017
105962,12902.430338968063
105963,11650.52646107888
105964,15536.84835153344
105965,10017.381564317826
105966,13122.168895765812
105967,8603.429644423257
105968,12786.673966425118
105969,26455.832449536098
105970,51323.66357384752
105971,16872.93528508099
105972,8676.177105626892
105973,8456.75123863841
105974,15064.530377086052
105975,14552.07152980814
105976,19656.360016571252
105977,15051.77622448018
105978,9527.758552085972
105979,10653.956180414707
105980,9933.181679657288
105981,10538.600006318915
105982,18094.460375595416
105983,17166.434253425406
105984,15065.620646309846
105985,20485.62151957629
105986,15494.040143828312
105987,20900.484046067857
105988,9483.890379647986
105989,19208.31551665382
105990,24585.361986870445
105991,7508.822603962196
105992,14235.967408622399
105993,23524.162193986715
105994,23676.63975968448
105995,26547.996129919567
105996,9893.32425892419
105997,10191.416622454088
105998,17300.591572287125
105999,8412.685951326137
106000,24870.570907302903
106001,23242.78319946195
106002,14589.02474209633
106003,12539.768757435884
106004,19018.419092740394
106005,31518.06294062138
106006,26574.537354188564
106007,27210.9150495798
106008,14272.708858012951
106009,14369.297114224819
106010,21953.42862040806
106011,28670.96573126034
106012,20865.741996084354
106013,12484.35366616039
106014,15082.514747954996
106015,9452.546854229551
106016,23254.66910720958
106017,27156.305470159867
106018,7973.7979876379
106019,24805.33144384783
106020,12402.02768703619
106021,34566.74021241461
106022,10983.282258945323
106023,11029.594340825657
106024,24315.71355797103
106025,16349.62534485158
106026,14874.604157375425
106027,17184.29739161849
106028,21060.003914611192
106029,16220.057702174792
106030,24573.86733642405
106031,15938.807068871105
106032,17118.348667606875
106033,21282.169088314382
106034,8437.251676106527
106035,10238.586778105337
106036,19573.132640112068
106037,11188.491622441341
106038,19828.989042382516
106039,12603.136583337857
106040,16463.43602099522
106041,28869.103102510682
106042,20029.81078540909
106043,9056.084080171879
106044,10218.189416448122
106045,24136.132213857854
106046,14044.844656497371
106047,17594.57454886618
106048,26266.145458342307
106049,22278.453650393567
106050,14255.757227781896
106051,12396.43050151605
106052,21046.222181865836
106053,9691.52569462244
106054,12998.879302717849
106055,10002.582565302515
106056,6875.30417872798
106057,10817.961722711265
106058,30110.539595621947
106059,21596.85017699856
106060,10861.43972338664
106061,41143.59832526352
106062,8276.856569491194
106063,15641.979506693198
106064,8158.987683754769
106065,30789.53600388536
106066,30004.23376675436
106067,19932.60181495419
106068,15970.116015068314
106069,22610.29454902254
106070,9605.967581508385
106071,10899.5899595813
106072,14634.994781545749
106073,14226.023270720505
106074,16377.828308329728
106075,21965.031314085034
106076,14118.343558307246
106077,18716.360362136656
106078,18941.455711810766
106079,40994.3089244269
106080,6187.358500559798
106081,17475.216107805056
106082,11165.853305042492
106083,33535.68004226965
106084,7397.072865878709
106085,8627.192763143843
106086,18934.618015564258
106087,18030.876534901876
106088,22094.567532244906
106089,7820.490211098577
106090,15622.720053571824
106091,12793.522572905336
106092,9893.652123973949
106093,17736.34362815742
106094,19612.243455449818
106095,11587.813490742976
106096,9785.756818355992
106097,20314.699167766063
106098,12129.448030889373
106099,26607.6245666863
106100,22058.56069470283
106101,18621.620901806462
106102,9316.683249198553
106103,19663.0194782658
106104,32107.35532664064
106105,12476.212306194611
106106,15244.51455821266
106107,20514.733372387982
106108,8212.862450971868
106109,11641.467994441415
106110,19422.681924201675
106111,18650.175537655083
106112,33448.74586672864
106113,30008.258005799093
106114,28340.650760793847
106115,17868.196239854937
106116,10064.393089229177
106117,3747.719553542482
106118,24983.989332451467
106119,19263.5067576742
106120,13882.686959265573
106121,5894.147183698022
106122,20866.32959768974
106123,18512.747813479353
106124,8276.827884238422
106125,17082.51840586367
106126,17177.280279858252
106127,16407.49750236338
106128,30333.82852899969
106129,12930.346670523275
106130,17295.499672234364
106131,18598.10843084967
106132,8845.132541120438
106133,27325.699885102982
106134,25189.06591091606
106135,14553.772248385836
106136,19321.40259252187
106137,22146.079530001716
106138,16583.666425968382
106139,16303.980965717637
106140,11163.873132539486
106141,8745.004153445605
106142,22966.45233301932
106143,11214.829799957193
106144,8373.74865261786
106145,10452.063242936978
106146,26372.8297510252
106147,9929.071639724145
106148,18971.627520114478
106149,13687.973836390167
106150,15749.327862728322
106151,18705.091556638763
106152,17667.26440715664
106153,13263.428456570691
106154,9944.323531325655
106155,14650.868044077375
106156,28771.06678065978
106157,13334.803758338046
106158,15819.772009102651
106159,19174.514889691087
106160,18869.007087536593
106161,10148.919918873518
106162,21888.941684503945
106163,17939.076831194183
106164,21830.47488142855
106165,6148.796930784221
106166,20903.953140722282
106167,26673.978826498653
106168,19259.554865377522
106169,11163.958705072697
106170,10148.919918873518
106171,33232.748551965735
106172,22816.281179386027
106173,6833.281432995992
106174,23672.13650097323
106175,9359.937662779994
106176,20267.66021934485
106177,27417.476963695026
106178,13542.415062762908
106179,5588.596840718462
106180,19257.595300447265
106181,14482.347714350166
106182,12977.724218899542
106183,24493.441467238128
106184,10881.75795173845
106185,24137.220073775854
106186,14460.114363884193
106187,10588.168348141935
106188,23683.87701069906
106189,13930.357473619975
106190,19536.252033181318
106191,11598.065045321302
106192,10290.605615374645
106193,10388.669249603354
106194,42848.54351187664
106195,10292.376926145593
106196,2267.782088781326
106197,17444.79541424467
106198,7020.852582405355
106199,9857.048310042122
106200,4755.149023415626
106201,22146.727548574225
106202,18114.388373407117
106203,29232.111554506006
106204,21776.491976208534
106205,8407.355293896144
106206,27266.884651252418
106207,10686.370789265362
106208,23302.531121285207
106209,17226.236432561516
106210,30095.91265956691
106211,16708.733484060216
106212,25400.34749669657
106213,20123.834296241817
106214,29646.12044877983
106215,21679.43830593602
106216,8925.973317512884
106217,13308.014498372959
106218,10598.90383105434
106219,13723.966045540854
106220,9490.115658591792
106221,19381.15255178222
106222,5879.833234181199
106223,12005.65066772284
106224,17712.648794652738
106225,14776.831416445326
106226,9871.603310514072
106227,25827.652913815247
106228,11141.867619995402
106229,9051.025996856642
106230,16834.469293683018
106231,20544.10149500544
106232,14664.248555375641
106233,15245.174593925474
106234,18480.805577082017
106235,22386.311063275498
106236,15981.222954845189
106237,9844.161038395523
106238,31024.113279949943
106239,12621.035911378052
106240,10182.406965914883
106241,17826.62022185806
106242,17760.945263120804
106243,10205.90578597851
106244,29496.737303792892
106245,14881.352314454321
106246,5172.445223454047
106247,10404.717516793553
106248,9661.32165309331
106249,13918.217020863562
106250,9100.350920904928
106251,20153.350159587822
106252,8915.289101625134
106253,17951.650730944442
106254,21363.25946921021
106255,11867.417509473125
106256,7721.345910898937
106257,29452.765846592098
106258,20266.543885234114
106259,33101.47226664803
106260,16594.96710124779
106261,12797.489011044307
106262,16191.446270442928
106263,7349.415499129798
106264,9043.757522001166
106265,2748.0147326252086
106266,17052.675969642063
106267,13481.720403486097
106268,33129.282946273604
106269,9107.768349207021
106270,17246.31773422409
106271,4849.723889167684
106272,28262.971131934322
106273,22329.172915736257
106274,8448.214275607248
106275,11964.845749082024
106276,13859.91080547804
106277,13329.59823526616
106278,23932.00341109555
106279,12296.719695836517
106280,20848.711613213633
106281,19510.215014642436
106282,9848.299686079576
106283,45045.24686495635
106284,13529.3993218713
106285,11201.265709952524
106286,17032.153700094543
106287,10079.506423294564
106288,16708.151366164326
106289,11334.08621260095
106290,12442.8122969144
106291,27657.280880570524
106292,25272.099058131662
106293,24064.791067551523
106294,27817.18888639311
106295,26253.733978562366
106296,16060.730599590603
106297,19065.105039662507
106298,12019.502451026565
106299,13234.67580632426
106300,28324.77199748421
106301,12606.518082280129
106302,24968.80897689225
106303,9572.598177248981
106304,11246.544025444613
106305,19987.93000815304
106306,12052.451610680482
106307,11185.321012270477
106308,14518.289696391734
106309,9542.610378279702
106310,17067.076458567237
106311,26798.950297946787
106312,24572.074544326744
106313,19539.142751765827
106314,21544.223940525535
106315,10315.8579650348
106316,7904.492361692225
106317,10538.588994577416
106318,15592.706122570999
106319,45263.19455213114
106320,5204.246229141887
106321,27516.44311020417
106322,28566.04670891015
106323,12066.96892392845
106324,21781.44343634241
106325,20406.297191717127
106326,11266.15975605399
106327,9147.475742827344
106328,46684.769333685654
106329,13053.272002568514
106330,9980.08245664282
106331,29840.846092216332
106332,21265.64619906333
106333,22110.134298285528
106334,9457.147325155596
106335,6043.034717719452
106336,27814.476795255207
106337,22047.615413624844
106338,11166.738263812005
106339,11608.660924502208
106340,17428.627982395687
106341,11735.596269559634
106342,11065.91305540131
106343,30085.322523097733
106344,6919.33093367149
106345,9876.54958453492
106346,12466.572084759298
106347,13368.111596652176
106348,20642.82864239912
106349,10073.462395156337
106350,28069.880604743346
106351,20816.76890141286
106352,20050.647744576032
106353,14982.240814275676
106354,24457.274000404657
106355,20356.272198269384
106356,9568.132099257888
106357,9345.518264171373
106358,13118.430122148526
106359,19216.551289929303
106360,30584.017058501453
106361,26517.548729280643
106362,14852.704128824094
106363,8433.713149447014
106364,9440.267461410202
106365,36886.77598473716
106366,17768.955546101108
106367,24456.181057436545
106368,11323.922871845427
106369,21168.29094437193
106370,10645.906623880348
106371,9263.494711123669
106372,12539.547445705792
106373,20199.654572859105
106374,44973.77396465759
106375,22022.839207999004
106376,7520.455426675167
106377,14844.3156072886
106378,14406.516532500576
106379,21998.790244011307
106380,12758.886053152775
106381,9046.837095346309
106382,8626.725936054776
106383,20489.329340830227
106384,4867.103924419585
106385,12307.90582686279
106386,25846.213339299793
106387,27045.819932698843
106388,24424.98459889104
106389,21736.925643111863
106390,11161.633850150354
106391,10319.54335704822
106392,19606.154175776457
106393,20971.01521100536
106394,19039.432051307827
106395,29579.65530946676
106396,18757.790380818627
106397,5081.994148103802
106398,23641.43099776593
106399,12360.622796185451
106400,25265.92360621684
106401,19912.269684985375
106402,12390.164785464487
106403,24676.37304258355
106404,10702.24218875332
106405,11902.306385979377
106406,18463.041844026015
106407,18250.676431966265
106408,12405.749677963697
106409,23059.43624067568
106410,10148.919918873518
106411,15219.449961031925
106412,18551.60513114652
106413,19327.742050541154
106414,24394.471529178725
106415,7267.528118067679
106416,19241.384460744255
106417,10776.047729442313
106418,18833.91050535356
106419,20082.705775246905
106420,9215.673737722942
106421,12877.591232071069
106422,10290.445688120903
106423,7729.803959519521
106424,16701.822937579323
106425,12635.77211309645
106426,33936.17156579997
106427,11878.222169493434
106428,11166.611115646872
106429,8851.884493885522
106430,14950.04421636316
106431,16349.62534485158
106432,26671.635791055796
106433,8317.89572344237
106434,33353.774143408446
106435,16397.243796641174
106436,19181.777436963563
106437,13442.390592105317
106438,21042.718187357725
106439,17851.30026539388
106440,18931.47557194701
106441,12926.203709701695
106442,20489.195256940366
106443,20900.484046067857
106444,17071.11168492518
106445,18909.580468721248
106446,21569.566634383686
106447,19272.0407775508
106448,17714.35390306889
106449,21749.374884601602
106450,41428.33207808272
106451,10507.112869113256
106452,9094.52316001803
106453,20086.124054779968
106454,25229.635735407952
106455,24419.14414202924
106456,8570.415921040867
106457,11997.463788079001
106458,10869.044741112937
106459,21479.81227364823
106460,26770.252609856765
106461,12469.533535343182
106462,23671.52836538115
106463,10456.422351541376
106464,10342.532909922156
106465,45076.048715004334
106466,10990.644710068847
106467,7990.653682193928
106468,9455.342410054991
106469,16936.46367553222
106470,10454.152875539203
106471,11761.985431992664
106472,12793.00081736054
106473,11380.407350398655
106474,13976.087590537163
106475,24772.15847119977
106476,22179.054061526174
106477,8729.35868484581
106478,14170.395913023265
106479,19858.04637155841
106480,15034.593485054345
106481,9339.490583876483
106482,26557.283464404656
106483,8761.106016740758
106484,13595.650176296247
106485,12459.821083456118
106486,18923.803839447653
106487,25246.311748190677
106488,12958.498259039357
106489,9395.155101090311
106490,24044.53471716801
106491,21636.046965736197
106492,10715.032751239505
106493,31180.20990268234
106494,11902.306385979377
106495,11851.978691542474
106496,3846.360845333872
106497,9803.737325468888
106498,14167.39792546499
106499,15447.973044482875
106500,32510.299559086663
106501,9483.26928813842
106502,20337.079532767886
106503,13379.612175258286
106504,26955.306676603155
106505,20684.321786923756
106506,10141.27166182565
106507,9485.133258791982
106508,13452.574129383733
106509,27980.04946315164
106510,27715.88682213322
106511,17576.289177678733
106512,20370.040056085185
106513,10161.110220669028
106514,28813.218823484207
106515,14502.01617855247
106516,15638.089127241194
106517,17346.147413185943
106518,30425.225998754624
106519,12108.317674014612
106520,7684.515822565966
106521,22631.998308288497
106522,22800.510413360265
106523,15981.222954845189
106524,8410.516715927206
106525,9642.56543488544
106526,10040.88344445318
106527,16738.832600363286
106528,9751.850390024942
106529,12644.950716326231
106530,19193.285740593226
106531,11854.023206646336
106532,12948.93065130574
106533,13526.877180346144
106534,8269.897356736314
106535,17299.51076836608
106536,18181.039617493152
106537,19328.88556860791
106538,14676.755069068295
106539,27438.279076572042
106540,12582.830568804444
106541,11851.228250846729
106542,22048.416476884027
106543,17776.595803098957
106544,7433.973721956574
106545,30881.594312258938
106546,18919.637586814915
106547,32020.54089383608
106548,8885.208566942185
106549,11245.586843005622
106550,14664.248555375641
106551,12127.772843209445
106552,19045.67272140636
106553,8844.298827039705
106554,14531.058390385684
106555,12695.458906510594
106556,22280.744375628547
106557,18489.91796916545
106558,7711.8521514526965
106559,14675.866729805995
106560,26170.853102537665
106561,17433.092194588007
106562,7349.712098643799
106563,7358.302007592338
106564,20589.207200449924
106565,12207.12522592439
106566,43834.04242737063
106567,8177.600375952574
106568,14235.16623285008
106569,11976.943087298998
106570,34805.722399199265
106571,16604.860506682966
106572,20626.682220830247
106573,39962.579482617526
106574,16882.8146206143
106575,9316.683249198553
106576,23991.877855406234
106577,25070.489003854753
106578,12064.144681107115
106579,15302.315375822873
106580,12951.391592081696
106581,23718.21438216083
106582,11761.411609215655
106583,25189.06591091606
106584,22543.73230943248
106585,23607.7053059874
106586,10313.980324392682
106587,28628.321220111713
106588,8921.67159664295
106589,24728.6891224418
106590,15273.040670735929
106591,29991.070806815434
106592,6979.62688517854
106593,16521.432225559893
106594,5728.355227447793
106595,18983.746144540968
106596,13537.230775950142
106597,7641.039601661113
106598,11244.843575140252
106599,8761.106016740758
106600,7803.0213480789225
106601,18324.95948480298
106602,35993.09851570949
106603,31676.43862278528
106604,26207.692536113795
106605,16884.020893046334
106606,9619.466732102652
106607,18311.46543579979
106608,7075.395643701638
106609,10619.531338321904
106610,18250.676431966265
106611,34114.183458157946
106612,24662.949622088214
106613,10786.592498265716
106614,8217.827877766742
106615,13900.47634763314
106616,11198.489534150507
106617,7149.904245790668
106618,11444.239567228049
106619,9458.890292984921
106620,9157.05663496639
106621,16484.275080489042
106622,19254.328459793876
106623,21858.67199775626
106624,18961.992290838567
106625,24861.519187852056
106626,10354.666838327728
106627,41820.501890726424
106628,22183.739769980766
106629,13278.578513035896
106630,20805.442592682204
106631,26314.198387605018
106632,13202.022114078682
106633,12905.843876646797
106634,13380.675451536938
106635,21065.7947515697
106636,16845.506570758782
106637,47543.94271455263
106638,15774.31684425168
106639,18299.685992950985
106640,7278.274955657623
106641,17127.348930809094
106642,12198.470998649296
106643,16041.672600320837
106644,17617.103330202328
106645,21328.7354604908
106646,15901.914143780434
106647,10948.446221356226
106648,16648.958550578922
106649,12229.897768255465
106650,9756.717820796095
106651,11823.515525204672
106652,17786.409694153335
106653,8972.541660730956
106654,18905.583031158316
106655,10464.817401478362
106656,13038.924122378974
106657,20472.230537251242
106658,24599.020680764123
106659,12098.69189124788
106660,31414.40034037747
106661,13383.085553597188
106662,21987.87581247053
106663,9687.04448858134
106664,17387.788389389505
106665,14262.302534887129
106666,7886.81934207781
106667,11161.979279268513
106668,30347.700514171727
106669,21822.62740387133
106670,14915.60050023495
106671,42957.50555616398
106672,24085.580725067324
106673,5379.607801792944
106674,18398.65369302707
106675,22003.11914370385
106676,17433.092194588007
106677,14118.343558307246
106678,14851.126463095754
106679,20826.36013415883
106680,15410.69476225879
106681,13118.72887234261
106682,17046.864900623408
106683,7692.034321499791
106684,17170.13306742327
106685,11293.763995252291
106686,9827.092033063895
106687,17781.34159827853
106688,10152.198585868213
106689,20454.103226061274
106690,13885.328084988318
106691,21670.958883599495
106692,8745.508751518806
106693,22885.419079720414
106694,32514.427560601707
106695,12116.158299357101
106696,13913.161369104762
106697,28684.615343020883
106698,20665.830871384835
106699,13789.546071031224
106700,12866.920544419601
106701,13188.13094861621
106702,6511.69683072277
106703,8569.474605596968
106704,21901.781900697573
106705,13515.724181167863
106706,8972.541660730956
106707,16645.605514266146
106708,12378.141307159553
106709,13703.983388077044
106710,23222.382150555004
106711,24468.239537608857
106712,10564.142219571457
106713,17333.713348539397
106714,19767.647504168202
106715,17546.85910577544
106716,14842.364910146067
106717,9562.692895357652
106718,12851.753561699568
106719,12095.846103389767
106720,9345.518264171373
106721,7320.566525571909
106722,10137.946750103738
106723,6292.384135709313
106724,12051.91287872275
106725,9917.592690448735
106726,13509.9906373249
106727,4546.964170460305
106728,13004.283659172323
106729,12240.751249930448
106730,17435.203755179056
106731,20412.506110695464
106732,19405.0129804817
106733,19224.200049926163
106734,21944.741803798457
106735,10666.210760325912
106736,19539.153839814262
106737,19405.720085834506
106738,9542.610378279702
106739,19477.657716319987
106740,11638.579342936595
106741,18015.563414310585
106742,18670.02753688842
106743,25353.250437320752
106744,19542.792219187486
106745,8542.291678604648
106746,45014.31163762245
106747,24874.061494400798
106748,19861.42125255578
106749,15582.035353175765
106750,10148.919918873518
106751,23107.67196533366
106752,23783.762954210917
106753,18142.002417904147
106754,41828.75300273153
106755,28329.206676548583
106756,10082.877958364079
106757,31840.397359269406
106758,2618.7764391624896
106759,10784.198502550882
106760,30042.28806392941
106761,5496.581110153705
106762,1724.9740569796606
106763,26205.74509346333
106764,26764.488015484567
106765,21605.399567168046
106766,10882.717548823543
106767,19010.170838838025
106768,9672.164128970246
106769,14812.650103158237
106770,22387.50175066661
106771,17752.1169144859
106772,32270.80964097122
106773,14396.507246773612
106774,18333.32003426963
106775,9296.380292815933
106776,16761.65926998427
106777,22543.73230943248
106778,13608.745586279776
106779,10461.66658825017
106780,18846.7305320879
106781,11601.136397856186
106782,22003.11914370385
106783,12866.920544419601
106784,10775.512321258297
106785,16068.340214174992
106786,9800.327428358856
106787,32233.850581242386
106788,20777.780080447315
106789,16490.38215363545
106790,33653.3190015874
106791,24103.258750194684
106792,16740.70850831421
106793,12537.093590986524
106794,19551.37618153401
106795,10924.410613309805
106796,18283.618981596323
106797,30081.299033504507
106798,16407.352311833838
106799,16114.14552303594
106800,10156.4362650639
106801,15583.511194837658
106802,20843.388508863733
106803,26159.785217230707
106804,11727.443743353417
106805,14606.690689038633
106806,13523.145798544965
106807,5939.169286714572
106808,14610.735175125174
106809,6700.3473965749345
106810,9927.653431865121
106811,12133.585684816187
106812,36581.54344654712
106813,9832.453503588948
106814,11998.036264086482
106815,21241.240414953372
106816,26555.24070690337
106817,10218.323090686901
106818,8569.474605596968
106819,10165.714794290394
106820,9521.60052249955
106821,14150.780988987139
106822,13355.9510375819
106823,9656.053588594576
106824,18802.819227459157
106825,15967.96176765913
106826,28969.776007650788
106827,12836.926937387087
106828,18041.060930651103
106829,8624.935990273103
106830,12424.23593962762
106831,15985.669580082133
106832,10847.358222467852
106833,8524.333136462623
106834,8258.266179330085
106835,6960.309329289531
106836,20631.26867057173
106837,12531.983890565774
106838,30791.369616320797
106839,14220.451015829507
106840,22766.555286782546
106841,16187.124679301018
106842,4059.4231467186196
106843,13452.716820600082
106844,13991.733076840526
106845,13811.401474240773
106846,22816.813413313987
106847,10597.219637169312
106848,25054.346102536743
106849,21419.502655053577
106850,11895.019694691937
106851,11994.07312082381
106852,9654.28627881064
106853,29218.56677116726
106854,11101.531907088844
106855,15225.207776493173
106856,13900.47634763314
106857,10518.53392546524
106858,16449.681070597682
106859,13408.343539861204
106860,14952.620063979874
106861,21498.286117789004
106862,26238.588768016096
106863,21299.15695644197
106864,19492.05052549223
106865,17354.550591380736
106866,9316.683249198553
106867,12108.317674014612
106868,9574.73917159624
106869,9542.610378279702
106870,9784.778991117337
106871,11853.08616501532
106872,26293.26992983069
106873,17333.277737675537
106874,20825.450888053885
106875,12084.919150081854
106876,20761.89704263394
106877,5372.176197964967
106878,7040.697591106984
106879,16743.82730313516
106880,18784.291271995982
106881,9684.152761748825
106882,19292.645213684227
106883,20534.70339330157
106884,6974.968060156924
106885,9411.420375746226
106886,24833.726450319467
106887,10684.216129226836
106888,9470.98983069585
106889,6817.4349130264145
106890,30610.549956858093
106891,9309.200353457472
106892,20608.056269752906
106893,17378.958664081856
106894,5786.428381548805
106895,21297.469789161478
106896,22282.307325303278
106897,17184.77691338577
106898,9573.667525000663
106899,19201.86335204631
106900,17433.82405473456
106901,18787.911715210743
106902,9980.654926505837
106903,5982.196582717605
106904,12454.934448838483
106905,20770.950745605962
106906,9827.69780561444
106907,18114.693787194
106908,10311.031363433762
106909,23819.87638825183
106910,18802.53904573048
106911,12600.454102049185
106912,14944.358522736962
106913,28161.288304687198
106914,15308.967557605038
106915,14917.210220839952
106916,31026.41561407922
106917,15685.68507337853
106918,18158.05140211349
106919,24465.638007943788
106920,13212.405704406656
106921,28262.971131934322
106922,8737.129551379123
106923,15368.047701669013
106924,28911.715452359527
106925,22391.78777941497
106926,10458.338090980113
106927,6440.353564563513
106928,11625.781962474452
106929,9294.38040908004
106930,19980.158756217097
106931,10792.036270827995
106932,10840.648882011144
106933,22633.528712103463
106934,7254.947426715681
106935,12226.933625733755
106936,17071.541955507833
106937,18202.78726303865
106938,20475.21130880311
106939,14203.786759157329
106940,17237.12543069021
106941,17717.551468858856
106942,8575.898053102883
106943,10352.436439471006
106944,17339.228661107085
106945,17623.591919425908
106946,11903.662834885394
106947,22912.12446757065
106948,10725.387710772651
106949,19955.110958696718
106950,10952.565968103123
106951,17669.301798680754
106952,13612.125958473025
106953,16808.128161785433
106954,20592.14449590274
106955,10705.031278846427
106956,23063.05113423598
106957,13454.024198924813
106958,28247.58847174593
106959,9652.315182165392
106960,6640.307119494871
106961,25846.87463039557
106962,15520.256001329784
106963,10076.13408552499
106964,15013.249780852542
106965,12453.373448495959
106966,43828.863125936696
106967,19971.427082590257
106968,20347.891070642978
106969,15892.288317476121
106970,10595.929513364807
106971,9920.72097160911
106972,19605.462218497803
106973,10314.649665071162
106974,21010.191278021277
106975,10139.031011083105
106976,10312.974506377977
106977,13341.804265918538
106978,28578.675484461626
106979,6172.004680619204
106980,7124.362592166122
106981,29104.029261795178
106982,8862.666945918694
106983,15812.655958270589
106984,22305.105735195622
106985,20546.584990734165
106986,15620.866715040718
106987,16084.405967171615
106988,9866.366248031589
106989,10057.584684704547
106990,9258.202302295973
106991,15836.182800439145
106992,26906.468871947684
106993,15954.236694460265
106994,8373.21319366543
106995,44672.732835939685
106996,11997.463788079001
106997,21064.29947204747
106998,7518.068447691018
106999,12046.32990152571
107000,15801.87941604336
107001,27958.413822037273
107002,6668.402733165163
107003,39775.552174639335
107004,13790.110981315493
107005,9549.21890454722
107006,11609.507275284175
107007,12434.27935697913
107008,11979.918438613757
107009,9293.374053687441
107010,48228.3788484785
107011,9247.06605949972
107012,9748.757420813048
107013,8990.722557039999
107014,9891.020652077885
107015,18253.691175702512
107016,14363.951832965715
107017,9320.296446086473
107018,32242.131685011238
107019,16746.792995547985
107020,10052.114663525197
107021,9562.054992289188
107022,7133.199692064139
107023,7665.746982433673
107024,19037.07445860999
107025,8598.193104681752
107026,44908.27198061747
107027,12036.690060752904
107028,20621.205317543307
107029,17588.574059042
107030,16157.519975113633
107031,14518.805344932654
107032,23929.067008264738
107033,15360.14948376015
107034,10982.493429930053
107035,28964.929483586402
107036,17004.8678004296
107037,40994.3089244269
107038,13768.684094827306
107039,10893.262333429384
107040,27176.768208520698
107041,17391.43173249667
107042,21178.167122039136
107043,14729.96981944982
107044,12015.358734126998
107045,7117.208614569216
107046,14434.964776138682
107047,26439.752301011635
107048,27157.26390179956
107049,8073.327825192733
107050,20465.388397916508
107051,17679.610639435836
107052,28975.821263033184
107053,3231.9174718832805
107054,18995.06122057286
107055,23657.021151787707
107056,26258.753013426976
107057,14387.919163151708
107058,17401.731237029355
107059,13130.69746859457
107060,9797.297690410864
107061,10885.228972503706
107062,8467.983556896448
107063,16614.492710326907
107064,20226.201017404994
107065,24932.135742166414
107066,28964.551759091602
107067,29478.78700631142
107068,20575.5761346433
107069,9865.141832316669
107070,23921.05064251149
107071,13992.469388121244
107072,8503.721928900697
107073,11138.409021482403
107074,28055.362793575532
107075,22077.366999764577
107076,22278.453650393567
107077,9066.662701152167
107078,25189.06591091606
107079,26226.964090445275
107080,9755.94781051787
107081,6555.783011481679
107082,26866.765458320024
107083,11902.306385979377
107084,19575.15054105512
107085,17101.65773766916
107086,13770.511685596588
107087,10674.2668886096
107088,14586.112488530222
107089,28577.300466783836
107090,31290.79942033268
107091,19536.252033181318
107092,16237.484226671393
107093,20257.320851859648
107094,28418.38163145987
107095,23536.333207348496
107096,9531.848006607983
107097,10549.328750971581
107098,15870.90632099958
107099,23125.928585313904
107100,18642.983123987677
107101,12282.111393371999
107102,10042.914498099504
107103,13883.319030357923
107104,13358.15824734236
107105,14094.976909362818
107106,20606.872579828592
107107,8755.304910920551
107108,30323.13697062652
107109,25799.20485118952
107110,12235.810696488694
107111,22699.840909711125
107112,13505.92374602536
107113,9912.939940109613
107114,18237.266201122464
107115,30362.058886029812
107116,16934.32446657281
107117,23460.94106909864
107118,29949.216981381083
107119,9786.994949248581
107120,13883.319030357923
107121,29571.929481415944
107122,12462.79939429295
107123,15724.971059623593
107124,16959.878017549552
107125,11258.217120305559
107126,17269.10317362398
107127,12460.90328377404
107128,20121.112380061535
107129,11458.9102865581
107130,13355.9510375819
107131,22532.22246346603
107132,19159.757088590377
107133,18664.613738002525
107134,9474.357218332661
107135,9145.382321987383
107136,10843.730118264784
107137,31482.43176331583
107138,31447.84186811811
107139,20065.432142718597
107140,14303.489567316323
107141,6857.894723024071
107142,5968.571811896775
107143,17951.650730944442
107144,21001.484946898352
107145,16321.878410807492
107146,20080.79578565905
107147,13319.545007175338
107148,20714.43209090124
107149,19960.918414765965
107150,18629.384040543875
107151,11933.26693513591
107152,13005.19649292781
107153,30071.64380803186
107154,21005.80092446406
107155,22437.58787341124
107156,19377.098389916555
107157,10772.35298334339
107158,22131.68559286209
107159,13334.803758338046
107160,9880.438127955118
107161,3920.61766694557
107162,13160.746381322762
107163,14588.870000890196
107164,8166.02702223647
107165,22718.280106470254
107166,31217.139069177134
107167,11111.986936071926
107168,48878.621745816905
107169,17299.51076836608
107170,25323.36851109059
107171,19356.273140784677
107172,9823.00937386341
107173,20696.421567319412
107174,6584.041382604756
107175,25017.179547918244
107176,12195.680415146693
107177,18067.64157815343
107178,9644.417963210304
107179,17689.802367468394
107180,29272.259483408186
107181,30572.342696961856
107182,43549.74435124723
107183,16567.169153507064
107184,16598.318504515606
107185,14811.072153532845
107186,16806.478868108545
107187,21366.61771597989
107188,8940.975021382024
107189,10066.75073189092
107190,24413.192946853887
107191,9055.487502775548
107192,11037.601927621992
107193,8316.810207934415
107194,21676.964613651337
107195,36763.394331495474
107196,21912.85532342331
107197,24745.942804948147
107198,9050.47266176427
107199,9337.221133878815
107200,32596.791312531626
107201,8530.674874887589
107202,8737.090439237254
107203,12154.881316712545
107204,20635.037071382892
107205,29725.549934112903
107206,12568.628424854163
107207,20977.76819558895
107208,21110.313608315202
107209,18901.341949720732
107210,15125.289339742912
107211,16217.733905031315
107212,22164.831781480934
107213,9680.415166490868
107214,17041.29216323919
107215,19917.80532639019
107216,19476.42464578622
107217,20666.119067480853
107218,12122.28943097109
107219,23892.49710745143
107220,9734.44886410339
107221,11342.35438719939
107222,10826.932922582466
107223,18115.28584507278
107224,19181.294301332393
107225,16273.956633407328
107226,16538.185777736282
107227,13509.9906373249
107228,26375.284301399075
107229,6256.706853914878
107230,9859.754200050063
107231,10319.43696444773
107232,14134.086713174389
107233,15048.445054061609
107234,13436.852480285539
107235,19130.05537973472
107236,9552.953820480887
107237,17475.216107805056
107238,7465.25604976372
107239,13693.654784080418
107240,20673.9665938868
107241,14739.971419184032
107242,16509.207117034526
107243,21573.25395420117
107244,6975.471577340807
107245,13899.260568883246
107246,6133.01852319924
107247,26895.4012643213
107248,17863.30026459363
107249,7331.306721002337
107250,21713.30782339431
107251,8618.088179388877
107252,13373.223562075382
107253,9584.366787409488
107254,12633.209891149892
107255,18284.953919527965
107256,30584.87137007382
107257,6440.353564563513
107258,17983.938937278406
107259,20979.76204838264
107260,26856.069414765825
107261,7935.599232552303
107262,12752.50852156871
107263,15000.490196857936
107264,21519.514138520495
107265,7943.9300719246785
107266,13747.112508031752
107267,15417.97141554509
107268,24689.82165430599
107269,18036.28580209457
107270,8027.214957306171
107271,11057.042779847166
107272,14277.040810961798
107273,18275.453764146827
107274,10144.308458259626
107275,11751.031338918008
107276,21748.387678369087
107277,16050.039269250912
107278,10806.171990605799
107279,10883.405882533983
107280,11695.142120833763
107281,17306.941747745066
107282,9890.323842272603
107283,10089.70550050824
107284,18299.41789538666
107285,18311.714623162436
107286,16873.758730564903
107287,11609.507275284175
107288,10989.696583867113
107289,21393.97355035159
107290,17320.594455055056
107291,10592.300453284546
107292,24811.396887457508
107293,9029.397547967019
107294,22858.341724612303
107295,13448.5341010571
107296,12328.323618292305
107297,9750.951399763506
107298,15184.211216416823
107299,26957.491949265248
107300,21813.986718486394
107301,25823.8155436058
107302,22606.011775014093
107303,20096.70376652508
107304,20226.201017404994
107305,21170.127277767395
107306,13574.477053086855
107307,16516.435426942484
107308,8701.313286637329
107309,11703.721361500777
107310,39478.186196533745
107311,18929.14326994856
107312,14898.33682286746
107313,14858.667670612003
107314,25973.132605650553
107315,18195.742444520718
107316,17144.63033707473
107317,9320.511193955721
107318,22718.280106470254
107319,16371.757421374097
107320,15651.730348631208
107321,25161.501713744856
107322,30056.68250361828
107323,16659.53249751045
107324,19869.908654798295
107325,13891.433285559102
107326,11993.098668826542
107327,6897.893005284091
107328,2423.1442707776887
107329,23501.349390230065
107330,15220.11350578877
107331,16497.02966917706
107332,10307.167797704891
107333,10574.651555059261
107334,11242.181305559869
107335,18149.606859518193
107336,11871.515825152119
107337,15581.249689586275
107338,8005.436150382714
107339,10456.422351541376
107340,12484.94476931782
107341,12460.90328377404
107342,8523.482459023227
107343,19742.466812754174
107344,36235.70622560888
107345,21988.636060176934
107346,13694.111325127995
107347,21243.16826829938
107348,12647.195991112507
107349,14840.803184379774
107350,18565.521068434817
107351,16278.219833353598
107352,24141.565872297884
107353,33357.29968738088
107354,8684.046079794633
107355,30336.06770414971
107356,10074.85321108821
107357,13705.998936239188
107358,15637.933392433815
107359,19261.710039512414
107360,18874.133337436346
107361,23507.430405938987
107362,9492.746481349948
107363,30420.095948964314
107364,7253.096301964189
107365,12282.111393371999
107366,11066.613554105257
107367,24200.953049561478
107368,8610.77944353039
107369,8865.142263997455
107370,10462.760140171466
107371,44717.61973451739
107372,17985.68245036321
107373,16579.458299840357
107374,5646.568204903077
107375,18636.32293849547
107376,19991.29899942291
107377,14715.993499809325
107378,19014.34108955665
107379,30356.142293305784
107380,9046.345202214541
107381,17768.955546101108
107382,6884.16402211038
107383,12101.158518486534
107384,16327.363850858443
107385,18748.81871332978
107386,11864.734953977513
107387,24368.380929249648
107388,13526.850609483537
107389,6244.027839361257
107390,25114.722040774763
107391,12467.931885460244
107392,8524.165787264214
107393,11026.084655921528
107394,8925.833735312686
107395,13123.07080502742
107396,7322.018882211347
107397,24374.721008581466
107398,24569.34693737886
107399,15534.126969996
107400,26229.242996665027
107401,27706.34747754463
107402,24648.007496909733
107403,19497.109705975985
107404,16861.059630398624
107405,18964.34189705941
107406,10704.53357810556
107407,20277.13652762691
107408,19997.476017411653
107409,26404.364052194138
107410,19931.783399522592
107411,12301.630831190805
107412,26369.049042460003
107413,23718.679819204674
107414,10106.718074383863
107415,16846.45786895508
107416,13170.959882970888
107417,10132.391082634622
107418,12612.6138072535
107419,43860.42802804787
107420,9847.580660013618
107421,12601.237452310846
107422,10474.693554924725
107423,14551.882690360115
107424,23075.566676407027
107425,27300.62171524861
107426,11564.99532893797
107427,11169.229194248079
107428,15221.02431747031
107429,14446.670321409532
107430,22704.19600285952
107431,10103.72397422269
107432,9874.02744421987
107433,18687.043385457735
107434,26803.771752561606
107435,9552.953820480887
107436,10141.27166182565
107437,25071.53758721105
107438,15636.496003792883
107439,13202.743015331973
107440,10064.525463196222
107441,18580.171879248603
107442,9566.716989887247
107443,10626.591488210037
107444,17889.086677935968
107445,25032.17757459876
107446,9797.297690410864
107447,17354.550591380736
107448,7056.208087717372
107449,13328.709242128372
107450,17759.837509589655
107451,8552.37327717644
107452,14664.248555375641
107453,18338.037047171525
107454,17796.755707853757
107455,11971.381288444316
107456,22089.764389684893
107457,29139.09106357051
107458,10854.011961302922
107459,9639.069034068209
107460,20672.23731733077
107461,27990.262521174882
107462,7975.791063563014
107463,26188.924945228075
107464,12808.887639814953
107465,26297.142196718793
107466,30687.64081693503
107467,22075.127824795418
107468,5929.820146970688
107469,17055.375423901227
107470,19785.37620098247
107471,12276.307906592687
107472,9651.108640976094
107473,6822.456985383442
107474,13014.14635483158
107475,12455.282047988348
107476,25334.84574116977
107477,15573.891399994049
107478,17460.30558362917
107479,18584.51219927672
107480,19898.076200775406
107481,17229.784166906084
107482,12503.018798685463
107483,18963.953919625943
107484,19632.43809764818
107485,13417.542460556177
107486,20903.953140722282
107487,23349.767651666043
107488,24627.21877528539
107489,43283.86093746341
107490,11721.335072796277
107491,18056.46014698778
107492,9643.114213744873
107493,8367.968348788927
107494,10099.447389511059
107495,20854.972222328786
107496,19071.10124041061
107497,8376.654527027378
107498,18544.046409711722
107499,21374.20077951435
107500,32010.65227983985
107501,15221.02431747031
107502,19772.942690441352
107503,20167.85759375705
107504,11811.294892973263
107505,22369.853531803547
107506,26027.19959957017
107507,10135.88796674493
107508,23851.904900859412
107509,20099.06541264642
107510,8586.574969160672
107511,27640.589357982586
107512,11486.817780130757
107513,19495.676057670913
107514,15016.7168975634
107515,17461.221926783255
107516,19962.996500795587
107517,17015.02227268203
107518,23412.812425103217
107519,9984.862583048654
107520,41745.81355753539
107521,16976.5612834918
107522,17851.30026539388
107523,12937.635055314586
107524,11686.075650192957
107525,15345.840628449163
107526,11361.666513847229
107527,16914.098557012472
107528,9642.56543488544
107529,14178.992437927947
107530,23096.1696414931
107531,19985.919612992333
107532,9494.082955831645
107533,16664.970958282618
107534,11587.813490742976
107535,16527.282448451257
107536,12359.894621271022
107537,11388.805374366757
107538,8955.709788044935
107539,10635.495267704915
107540,19644.557511631065
107541,17639.592955459775
107542,9357.19322581034
107543,13376.338178876851
107544,12147.125119036327
107545,31054.830051659144
107546,8626.725936054776
107547,29542.069247908912
107548,19805.572044440632
107549,19700.388654330487
107550,14841.026331621573
107551,18053.387716577035
107552,22288.618121517302
107553,15417.481825923618
107554,22720.144509443016
107555,19409.289588674557
107556,15448.928339430284
107557,4465.027689304387
107558,12111.58014508156
107559,11826.624069551759
107560,25188.626094207564
107561,20836.397377099038
107562,12206.676566434813
107563,19147.527396953712
107564,6601.3690274555875
107565,10687.210705421527
107566,12448.86488591082
107567,22020.2597982403
107568,21525.45936593943
107569,12087.044019127356
107570,19046.803374754607
107571,9590.728852661301
107572,17233.703022375063
107573,14589.313611629215
107574,25507.39284395319
107575,10748.856817635855
107576,10745.906518758165
107577,23641.294660207706
107578,18857.439665126658
107579,14482.836226922373
107580,19762.03808043733
107581,12189.640105175291
107582,9725.49891516954
107583,10883.405882533983
107584,17567.334955314105
107585,17960.915574878043
107586,22304.820371464517
107587,31464.39387065308
107588,27324.098105711084
107589,16648.884980710907
107590,12529.638362993674
107591,19226.60590798549
107592,16913.36684003568
107593,9544.905088145859
107594,40959.294475216186
107595,23218.65357356455
107596,21594.979042728177
107597,10982.570005148125
107598,13974.786340521709
107599,17017.62681488034
107600,10527.26380069607
107601,23160.013408488827
107602,10165.939685122175
107603,13190.822422953597
107604,8379.63883898737
107605,24738.81959684116
107606,13645.64085485015
107607,26311.143911806936
107608,30668.049606906006
107609,10320.934491491187
107610,16693.779495318347
107611,17602.984690013094
107612,15953.231232495044
107613,16451.27502567287
107614,9870.713058375874
107615,14502.01617855247
107616,19914.79047281475
107617,11148.928681061992
107618,19159.39283710627
107619,9061.560962675232
107620,18262.73018718263
107621,9316.683249198553
107622,9502.696733861014
107623,11337.046465629566
107624,23754.224648998417
107625,3358.4321727460933
107626,17107.312656247876
107627,13058.616098161034
107628,18899.50902062386
107629,24141.01771988056
107630,10052.66111900341
107631,20601.663804601878
107632,17302.059369851526
107633,17547.698100787587
107634,12900.353767988447
107635,15856.985688607172
107636,14485.011662972365
107637,9661.531712110098
107638,11962.85779668548
107639,14933.874495190055
107640,12941.85634896099
107641,25017.179547918244
107642,13814.716400476089
107643,31675.674071408725
107644,18706.275924338937
107645,9838.727049656967
107646,18905.62503887894
107647,20261.84622772148
107648,40666.12079380855
107649,18014.853369770055
107650,17436.84987171725
107651,6221.0912646576635
107652,7619.373965732209
107653,28467.56705134482
107654,17289.563529730538
107655,9178.958542435688
107656,19904.105166329453
107657,9553.314251666021
107658,10580.235796695333
107659,36008.70858439034
107660,20398.648059780327
107661,19234.43062737177
107662,20389.342885275026
107663,25914.931404355357
107664,20772.671252356202
107665,13372.558986316686
107666,23163.123496453794
107667,19174.514889691087
107668,17151.615282163217
107669,16946.320255239523
107670,19734.91866520395
107671,19995.49120800396
107672,27714.267991274002
107673,10395.767203011017
107674,24650.39200444994
107675,16509.204903207024
107676,12775.62740638723
107677,21296.59699671026
107678,10734.51197643265
107679,7356.943272954277
107680,20589.37805440271
107681,14229.069621498022
107682,22764.90014577058
107683,12744.05984774142
107684,7099.57845195308
107685,26969.12591350924
107686,6454.280098843311
107687,18113.522365639423
107688,11462.712041000246
107689,9893.32425892419
107690,17307.317760783688
107691,44255.43362164399
107692,30173.285034273857
107693,8989.505820064089
107694,24779.718673902666
107695,8182.744219997143
107696,28913.494289843955
107697,25616.93332608674
107698,11339.616648927635
107699,19957.488653698416
107700,9756.04402141957
107701,14680.524325324506
107702,25488.71429623796
107703,14526.651987881018
107704,10637.114341245184
107705,23524.5909425666
107706,14733.35817127233
107707,45530.80676785522
107708,23641.547416161313
107709,8698.604026864363
107710,11428.161126199848
107711,20117.338451923948
107712,14523.598312022175
107713,8292.904727573165
107714,15767.74371792847
107715,9893.32425892419
107716,14550.753724397975
107717,12991.18162311556
107718,23333.752636461977
107719,22654.315602627725
107720,13491.421762224463
107721,14771.853393872158
107722,14952.620063979874
107723,11768.422485176958
107724,21841.761939603923
107725,18167.834627542466
107726,14489.331379889964
107727,10137.266805483281
107728,7274.171740547617
107729,10745.906518758165
107730,17607.654151124207
107731,15812.655958270589
107732,23497.47924856589
107733,20958.713948613724
107734,13593.78759942838
107735,13570.566960814049
107736,15708.397968681209
107737,14471.973125924484
107738,10008.523540989616
107739,23426.69611623177
107740,19724.632667646394
107741,4080.8800373559475
107742,10309.734313982914
107743,11339.480497890427
107744,16654.456722305862
107745,22113.719203838336
107746,19230.349468125143
107747,11768.422485176958
107748,11916.098848235522
107749,24527.248750124872
107750,20798.468449026255
107751,37259.98568588507
107752,17916.358165087917
107753,18533.322399121666
107754,26062.13109152776
107755,9851.588208016692
107756,10413.13237547195
107757,10342.036240092368
107758,9316.683249198553
107759,13742.63285596507
107760,14749.681352579682
107761,30673.796352158384
107762,17355.405132990076
107763,17030.285688533586
107764,10704.564370306425
107765,31040.79122480308
107766,7069.795482039718
107767,17685.32981672044
107768,11078.542069196694
107769,20740.373719914845
107770,41991.40650967964
107771,16243.572241214977
107772,15091.373604218734
107773,9060.41256501084
107774,10109.385478052754
107775,16562.724117401336
107776,14311.928640536114
107777,26455.239078127346
107778,14807.505174776004
107779,18458.15940288512
107780,32881.986035899485
107781,21001.935010123536
107782,9782.282081264506
107783,22317.712702818942
107784,20726.29561934487
107785,19654.793787354338
107786,13900.47634763314
107787,7399.706646037347
107788,30123.13667448492
107789,15735.820839152355
107790,17370.98350376006
107791,11029.594340825657
107792,34350.68514238151
107793,16934.672744840133
107794,10982.352581031917
107795,9621.908922880897
107796,21332.702059770603
107797,18010.99561687473
107798,40685.035094415885
107799,14416.974639350872
107800,13548.965174717665
107801,14572.518388149903
107802,21765.970926762122
107803,25420.96783196156
107804,14433.546998398935
107805,18974.31672977612
107806,14838.455449118064
107807,3965.8680679175222
107808,19749.651783198075
107809,21419.856179721683
107810,22874.748552033474
107811,22191.18784141983
107812,12269.658790933943
107813,27459.47849344664
107814,14288.684579415229
107815,17813.405799792396
107816,25041.076727520755
107817,7430.813001069536
107818,23631.22566489909
107819,34572.00712988519
107820,11048.787850764775
107821,24221.166721642236
107822,13590.753506652602
107823,14449.37398495278
107824,13616.647681351234
107825,5920.933443088206
107826,20855.095910882137
107827,15416.499755197683
107828,22559.08994458642
107829,20226.201017404994
107830,13754.627318649484
107831,8833.440435322473
107832,26543.78361075046
107833,15658.734294516602
107834,13840.515125929162
107835,17190.549054523788
107836,13908.944003390685
107837,9996.502180413228
107838,16578.938808320036
107839,22559.1192670607
107840,9314.070215162681
107841,8699.390621562065
107842,9116.09801388629
107843,10493.60971606725
107844,16056.351938529406
107845,7710.19538117401
107846,12775.850258285715
107847,10940.857908900167
107848,11647.220041690476
107849,20408.22688363814
107850,29300.45418778669
107851,8734.472970662271
107852,13355.974136859659
107853,12658.04299615612
107854,9774.562728138284
107855,13169.493636249526
107856,14983.995527082729
107857,15634.507123153498
107858,13477.505233420963
107859,15080.962942508331
107860,12050.23523475089
107861,18334.376684113093
107862,11151.045421045723
107863,11805.241893855093
107864,17771.805649550886
107865,18894.57846084078
107866,18370.362638251954
107867,9231.720403264246
107868,23025.043153103597
107869,18740.084546884893
107870,9201.401391468591
107871,19505.147396766253
107872,14550.753724397975
107873,21724.881260051625
107874,21521.919110460425
107875,7170.993807664131
107876,27694.822992158803
107877,16560.57665544711
107878,24102.02080144837
107879,9527.463970644829
107880,9158.689299959486
107881,41504.74407761421
107882,10180.713065136919
107883,12431.834085015216
107884,25594.20179109906
107885,23921.05064251149
107886,11831.987418035711
107887,22826.496284648918
107888,13432.96594465208
107889,19788.114378770348
107890,10839.232524687504
107891,9505.972783279103
107892,13528.228124796775
107893,17295.896949125166
107894,9776.09151205255
107895,18660.659172297324
107896,23481.878326480113
107897,6440.353564563513
107898,9269.965880822203
107899,8873.89634953586
107900,36000.42088442492
107901,14487.66982483199
107902,10220.20984492917
107903,12448.079132620427
107904,16310.414408476723
107905,41920.341730948836
107906,21170.127277767395
107907,20120.107426217997
107908,20664.241316466578
107909,14067.342694782217
107910,10322.51595962196
107911,11044.858649526954
107912,21541.228001027463
107913,15949.895202841011
107914,11635.400409226473
107915,27664.256312919
107916,23833.433526053963
107917,12155.898627249297
107918,10747.248984288097
107919,16478.7278100228
107920,3983.9790248872173
107921,6506.253551333386
107922,15719.568490406078
107923,13292.126371493125
107924,10283.027580575015
107925,19863.558145219642
107926,7882.675375493098
107927,25759.637333881663
107928,21182.081331467165
107929,14156.2774494071
107930,13813.603500526175
107931,30801.67856300579
107932,14180.130565130688
107933,10329.844872532985
107934,5192.637417302677
107935,7503.094929181088
107936,12833.886564803508
107937,10237.088300177738
107938,11009.44616306634
107939,19409.031510625522
107940,9835.910365461601
107941,12376.974728701953
107942,11768.186097512942
107943,12067.31124909188
107944,12122.28943097109
107945,13150.999434718888
107946,10874.974622954644
107947,23620.599288124882
107948,12075.35837426987
107949,10579.427126002069
107950,30026.51993961964
107951,8624.025648811057
107952,9843.781160696322
107953,34037.842947466655
107954,11137.45985756203
107955,7989.622887440226
107956,7398.226896565681
107957,26866.7203642018
107958,25782.11529039205
107959,19767.09418502043
107960,20580.37013517357
107961,15515.79748549615
107962,19250.943688543957
107963,27223.699482777705
107964,22260.805039036117
107965,14774.55831521955
107966,21510.249810220877
107967,8216.78533926721
107968,17216.07878642827
107969,10990.692992981922
107970,24746.030275631856
107971,9031.409339220363
107972,10259.396579066175
107973,9848.299686079576
107974,7869.575235992344
107975,18212.553659545796
107976,18418.990420125127
107977,13415.430930592584
107978,26917.32059346589
107979,9995.024151354442
107980,29166.23531528033
107981,17160.722023095976
107982,7048.524810916738
107983,22834.143111333342
107984,22038.32833057874
107985,26983.78202474811
107986,33751.33316577708
107987,15007.984913886488
107988,19202.029605806034
107989,14917.210220839952
107990,15139.123860247006
107991,5526.146179758669
107992,10391.937706079154
107993,13304.32780344851
107994,18117.91082757756
107995,17176.262560355895
107996,19985.43077975242
107997,17983.87873112852
107998,26314.739134638472
107999,9405.567413894029
108000,17895.042304335813
108001,11081.67624521985
108002,13754.075363268254
108003,30229.858157363833
108004,31462.392042060637
108005,10268.265410734695
108006,13510.522194901769
108007,10470.775224065539
108008,20121.112380061535
108009,4974.239072905965
108010,4985.859244916975
108011,11087.747210724783
108012,11627.10565713185
108013,23190.763381195728
108014,12962.272933776016
108015,20099.64897547036
108016,26839.851328023204
108017,10977.85906206874
108018,8635.719228290913
108019,5672.798532704802
108020,5372.176197964967
108021,6453.904451579053
108022,22720.144509443016
108023,21897.24285355447
108024,30637.534733598488
108025,13491.524588802791
108026,6985.801043449044
108027,19226.80439181077
108028,25421.184497852562
108029,14719.744656950803
108030,23595.593030525262
108031,5147.160946247179
108032,8231.49588231533
108033,26294.148318974
108034,31114.99950621642
108035,20947.698037218084
108036,5817.8480769243815
108037,11280.76136102017
108038,21497.185871223835
108039,9866.366248031589
108040,7862.183825167927
108041,10938.055165263828
108042,14869.410592698168
108043,14700.983754490908
108044,8158.987683754769
108045,28942.418176162948
108046,23254.66910720958
108047,29016.333280540464
108048,14889.105293791124
108049,9733.371996837775
108050,49864.833528355426
108051,26080.99378061289
108052,19358.234720684402
108053,26571.153525453265
108054,12159.245178968993
108055,19628.841194652738
108056,13527.972801399208
108057,9742.788490197012
108058,16462.16918500905
108059,14043.691409779714
108060,8088.926500985476
108061,23791.08713009845
108062,9998.904359289352
108063,14711.778600929323
108064,23969.368769448
108065,30202.657486051663
108066,22276.63766255089
108067,18608.66134042447
108068,8569.474605596968
108069,16722.41391867692
108070,16364.489529134615
108071,13922.9826239395
108072,17078.478274233305
108073,24936.26655096843
108074,8646.975627830032
108075,8525.071255924333
108076,29992.830137990633
108077,16501.264949485787
108078,10454.152875539203
108079,13627.472483273621
108080,15337.116291733575
108081,14115.879830042142
108082,13822.46893308272
108083,14838.200754720683
108084,22561.689284806092
108085,17974.238074899484
108086,10104.81543514854
108087,9489.076408355755
108088,18491.59672527754
108089,9269.067885501363
108090,19632.006818368543
108091,10538.600006318915
108092,21926.775810796622
108093,8961.047697218064
108094,15526.965502534043
108095,22282.307325303278
108096,25556.699138814518
108097,11703.272101492134
108098,18994.268392004244
108099,26067.693843318557
108100,35451.2524871826
108101,22154.67317081876
108102,14428.926994483862
108103,18388.50103413117
108104,25477.659760138988
108105,10590.481656259239
108106,21100.880328383548
108107,7342.808508982136
108108,7012.799299114368
108109,12158.30881096183
108110,4974.239072905965
108111,34235.68727096489
108112,20654.95487421054
108113,16558.743641771776
108114,15391.507917926285
108115,11775.845026909794
108116,39348.35423364516
108117,19180.43750711268
108118,23526.63720706929
108119,13477.505233420963
108120,21022.000946760287
108121,13220.171826270009
108122,5447.1824428270065
108123,10590.481656259239
108124,7561.462494626563
108125,17768.62271452322
108126,19621.402838840317
108127,12451.45818481962
108128,10158.257364575664
108129,10008.523540989616
108130,7603.719341732304
108131,44995.45892986319
108132,10116.020667962846
108133,6852.090343176188
108134,9436.81066028366
108135,42001.57224451283
108136,18252.083850111732
108137,12829.072130046792
108138,18833.01930125057
108139,15914.825499032244
108140,32151.708262037097
108141,10182.02290342922
108142,19907.083217492862
108143,29945.154329161905
108144,16180.189480918734
108145,13982.594881236528
108146,8857.718296993433
108147,13179.652838485705
108148,12536.660140961882
108149,9621.908922880897
108150,6513.697397071036
108151,12446.524333186831
108152,10016.314652916037
108153,27824.973227987724
108154,18832.062207461062
108155,20679.52030280289
108156,6113.905809369745
108157,30809.111236520966
108158,9867.986253535686
108159,41698.628182661916
108160,10955.852061759058
108161,22864.19321227985
108162,9000.249524703751
108163,14104.582439814887
108164,10872.57560633199
108165,7484.882987651451
108166,23992.1467960022
108167,16266.915996644831
108168,14866.893921354827
108169,10725.878651142553
108170,16322.722155281086
108171,14664.248555375641
108172,10322.51595962196
108173,9345.518264171373
108174,9483.890379647986
108175,15676.146424829943
108176,11795.910639773814
108177,17288.834020160466
108178,10510.121180181868
108179,27877.6126759145
108180,20631.26867057173
108181,20438.25468055423
108182,19509.166249272923
108183,14919.97604705773
108184,15579.770022504117
108185,11393.743105274549
108186,12859.528910199837
108187,17133.872377985284
108188,14311.928640536114
108189,11989.380110372116
108190,9886.469557730337
108191,15397.203026612355
108192,28933.034606620186
108193,17435.621944132898
108194,23013.369622933333
108195,6857.894723024071
108196,13383.89781032428
108197,11087.301917492212
108198,6769.123031227532
108199,4843.469257537052
108200,24834.866708022535
108201,42095.94291206224
108202,3359.84000282366
108203,15087.097704158195
108204,22006.62876629772
108205,19982.53821197406
108206,6941.224259521382
108207,6882.761908089991
108208,10857.905352750864
108209,12379.50301801712
108210,7057.439590856716
108211,19184.584786848296
108212,11239.712865441836
108213,14950.702954627104
108214,50881.485933080054
108215,26461.637408728046
108216,19703.042691937342
108217,28920.224125454217
108218,13481.641801301663
108219,21316.06922529753
108220,10055.055764864976
108221,45273.230729723095
108222,9429.980907784935
108223,13163.002913958739
108224,13574.477053086855
108225,31832.245873770364
108226,8983.986751655884
108227,9984.862583048654
108228,10055.743027603972
108229,21170.127277767395
108230,9494.082955831645
108231,21814.380870912457
108232,29076.406106085466
108233,9981.39324911457
108234,19603.07077073535
108235,11143.869679961488
108236,21606.10213867602
108237,12986.113615332506
108238,10648.474345016612
108239,9767.24240592875
108240,19559.280931818383
108241,14660.43626383176
108242,16664.970958282618
108243,31937.108212848627
108244,9534.262950109429
108245,13452.279851294981
108246,10998.079867021928
108247,24502.473038104454
108248,9568.490551362947
108249,17026.23232974344
108250,18339.556039654173
108251,12311.087785566971
108252,19866.714717844814
108253,9340.455992066722
108254,7461.950543776751
108255,19502.627663207186
108256,16073.263077069521
108257,31840.324752515033
108258,17679.43081855612
108259,18857.84685564355
108260,12653.594065815336
108261,21970.295351189034
108262,15011.904797302182
108263,26518.253552777154
108264,7853.575543129134
108265,9874.02744421987
108266,16609.071701931378
108267,7371.329800544234
108268,14317.4072572284
108269,18474.338495036758
108270,10313.618994399134
108271,10176.708660336488
108272,11895.587184542852
108273,17987.90250806422
108274,27014.05296013235
108275,24367.58509786229
108276,13514.746791390482
108277,22020.2597982403
108278,25084.088706983006
108279,23718.679819204674
108280,11533.597458939552
108281,5671.662996551891
108282,10702.24218875332
108283,24735.47917484965
108284,23091.264543452922
108285,27171.903055443127
108286,10735.524946691256
108287,22052.059929595584
108288,23733.740090747626
108289,26127.732078014604
108290,12950.0254961012
108291,9720.596046925659
108292,16611.057175418504
108293,10324.6996853305
108294,6905.985144175745
108295,13654.491149033649
108296,26159.785217230707
108297,10135.88796674493
108298,14633.085242821138
108299,10347.487270969137
108300,12262.298523536723
108301,9621.908922880897
108302,12702.176635915443
108303,15849.468069582443
108304,25880.28025116862
108305,15266.915038873654
108306,18337.625410263583
108307,12793.766133297608
108308,23154.986256052856
108309,17355.405132990076
108310,15890.105679265836
108311,17465.461912409875
108312,18542.4226484515
108313,11861.265093363927
108314,13111.125749157987
108315,15163.497334864493
108316,23973.955548552312
108317,13049.954820634208
108318,17096.56084719169
108319,44634.37565686512
108320,13025.250339094797
108321,15461.686251682842
108322,16555.866834988083
108323,44924.48569470891
108324,20538.102954214337
108325,13388.19716062374
108326,12798.939622542624
108327,17356.03406873242
108328,11401.059248564316
108329,11169.229194248079
108330,12526.079901264315
108331,7390.214100457287
108332,16861.13023204887
108333,10819.30947464227
108334,10781.50615855575
108335,44957.905222854046
108336,8973.793277543575
108337,11567.235754790823
108338,22313.676668349744
108339,19613.097453191524
108340,9493.778279651038
108341,15435.304972982267
108342,21060.080684389875
108343,30253.860582650737
108344,11438.994168386527
108345,10135.116499927339
108346,32576.169280718364
108347,9973.838301283402
108348,19563.12381413742
108349,7588.057646555234
108350,19116.621978981726
108351,20405.28419024725
108352,20652.040111143007
108353,11761.876410436409
108354,9990.301876518994
108355,5672.798532704802
108356,26553.34602740194
108357,17138.72389473562
108358,11087.301917492212
108359,16853.240651730128
108360,10869.044741112937
108361,14120.089695513045
108362,12122.28943097109
108363,7468.9724704915625
108364,13117.13118542305
108365,9431.690326734344
108366,17877.015802440696
108367,10137.972744525887
108368,18218.344970238515
108369,22148.08681855878
108370,24972.988171697027
108371,16664.976658972257
108372,25353.455799061427
108373,19586.616149664012
108374,30856.94126453376
108375,8760.858484961958
108376,12756.492981737503
108377,21136.801616511882
108378,11249.287512272864
108379,13162.770101598817
108380,20482.898056478858
108381,15941.343815991906
108382,12238.64948300391
108383,20318.1589310919
108384,5361.491871773119
108385,42001.57224451283
108386,24494.712286068483
108387,22951.949606699833
108388,14179.51006551187
108389,12066.259194508042
108390,13745.68103319425
108391,8229.374476862498
108392,18132.72952614138
108393,21821.65301740725
108394,18132.926069895264
108395,23983.349861997878
108396,20652.936576639735
108397,26523.567209295972
108398,11613.25459751993
108399,13469.43435087618
108400,2787.8068791521964
108401,9795.548279308963
108402,14056.055261173204
108403,16537.44058060495
108404,9854.068205685651
108405,6934.572893547196
108406,9532.826011141422
108407,9426.39986746324
108408,9859.754200050063
108409,13881.331795908374
108410,22834.143111333342
108411,14962.723682107679
108412,27335.741129489797
108413,17607.490861329396
108414,12139.807594739694
108415,9540.088282761411
108416,27466.500254724975
108417,7327.606317784631
108418,28829.72253719698
108419,15182.744556889094
108420,26362.67824134439
108421,22111.685942193522
108422,10996.43536459101
108423,13499.537651409019
108424,11301.42074931174
108425,19551.64396498283
108426,2318.7426646635367
108427,12392.564977059194
108428,16359.90650362392
108429,23267.49422186386
108430,32901.76372051925
108431,20233.774312900125
108432,15954.930201790688
108433,17096.765410346572
108434,5484.831513393224
108435,14247.642672320764
108436,14750.791890576309
108437,39256.18635240567
108438,17839.305650497336
108439,17771.111324319776
108440,10197.34831867754
108441,34714.90672143255
108442,10233.281129468307
108443,38734.38467661831
108444,13177.398851140852
108445,8743.288981677275
108446,12313.659121943307
108447,8871.226670603635
108448,10061.390858324194
108449,16525.457513408113
108450,9814.037458222176
108451,17794.646916588907
108452,49714.95757695135
108453,17712.648794652738
108454,19716.780833726832
108455,20662.42081228376
108456,29137.96785430815
108457,16548.664596243783
108458,11103.589721767172
108459,14052.090353100333
108460,13481.088373790415
108461,17640.71145885089
108462,15264.022526220993
108463,13514.696822881106
108464,22360.76307170089
108465,23322.970462957077
108466,17390.6126435497
108467,23007.78461147829
108468,16464.975607757988
108469,24246.304998834905
108470,12000.282911944423
108471,13913.22506679971
108472,20778.048821915723
108473,19870.23945591957
108474,26080.99378061289
108475,19663.76525496264
108476,10462.930721522227
108477,14798.119883032472
108478,16855.01056737067
108479,16528.184940435483
108480,14554.358939326003
108481,10712.187554484026
108482,15426.404462436174
108483,18425.176659875793
108484,25463.263038257093
108485,8158.987683754769
108486,12388.766102444493
108487,18645.842502980177
108488,26355.619795549464
108489,8743.288981677275
108490,9938.27478146472
108491,7173.832591207079
108492,19797.53827202017
108493,29040.79191852031
108494,23503.598869257534
108495,10532.385186991618
108496,31913.060273634797
108497,21498.286117789004
108498,12993.749426099332
108499,13170.006652485916
108500,25288.45781343295
108501,23616.530813212976
108502,10605.34066643228
108503,17483.416268910452
108504,17965.856757974623
108505,14869.410592698168
108506,18503.23857901722
108507,24570.82342672503
108508,18348.94224087807
108509,11641.41996785556
108510,13658.158858045485
108511,14542.05075132859
108512,12161.32425709559
108513,31598.245395761962
108514,21524.736164825186
108515,19356.48922533872
108516,10679.999753309243
108517,13693.654784080418
108518,50743.76215678231
108519,24526.779233562975
108520,9349.06287139091
108521,13355.9510375819
108522,19525.244023641775
108523,26794.952257186902
108524,21949.53904834509
108525,13528.120197586528
108526,16668.478851609925
108527,12845.210439285125
108528,16669.455745313535
108529,19844.248202920247
108530,24904.194891309606
108531,15445.164110480007
108532,17259.914614776455
108533,18262.73018718263
108534,12461.278365884777
108535,12374.822007672452
108536,8785.59044583746
108537,18735.20736813819
108538,14405.025511628297
108539,8271.396502823012
