CarID,price
75973,9612.865949096025
75974,20885.517628646503
75975,29765.826010795492
75976,26789.786734741272
75977,15346.545847446785
75978,22941.00103038547
75979,33574.60260833978
75980,25533.852186790387
75981,15879.329408386258
75982,23105.067903863583
75983,35012.674954669106
75984,16771.602971993067
75985,31900.60223327259
75986,48425.15246459139
75987,15359.258739050916
75988,22688.890280900974
75989,15978.209295599761
75990,12311.806715605104
75991,17522.033744935576
75992,22426.865788762017
75993,54365.43208033528
75994,22833.961507701122
75995,12753.686013765335
75996,19464.022733073438
75997,10510.985938213556
75998,14795.154920827767
75999,17018.858565605504
76000,13561.337144600577
76001,12355.92773630403
76002,11890.071273661113
76003,13218.084522814735
76004,22004.668816158177
76005,27815.13415069928
76006,21667.361408136127
76007,16548.15021129873
76008,51050.67296817122
76009,16252.205509549238
76010,25746.91541132029
76011,31135.376534967923
76012,20679.611677168985
76013,27406.281325896194
76014,12036.930502343675
76015,34861.57457643437
76016,28091.279830724277
76017,23818.86532922343
76018,10891.749821647054
76019,11414.943317129782
76020,28249.70497031536
76021,19164.022092547653
76022,17620.92818671022
76023,16419.106569134758
76024,23522.657152072017
76025,20916.756223838776
76026,38074.267112988426
76027,11369.305654803895
76028,23462.450662741463
76029,12056.504676905917
76030,17284.580400576826
76031,9581.801111255187
76032,14549.056098460798
76033,23936.278301143473
76034,8280.550644295565
76035,22228.716058574006
76036,18450.171971645992
76037,36287.83239569077
76038,21746.794334744867
76039,14205.117913823982
76040,16618.891557386418
76041,21576.514701303917
76042,22526.785939112553
76043,19605.351823378973
76044,21876.90098505928
76045,11957.437050178241
76046,14548.361034592404
76047,11607.806126497739
76048,47222.888032653136
76049,22368.259794337635
76050,12267.896562978927
76051,20469.88297032138
76052,22860.442687103998
76053,18546.299078799868
76054,11691.239493870731
76055,19628.084226231098
76056,20159.0394370871
76057,24288.145270770056
76058,18636.57125194708
76059,14649.407818246607
76060,20805.563654379115
76061,20238.301114701575
76062,10098.170050259258
76063,35140.53132983567
76064,45704.13382951128
76065,17169.30309169118
76066,20251.957759096233
76067,19994.212844628528
76068,15716.721663871886
76069,28512.014766642274
76070,28013.799291808165
76071,15726.73781364381
76072,29274.524758658805
76073,18328.895703027676
76074,14341.448379737305
76075,33534.52413040945
76076,27195.856962176193
76077,18452.84326155871
76078,11187.349857787725
76079,20282.55921341294
76080,17645.263317562836
76081,24516.09088488706
76082,13209.483349670434
76083,26324.389744113672
76084,17692.776806088077
76085,17609.670894742903
76086,14030.83198644788
76087,10683.032186057811
76088,19335.091067366353
76089,25827.24003586917
76090,20972.896683098454
76091,22108.410590033458
76092,27310.630083682438
76093,32254.03575412555
76094,14001.873033702059
76095,20974.55065752863
76096,10458.142090553234
76097,18591.38425665128
76098,28884.535898665265
76099,47983.465514206815
76100,16680.717046056154
76101,22510.01756433352
76102,19121.555889674135
76103,23324.22883562793
76104,17124.182441824836
76105,17797.060082385266
76106,28255.064341495905
76107,34655.18785824736
76108,17443.431591306686
76109,10098.690893932575
76110,11624.178318979892
76111,18847.26160663655
76112,31210.437169375196
76113,20860.28757063767
76114,14321.855849661832
76115,22546.41675185402
76116,18384.69756740269
76117,13735.215990267548
76118,25651.74434688913
76119,22041.06432812655
76120,5077.352693236766
76121,18531.778138367594
76122,27271.762191409238
76123,27050.82341622609
76124,18752.502511033832
76125,20530.952822001967
76126,21304.55154394342
76127,17157.582564705815
76128,16872.35560360805
76129,28902.676483219595
76130,14637.919758896249
76131,17224.224981818923
76132,20739.267499428453
76133,18241.916915044363
76134,13031.62234535734
76135,16627.68952105144
76136,20435.170997356156
76137,11583.901122514646
76138,20150.44966318969
76139,17677.828756555802
76140,19879.548376951137
76141,17023.159435713653
76142,29567.24747820413
76143,18217.883843443873
76144,15407.484940499304
76145,26130.479260980293
76146,16448.709401402077
76147,31385.426845773174
76148,26244.75898672536
76149,15155.342257372347
76150,37289.65320890395
76151,15729.92604494798
76152,29017.820992126257
76153,47495.27593951691
76154,30629.311685630375
76155,13284.88384262719
76156,36021.2902980769
76157,11109.558543298112
76158,13712.615878639612
76159,23139.04399801802
76160,31253.087406069182
76161,18707.481365132244
76162,34758.49227495849
76163,26907.611623833527
76164,30546.05568077805
76165,18969.342552727576
76166,13082.15821554379
76167,15125.139506967922
76168,31287.948902036926
76169,13467.401252856502
76170,17647.57385233302
76171,28959.247817753396
76172,43082.43269973515
76173,32308.428436882557
76174,35550.20965493918
76175,10880.553140329412
76176,15962.32324536003
76177,11152.65475703619
76178,18998.469506293262
76179,12089.998643673496
76180,47649.59051735945
76181,23308.35297219297
76182,30331.892904356453
76183,29510.972440053443
76184,3580.289396969397
76185,39371.85579448008
76186,13736.13759313087
76187,29229.709058939294
76188,36325.8234790912
76189,17510.965966443095
76190,11582.563096698086
76191,26533.74235390091
76192,16129.991690141478
76193,17003.3822273043
76194,12866.48956557296
76195,16260.3015775813
76196,11242.421654221902
76197,15677.003472256347
76198,15390.874823722505
76199,19869.52722865555
76200,18939.438019245754
76201,40042.23117912164
76202,15769.111838799232
76203,19285.603959894637
76204,14377.812519635065
76205,30814.944162857555
76206,53302.76020728908
76207,35366.514560453244
76208,14195.970710090894
76209,20058.578729651043
76210,26722.794786446262
76211,34319.016527461885
76212,18352.024220078478
76213,18714.04718775628
76214,22112.219880082714
76215,12973.628167753226
76216,32299.776316798343
76217,15586.670156727
76218,56329.82949470489
76219,16471.627208306032
76220,11317.530407616612
76221,11544.598009192916
76222,26522.701193592424
76223,20806.262900978687
76224,15944.239673303264
76225,14229.671461684342
76226,21783.8612337898
76227,16319.273541297183
76228,22607.531277153208
76229,17229.755734489754
76230,18149.031513912527
76231,53077.944636994696
76232,12699.054789675389
76233,20429.63691255107
76234,20540.819602059768
76235,47291.62178926009
76236,29610.45229411872
76237,23114.92807081582
76238,18158.997771342056
76239,29963.41647011725
76240,19764.11400634086
76241,13094.93000168278
76242,14313.78545854649
76243,11027.247030904102
76244,32541.596648554445
76245,20486.726975812882
76246,27420.821090410827
76247,31196.665017585638
76248,24747.437847162568
76249,54200.98330957744
76250,32294.22700038694
76251,19195.448642704152
76252,14097.772979253516
76253,22569.66009326998
76254,17741.04650477946
76255,10894.845680540517
76256,29881.533081321897
76257,10330.392594960842
76258,25491.871753473464
76259,19295.37298207376
76260,36943.56426741704
76261,13974.101825371301
76262,32287.663185245845
76263,3711.084234454126
76264,17970.286889878957
76265,26573.999466641908
76266,14921.850459904877
76267,33469.04604164181
76268,28290.366935921083
76269,25908.63452259711
76270,16428.638805944596
76271,11914.303980487666
76272,19654.61275454935
76273,15291.683906013985
76274,16033.006302165242
76275,32303.964104471303
76276,12738.313957965021
76277,23726.99675087305
76278,17340.360554876086
76279,25844.44168558218
76280,32955.42659308314
76281,10904.452865586243
76282,19941.38051248154
76283,19628.021652030773
76284,16394.846153360842
76285,20357.0818779716
76286,18172.172070765686
76287,13507.751222240526
76288,24932.6163453452
76289,31892.662936752822
76290,8109.318779690523
76291,48922.11948128637
76292,20762.00039987667
76293,17593.50381946856
76294,21788.818336283715
76295,28067.92312090309
76296,19099.2629698428
76297,28187.983440312484
76298,12313.10499099355
76299,14310.909845355756
76300,37300.10396414691
76301,14422.485237097579
76302,22789.203164452567
76303,12810.639986619299
76304,26175.99993879188
76305,30884.681841930204
76306,21252.567711720272
76307,14090.666062072032
76308,45443.62038735209
76309,21525.660514026087
76310,32817.628031678345
76311,10826.481523008073
76312,18075.546784402435
76313,9728.752177539403
76314,19530.93348012871
76315,24581.68563008655
76316,18632.93438670374
76317,12870.8677649521
76318,19802.999797725482
76319,17958.005694000043
76320,16158.915016072086
76321,27859.840305806516
76322,58399.019779530325
76323,20080.313224418464
76324,20625.950870564462
76325,33713.345455747505
76326,49375.04555553178
76327,34582.492737442706
76328,50381.999060733346
76329,55039.8404099293
76330,15084.867625389967
76331,17313.644872322744
76332,30322.572542012742
76333,13439.969784214369
76334,21790.74498716103
76335,18315.981881750282
76336,29595.17090815595
76337,57434.33034658254
76338,24739.12982753245
76339,21736.904249385905
76340,19843.993607807923
76341,12602.40011763722
76342,16256.063522615608
76343,15074.671239187997
76344,16002.12672812575
76345,28736.017700105724
76346,11427.96449373943
76347,22632.76992449442
76348,7146.289419100571
76349,55000.83196090243
76350,8995.9144193023
76351,23084.30116967497
76352,17114.35210071895
76353,37639.34940660901
76354,20127.417991521852
76355,21545.951328783907
76356,11077.183621955184
76357,26097.24864625498
76358,13958.65118094164
76359,24459.724438241155
76360,14166.244521570827
76361,18797.722166598258
76362,24321.3279934627
76363,19813.197352727908
76364,20976.09508466252
76365,17088.983578866508
76366,33679.400368163835
76367,7796.274112752512
76368,18307.370374490267
76369,15774.211512663343
76370,14343.321096611819
76371,17883.464561074103
76372,22896.858813544295
76373,21140.287883121495
76374,23314.10680477801
76375,20580.268209008264
76376,14647.965660584649
76377,17949.83921528702
76378,23747.360938451315
76379,21180.92962838669
76380,20533.982772354648
76381,20303.373787708555
76382,18650.202397940797
76383,14280.67863364168
76384,47536.17488108574
76385,14740.911536555443
76386,32010.869492960377
76387,12042.826858560404
76388,21364.813638190684
76389,18653.789469545794
76390,21376.753452503843
76391,44377.27131993232
76392,77303.59415521288
76393,28969.840472207423
76394,20430.256071855012
76395,22378.59703918438
76396,13584.123254841586
76397,21001.30513156971
76398,25176.106150141022
76399,23749.32366492236
76400,27972.26645044722
76401,17036.751123521353
76402,11896.094556451193
76403,16183.84959238487
76404,20722.358333868
76405,22198.320070264243
76406,22739.178868848365
76407,22013.168056444196
76408,45636.84835045757
76409,21884.49556379097
76410,17110.899334155172
76411,18536.744185382842
76412,44068.714385074796
76413,8142.386853864929
76414,16569.62067122129
76415,18667.2302473147
76416,27194.22261546609
76417,27971.787482351854
76418,21311.030529306576
76419,23518.917146695978
76420,15584.923214771223
76421,15362.103823179006
76422,21055.00611852254
76423,21927.7831659423
76424,3962.2856644972435
76425,25054.504317584506
76426,14506.156164507991
76427,24354.299992130575
76428,18201.576130013167
76429,37485.01055799702
76430,20309.582005336288
76431,31418.310343956546
76432,17143.3837968117
76433,15301.577468689231
76434,19437.104294558732
76435,58610.39985665434
76436,13337.117091267866
76437,18522.50607770078
76438,28134.484857477564
76439,34219.7150367944
76440,21608.112275501328
76441,30805.974203088696
76442,31411.088737898102
76443,13432.042880809633
76444,32179.18951036472
76445,47536.17488108574
76446,50922.31128865206
76447,30886.824210373674
76448,23943.32855998067
76449,26918.911348935326
76450,54332.22337112984
76451,35827.006739582815
76452,32531.720455663402
76453,26592.162098554658
76454,22585.30833239935
76455,22261.29735832788
76456,19247.769062928935
76457,20151.180006353836
76458,14711.174937060909
76459,34902.247071751706
76460,11653.874582343453
76461,32424.003268956614
76462,49208.453041931694
76463,28568.62920343564
76464,11627.375263882805
76465,16022.79710986944
76466,21610.890537791234
76467,12413.244432796017
76468,10406.221180605527
76469,5645.755262814344
76470,26581.916837973793
76471,26471.07788317532
76472,11810.140245645762
76473,17228.57209879303
76474,21271.15542410825
76475,10819.300877601758
76476,10622.863263311045
76477,10648.327691550563
76478,19296.255548129695
76479,17399.113573290302
76480,22630.793338695166
76481,12491.394416916763
76482,11641.409945282812
76483,31484.78033358461
76484,18802.99883697083
76485,19224.460559290852
76486,14954.396274949511
76487,10729.701275983349
76488,18612.605477471338
76489,13961.778004535156
76490,26980.500084092804
76491,17709.736437273892
76492,21216.668158406646
76493,14378.276077539045
76494,20416.80339159712
76495,24213.075897255592
76496,12980.048587796322
76497,50850.34368121366
76498,35984.45329007448
76499,15934.552026759353
76500,15722.823067120835
76501,22079.029181235255
76502,33683.89702782691
76503,16976.1626515733
76504,20517.365410529295
76505,14125.823132155154
76506,25344.268266529798
76507,16666.320038165064
76508,23042.092757581653
76509,36555.05743352209
76510,11954.438438202355
76511,20081.010202485053
76512,18682.030112387616
76513,18518.75673815481
76514,20573.02725268365
76515,16519.9309139254
76516,20327.895074720986
76517,14200.784641347545
76518,27135.34334653838
76519,34906.043333669564
76520,16661.118966217316
76521,26704.898542067112
76522,49330.44579687148
76523,21629.146226097462
76524,55681.68756642245
76525,10673.416420291933
76526,25994.282264192916
76527,13781.029454567477
76528,19069.730307871785
76529,20572.865746510568
76530,11952.709033334026
76531,15151.827271696635
76532,17369.91461879964
76533,11203.10584280478
76534,31775.936349719475
76535,11902.579608326148
76536,31423.27165466993
76537,11497.83446725076
76538,21382.857376556247
76539,9552.057190799651
76540,40808.024862983984
76541,9242.87185786677
76542,25225.236325957452
76543,27747.804405955372
76544,52718.09321847175
76545,17080.593444600257
76546,35550.20965493918
76547,48546.422510996556
76548,17399.21579127539
76549,5141.8795292423465
76550,19882.21320642319
76551,48080.66636633257
76552,24985.70405525985
76553,17907.646880075867
76554,17433.596962157008
76555,29189.71794034812
76556,19553.339000826367
76557,20431.180953833227
76558,18038.171731158087
76559,20869.03353589659
76560,21588.32609048564
76561,20457.416715102365
76562,30915.007315553943
76563,11816.753864967386
76564,28619.748493593208
76565,32514.076002522976
76566,9097.721242941947
76567,30978.78154182589
76568,20424.674602691794
76569,29305.903260213923
76570,20174.021594316557
76571,20749.79268636737
76572,14594.782432759856
76573,13437.047376446093
76574,17730.349167402102
76575,27903.598472007307
76576,12995.664280684186
76577,26340.696349563328
76578,19322.277841262097
76579,21242.755504196146
76580,13261.210407371324
76581,31249.95133220941
76582,10510.489641416667
76583,11300.753637942375
76584,50245.41927583583
76585,21925.76123435016
76586,50598.56564198504
76587,31614.803009746203
76588,49095.79772382864
76589,12744.441043999039
76590,13489.72720625521
76591,14622.30932346521
76592,18704.89200325482
76593,16405.235805974196
76594,19352.355167670197
76595,15860.014129000085
76596,21847.631534299475
76597,33332.30874852232
76598,20780.361185733083
76599,18951.342309183223
76600,19637.770801264127
76601,28750.50881947846
76602,50935.65851261424
76603,18133.83743650538
76604,13639.749403478032
76605,18274.190249730087
76606,20177.795647523024
76607,39194.58758614316
76608,20296.183631673175
76609,25935.337299343206
76610,31048.1259473274
76611,25094.556845423016
76612,27419.35311490265
76613,30365.123951413854
76614,29733.558663774762
76615,12389.686156566613
76616,27194.22261546609
76617,23639.989740609224
76618,21515.056034462694
76619,22787.392566700157
76620,34105.01464431857
76621,23672.630798363312
76622,27636.849799786585
76623,16345.566737053801
76624,13277.801992259829
76625,26980.89449708801
76626,21341.118189186756
76627,19658.985610892352
76628,26527.805343051015
76629,27779.95338325155
76630,23592.0907165737
76631,23114.92807081582
76632,21657.673321356528
76633,25916.8224767779
76634,35260.3641640871
76635,17338.198702132246
76636,27760.13372712248
76637,16058.889712588323
76638,12280.90386148093
76639,22952.309705703756
76640,11153.201783468316
76641,20392.30636544681
76642,14017.687284717927
76643,15717.941390448608
76644,9083.955784752103
76645,18191.488905771574
76646,25701.408411463213
76647,9703.573574222923
76648,46140.787701912435
76649,12146.481169784649
76650,11408.449023768762
76651,19675.288969203688
76652,18280.102680292242
76653,100810.88649227784
76654,31563.96696800537
76655,45986.09564416676
76656,48870.33535483278
76657,17023.182691824797
76658,45401.450960471695
76659,52113.48902374019
76660,11255.394665535363
76661,19617.47165729962
76662,18921.388675560025
76663,48248.027436730285
76664,30154.577905926875
76665,25888.15921822085
76666,17662.32411696715
76667,38049.278869443915
76668,24326.827338463256
76669,27337.559215433117
76670,17587.759015067124
76671,16463.620102484383
76672,27789.187925268085
76673,17666.981351153798
76674,19035.12143086696
76675,28147.704235773745
76676,25193.487867676184
76677,49325.741843234544
76678,32817.628031678345
76679,31899.200016691077
76680,26524.382578629535
76681,12635.829394787279
76682,21661.54308359548
76683,32424.003268956614
76684,28338.351560815227
76685,11986.282503198694
76686,27776.896442392306
76687,50475.84500673906
76688,15100.473765599374
76689,19467.438044404396
76690,17819.64399740719
76691,11595.92344929107
76692,45514.26919189186
76693,17854.92211692046
76694,12684.492148059868
76695,15415.034032953725
76696,12199.674449895758
76697,20383.945666302123
76698,32335.98311462541
76699,17915.894101921633
76700,30617.45111264511
76701,10039.25326830654
76702,28475.911173915818
76703,21709.10826926098
76704,12764.799869716373
76705,21953.555653535488
76706,19339.071138577816
76707,26359.831085258025
76708,32911.301916529825
76709,9292.338916697589
76710,24974.823888568048
76711,21326.988678452097
76712,16926.13633576423
76713,22586.078919278934
76714,16946.63021526681
76715,24355.36856652523
76716,21032.32557173869
76717,28578.075752472843
76718,20515.50732044587
76719,16778.924366316827
76720,12086.158446400945
76721,14759.201953866354
76722,20958.664436001654
76723,10297.558188927796
76724,17559.098403610602
76725,24749.110387899796
76726,15450.049469721976
76727,30633.79973926215
76728,15541.411032945716
76729,33361.30521710278
76730,11606.969552335391
76731,37397.47075443932
76732,17733.755033170175
76733,16162.951795688692
76734,17758.217347651713
76735,21378.63614507025
76736,26205.961200530273
76737,16216.738514617227
76738,14078.128845527566
76739,19761.54029730341
76740,18410.09886632842
76741,37033.97564784643
76742,21098.417579821456
76743,33216.207390784686
76744,18601.230578109706
76745,15370.585512375888
76746,38500.64916289465
76747,18042.63541535318
76748,15729.297871363278
76749,29458.922574124936
76750,37018.12663799794
76751,12192.495315172418
76752,7713.7481989768785
76753,32151.732704830687
76754,20497.166573931627
76755,9815.34808080845
76756,16575.833840975658
76757,16624.379456507595
76758,24361.858499314927
76759,24856.492021722257
76760,16014.993735108636
76761,16136.79634223857
76762,54507.31021637042
76763,21809.36769513462
76764,30313.48777158008
76765,13594.968012800817
76766,32854.33038554978
76767,20743.637625943702
76768,13622.721804860017
76769,40450.97856564144
76770,19528.717308354237
76771,31025.10027426046
76772,27992.72173954348
76773,17389.468189687832
76774,17481.028709800583
76775,28368.21362175388
76776,32076.599139462884
76777,14628.89091684212
76778,13803.628129681752
76779,27246.786142372264
76780,19278.839023760273
76781,12175.462905293476
76782,20917.454499551444
76783,18783.276564024283
76784,3720.0187516461274
76785,38982.770372894636
76786,10131.103720735491
76787,19123.58097429837
76788,28080.203719831592
76789,35839.90144151293
76790,9630.60600196544
76791,18041.178022336717
76792,35697.59623252478
76793,31599.551296998343
76794,16790.578122434978
76795,17183.746083233964
76796,29825.399790247888
76797,14314.53184367953
76798,28593.20284812576
76799,15856.558955488195
76800,12829.102415438421
76801,20446.06163752622
76802,31609.182910788284
76803,26204.717576843388
76804,131383.3915799218
76805,12345.76127597207
76806,20351.79947616666
76807,19070.33445197376
76808,22573.62106811758
76809,10967.308228347556
76810,18777.29811147093
76811,21390.1570695987
76812,26087.324426433646
76813,27125.46140679482
76814,14320.874509468626
76815,13918.899711608143
76816,34179.61891150849
76817,22709.95357118569
76818,21518.061663387063
76819,26291.094486131813
76820,30819.254818557332
76821,19794.53996477558
76822,13114.421817063472
76823,10709.083221498351
76824,12249.996752890394
76825,29218.09830328592
76826,19389.985059007733
76827,10723.554654101978
76828,20657.6784915548
76829,16840.075193158595
76830,35494.37429501629
76831,18627.78049819063
76832,20971.79401459117
76833,34021.60799040488
76834,51744.732273436384
76835,37141.170935310096
76836,22592.15840483966
76837,20969.56757325411
76838,116980.01287908647
76839,18627.19031662693
76840,7632.041564174799
76841,19250.52260153499
76842,22763.78432319447
76843,8487.150596289284
76844,13828.254455077726
76845,12124.212333352963
76846,17678.184150152003
76847,11057.833688915778
76848,18053.3384446675
76849,36427.097660603285
76850,26851.867356282706
76851,33303.020110076606
76852,11518.569883665228
76853,32349.730948337332
76854,14126.10773045623
76855,27071.3463321136
76856,30489.18636308617
76857,31915.929902757856
76858,22632.76992449442
76859,15931.58219050902
76860,11829.668656044896
76861,22389.516614686785
76862,30659.26028576826
76863,11395.001045925843
76864,24689.250987314732
76865,11920.7515583233
76866,37472.86077581636
76867,26738.95973065387
76868,30169.51639199304
76869,17058.557027515897
76870,20866.509500287175
76871,17354.428985185983
76872,20772.624732802004
76873,15988.605927671755
76874,14827.816732003677
76875,12563.496648945747
76876,23646.30049495962
76877,14078.721112029865
76878,13436.45338548032
76879,20902.41856455979
76880,23968.604241297806
76881,15921.525320390412
76882,12640.455693556543
76883,16864.534946022355
76884,15896.315291263287
76885,10666.765686367367
76886,14657.726739935371
76887,35480.78108543093
76888,44011.40416970705
76889,17842.233713158173
76890,12376.743349409071
76891,28227.095277231645
76892,16200.518146237531
76893,17229.695977253876
76894,36401.04827750689
76895,30381.267836930117
76896,33126.47694314681
76897,25599.66085958087
76898,14725.5126579461
76899,19540.54746677689
76900,13651.896858873284
76901,22130.981304177178
76902,24152.855048329653
76903,32966.4095668396
76904,21247.86137574152
76905,46030.86936195487
76906,24509.185749673627
76907,19871.008710271944
76908,19947.819655855797
76909,26855.604839933385
76910,16519.74539530246
76911,19312.51384639018
76912,12870.724389993931
76913,44974.63373338245
76914,32044.684465441806
76915,15903.838519114297
76916,31015.566920304023
76917,16296.134070987508
76918,34036.13843139319
76919,39217.1813895279
76920,23042.092757581653
76921,9114.331680290965
76922,28976.85359784036
76923,23129.049448030873
76924,19703.59106663772
76925,24098.112471774868
76926,14196.916021307436
76927,48032.97789807984
76928,24266.303609038496
76929,42663.246621918435
76930,16803.54307385929
76931,34135.44144210687
76932,11778.08752092202
76933,5851.607413058391
76934,33625.976439024205
76935,15414.975547651284
76936,20301.331778090273
76937,20108.256150579127
76938,29474.92528482241
76939,13867.9130638036
76940,16110.148082546448
76941,10602.059839317748
76942,11642.444165044151
76943,19273.61831281377
76944,34690.13695873601
76945,11476.742777895883
76946,36687.510812785295
76947,14943.837001768214
76948,17330.6650318213
76949,9573.084560188356
76950,27911.825396208835
76951,27959.290926830643
76952,32952.11698141024
76953,20057.337650556525
76954,18712.338509499692
76955,15587.434346286433
76956,13351.507621784129
76957,37133.94476674042
76958,12902.126418086656
76959,17320.711655175797
76960,36139.16307811884
76961,32129.26219319131
76962,20303.07761708262
76963,15927.140591787205
76964,18075.546784402435
76965,40340.531695991194
76966,19716.044330970406
76967,27325.5281150471
76968,18654.928855597565
76969,33527.916310892746
76970,20611.913754329114
76971,20246.495724035118
76972,27355.59278368362
76973,11605.638225007679
76974,53862.2548086154
76975,22842.273200648
76976,10043.30862846593
76977,13996.56278953864
76978,30035.19780446
76979,19074.33261132913
76980,18007.704447709064
76981,11892.970254184653
76982,17391.076302390546
76983,34883.48425478004
76984,22564.193355429146
76985,23119.514730094194
76986,21259.33203666633
76987,11909.239037212803
76988,23373.29693768146
76989,57434.33034658254
76990,9295.57056506072
76991,49617.476457239776
76992,28070.479835040245
76993,27093.51513633168
76994,14759.577215576952
76995,13073.853762902158
76996,8930.624272367955
76997,13456.627098419818
76998,11148.45932640305
76999,23757.382639276857
77000,28654.210883047526
77001,18186.221682922573
77002,13255.108750543593
77003,19693.163237832527
77004,19429.057033360208
77005,16285.655515511822
77006,15905.514352685163
77007,22013.248930672944
77008,26292.613915858798
77009,18718.777890990914
77010,20251.95656411079
77011,16395.609242553513
77012,35753.89878000634
77013,18843.436726453478
77014,24395.013529975247
77015,14697.53901831122
77016,44076.5951497537
77017,12915.571534714345
77018,13019.710547508546
77019,28791.019194278095
77020,19159.19452173438
77021,55681.68756642245
77022,14529.069844499094
77023,53335.00701783254
77024,12055.162120206298
77025,14483.126139497132
77026,17004.440514635044
77027,24400.19504441842
77028,53583.5306839597
77029,28671.738888909367
77030,16953.772059263756
77031,19356.74499942913
77032,7222.907265675546
77033,7162.85459259477
77034,17262.48331957699
77035,11929.994350826284
77036,13286.93003138154
77037,31882.761301177547
77038,17671.134650342774
77039,23367.007446584343
77040,12899.434135493862
77041,26077.359131047877
77042,12097.588398919193
77043,11206.29408610438
77044,11901.33393634647
77045,30534.992051951966
77046,78792.77189755207
77047,19636.821999376512
77048,18159.151811934364
77049,20766.58994353856
77050,30538.424348792632
77051,32740.192294592096
77052,17557.07181351206
77053,26405.4981890647
77054,18050.342536165685
77055,20809.97900262462
77056,18161.855526978758
77057,22844.505316759896
77058,14701.132153292105
77059,34851.63450292183
77060,19875.747050825128
77061,39592.79834897685
77062,31463.396508665686
77063,26711.279557017366
77064,12278.225148137954
77065,24050.55882360633
77066,8692.355973299102
77067,11312.824342889708
77068,19622.45342333137
77069,18859.03119145557
77070,18597.931185969283
77071,27943.435905385526
77072,19711.124118840926
77073,27863.561550694914
77074,11631.601008870288
77075,18626.698776684552
77076,12459.404414525003
77077,18166.168366360005
77078,9672.040406800834
77079,14672.230696839706
77080,21099.506317974654
77081,28388.638638416556
77082,34151.90498072277
77083,20669.52247066989
77084,11272.8688430149
77085,29411.20024640175
77086,33630.64354287412
77087,15368.324021997407
77088,37074.84921059315
77089,17831.76392892397
77090,18971.08388818962
77091,14657.455492478754
77092,21848.961428843842
77093,10939.728119282607
77094,13541.243658878475
77095,44967.17531939521
77096,15820.517208020152
77097,27062.812558762776
77098,16430.523687263387
77099,30915.38185542144
77100,23754.772179227362
77101,16211.945135035772
77102,21951.966351502342
77103,12814.017566624843
77104,22100.759592610404
77105,20622.957688842733
77106,21731.732090286903
77107,30847.994304774376
77108,12327.202267309458
77109,13099.803760853745
77110,11987.522917951417
77111,21112.75141376743
77112,25562.34913558392
77113,53116.39868646812
77114,15458.130088687552
77115,7980.665825626309
77116,9719.005637604658
77117,44376.97621817113
77118,29783.92597405817
77119,11925.170151028029
77120,49129.96426999859
77121,16345.751272138541
77122,31651.422003572756
77123,25740.404329507463
77124,22888.550221446952
77125,20152.968672730476
77126,10158.943137470278
77127,23381.411332566247
77128,24102.128420291847
77129,11766.471033491496
77130,27650.77127368295
77131,47774.963057475965
77132,30974.075245625405
77133,12120.937108640834
77134,18361.2873901
77135,22313.569950024972
77136,29549.232170933647
77137,31012.97830204645
77138,75821.06097171445
77139,28824.22371601109
77140,13786.481913381262
77141,18696.62227918863
77142,24082.62949273602
77143,29582.401162069193
77144,27859.189064115846
77145,16041.586345332144
77146,30514.825503698015
77147,18801.24294977347
77148,5497.638679761203
77149,24315.24323773431
77150,10930.230866007108
77151,24045.947059900816
77152,8907.169443039915
77153,51359.72345785915
77154,28856.006322262725
77155,23800.965723119465
77156,9921.410462855369
77157,12292.015829371961
77158,25346.178234585703
77159,45678.13953130038
77160,13735.933154407747
77161,14881.08638280462
77162,16593.55338118682
77163,18147.351510926757
77164,9337.497132961029
77165,21850.37015476996
77166,30106.756846989756
77167,16183.764417248722
77168,49718.48433154265
77169,31025.10027426046
77170,25096.566868497488
77171,18382.351052772825
77172,18263.933465878552
77173,45676.50623343359
77174,9871.812784226482
77175,43150.8106664772
77176,17041.77440200429
77177,32401.537155596896
77178,18068.230839385884
77179,17959.618834844237
77180,29189.71794034812
77181,17744.35816409508
77182,18359.74358238452
77183,21362.219551066053
77184,20098.9881799181
77185,22071.637633916216
77186,26137.511198072476
77187,16349.507348791481
77188,15952.75088177913
77189,23581.084236060582
77190,25658.546041102767
77191,21669.202021265268
77192,10688.326750100634
77193,56920.06163661891
77194,16851.10508617991
77195,78834.3910437566
77196,3710.4169327539066
77197,9467.956206565492
77198,9982.796103618575
77199,26376.47950084869
77200,20659.996452127525
77201,10774.749607633295
77202,7929.482473050021
77203,18676.248092956193
77204,16192.554999040178
77205,20043.42896891402
77206,13115.354453437489
77207,32077.144486441062
77208,12197.811386124687
77209,3222.235138148367
77210,22413.870650499142
77211,23964.692608657748
77212,30097.818993472472
77213,19513.905667925024
77214,22913.849111370848
77215,10750.522640211277
77216,27721.34576190961
77217,21503.485819761667
77218,16081.288960040485
77219,11483.579164271685
77220,11790.254264077943
77221,26503.721532328233
77222,10418.452417793957
77223,52260.41433390119
77224,11065.474488927328
77225,18752.577715414373
77226,19353.90247670595
77227,21594.36341235498
77228,16209.376397199023
77229,17048.84919898304
77230,40482.53883907544
77231,43592.77934249647
77232,28379.527894152205
77233,49228.6649868323
77234,47684.096237560865
77235,24432.239669728293
77236,27438.954052024073
77237,34785.496390017564
77238,11484.211790082356
77239,8989.172570197983
77240,25016.167700506918
77241,14473.149417789498
77242,30805.555349344937
77243,45519.29184444843
77244,52009.619092628025
77245,24292.839404780327
77246,34142.42559191656
77247,10037.579747529677
77248,18353.381707329874
77249,16896.17976840421
77250,16969.88295146634
77251,40188.994939594384
77252,47315.288564654904
77253,10950.234497253528
77254,20490.598337234944
77255,9950.956741109014
77256,27811.106914250122
77257,19013.853711594493
77258,34953.6786037651
77259,13232.15380697867
77260,50008.858986588595
77261,54566.8799613262
77262,44903.96572064127
77263,8122.531685206772
77264,20971.228620693506
77265,25803.41164754064
77266,13293.051695070586
77267,24614.97925306448
77268,17496.371596521378
77269,25740.654069690976
77270,17992.043408967485
77271,20192.225218293752
77272,19542.184355316233
77273,20861.89671577777
77274,35202.15365397239
77275,21243.89985834978
77276,16893.588037229052
77277,22375.597222112832
77278,36906.83857539055
77279,29065.16819176374
77280,30579.574353350225
77281,9921.599172569957
77282,19642.268943510633
77283,31408.047388708263
77284,41640.49760806682
77285,31264.83451434923
77286,24790.232883633023
77287,7794.560787881402
77288,23183.029794426526
77289,19137.678363166062
77290,34897.73888041359
77291,28234.229453108735
77292,9703.927876238136
77293,41544.03490115644
77294,14669.565009540236
77295,26953.61172136181
77296,13967.985855617986
77297,20529.411948474826
77298,22718.8476235317
77299,17653.518197893543
77300,55216.75160490629
77301,23093.40191033382
77302,14144.198253247718
77303,10908.776501521732
77304,24511.953420447702
77305,12027.520717977608
77306,14584.11847816045
77307,31257.492298601053
77308,15809.911040848354
77309,13065.89770795209
77310,23710.35366018449
77311,13979.90841523944
77312,16029.068815830442
77313,16649.86549515267
77314,18820.201661848954
77315,11683.279026289627
77316,20701.08079329566
77317,27999.877185019875
77318,26370.511686973885
77319,33601.26187647846
77320,16995.433218304
77321,17492.408951312478
77322,16036.230496091564
77323,23689.079781937846
77324,13936.383018076509
77325,12076.798896809889
77326,23495.14241776529
77327,31834.267765603516
77328,27195.59495994047
77329,26109.01141321
77330,52659.43912478382
77331,26410.674763878804
77332,14415.56503755487
77333,8895.765809479011
77334,34691.32787413763
77335,22209.49417488755
77336,12631.24029514347
77337,24665.62858353403
77338,30102.422212502457
77339,14210.185890347118
77340,25814.680120280125
77341,13690.442029035412
77342,31663.452007941516
77343,25540.04499014786
77344,30687.4856137712
77345,14430.02450370849
77346,28486.884046307874
77347,16439.005597942083
77348,26730.228084477843
77349,18706.077721830887
77350,10857.088279821046
77351,11836.096056994598
77352,31025.10027426046
77353,11130.447078181209
77354,30446.96573908736
77355,23557.262994374363
77356,32667.56395570759
77357,18405.585203078303
77358,22370.039439224525
77359,15838.104932969054
77360,25472.938885109706
77361,27232.413117592707
77362,20934.079543907563
77363,29620.46135835005
77364,19769.97892337996
77365,22598.487205227542
77366,32789.99263319164
77367,14699.760669630763
77368,23654.700274160303
77369,34396.74009791177
77370,25354.676743576467
77371,28344.77753274117
77372,29763.04042388984
77373,18916.880588295637
77374,25744.127387016335
77375,12046.368918609427
77376,12335.7091328632
77377,10693.779162613773
77378,21408.274584994175
77379,8673.724299939848
77380,22628.98052582352
77381,16100.661737534427
77382,17569.156306945806
77383,11775.507189738973
77384,36780.46672829485
77385,35630.34798321912
77386,47505.19741838213
77387,14931.211211044776
77388,43312.98871440656
77389,77361.50655309623
77390,24312.185781735094
77391,10824.83492027163
77392,5774.262675177345
77393,47826.85395565502
77394,35466.617168513214
77395,11960.966649363712
77396,17366.635799848955
77397,34463.677998197425
77398,48038.824594630656
77399,16789.475995969442
77400,10994.420567878959
77401,36737.72628564232
77402,22200.099892937465
77403,21823.461917964803
77404,9137.646130006897
77405,50144.542672797324
77406,14732.010261405812
77407,19724.346044033697
77408,13228.455454638104
77409,8283.001808221872
77410,12199.228791816176
77411,22599.682256869237
77412,31330.118210274493
77413,19656.2239713331
77414,60983.86639520121
77415,16041.504631049851
77416,25698.981597829472
77417,16306.837203708432
77418,26326.80885579719
77419,20442.45303071684
77420,14544.107546165038
77421,14623.444452818238
77422,32424.003268956614
77423,21479.977800585
77424,14849.311317829766
77425,11895.379253069139
77426,11882.554565950713
77427,13509.31202018063
77428,24052.792847977056
77429,24842.292321619352
77430,26485.04902733337
77431,10813.444800003683
77432,27729.060316957537
77433,21680.625786565117
77434,19431.667350724958
77435,14363.158046574039
77436,20093.46238081538
77437,27845.6614240675
77438,21297.06096558189
77439,14865.686522339825
77440,14853.606869017372
77441,12730.994035064956
77442,11120.476462028164
77443,39638.78033777667
77444,16623.15595866807
77445,17236.610866180356
77446,15627.221328887734
77447,9482.824652435014
77448,36160.17122934441
77449,19922.775345932143
77450,22155.090865428032
77451,16726.256482368673
77452,27079.870871737814
77453,23899.79972114949
77454,15545.583133212633
77455,24814.422699052888
77456,30934.962290265783
77457,17723.515772572402
77458,21304.55154394342
77459,23481.02524510794
77460,30579.574353350225
77461,11636.722857278348
77462,11069.874849940867
77463,37075.96718274353
77464,30452.74142925531
77465,20008.80254227158
77466,17995.121361971065
77467,26105.575202501183
77468,19311.50696313276
77469,13146.348609622972
77470,17844.73884454688
77471,32887.50514755798
77472,34540.20329365154
77473,19398.367815444144
77474,20568.16172353822
77475,28422.43773733471
77476,13906.103728761624
77477,48601.02463366914
77478,17565.269764317978
77479,9293.941788194506
77480,11657.385212845466
77481,17302.228737754434
77482,26457.71638013213
77483,19456.35929046916
77484,9820.741368835905
77485,18128.552724087654
77486,33833.1821724118
77487,20192.225218293752
77488,12380.306484682951
77489,28608.509113210843
77490,20229.4626649613
77491,47301.942011583844
77492,21367.86694412431
77493,30968.873644972682
77494,33817.27957302501
77495,16566.302687730007
77496,15717.485199952118
77497,13559.545330775987
77498,25889.14238266733
77499,13170.907003640645
77500,25928.222253632084
77501,16049.187832493504
77502,20744.02330880386
77503,21694.683759691026
77504,16214.291013549162
77505,17737.98320604876
77506,26119.575507151723
77507,41765.95917809215
77508,34231.31114024121
77509,25268.274272848696
77510,9492.298903267812
77511,10888.156417631239
77512,22200.807278732078
77513,22557.61488828354
77514,18355.834925762814
77515,31384.035708592255
77516,9081.229304825069
77517,22350.927907815556
77518,18064.96295280134
77519,20957.455993571708
77520,19545.6626595448
77521,16822.527154439027
77522,26938.400684336666
77523,22313.847450858033
77524,28343.717669303314
77525,21428.72091719252
77526,21170.358942636085
77527,11367.427497125756
77528,19855.041022349706
77529,16228.291041086286
77530,35550.20965493918
77531,11298.092592870302
77532,15029.960923092862
77533,22338.717757477963
77534,10732.691398197694
77535,23592.60059389823
77536,13476.93985825545
77537,11094.885656153563
77538,26147.11966438252
77539,11079.035235997355
77540,15390.561026171026
77541,14353.786189778082
77542,11351.795540102064
77543,20195.917520753905
77544,32625.197658115278
77545,46118.728550382955
77546,32831.76960029327
77547,12744.28973351869
77548,31341.83095247963
77549,31471.75809112439
77550,12805.657597143232
77551,25988.853738494097
77552,27028.828639401243
77553,22331.649021224235
77554,34815.10893964816
77555,18103.14150108525
77556,30900.604275837755
77557,27512.746340994276
77558,35385.32742733024
77559,10422.875563937227
77560,17123.152958329203
77561,16425.0562482538
77562,32704.003385955562
77563,114267.04198846171
77564,17269.16457757269
77565,19823.415199296323
77566,21888.667367560945
77567,65197.090120977366
77568,18002.317765382282
77569,26146.838901642783
77570,56553.07421060743
77571,21942.76010829394
77572,5772.535707942885
77573,21583.49627776901
77574,37515.58082315526
77575,17605.901088587954
77576,12923.171815498627
77577,14942.266079558152
77578,7181.2149633239205
77579,23942.70871170169
77580,31366.770990692334
77581,31156.991666264654
77582,22653.588947191172
77583,13530.204917273013
77584,28493.41795194652
77585,22209.440841840515
77586,25285.63484672854
77587,16807.106869319614
77588,29009.83320460282
77589,16837.906043411374
77590,30505.400477533654
77591,21378.63614507025
77592,10910.417896795643
77593,13166.016297395608
77594,13685.379429096143
77595,53539.177886428355
77596,21954.10553589225
77597,17082.62661568562
77598,17474.925957440242
77599,20433.110800555023
77600,15298.81412063075
77601,21895.262850193158
77602,16443.774280376423
77603,16261.699994172146
77604,22697.330321463334
77605,44636.73492787711
77606,29332.355645142663
77607,32808.22720326125
77608,58735.091773041815
77609,29699.2201115643
77610,14813.967621327409
77611,16135.427032823085
77612,12562.029923838672
77613,21322.00138237898
77614,21653.40686666331
77615,13012.641927159635
77616,16725.753703943534
77617,30406.26492201923
77618,27833.02284681792
77619,31488.978546377693
77620,10491.278773107166
77621,35251.97654845237
77622,37304.608765800476
77623,14592.713989451817
77624,18835.322492183695
77625,17198.416934477613
77626,14114.796343481474
77627,25302.22000560567
77628,29686.797441584327
77629,18004.07548560504
77630,18090.059737277916
77631,20089.464755682402
77632,32424.581498231477
77633,12324.48189003225
77634,62824.453603610025
77635,17440.532335339365
77636,8026.67803390306
77637,19468.842342484717
77638,17933.721749576434
77639,40832.391932127415
77640,27569.46104014107
77641,13985.044361565799
77642,16604.994599048852
77643,30083.210469801128
77644,13629.796629810677
77645,28741.86749590879
77646,58101.629410331305
77647,27211.98177025973
77648,14430.697134853826
77649,28548.318684187234
77650,35332.35482753438
77651,39151.801408528714
77652,19253.799542415876
77653,18138.151253102376
77654,14311.226093186488
77655,16748.791781236076
77656,13332.86968202446
77657,49681.89090986915
77658,21759.593520162354
77659,30911.097286896744
77660,23972.156933161375
77661,26440.086843167028
77662,12727.862555411984
77663,25452.126650514223
77664,39172.280108909676
77665,14422.24372353509
77666,18874.38177931612
77667,7270.819412271308
77668,20129.31507052884
77669,17853.64521046918
77670,2567.300970893119
77671,9182.39514280719
77672,49548.364911393306
77673,50281.58140646418
77674,17549.345050207718
77675,7894.007518851741
77676,15369.003464270198
77677,14384.678612723423
77678,32208.126559046883
77679,26783.62946059779
77680,22008.720636212387
77681,13787.461735380772
77682,119477.11680576022
77683,26490.9135909663
77684,12722.038517150402
77685,20601.2321999352
77686,30895.883161196165
77687,12160.002800883241
77688,16823.925876583027
77689,23328.233334365545
77690,11813.764219679511
77691,17014.371797685766
77692,17489.260496549763
77693,20767.117152804167
77694,25596.265177400408
77695,37874.25352504797
77696,34888.0939736459
77697,11077.13981605654
77698,23548.500596242495
77699,10293.596721865008
77700,12245.1845297367
77701,15635.530812605513
77702,51684.80761985854
77703,21614.995884697142
77704,25838.493158220477
77705,17562.51365686009
77706,29426.81885556436
77707,25825.400881273195
77708,27122.55760834766
77709,11224.213587319062
77710,27071.684355527057
77711,20086.47730369895
77712,17422.549001601812
77713,13240.802129013477
77714,22370.650822774292
77715,24435.73393053665
77716,34709.12485103185
77717,4686.487828849514
77718,17914.02535597937
77719,22626.885271561026
77720,32901.61531773146
77721,13006.033914186439
77722,21781.48966392939
77723,37542.92554082085
77724,11273.802489468773
77725,10465.20625043316
77726,16319.518428020427
77727,20393.40441492311
77728,19480.47709461384
77729,27413.993152492963
77730,54239.28749025845
77731,12508.910724152474
77732,16994.015310731582
77733,20489.498481947525
77734,19795.449842440128
77735,27315.97209522006
77736,31025.10027426046
77737,13647.044124519507
77738,21498.4003608579
77739,9482.824652435014
77740,26794.189268753125
77741,16300.264239194945
77742,36974.31310917544
77743,18390.77430910052
77744,11905.694452051328
77745,30548.636309670223
77746,21483.14735547032
77747,23697.586966185547
77748,33944.98011125417
77749,26711.279557017366
77750,31474.3178730948
77751,12917.355954294517
77752,18484.635639790657
77753,12292.363604257875
77754,22913.97618989604
77755,21736.904249385905
77756,13033.635291563745
77757,29818.30855190372
77758,8836.59971913567
77759,23456.484722335896
77760,17390.087511621186
77761,16025.455900731218
77762,17795.414400943042
77763,24769.492455537387
77764,18817.533533447182
77765,18623.983109418776
77766,55161.11585347313
77767,17451.268744733443
77768,33906.44403814873
77769,14411.942050950996
77770,17852.130794443186
77771,20490.879919008585
77772,22822.87654975253
77773,15633.75764387935
77774,33682.874177405836
77775,21014.2667852923
77776,28675.482984459533
77777,23121.749910369344
77778,38722.34418739274
77779,11483.340712719368
77780,24348.303314452136
77781,13295.06312787336
77782,11157.021950493021
77783,15306.132202751873
77784,19776.132099542443
77785,31088.28912200933
77786,21470.738115525364
77787,20290.16230428983
77788,23093.64431952768
77789,14927.459391929191
77790,20420.205144208747
77791,19591.10108371104
77792,34460.095265072014
77793,4954.652711259426
77794,11945.899752408464
77795,12621.871663358314
77796,26064.007098403614
77797,19711.126620384075
77798,35205.90437534964
77799,16183.124796360042
77800,25188.80474245512
77801,16845.95326977656
77802,16256.884183602493
77803,20275.953076228096
77804,16858.94785568914
77805,18427.78118143693
77806,13691.74247631727
77807,10772.777246784819
77808,37607.81721828896
77809,12475.662225925333
77810,15075.562574750142
77811,14208.948363805936
77812,30429.54983410499
77813,8814.427248276455
77814,22853.83554570693
77815,44880.20707063133
77816,14692.078369397293
77817,22079.029181235255
77818,43209.02525439247
77819,33880.37610272012
77820,55167.22696894348
77821,12718.52867203597
77822,19681.867073925496
77823,20418.829762713554
77824,23517.741905030205
77825,47069.09353634435
77826,23447.542788477287
77827,26942.92706964814
77828,17206.84992540939
77829,31828.245850298703
77830,13575.590979913955
77831,43923.135646875075
77832,21391.04346051972
77833,11879.097910534394
77834,44101.07654601331
77835,22641.4807275362
77836,8160.974037029193
77837,18962.833875223445
77838,11988.532504106379
77839,36500.33278707523
77840,15702.987586678017
77841,16356.879003214799
77842,15459.232611963056
77843,8969.314897644525
77844,22636.73357191591
77845,8664.485125275023
77846,17217.395604369503
77847,9701.04623345348
77848,17244.137918282257
77849,17143.378105383516
77850,10582.521522659967
77851,30090.166736402603
77852,18817.903792548026
77853,24267.310435203595
77854,18419.70058104917
77855,20192.225218293752
77856,20112.29877305161
77857,24893.086931710604
77858,22315.70429311044
77859,11383.418025125475
77860,15197.284055818624
77861,11374.192388106647
77862,16800.8545938655
77863,48398.00160680284
77864,28170.384793865054
77865,40287.73507258926
77866,15001.96448828636
77867,11862.446202838872
77868,22694.31310166065
77869,13018.410436115015
77870,11628.148630668707
77871,17437.744786371866
77872,19153.388223825696
77873,14649.861227353023
77874,18950.056381805312
77875,17124.94037761907
77876,18887.494425480538
77877,22541.483559843076
77878,30847.524090618124
77879,12873.51650936906
77880,32854.33038554978
77881,9045.105207283737
77882,28266.724654667607
77883,13634.178811854672
77884,32796.435039198535
77885,60063.34181455997
77886,11523.815883774208
77887,34219.7150367944
77888,31530.219841949147
77889,31498.491735317744
77890,21368.709533451303
77891,8525.639123247525
77892,12221.621060990432
77893,7982.299098579766
77894,46707.64117557033
77895,22880.524472142828
77896,29468.722721109407
77897,10390.721647739729
77898,30064.821059044894
77899,37096.011415551904
77900,21349.145657199242
77901,12942.290075108383
77902,14744.504313843949
77903,23567.75302709696
77904,22472.646927355167
77905,43184.746716008
77906,25348.14799549291
77907,34099.69425473232
77908,10677.490998920965
77909,25417.431910334348
77910,16590.715734017765
77911,30507.21703559999
77912,23802.786974426625
77913,51726.928110891306
77914,28147.042702170314
77915,27922.509385812427
77916,14434.286881302263
77917,22043.857689832705
77918,30521.817014185966
77919,29101.506030359138
77920,12846.499428819388
77921,15367.199233776186
77922,25145.57260305931
77923,17252.31145272687
77924,22427.400899379063
77925,76989.14361145768
77926,16010.131793329732
77927,47272.16527727475
77928,10200.805599863526
77929,29321.655945437084
77930,15611.217636078898
77931,20369.848307926295
77932,14186.83239819291
77933,12025.79616950593
77934,48889.08425257836
77935,17102.740095305096
77936,28578.762549354444
77937,19537.398497750328
77938,17037.338222654875
77939,36123.98106976638
77940,11435.380618100004
77941,25670.198252568753
77942,26292.613915858798
77943,20352.468061232943
77944,8914.725340844434
77945,10897.558280417925
77946,56868.42608437198
77947,31642.162032344488
77948,11111.46194413443
77949,31206.508267910147
77950,39144.80232524257
77951,16936.762399465664
77952,13971.914113579565
77953,22341.422144078177
77954,25024.625091414524
77955,28476.392395449544
77956,17080.921736649765
77957,11202.916950482017
77958,15198.595288094975
77959,50643.85955553198
77960,16646.254974777723
77961,20965.412193553297
77962,13523.348550126064
77963,16681.546566506935
77964,22377.470117718665
77965,13678.678707196981
77966,12673.24311112881
77967,21829.960688130366
77968,18065.351424008106
77969,8260.816336748807
77970,21560.000959918325
77971,24257.51377125095
77972,11217.439484683393
77973,40971.98371236091
77974,25656.08072836863
77975,17120.739317072806
77976,10665.359259178307
77977,45778.75406794571
77978,26670.144248866476
77979,14809.91191417115
77980,21879.819060767677
77981,10647.828297056727
77982,32468.644467251102
77983,18120.769758896655
77984,18921.206021893042
77985,25260.687626102248
77986,56952.550241834324
77987,10082.94341687658
77988,26745.020543821007
77989,17330.150218550974
77990,11983.934290094825
77991,30604.733689230023
77992,18427.45820351746
77993,28440.742519115865
77994,34992.63056301637
77995,16150.350684801213
77996,32018.56926694621
77997,18849.550996284688
77998,23395.77235374123
77999,22774.78059409922
78000,19579.866571534807
78001,33650.809298367094
78002,12099.52554297387
78003,14859.13053970545
78004,32170.0511927597
78005,20978.412943797153
78006,22037.120835620808
78007,37940.536960953825
78008,35645.369602780105
78009,15148.389421716156
78010,17327.867034657538
78011,39215.89977981871
78012,24056.31483237206
78013,31906.597147336623
78014,31251.242570703373
78015,20678.23837841624
78016,58448.02811190781
78017,24567.502040158757
78018,11490.18308967765
78019,15737.572162118331
78020,11008.971017549218
78021,16047.554787235762
78022,16271.847983022182
78023,15130.553544228795
78024,21541.15466696489
78025,20289.65992382011
78026,30113.841882685396
78027,32464.87585090733
78028,30068.472332406334
78029,50573.89372763187
78030,16731.371501139158
78031,20624.920400209634
78032,11077.13981605654
78033,14958.555653086878
78034,11311.602638929457
78035,28357.355153489967
78036,22644.768089936875
78037,37601.91820966851
78038,12642.164021804823
78039,14629.065186549291
78040,16531.99380258732
78041,22439.258794049852
78042,19430.916122157265
78043,31882.54677411907
78044,25160.083947787316
78045,15059.371175325283
78046,23650.223014291423
78047,27545.859247019267
78048,21293.918148609468
78049,8245.841315413152
78050,22007.82778182717
78051,32848.001604076046
78052,24687.908916311477
78053,38636.704417682966
78054,12455.120201613754
78055,22563.560896457908
78056,31048.49234943148
78057,15052.852526380157
78058,51954.25917070521
78059,8756.184164194068
78060,13389.764385813018
78061,37102.46733772612
78062,15721.10680358793
78063,49610.671316478714
78064,63180.61232612699
78065,19813.07670873214
78066,48601.02463366914
78067,29629.63419590306
78068,20192.225218293752
78069,16347.078052917837
78070,26087.64489721412
78071,28965.634654607235
78072,24743.144527926688
78073,14856.18515932334
78074,31596.83423258547
78075,34685.78656750756
78076,19601.81525688397
78077,25751.63161876884
78078,30067.541372431417
78079,26902.52618353822
78080,26947.22850733234
78081,20402.857389475805
78082,51947.154273660395
78083,28238.383105327248
78084,18573.677300760635
78085,22566.197134835136
78086,18438.44826412509
78087,72561.77083406776
78088,20422.349575714084
78089,45352.99119281448
78090,67912.38031861598
78091,11320.048843458988
78092,27595.477492753667
78093,12443.215607385282
78094,23376.426299113973
78095,23332.205751470297
78096,30417.813710693543
78097,15848.176660560695
78098,13854.63408463879
78099,8829.479890382256
78100,6466.9301355593225
78101,13821.470129193356
78102,31034.874392982652
78103,15096.971295978847
78104,18267.455911275076
78105,20986.40760301559
78106,10828.817022199555
78107,21855.81365972111
78108,13096.885564712582
78109,29263.366226592236
78110,9355.976927774896
78111,22093.79896022218
78112,30929.49168409057
78113,20136.724658422765
78114,15390.750941495568
78115,46485.93063011306
78116,18584.829967609432
78117,18305.71931057703
78118,18756.476532700155
78119,18066.688430149024
78120,11567.522683228057
78121,51947.154273660395
78122,23545.356967654032
78123,3676.5598192524712
78124,20135.71976446234
78125,20821.442781084468
78126,15448.276092056283
78127,14466.853454985334
78128,18842.24147536523
78129,32297.04985982595
78130,22020.31053271228
78131,16897.02518301576
78132,12029.01800624211
78133,24286.377026199418
78134,18514.31197538985
78135,13517.747308723769
78136,24051.251709129938
78137,10794.846085620284
78138,30151.846458747532
78139,8807.487751583707
78140,14649.901564811724
78141,19173.89968211878
78142,23811.50959400882
78143,31376.03317421726
78144,21304.55154394342
78145,15449.540902043846
78146,23661.487453107413
78147,7264.750363562909
78148,19341.928688055646
78149,35455.8496776707
78150,11800.910239107341
78151,21582.145713005833
78152,23151.013272638476
78153,25825.400881273195
78154,14292.873794574178
78155,20754.112133691866
78156,21995.761479299952
78157,15277.801460119706
78158,21683.703374712113
78159,27124.495086618008
78160,66293.02226229066
78161,27727.4175213971
78162,10972.178501583374
78163,9150.84493140559
78164,10735.538126550278
78165,10816.763539927502
78166,30325.333054972954
78167,20551.23762766943
78168,18085.10643913707
78169,20269.95400480511
78170,33800.53648473562
78171,31196.665017585638
78172,28988.063066289662
78173,19823.844411370268
78174,11491.023066608132
78175,35422.34881931772
78176,20597.370054764608
78177,20116.230461619314
78178,48334.31911721976
78179,30676.20880164453
78180,12237.522762694955
78181,10896.673797220226
78182,30490.668906940078
78183,16890.38652368367
78184,19532.771698942837
78185,15615.175191237882
78186,11043.706524486157
78187,28860.171464096293
78188,49153.73536493405
78189,26626.467538947603
78190,23208.075579426237
78191,27069.292330083466
78192,20062.402933214635
78193,32891.97656871252
78194,9607.230791056265
78195,11902.728291985073
78196,49375.04555553178
78197,11257.507549558892
78198,34801.04786559277
78199,9293.693048412762
78200,29358.27712059017
78201,14031.234651598897
78202,32021.666613253277
78203,14664.799446215648
78204,8617.311938039664
78205,16878.166940085815
78206,26757.078865936433
78207,18591.586756438308
78208,18777.775323582664
78209,19974.2852021684
78210,68463.74887076275
78211,33527.681149816075
78212,19471.346592135757
78213,16155.183919764542
78214,23490.639953154845
78215,20636.252064471635
78216,19417.442412411623
78217,18965.416166834282
78218,24578.49006297916
78219,13816.168949965004
78220,22321.228806156407
78221,20364.453923975336
78222,22228.388236216437
78223,21779.256401925137
78224,17123.09991730957
78225,20691.42273448168
78226,19624.856037574496
78227,27463.397771196876
78228,21391.879016510306
78229,13802.321842710395
78230,21493.137014192736
78231,8923.262928030976
78232,44306.01457780547
78233,11992.96275958804
78234,49057.46343880284
78235,30205.51033881125
78236,30827.355475875713
78237,17420.049712582506
78238,11772.853282639016
78239,16267.544303312377
78240,17610.438911738558
78241,14552.219820740202
78242,20639.57722660654
78243,14658.479610819168
78244,18757.094972852712
78245,37976.09820333148
78246,10434.061469676391
78247,35841.91382501715
78248,14146.003858940401
78249,32349.730948337332
78250,17146.48117356771
78251,22377.35401795263
78252,21512.13842113639
78253,20011.249828486907
78254,15225.700185485446
78255,18658.349229394073
78256,50922.31128865206
78257,31969.41047305198
78258,26806.738492835153
78259,23346.697581542834
78260,21393.17117079928
78261,30314.082554161992
78262,52632.014696271995
78263,11487.083122790315
78264,9676.41598594788
78265,14753.443436370208
78266,17438.08439980313
78267,21450.0959608929
78268,43815.840572788555
78269,53961.470401136954
78270,10933.020585080812
78271,34988.75066161679
78272,15592.846624937216
78273,29839.31265151624
78274,20526.123834408572
78275,30404.79475221145
78276,7894.788618013746
78277,28262.734947531917
78278,26735.681012069475
78279,31489.770406069845
78280,16969.453091463427
78281,8812.041906082048
78282,14953.76711485369
78283,31086.31895727907
78284,11696.88132847597
78285,20409.276981817886
78286,14131.606264863154
78287,24757.441697687056
78288,18659.408696347018
78289,31338.971045675087
78290,19350.6951500348
78291,23629.708225409802
78292,10105.981658536613
78293,32390.889867930942
78294,35077.254471673994
78295,9002.262908914056
78296,9901.853121680473
78297,12399.889953684147
78298,16681.93397473537
78299,18420.943242654244
78300,22206.145599660507
78301,12429.046853593152
78302,21816.821427647472
78303,13517.168947895489
78304,23261.986053291537
78305,49741.25102142348
78306,33605.895335833295
78307,32031.53420752046
78308,22055.121194433043
78309,19392.760520473104
78310,19863.289114229032
78311,30406.349951520537
78312,46838.72569457638
78313,23750.686969090653
78314,16014.40101285234
78315,13504.85985799228
78316,23265.6276190714
78317,32188.527778702795
78318,62525.54495163548
78319,10745.698614126199
78320,19412.283095986
78321,17253.564152054016
78322,34383.05631356393
78323,14614.943556103435
78324,21904.47853404084
78325,14269.157641063975
78326,10395.199735322074
78327,16518.934172388832
78328,31649.64621020306
78329,11665.93204986753
78330,33728.08919251497
78331,27338.03257561169
78332,24678.580724529642
78333,18642.83161496732
78334,38735.976306586184
78335,14357.606997133813
78336,12056.32339189232
78337,32465.135743403433
78338,21660.10862711229
78339,22079.444504746578
78340,15902.681339961135
78341,16546.323272688045
78342,20656.964730284028
78343,19459.459026403125
78344,29479.345794749803
78345,13047.280583131738
78346,15555.069882907708
78347,25010.152124062883
78348,15194.799067022994
78349,8110.704267082789
78350,27635.946886926093
78351,11979.232121032306
78352,13161.717632284906
78353,29315.166843733903
78354,32380.16681112082
78355,14021.25975561859
78356,28879.605168706876
78357,17099.717683146082
78358,26440.086843167028
78359,21106.269373537147
78360,21773.704392911157
78361,12306.34361013951
78362,17968.704652919805
78363,7689.899967041621
78364,12264.189784996599
78365,30865.022710741927
78366,27269.53926952719
78367,23222.156793762057
78368,26583.55051458728
78369,44198.14846798799
78370,20648.928688880256
78371,19695.53128771256
78372,29237.69002520009
78373,19961.80864692337
78374,26151.92707711949
78375,25613.04599925956
78376,20941.94518867181
78377,22699.456315645213
78378,50566.84226562089
78379,8455.676115601762
78380,12809.787217979627
78381,9110.619536673166
78382,34141.97131438683
78383,25838.303059092133
78384,15650.133256614334
78385,20330.405483427665
78386,21013.31609337021
78387,23796.554258315733
78388,10649.231789245596
78389,26562.378102296934
78390,44349.33944016692
78391,21068.71964602239
78392,20493.957685174304
78393,12311.927067709506
78394,19741.478686230465
78395,19522.88361312486
78396,11470.286921925537
78397,16009.279690928552
78398,19482.777285393455
78399,11898.642198088695
78400,49610.671316478714
78401,10783.048379719363
78402,10935.21042890049
78403,15604.49521642239
78404,22416.00787581055
78405,11889.46233804587
78406,20906.96590154563
78407,21935.004587568874
78408,15567.125106628235
78409,7909.38077849472
78410,31189.28511022487
78411,17751.80007943534
78412,10691.908168123
78413,9651.212467078065
78414,15338.466737758636
78415,27528.261404297795
78416,16093.324041034437
78417,24771.430172081953
78418,29305.979614357024
78419,23091.341621623764
78420,16083.507570199868
78421,21598.8532851484
78422,17379.301045845285
78423,25306.039611861084
78424,28952.92898517419
78425,20589.62625259388
78426,24071.778827096976
78427,25342.127577601877
78428,30708.266180032508
78429,20341.664004182534
78430,28653.433511922645
78431,12234.183051854954
78432,27296.941581832103
78433,15885.13600929106
78434,17995.45680162644
78435,18228.56829553231
78436,17187.051215376996
78437,13987.40271420036
78438,14758.733590345844
78439,11064.091718248903
78440,33309.55918500946
78441,16248.67468999047
78442,42525.06715460392
78443,15706.011281522704
78444,20653.797917722728
78445,21285.689335418705
78446,10725.290628700768
78447,13051.43643144477
78448,23078.77988982922
78449,44011.40416970705
78450,17855.071408013082
78451,29365.667206742633
78452,35514.23582821918
78453,16115.60013223849
78454,19896.748473046173
78455,23015.557536605535
78456,11331.951032541736
78457,32480.319108482774
78458,25279.43543874975
78459,22708.89485670978
78460,12626.655190040303
78461,21904.390063572795
78462,29732.30250027484
78463,13301.454006998441
78464,13427.47697950755
78465,15658.54492829798
78466,29727.841176864113
78467,19047.511238508858
78468,15035.990218158076
78469,32346.03737395671
78470,22609.60740266552
78471,75441.66574917155
78472,21978.841709277505
78473,15274.086536446468
78474,32514.464815289513
78475,10589.937079410176
78476,35561.86108004931
78477,20243.37145758235
78478,32588.606030921783
78479,10105.889765516995
78480,16827.507763173275
78481,12723.209781398595
78482,12433.191208413682
78483,27365.868740926613
78484,10969.363657030062
78485,15486.108302226283
78486,14185.739786740678
78487,19197.901783378125
78488,26484.79533260437
78489,30756.98960236865
78490,13928.50372532448
78491,18442.715317376325
78492,13606.44372244497
78493,46206.28059381582
78494,15808.657964720538
78495,24252.207850411953
78496,9488.275206049077
78497,22013.168056444196
78498,43562.79248320318
78499,10574.902706420195
78500,26440.086843167028
78501,13016.220793890954
78502,37556.39330792644
78503,22395.503820341437
78504,25199.303560729175
78505,8483.027786885874
78506,37553.33096963867
78507,21519.63529759962
78508,35550.20965493918
78509,28654.471865085874
78510,13233.58854616387
78511,15993.737511080108
78512,48501.230377995715
78513,22954.688361163495
78514,38067.24844277401
78515,20129.31507052884
78516,9703.306126962325
78517,12065.022369265127
78518,21322.452284358096
78519,17214.70571902532
78520,21170.44117748729
78521,13694.859299993954
78522,26155.555518311125
78523,54361.80768183098
78524,28255.733552397327
78525,23142.061448061664
78526,22705.679907825266
78527,22574.85734164114
78528,44375.400607980424
78529,7207.816658742939
78530,27195.856962176193
78531,15289.34765397888
78532,35083.14088029869
78533,30270.727958469484
78534,56232.08117736675
78535,9487.46475172543
78536,18246.760910846806
78537,35565.88031327852
78538,13255.24354867851
78539,19866.653218416664
78540,7691.464717395103
78541,16881.23970087166
78542,14817.460031085096
78543,15245.915670872424
78544,11079.744186741838
78545,21618.62353251291
78546,17082.127530428377
78547,21736.904249385905
78548,29536.244545153568
78549,33578.37889965315
78550,14073.474869017087
78551,41411.734012164714
78552,45842.20292108259
78553,7175.305171235039
78554,27984.590009778432
78555,17690.992345057057
78556,32545.469696866254
78557,13526.549046942593
78558,24661.096907900002
78559,29547.941103651203
78560,28590.18476258489
78561,51752.45929437226
78562,49783.267681604455
78563,20714.283771194474
78564,35239.21082411427
78565,33476.908997363484
78566,21492.598674336114
78567,30097.326985018855
78568,39674.95726279578
78569,27395.330347215506
78570,12041.016006519912
78571,17881.02330451862
78572,14624.121873068032
78573,22770.598052491077
78574,27834.16607873012
78575,13896.614657458536
78576,21384.89041034972
78577,32252.380449809585
78578,20967.670795508355
78579,31470.45976657603
78580,27613.212397182262
78581,13629.470053502853
78582,29596.5577662372
78583,16729.05506551433
78584,56936.4526043482
78585,17005.884354819496
78586,14471.30987677458
78587,32853.08642449159
78588,18804.66855895216
78589,18470.951950180624
78590,16897.923260452953
78591,46920.383307736425
78592,14740.470473298912
78593,27535.651237713977
78594,24463.678578313444
78595,20192.225218293752
78596,17166.647434202838
78597,15762.842216091472
78598,9530.023343511968
78599,7236.049660934924
78600,9585.587609088603
78601,18162.774259945254
78602,25314.242863579144
78603,25680.28327836548
78604,12450.654685683354
78605,13114.002929335726
78606,30261.43766963408
78607,34839.875677216114
78608,13451.731731266507
78609,21126.805219971648
78610,20442.522553685118
78611,38955.42584110166
78612,16303.646772834729
78613,21304.55154394342
78614,42175.315318863904
78615,39628.892393731774
78616,29630.94604331458
78617,21182.86300796045
78618,20783.606155468322
78619,4475.9614001582
78620,22072.701468543844
78621,22593.66587830688
78622,14800.6407496981
78623,10891.27361846872
78624,50107.244671360706
78625,21622.688001144703
78626,20411.151714832708
78627,24149.38384792287
78628,8542.134163414841
78629,15012.049882304531
78630,15823.870199343846
78631,13325.699278809516
78632,13283.047601552282
78633,20838.193825031987
78634,11565.633147358078
78635,15271.169007167424
78636,9573.084560188356
78637,26496.8893747623
78638,11621.757022535447
78639,29724.673464170446
78640,49087.91503080414
78641,34657.26730002269
78642,56868.42608437198
78643,12517.528166604217
78644,11645.755990772737
78645,14362.662348241778
78646,17708.492408427475
78647,28795.518747250626
78648,14319.211013598377
78649,18093.829396971127
78650,32392.66436566048
78651,12667.439871548126
78652,19820.613146211912
78653,15031.622698106587
78654,17899.578873596976
78655,29427.571788695357
78656,28297.33298921524
78657,16057.576027885329
78658,17729.535621018695
78659,28494.012762529725
78660,12432.274872538053
78661,13295.464174161003
78662,6016.043279148528
78663,18591.235416526142
78664,12626.274199860789
78665,31704.009249756393
78666,23441.568161259307
78667,43816.003838926226
78668,15094.936728451641
78669,37854.21466122758
78670,17144.917243239375
78671,4046.0655056163223
78672,18146.846107793277
78673,27202.21682208252
78674,13551.787465309259
78675,12225.716826427217
78676,22098.156011077943
78677,17016.484624424975
78678,18772.345585446707
78679,24706.54435022088
78680,21139.455524203026
78681,48229.94357256572
78682,11277.827906370094
78683,14978.047003504089
78684,12285.504185199681
78685,35079.34934778825
78686,36139.16307811884
78687,28249.70497031536
78688,28644.828877776465
78689,14468.28550473639
78690,22142.36507318702
78691,35366.900000134825
78692,30903.336944291754
78693,30393.977791028934
78694,44298.79328672743
78695,32533.97315581626
78696,35795.02488883983
78697,43761.19780746709
78698,19249.223512258504
78699,32901.61531773146
78700,20115.875954875133
78701,28373.705546143552
78702,12605.261957118768
78703,35399.60883224583
78704,35781.09721160187
78705,11208.20601333718
78706,18260.39283736676
78707,22310.46967729498
78708,12815.557662611374
78709,14814.915447201287
78710,15246.060165010524
78711,18150.165080332732
78712,35229.25523710675
78713,30830.194152737444
78714,57657.419482236066
78715,13616.385595213178
78716,20590.382252862877
78717,10368.937079492503
78718,20236.063203928068
78719,30492.357044924698
78720,33460.834778740915
78721,23656.852510144217
78722,18482.476680398642
78723,19035.20186728117
78724,9492.951436888254
78725,10472.81358884359
78726,48557.80663225064
78727,19333.222368159433
78728,25052.1209337211
78729,15212.705344985647
78730,14570.142483025309
78731,12048.697982069083
78732,20234.923412747517
78733,20737.872048836496
78734,23080.866343783782
78735,19799.082796099894
78736,14017.966743695097
78737,20446.098415832235
78738,18729.358733750967
78739,17963.962969919587
78740,25070.378458637544
78741,19530.08016258478
78742,27344.505440130975
78743,38038.5191053393
78744,23608.345770588563
78745,14489.493754191362
78746,25468.23196564245
78747,19262.93541158035
78748,15928.662196296633
78749,68705.04704210444
78750,21768.99471087153
78751,22488.040433579718
78752,22359.007088415365
78753,26167.438702737596
78754,16453.665285400737
78755,18418.890402320558
78756,28361.750512098373
78757,39920.18568069249
78758,14177.068876999307
78759,17515.03475870624
78760,27553.91711915169
78761,19264.889692449568
78762,15448.012586431836
78763,10717.718539983069
78764,16790.65438015441
78765,39764.765132204266
78766,22672.154402310916
78767,27721.320258359767
78768,17111.781991559536
78769,11626.296934429418
78770,27964.624254387323
78771,18745.400001942686
78772,21853.05665386517
78773,8205.242333744538
78774,20241.2800846455
78775,12447.886263194603
78776,31247.402630278244
78777,21404.4727061384
78778,17941.228545906783
78779,11908.134950084923
78780,48919.975148108984
78781,14052.863139203479
78782,28226.059488694977
78783,32198.849181801197
78784,30848.958369383054
78785,15038.770791173369
78786,19543.250318725404
78787,37301.81507722293
78788,26483.982091926457
78789,19917.735958743226
78790,7570.231283540538
78791,19772.18001352389
78792,7065.182804753146
78793,18016.460136193113
78794,20516.633420417886
78795,24253.39162951495
78796,16673.803612512773
78797,29365.46354336963
78798,19625.634067623614
78799,25971.909801302983
78800,20671.927867344344
78801,15690.669194550901
78802,31240.554641404102
78803,19302.07360437241
78804,12184.764584886543
78805,10496.617547568405
78806,28413.644282101133
78807,27269.53926952719
78808,9419.211418555651
78809,31481.038851090452
78810,8546.023937469363
78811,35429.03312595414
78812,12338.123098854563
78813,12598.75507772348
78814,48927.433433873295
78815,29250.049486579148
78816,33999.79483670165
78817,20926.605291177966
78818,9935.624361020267
78819,11679.391369894398
78820,32621.994088511015
78821,15870.43285738695
78822,10083.197133232241
78823,8943.199965688189
78824,18832.849024906358
78825,25845.571982715424
78826,6876.709772234055
78827,34429.56342379184
78828,24574.840832998347
78829,15214.050487236274
78830,15935.9801875536
78831,16649.419146561286
78832,20887.990644926216
78833,13362.187976351675
78834,44153.94206351641
78835,17727.673707709833
78836,11744.573474703897
78837,25541.578989887144
78838,18537.3130282024
78839,12338.944889911169
78840,12250.3813656218
78841,34196.75275305465
78842,30521.47751699074
78843,19698.804174707333
78844,9921.991118576288
78845,12513.973419348527
78846,30906.43022039405
78847,7830.644825644047
78848,16228.159329835968
78849,17448.967057219877
78850,19079.18238669867
78851,43846.25399203156
78852,12254.5206315952
78853,10465.596046760615
78854,57749.04348219095
78855,14694.330528657234
78856,16943.926531625635
78857,22500.141501795362
78858,24973.371508463493
78859,10464.569675546421
78860,18551.62525212481
78861,11047.178732751483
78862,14728.06756358133
78863,32185.802265984108
78864,26794.100457178043
78865,20637.898982782688
78866,18987.261834443907
78867,27348.855056000935
78868,17955.89021046894
78869,21052.15187706197
78870,10553.98079145003
78871,26027.564986313522
78872,8270.328516202637
78873,26155.35874729099
78874,14572.932096491313
78875,14106.444304850633
78876,12854.496576090958
78877,14570.590001783678
78878,12875.591242113725
78879,18852.395313318033
78880,29749.83585907164
78881,22913.849111370848
78882,12098.051061656584
78883,8834.637782839523
78884,10313.653979918105
78885,9114.634685627434
78886,22042.356689060485
78887,25669.647627945877
78888,26404.997875721256
78889,19098.193804313105
78890,18099.116973438715
78891,16759.835913145904
78892,13156.281358856355
78893,45718.59727443705
78894,22626.65549796674
78895,15044.66988567192
78896,35616.293709647885
78897,21255.129754440455
78898,12519.868124609773
78899,18774.522445728577
78900,20608.495794709343
78901,19256.576697056465
78902,20292.132843341053
78903,13253.003774895145
78904,27098.08947991244
78905,17082.587012283737
78906,14294.0807804843
78907,13123.503995712112
78908,11107.003563393815
78909,37159.478962093344
78910,22023.280773133985
78911,22383.91301350822
78912,17367.481388481872
78913,51069.62349045365
78914,19893.46616527598
78915,31216.931931315783
78916,15665.651303511899
78917,14331.473159519783
78918,22918.834432421794
78919,42556.564453558065
78920,30271.392384307055
78921,16643.572167227227
78922,19087.597176287167
78923,28664.07030454005
78924,18402.20275547353
78925,32297.031523275837
78926,48483.10157511032
78927,38955.42584110166
78928,17515.026226873564
78929,23962.43027335252
78930,26147.87951690861
78931,17758.3034630102
78932,17750.360157019753
78933,20220.577943594875
78934,30745.788827525706
78935,13863.607485596734
78936,24915.417514318022
78937,39234.99687718619
78938,14422.495044048526
78939,34394.77222728572
78940,17275.860165345057
78941,32844.95367498863
78942,25579.457684720554
78943,8649.261424816561
78944,32437.83993153151
78945,11263.39345728209
78946,32655.96452244028
78947,45544.93800016627
78948,17723.518837505006
78949,32256.043628604304
78950,21389.229336912787
78951,31287.948902036926
78952,10955.612733471044
78953,21026.624151816064
78954,32484.117814880792
78955,21238.537001713026
78956,15381.31139864678
78957,10277.38675836271
78958,20986.6032128209
78959,23854.080500752418
78960,19111.183042698747
78961,22024.990634656842
78962,20274.12344912765
78963,13923.443889509725
78964,8589.24770139339
78965,14173.394245416004
78966,11831.454949740784
78967,17298.8481340038
78968,20329.599926351304
78969,26195.170511221462
78970,11197.632886432028
78971,28662.837004756315
78972,22326.240319766257
78973,15164.901166087095
78974,15381.670690842955
78975,60602.560239731734
78976,19942.149067318365
78977,33545.14319571189
78978,19628.69590557755
78979,18195.907671886413
78980,29337.89618404982
78981,15728.120396196971
78982,23193.649288274715
78983,30323.648633897956
78984,25065.48863856218
78985,33446.374550935296
78986,11365.207019154821
78987,28504.05636523341
78988,46778.341054752884
78989,23501.735879852225
78990,29771.433904427355
78991,27836.805794988508
78992,16813.793326628893
78993,34773.901540715655
78994,13779.221575893882
78995,21255.308001695186
78996,19728.782049534773
78997,23048.124140216474
78998,16316.023548734998
78999,31663.452007941516
79000,10054.656941647967
79001,10535.633150895675
79002,4560.85997729143
79003,13536.41202425201
79004,16776.970284530922
79005,36383.894431601664
79006,32214.553526613417
79007,17100.380126314394
79008,21321.046595599077
79009,50375.14005766045
79010,17867.841200008505
79011,25601.355929625945
79012,16237.971647741593
79013,52898.54195520875
79014,15895.28453166317
79015,51876.13915553285
79016,18048.132275960008
79017,11999.753222462461
79018,18154.133682693075
79019,11625.817069419656
79020,21895.35589615064
79021,16907.564211896177
79022,15571.081841593299
79023,12554.916166623827
79024,17784.94212226647
79025,24647.704765909453
79026,16817.444024857756
79027,17471.509101297263
79028,40137.90686068793
79029,17149.094639266383
79030,21619.208640911398
79031,18429.844119826263
79032,13080.46896309422
79033,38846.81909259412
79034,32844.783869390936
79035,16794.17333787034
79036,19662.721500229673
79037,16283.93847726146
79038,18759.904371193494
79039,11967.012443901353
79040,25900.887101727214
79041,12306.583095003218
79042,17504.948059245395
79043,17925.801400124004
79044,27004.47651571132
79045,33257.22589397071
79046,16582.495998338425
79047,11695.64308353926
79048,12155.385702040488
79049,41815.83860028334
79050,16461.91207772702
79051,19840.679382421145
79052,18875.859937166548
79053,18447.401200583878
79054,12969.802072173803
79055,25062.413327849983
79056,16213.948335982097
79057,28007.580556414974
79058,23168.94824973107
79059,40418.554498074256
79060,17190.5740124313
79061,24888.57773225044
79062,32974.69782877799
79063,33402.07154858074
79064,13410.10291721876
79065,22276.82406610623
79066,15073.63510735137
79067,22105.312036339
79068,16596.20930001047
79069,34160.47357270429
79070,11351.985592190465
79071,16066.655656971281
79072,25305.000929351838
79073,21904.390063572795
79074,30092.77144904233
79075,11825.740643501082
79076,14856.952972572793
79077,6490.438110375097
79078,26209.62407867944
79079,33051.7678671014
79080,19159.983045566394
79081,33896.72236556374
79082,26405.656942150454
79083,36232.251311228065
79084,23422.99188828766
79085,16316.123904767619
79086,31631.672998301678
79087,14031.623210799984
79088,15768.653630655379
79089,17321.87746705019
79090,26377.145181315012
79091,20722.083683851397
79092,26364.34972597726
79093,15414.519124833241
79094,23512.032647558954
79095,25831.29444615003
79096,23408.063773289385
79097,14645.080936508355
79098,19687.828434732273
79099,21001.731994037826
79100,11878.152699844808
79101,23356.96569133351
79102,21304.55154394342
79103,23693.167115124797
79104,19435.21182673603
79105,21538.3181004115
79106,13229.914546794727
79107,52279.54658452901
79108,22699.456315645213
79109,12552.45948095337
79110,17185.93641983942
79111,42708.89292146009
79112,17214.26982245975
79113,25117.441229945453
79114,24538.87501725372
79115,50359.98644165569
79116,24797.392985374197
79117,11739.052043999165
79118,22243.242589213674
79119,24589.176303803055
79120,13413.39213765441
79121,27645.580076972932
79122,32391.824441184057
79123,11717.131581425347
79124,16770.57437113078
79125,17828.165931260377
79126,19549.839855970487
79127,12362.766428257131
79128,16771.762460061163
79129,4782.742788644551
79130,26437.35405878139
79131,11690.637498676539
79132,16212.941249716803
79133,27389.84399381794
79134,28266.711676673265
79135,33728.08919251497
79136,11751.902990482087
79137,32758.141499444348
79138,13796.446892328173
79139,10653.40966751379
79140,14642.80212310373
79141,12974.871637617523
79142,22314.449307966643
79143,12004.958202258753
79144,14504.362096427916
79145,36116.777222629134
79146,28360.28569627516
79147,20995.213182204407
79148,21227.359425107054
79149,22500.30774251031
79150,50938.544503658195
79151,13570.030668962414
79152,20200.49523018059
79153,43531.96623609981
79154,28031.92820010098
79155,12719.529088139081
79156,16001.888504494946
79157,8420.92615415333
79158,17293.74151790526
79159,53083.20097295943
79160,19998.620370165885
79161,31463.565235976526
79162,17590.682793376876
79163,18047.693205429765
79164,18449.094395229247
79165,30809.124089101108
79166,20064.631389417493
79167,9931.202141914699
79168,20925.385614218212
79169,21739.254695066138
79170,36629.20448984085
79171,21574.43552599436
79172,26796.908018327184
79173,13791.88332462112
79174,14434.426608066957
79175,13394.800215991452
79176,40434.964463961864
79177,23660.360070069954
79178,17049.490673135053
79179,20504.536771706156
79180,39367.43558928089
79181,31711.858021493204
79182,27868.30542892254
79183,19285.245476951146
79184,13177.510491825173
79185,12993.994475174464
79186,20904.157358190732
79187,31160.994424725603
79188,28551.80021919211
79189,12848.138378633888
79190,14670.69369026292
79191,20954.040291599973
79192,15518.465230078615
79193,18096.116776162995
79194,15413.873938985203
79195,25934.972296479966
79196,13922.653174005229
79197,31952.98817883103
79198,32937.43406659191
79199,22982.27166026305
79200,16338.457074574442
79201,28190.518044766817
79202,27148.929291262284
79203,22340.44766405111
79204,21066.901769103577
79205,33494.032321656305
79206,32602.817259075284
79207,37639.58411615369
79208,33389.42872175738
79209,17248.380354406265
79210,16286.869419230981
79211,11332.949089822872
79212,19718.70742345405
79213,16419.415912999502
79214,18159.730975378316
79215,15345.339502517958
79216,25586.07292425402
79217,13868.333265880316
79218,30045.457452016446
79219,18587.71406256092
79220,18802.57120344435
79221,45839.259837056255
79222,15817.667202317414
79223,27181.421015262127
79224,28611.93391082461
79225,34020.95742912109
79226,14817.69360894205
79227,22443.89619976493
79228,22519.513758070003
79229,8517.486760701111
79230,19515.711658223256
79231,17057.670763972947
79232,22675.17309410913
79233,12922.85654143403
79234,46267.568820324705
79235,14431.316893219839
79236,17987.61242258091
79237,27098.722402763342
79238,30471.90763705619
79239,21619.37780017897
79240,19634.681415671414
79241,30591.680275137856
79242,23557.415813761905
79243,33861.87868136675
79244,23848.5014670056
79245,21158.376182319626
79246,23201.89824258285
79247,15978.510824579911
79248,9278.635306566675
79249,13517.963753182703
79250,22736.76481304342
79251,13449.713123382106
79252,27524.312552337396
79253,17706.060974241693
79254,12735.861488459459
79255,16843.099855371674
79256,33157.963167927075
79257,25791.25819914564
79258,14255.548087881412
79259,11471.472522951148
79260,28490.676995187037
79261,17028.875264765094
79262,28921.452202401215
79263,20451.946085475054
79264,63720.55609449082
79265,19909.52145988876
79266,26814.989619058662
79267,26716.56629248237
79268,19054.80929244411
79269,17314.584312897296
79270,71113.92071471438
79271,14566.176603237092
79272,60253.85604425119
79273,50331.07615999489
79274,35993.671903873656
79275,15199.28747847697
79276,29780.7254677071
79277,30901.16019133672
79278,10069.104078524495
79279,46756.463848335094
79280,17095.695253600625
79281,16795.266472097253
79282,16213.683332359748
79283,13524.81914390911
79284,21920.047202191843
79285,30809.793051019264
79286,20737.404143544947
79287,24839.784650376707
79288,40939.02530730473
79289,36753.04693189858
79290,20154.854130128922
79291,24828.548860255964
79292,19981.07459567077
79293,30910.5908058695
79294,16679.20114862597
79295,22264.805881895787
79296,29545.529549452895
79297,45194.80357973013
79298,6430.120362411714
79299,17942.159206301763
79300,20952.684044256
79301,12891.856953290158
79302,12851.44308468258
79303,27238.565166044868
79304,18829.81551286875
79305,20054.84767415451
79306,24277.264361158384
79307,21272.08299558027
79308,13501.44112420215
79309,19168.912697353488
79310,20962.15023500746
79311,12864.639983639605
79312,23669.66963445605
79313,18639.70100266297
79314,20416.272153772545
79315,62601.22860854056
79316,20605.110422295704
79317,20190.51888185996
79318,16851.11287121743
79319,20262.112685804634
79320,27121.91549369728
79321,13636.40868560334
79322,29678.847758833177
79323,24221.748439849755
79324,16629.153915459345
79325,36557.08372461952
79326,10658.730835180773
79327,18957.19685572495
79328,19088.774442910788
79329,19149.650304473158
79330,32558.41487714438
79331,17404.786294631696
79332,28414.240609949495
79333,16662.596199012412
79334,17997.25078551977
79335,33550.54280180423
79336,32876.61617917076
79337,25453.50179778877
79338,30291.856767984056
79339,21205.536630867144
79340,33964.86629355729
79341,32126.93671463602
79342,12565.12629659903
79343,27322.89619802333
79344,36524.39981069502
79345,13567.612248880308
79346,13450.599784717399
79347,22557.984519181224
79348,19126.797161547624
79349,15140.756110759432
79350,14110.153437854939
79351,23627.67828710196
79352,10654.068446670668
79353,37545.75270424268
79354,17031.895236414108
79355,28054.07264299846
79356,24484.41214562685
79357,20594.036618848688
79358,9655.323137096608
79359,17885.495303423282
79360,35797.4420940637
79361,14399.501663333669
79362,14233.800505107694
79363,28886.455886941072
79364,15012.194296121248
79365,19527.75352637627
79366,17454.097674236193
79367,57130.84024653216
79368,66540.72667771006
79369,24368.85578897929
79370,12881.551088419823
79371,25769.518650166916
79372,21778.504891613018
79373,35118.1955134872
79374,12304.026403454323
79375,36003.312639282216
79376,15691.907685484246
79377,20350.137999587863
79378,32571.425611736875
79379,21890.793138744586
79380,29751.739562000643
79381,8761.253314792753
79382,20634.55007455579
79383,30175.97582615982
79384,13899.899764647014
79385,33813.292708640205
79386,22761.706475926934
79387,28064.04192791012
79388,26412.75840610115
79389,24662.659325968292
79390,36998.4369409127
79391,17609.261045057418
79392,26077.581397892787
79393,10581.167841681545
79394,13793.76779041468
79395,16330.098512124428
79396,13110.28772768982
79397,36680.866679728715
79398,16637.86183717183
79399,12076.250583670095
79400,22033.409982632616
79401,25366.799461833936
79402,29588.357923165262
79403,20943.112157878575
79404,26512.553446501875
79405,21403.83913180431
79406,32409.127878985542
79407,23164.15955533476
79408,24133.249241431025
79409,11481.496632647382
79410,10841.455191609908
79411,48878.17133130411
79412,26925.700791017294
79413,13993.22668650695
79414,11417.905438717355
79415,12605.794900451003
79416,21098.123224642673
79417,18629.42690168059
79418,8028.4665466285305
79419,29877.265930350542
79420,29143.12676637575
79421,14847.599404981269
79422,8728.150231443386
79423,8841.264479017478
79424,18926.635130060902
79425,11132.623850385056
79426,12264.885124902055
79427,8214.202908346742
79428,19701.32706208443
79429,17519.418786650982
79430,20209.088335247743
79431,19599.470417390552
79432,14174.990592135518
79433,28818.420897812393
79434,31651.026299422054
79435,18816.220447398606
79436,13641.72748049279
79437,18847.246160633542
79438,44463.25382156214
79439,53015.261051183166
79440,45800.36607936513
79441,38175.925382466485
79442,20747.836362421323
79443,11535.079180295064
79444,22781.31308162729
79445,22825.266620141414
79446,5526.425220864276
79447,16651.133585957446
79448,22194.028033787472
79449,16583.80549723433
79450,19732.254744258677
79451,17092.439902118727
79452,57034.322016146376
79453,23702.99438658053
79454,16166.996293172546
79455,30413.11695894886
79456,21631.281127054302
79457,31651.163500092975
79458,20363.989371543248
79459,26377.199605093407
79460,21347.11012469884
79461,13040.335860199764
79462,47043.97579825829
79463,14516.925602613246
79464,17454.353946767067
79465,31283.90509478486
79466,19946.431135535833
79467,25442.609219274163
79468,13294.783134596026
79469,12144.423303637863
79470,31467.815210492205
79471,14256.689952946486
79472,13147.180622395097
79473,7156.404762383053
79474,10845.001236325279
79475,26767.327028642398
79476,13317.485031202692
79477,29426.800399893338
79478,23841.51550670496
79479,11809.939405945519
79480,17567.96677002047
79481,19051.386366378985
79482,32067.261774197632
79483,15418.126531021819
79484,20144.656566368
79485,15155.071419451398
79486,13528.459154251464
79487,14089.785887602557
79488,36619.783359434194
79489,28049.51931965924
79490,21242.54819528993
79491,13974.04588706354
79492,16657.58482647337
79493,11138.135074903053
79494,20641.407649055338
79495,15607.56755056357
79496,20743.39115412556
79497,21724.025597187217
79498,22043.26036921402
79499,12356.484804994809
79500,23085.888820702545
79501,35944.05666363682
79502,13221.092902338143
79503,19639.423106765676
79504,20674.40524521412
79505,12841.186535127468
79506,16435.872632723407
79507,15688.33338772274
79508,16719.9652787281
79509,16584.54868890575
79510,53347.97670074594
79511,53656.6278196785
79512,16607.149035980365
79513,16261.15799296937
79514,19968.326390518432
79515,37367.29442336071
79516,19819.940599268597
79517,42717.25838519573
79518,50016.29731071937
79519,27799.81539212118
79520,28523.463060483075
79521,17524.238813390828
79522,23776.9590986869
79523,23279.387975975867
79524,25986.67929937932
79525,27112.991204594782
79526,20638.443403425215
79527,45631.113461069726
79528,17756.126539014134
79529,17857.05761870657
79530,16732.669360857297
79531,44901.752266260206
79532,28841.819384891925
79533,23080.124289609983
79534,24136.12853329821
79535,27748.717656897028
79536,20812.67358668775
79537,20352.222486751023
79538,31400.168163500533
79539,26604.904656344017
79540,23850.533299412145
79541,12171.985561661568
79542,25141.36577470095
79543,17163.912413579634
79544,18874.193028575257
79545,17435.57505399119
79546,15381.122319353426
79547,49354.05852261526
79548,32528.4494864321
79549,6769.855320586641
79550,10112.651392475153
79551,28630.71163841916
79552,14474.16081074504
79553,13208.705680929777
79554,11206.78855194783
79555,22907.006757089937
79556,40049.92837089667
79557,7845.121605428771
79558,24240.718601783352
79559,8024.2166038128125
79560,25961.650836702796
79561,18773.941117766055
79562,46087.68040617324
79563,30926.453721173635
79564,21683.55476032613
79565,57300.84433406664
79566,21182.98529132913
79567,13825.46552223181
79568,19870.073258535056
79569,6027.656717378063
79570,12024.077442383334
79571,39129.398948508315
79572,21721.098216878952
79573,15183.135257192947
79574,13925.85088342839
79575,29803.310684563116
79576,35362.926920260485
79577,21503.687875459687
79578,21680.752879715285
79579,30547.718635643643
79580,23482.39985787834
79581,24119.90732698705
79582,27274.137719619393
79583,29912.805742609555
79584,30660.69141612027
79585,25401.27945393051
79586,48103.142629280475
79587,17319.246420186206
79588,20164.109167724437
79589,4903.070635763824
79590,38063.31454627841
79591,30051.826231815656
79592,13673.858482580983
79593,13968.905546243881
79594,29526.411442627395
79595,21344.704058782758
79596,20954.32683753292
79597,11010.697768457754
79598,9400.352013423826
79599,27899.644879132502
79600,24559.09390714979
79601,14215.921992475884
79602,27431.72065760159
79603,22267.455900469933
79604,17360.85052957664
79605,19166.04598619956
79606,9355.866987981246
79607,15026.922162687877
79608,22868.273243998927
79609,21232.323326992217
79610,25130.195274221776
79611,12772.99940493429
79612,28468.85660376733
79613,30438.491524888814
79614,25557.447946361328
79615,23093.747617085064
79616,26868.969851759284
79617,26103.096213890894
79618,29909.590198729817
79619,11696.72533301648
79620,11356.710355159834
79621,26622.021962148934
79622,8879.460406139075
79623,23897.713619309558
79624,27910.210588870454
79625,27632.95695328747
79626,15057.373533011221
79627,20601.55225293777
79628,18927.909204283238
79629,21713.212141284173
79630,18662.96889679385
79631,27613.77545459286
79632,21675.940574786167
79633,20104.64785590244
79634,6105.376523764139
79635,59556.33558770781
79636,22750.376956560674
79637,16466.89880425235
79638,18521.313132000636
79639,51122.93000682967
79640,11583.225847219463
79641,8380.806495291114
79642,28052.950307699255
79643,33166.02240637077
79644,28050.02017712683
79645,22448.83257632361
79646,32168.68586782388
79647,14160.796393935481
79648,35037.49956533676
79649,50833.141075159096
79650,16253.809927789092
79651,17813.808367568407
79652,11482.949046501077
79653,21270.61192672872
79654,10605.755631768503
79655,30327.39057857082
79656,22491.031887794106
79657,13834.861115070156
79658,24436.920533804605
79659,27781.646561013487
79660,44240.676707955194
79661,21494.876798158857
79662,26803.783644313924
79663,4665.477775494521
79664,21526.09030951257
79665,23451.758258548583
79666,16982.857977130257
79667,18769.360599449392
79668,21119.984458636176
79669,14369.5995638282
79670,15190.996569573561
79671,32713.328733992596
79672,11965.285217905715
79673,31103.954164010585
79674,21846.18052796657
79675,19635.08316733717
79676,18120.402923393303
79677,24668.856834425904
79678,30758.93170044577
79679,16866.138056209613
79680,13249.773508855216
79681,29174.73614352104
79682,13357.619976075019
79683,10555.867853118358
79684,23693.55636864217
79685,29317.357386534757
79686,32222.786876770326
79687,17915.951597215615
79688,14432.34643940079
79689,22892.711588100457
79690,21786.864856701974
79691,34815.99511067361
79692,23899.974482599166
79693,26642.8961494645
79694,12959.14649447542
79695,16879.593995475996
79696,33518.292294666964
79697,13226.021239353548
79698,27459.11162528514
79699,14656.001647381745
79700,16903.816956488667
79701,9412.926492677894
79702,12335.623386408484
79703,13417.203481249417
79704,17987.93908064908
79705,18244.348926290928
79706,21862.426164124256
79707,49519.71690592219
79708,27843.33952910174
79709,15944.418142115694
79710,10588.141148985227
79711,13738.811147114291
79712,26211.05342850738
79713,19453.962029629918
79714,19629.817791135498
79715,21840.533241642235
79716,20600.124085930052
79717,7130.449848003983
79718,11481.297103575927
79719,25417.92166098816
79720,18147.912304811194
79721,22840.032215124123
79722,15467.884786586877
79723,45493.36800145185
79724,33777.53904648947
79725,12499.587234343675
79726,18775.06962744526
79727,21556.0300145964
79728,56045.95558743321
79729,19062.77299666422
79730,21880.93156300782
79731,11464.579850110631
79732,24003.691087629202
79733,12184.143343561951
79734,12941.945019460829
79735,27641.293695190314
79736,12139.540952380476
79737,38112.88295555549
79738,12382.674791681688
79739,27212.062094866305
79740,9277.382291189124
79741,16138.603719873603
79742,9806.868465118894
79743,38022.56095476491
79744,13369.733295225902
79745,17503.762552841148
79746,27504.85071333813
79747,13547.760595231606
79748,29588.97068673934
79749,43632.76093613318
79750,21999.56907986748
79751,19553.60394525247
79752,21630.51147057864
79753,28963.909015440622
79754,26416.991853863892
79755,62330.457449527436
79756,13019.811678917198
79757,25126.524852876435
79758,35090.05915407376
79759,22430.744146281035
79760,52543.20339221389
79761,34996.23015439945
79762,18870.67813209255
79763,31504.918837326924
79764,19106.881744451282
79765,16070.877373926383
79766,18048.719594115602
79767,8700.338981902254
79768,31086.58039403788
79769,18544.330911877623
79770,28541.443593987628
79771,21746.325242888557
79772,29314.60952716295
79773,19289.190596047472
79774,19797.820650977625
79775,15218.452169800974
79776,16861.059226688838
79777,11109.69232538427
79778,14096.383900857953
79779,9079.213788464494
79780,10094.67190906989
79781,13387.789875042281
79782,8173.495087400547
79783,11607.871652121297
79784,16487.13436997852
79785,15943.52749522944
79786,18860.045438177232
79787,31447.95233702619
79788,20550.306254691946
79789,21290.275930818814
79790,27762.616576740824
79791,47832.70669176996
79792,18712.12056752043
79793,18734.18292946378
79794,14890.393277114877
79795,11300.26511358988
79796,17166.53325932304
79797,23506.03968922453
79798,15527.492267572807
79799,23420.291652829175
79800,47798.32250539621
79801,21556.052850157117
79802,20738.08274953775
79803,11298.418845013864
79804,21191.755565265536
79805,28171.36809343779
79806,17865.659197307996
79807,14890.492467509359
79808,13040.561419244921
79809,14256.102784853994
79810,30913.69175286179
79811,20309.26846636337
79812,14010.853016376654
79813,31290.211926327327
79814,21175.292614394257
79815,18172.58607822512
79816,14311.396236570172
79817,17621.04775200324
79818,18487.2509615982
79819,38481.991878329085
79820,25053.055561956582
79821,20865.380508707738
79822,15068.347444834602
79823,17271.820823210503
79824,29482.81535596424
79825,33311.227668489366
79826,10609.87572954926
79827,15565.382451056454
79828,26041.422364827722
79829,28372.416252213712
79830,36333.94947107884
79831,18959.05237861056
79832,31256.726082228583
79833,40328.17093834081
79834,33382.39123164847
79835,19108.195254064536
79836,16312.593684579722
79837,21379.59342860901
79838,18543.617233449
79839,16478.06715125255
79840,25483.376429593012
79841,16265.278746851449
79842,25517.851821012315
79843,21158.236103971663
79844,18111.35074199322
79845,12320.178387804926
79846,11468.541165784247
79847,10197.188560569277
79848,31475.23292992395
79849,16991.79890327172
79850,29785.24942202068
79851,18104.99802325351
79852,18557.785085189393
79853,28712.525533145374
79854,7558.488642366706
79855,17561.176760356015
79856,28486.159721590204
79857,8843.90759877699
79858,69800.6353319583
79859,15705.89792140683
79860,21217.621394141537
79861,10084.409685232613
79862,23037.965319697076
79863,35786.5213085798
79864,22161.770875101665
79865,39212.76278919288
79866,8481.532961857358
79867,34420.92571838924
79868,15896.493587632875
79869,42133.71221845284
79870,10162.18073562481
79871,16881.50459175409
79872,66947.56087379744
79873,13631.481249259774
79874,29091.11146074929
79875,21579.72972326299
79876,39159.09343095514
79877,15552.47957679611
79878,13780.993585666653
79879,29597.50191491703
79880,39148.12377330172
79881,46559.868945448965
79882,11443.58335038105
79883,23759.98332806959
79884,16810.152834520122
79885,24414.85905101939
79886,29825.347535514036
79887,21911.572352803785
79888,12248.281367670044
79889,18699.46051441999
79890,15515.720327249162
79891,32373.368038917128
79892,17392.36639920579
79893,18614.729298972426
79894,16902.139466973073
79895,12282.365767513847
79896,18245.68850351481
79897,30327.816129078547
79898,19377.68286379755
79899,11527.949107823159
79900,19989.961848393596
79901,26832.62411006446
79902,18001.072186304245
79903,40171.50020035223
79904,25143.152491302448
79905,18963.47296259045
79906,10203.366500769307
79907,22817.84581010536
79908,21585.05869401706
79909,15659.370070982815
79910,17853.54318045725
79911,18734.718788088707
79912,12605.826935671645
79913,10968.748366221715
79914,12988.938839468889
79915,8576.548832978851
79916,33896.966695727155
79917,14107.57894992166
79918,38633.012208597
79919,28445.724718583926
79920,18417.17577545311
79921,20059.498067160483
79922,18379.149041690915
79923,9703.861899761121
79924,11129.329693734104
79925,15190.290057085085
79926,48045.21913679567
79927,27491.54053682842
79928,26820.984577619973
79929,31588.602005964523
79930,7502.49817726376
79931,19203.99469504786
79932,33522.55602117622
79933,23676.564682535973
79934,16459.383055385635
79935,13530.12081828631
79936,12915.034766805464
79937,55720.946210630544
79938,20430.64831908979
79939,32436.768770265004
79940,19490.49798034234
79941,19920.70105607275
79942,19695.605393545768
79943,14454.149739406663
79944,52529.81053376256
79945,16626.005741622866
79946,22903.612406112497
79947,20188.766298440492
79948,52529.46328644996
79949,20973.528628478376
79950,26639.660466313566
79951,34655.413699540695
79952,14745.218050528627
79953,14270.846793047891
79954,26678.50176086904
79955,8414.729767307224
79956,15511.416688688445
79957,11161.830540812805
79958,27774.698171555232
79959,22991.972435118754
79960,29523.841092026316
79961,40850.432333011115
79962,27698.50307541509
79963,22932.173925616084
79964,21493.288286858642
79965,33196.89454244715
79966,9705.93872240277
79967,29081.517421780452
79968,21963.691432255382
79969,33319.993228584535
79970,21226.846944154728
79971,21639.520041645785
79972,20063.99242081289
79973,17089.402913387938
79974,33028.21909115503
79975,35312.651304518935
79976,19363.214012915032
79977,14726.628256902844
79978,40550.37374517065
79979,25370.694488499572
79980,30125.432247614244
79981,23061.5259640543
79982,11050.758370663647
79983,14113.021987784356
79984,15564.89459733323
79985,12105.968586211608
79986,22352.918319205903
79987,30596.821507667595
79988,16289.096535653536
79989,30910.119378574956
79990,11420.305925893297
79991,13985.673984633302
79992,14866.867350426983
79993,22937.105767041576
79994,34451.106698300886
79995,16225.596103050564
79996,49868.74658066954
79997,21316.816518908065
79998,21270.651957325685
79999,19904.179019227548
80000,20388.146197691087
80001,29307.814785061368
80002,24560.535805908898
80003,23368.64626826839
80004,23929.086328734826
80005,21658.27529649392
80006,26324.588950744255
80007,13972.157382869209
80008,14865.746163721826
80009,11825.01144641778
80010,10885.194453144166
80011,23542.794221162607
80012,25726.10109583719
80013,38848.180862874346
80014,22577.824722138597
80015,15432.602535247028
80016,21223.095033169924
80017,6851.192948714191
80018,47537.94690902986
80019,14510.349726336968
80020,29745.658016007506
80021,48913.693059174744
80022,14730.79816928543
80023,31470.521703632538
80024,13129.75038236513
80025,32832.94909921002
80026,13808.683243416112
80027,16725.389110225777
80028,34534.342261558166
80029,15012.892602152146
80030,35133.737879621425
80031,29330.18812269048
80032,28922.350557932747
80033,7186.310735962654
80034,28832.1313183171
80035,25860.182043216333
80036,36135.61873230833
80037,8424.740760107356
80038,33700.224985558714
80039,26997.11068731071
80040,23707.287890184147
80041,29769.6268770582
80042,24361.53658491649
80043,20845.269685878782
80044,52957.05116204259
80045,21325.637693611356
80046,44010.57385671015
80047,19388.022889819626
80048,41765.403347765576
80049,25388.122774464315
80050,24260.071814788556
80051,3285.1546942105765
80052,17365.861956638943
80053,9457.21908418242
80054,26236.614133619783
80055,20752.321507824872
80056,28002.862070926076
80057,28792.713724901554
80058,18909.501212224754
80059,30883.999946143023
80060,27914.03143166424
80061,18125.677192656753
80062,28655.40169859414
80063,24695.97982589116
80064,16113.084599110598
80065,10725.666865732814
80066,30779.39659372933
80067,42593.29602546413
80068,30255.380151018537
80069,34192.678749634724
80070,30141.699141729037
80071,26182.07990254458
80072,19092.88025235454
80073,14252.93137832415
80074,24555.97159884895
80075,35345.83381386385
80076,15962.016219230309
80077,28831.5108173772
80078,15773.529902622047
80079,21793.75386505014
80080,30901.89397650147
80081,13681.217901535394
80082,9102.119807345889
80083,40269.64882354928
80084,31324.609136435654
80085,20169.470647689173
80086,33641.33863254411
80087,6471.364608257031
80088,30615.24541870031
80089,49208.95932510059
80090,24049.037653357584
80091,20273.103412759407
80092,25298.216633724125
80093,26727.961908212703
80094,17959.290569775643
80095,48469.99268315491
80096,16194.072440843065
80097,59842.39615423228
80098,44142.192128863346
80099,25470.282616551598
80100,21430.02323289318
80101,20643.3092807649
80102,14884.923728458456
80103,18935.46344513777
80104,10426.209432717866
80105,21135.032990308806
80106,9870.872063976542
80107,24476.45291797464
80108,25020.498886786154
80109,16029.48823210175
80110,26538.285629949965
80111,11270.180621868647
80112,21643.56669000005
80113,31203.034519835142
80114,17359.990258104597
80115,25648.593854655857
80116,13141.013158202551
80117,19436.75469005674
80118,19643.275054756363
80119,21221.52970628042
80120,30654.392002806682
80121,23276.20243313335
80122,11443.594872353126
80123,25064.800841375192
80124,26584.74333158297
80125,12025.318542350147
80126,45071.80228417982
80127,11577.099079894891
80128,19400.40076305033
80129,15538.924551858321
80130,10254.170280827388
80131,39749.37626415156
80132,48296.879197509414
80133,17601.388666107217
80134,20910.561378392238
80135,24363.219977006745
80136,19197.068414419726
80137,27503.42043032494
80138,20921.737177783078
80139,22820.555107775126
80140,15046.333879501026
80141,18096.187128526395
80142,20820.83279671324
80143,18758.737264066258
80144,12076.816134903189
80145,14494.870413709403
80146,36982.86759087254
80147,14512.173962874283
80148,21022.778667884268
80149,21955.452955876455
80150,20587.459501406003
80151,13262.11459763791
80152,16987.77018942334
80153,38203.71270613819
80154,22716.597692028514
80155,34575.52580936968
80156,26218.161296060476
80157,44298.6141718489
80158,23150.307572312406
80159,9752.76387291297
80160,11781.502581946515
80161,21822.77733540981
80162,25349.948631543655
80163,13734.687130199904
80164,11986.246581772592
80165,32208.57300641314
80166,24363.237573894145
80167,26435.327811889616
80168,34905.183494410965
80169,21121.79109329116
80170,12767.79867750705
80171,27250.743482195332
80172,39897.34301870171
80173,30002.839938967285
80174,13112.366252973743
80175,14759.578006377264
80176,21974.761850328803
80177,24311.18567571905
80178,13940.851647755646
80179,32296.028934249167
80180,21244.892227445078
80181,33005.174756961045
80182,29530.764890871862
80183,28362.720669278144
80184,19711.773600997807
80185,64962.372640811926
80186,17552.557316578037
80187,8972.33860571739
80188,20185.62344773056
80189,34589.60640468762
80190,27211.081933787027
80191,22408.794765969273
80192,17177.0276126571
80193,28291.560943895387
80194,54699.047396430775
80195,15844.761684472633
80196,20162.419438146975
80197,15105.030586427853
80198,17179.53833904331
80199,19144.181353320615
80200,20307.96672598535
80201,22686.68253016023
80202,23773.900051230055
80203,26216.890155151534
80204,25529.630282329854
80205,16276.791095606806
80206,11325.945639046968
80207,13994.143638417137
80208,10710.520502191048
80209,14747.071190435552
80210,23712.166269238336
80211,22643.52498280228
80212,12126.372068423918
80213,24602.349807364862
80214,24483.88981685419
80215,10029.520398842114
80216,17171.52839319283
80217,10940.499280283
80218,13551.493888038036
80219,9965.882674034245
80220,43083.539949153484
80221,17189.296039363027
80222,12310.583930209443
80223,70403.57270264022
80224,17015.659287048005
80225,45632.63200712154
80226,22934.093398117053
80227,20598.36668507048
80228,11088.465785077049
80229,31612.961268236082
80230,29659.701624309037
80231,24408.80211346472
80232,29143.86946240363
80233,24780.24801717447
80234,9735.657986933182
80235,45295.65951176314
80236,17845.249438232437
80237,19896.593538720732
80238,37415.056544466584
80239,9593.370585310255
80240,23089.727314460808
80241,9912.634772036614
80242,32337.999455810957
80243,21971.625730857166
80244,14048.54121649931
80245,27126.13078168453
80246,25385.919401324816
80247,17221.699449340682
80248,21145.64243804136
80249,15869.087756733212
80250,37072.04651151536
80251,26205.418934791527
80252,11977.533124920237
80253,19132.158067365697
80254,13876.556558850016
80255,10716.187893463843
80256,19108.094581365687
80257,25143.903908748805
80258,7669.691602556107
80259,15866.075486358202
80260,34943.38896386554
80261,13260.373239611714
80262,12855.12777687198
80263,19113.710433238855
80264,9849.350078810567
80265,31108.22567182735
80266,13929.13513916904
80267,27940.887895968783
80268,8399.316098726269
80269,18493.66124324747
80270,30348.070721321586
80271,29244.532531546756
80272,19571.01275661612
80273,13927.536139176074
80274,16154.118753064415
80275,14284.741776601322
80276,26541.497980188044
80277,20519.445394197013
80278,13070.494220339013
80279,21499.40365481477
80280,19757.24878389063
80281,18963.874978406788
80282,19471.233192637774
80283,17327.472521307856
80284,10218.908240253644
80285,40838.06284629813
80286,7419.509806806469
80287,18613.385137820656
80288,24669.030402946966
80289,17060.581121587034
80290,17854.543709259033
80291,37394.654306244185
80292,14297.203060547165
80293,13307.5998071759
80294,12171.271583238582
80295,16543.65628814815
80296,9535.966779666489
80297,17325.42909057248
80298,24583.003728175274
80299,34308.49785194637
80300,10808.369674348944
80301,36802.281118713945
80302,13992.67540786142
80303,14683.524865113865
80304,3525.501855507333
80305,25332.635054986076
80306,10545.974987963247
80307,19425.246684161277
80308,21068.839602846314
80309,13329.401142188643
80310,17864.006245454777
80311,19563.333204340153
80312,26390.48468277636
80313,25630.751086232092
80314,18687.95147926589
80315,16598.022559654946
80316,12168.924655348292
80317,27184.588812927686
80318,22223.57946324158
80319,28192.345824434826
80320,31325.91265399293
80321,24311.478675743983
80322,14130.86407631977
80323,28734.58335952136
80324,47149.42094490921
80325,22403.386081667493
80326,56483.27447140982
80327,8751.86937337135
80328,17881.59119119291
80329,28703.332462693757
80330,32549.57832818546
80331,23011.80214231909
80332,26274.855207097502
80333,26887.934839912574
80334,18455.71572813482
80335,27656.979493261828
80336,22739.917169935925
80337,19525.26149659561
80338,16556.186967259564
80339,24228.47115596711
80340,14074.91189817281
80341,23497.83184378296
80342,21928.513517920826
80343,13251.647720431394
80344,29204.613996515865
80345,22359.695445115703
80346,23098.435349595806
80347,30971.003363028412
80348,18632.63209201776
80349,11739.635209039878
80350,22688.621501362555
80351,12755.390806862186
80352,46527.6626645807
80353,18635.13915556679
80354,18869.060305619536
80355,4916.720287040383
80356,29615.463184131986
80357,32016.001179654126
80358,45482.391833073365
80359,14782.570827371857
80360,40525.672650341105
80361,45225.63020505864
80362,7794.740796434784
80363,19372.939714575947
80364,19592.78960874083
80365,30171.431439850283
80366,40964.77532712396
80367,17755.677084682076
80368,32393.942154287917
80369,15834.41235641789
80370,17438.38282265552
80371,22093.503143778693
80372,28764.422670502507
80373,30300.830413883334
80374,26450.7132308865
80375,11999.087833523972
80376,18519.97860386485
80377,25828.89621082429
80378,28999.963076894575
80379,15744.065398979403
80380,22487.950726848863
80381,27606.650058933454
80382,20508.661680102985
80383,27697.370342428643
80384,11872.729115792623
80385,28748.576483678735
80386,43397.630165503775
80387,30624.968562426737
80388,25827.35230103373
80389,33610.83537343691
80390,19846.281756729655
80391,36853.22466040122
80392,18309.842819899193
80393,15246.625605592373
80394,14436.616079929041
80395,15727.06601103014
80396,33468.300421301145
80397,27117.102951555917
80398,18664.437081480643
80399,33620.13442286298
80400,15993.242611103396
80401,14833.805666056538
80402,25051.822354773627
80403,13867.00997541961
80404,31327.526426089633
80405,30898.81002168367
80406,29399.85319811669
80407,23062.657721561485
80408,32916.795692452666
80409,14042.156086755951
80410,18372.40444974022
80411,18590.47793112329
80412,23746.222717683733
80413,14381.942507137883
80414,27237.06784311331
80415,12410.53666896251
80416,16612.757719788813
80417,18829.249901433137
80418,19558.958330959496
80419,29894.896868969652
80420,17410.211492087958
80421,18864.408561214754
80422,13194.558465132977
80423,21460.451423216135
80424,10470.841156407047
80425,18370.68865718963
80426,7343.8632132000075
80427,8400.887629770075
80428,13172.47881328953
80429,39585.65496011814
80430,11716.207976059191
80431,30227.2544736451
80432,8524.48490985072
80433,21387.439621070385
80434,16043.126535573538
80435,12835.299985137615
80436,17612.276358583546
80437,9501.756452050795
80438,66496.58759340619
80439,25313.8153593726
80440,60415.08299728231
80441,16100.18017354949
80442,14550.265950498831
80443,31459.686717253608
80444,29932.907373818372
80445,10783.381550602095
80446,31721.486797041507
80447,10731.925570286563
80448,13656.555551975885
80449,12438.28198049853
80450,13557.902209575152
80451,29341.766510308884
80452,11318.12135595492
80453,17378.398115000502
80454,9287.067328266718
80455,26884.243895539697
80456,20875.559443818063
80457,16195.067708701843
80458,25436.455149568126
80459,19239.340570960103
80460,16160.604002268316
80461,28367.262108355135
80462,25585.373438455365
80463,25428.788703211467
80464,16995.091239792382
80465,4894.374866424543
80466,4727.951726645706
80467,30089.37912248649
80468,18490.004853968003
80469,12988.762318574649
80470,25953.403059529464
80471,16384.94872842557
80472,12384.89192974306
80473,22740.929602029068
80474,17054.267301872926
80475,11999.841512416877
80476,9054.247669717426
80477,22657.567334812167
80478,11139.928475394086
80479,23591.01397091331
80480,17140.30173637942
80481,19367.113253091884
80482,22665.93676489074
80483,12262.21448284566
80484,52666.500587864066
80485,22432.577150955898
80486,18833.89597649905
80487,11876.951596943254
80488,15236.259710034043
80489,9848.442878749938
80490,24903.068303530115
80491,20867.49284830289
80492,22129.20965293072
80493,23584.296844129804
80494,26377.263471619313
80495,23460.904138454778
80496,21162.76005988753
80497,9849.408569126172
80498,18402.36906052977
80499,24324.816514069436
80500,12931.697012421117
80501,20279.730851616005
80502,19449.930254951727
80503,25827.473495595394
80504,29085.86319179484
80505,9904.594668337997
80506,6262.220857564088
80507,17469.999618084366
80508,14210.653658217401
80509,44365.268268748165
80510,17333.767943314022
80511,64966.10357968357
80512,15774.711239963945
80513,52860.816432032836
80514,15366.909945342928
80515,40771.41369598564
80516,16133.578354260388
80517,13204.631571432254
80518,26794.221445545507
80519,32775.58765453198
80520,21385.187573220803
80521,24601.05846176443
80522,18851.657744268676
80523,15865.712415500388
80524,25501.772314795013
80525,29573.411809141868
80526,42486.64827470414
80527,28590.329132203497
80528,28160.72091556692
80529,25521.005025792838
80530,10579.684795222354
80531,19596.62296693793
80532,13441.461597624115
80533,16904.23705981897
80534,13405.890177258692
80535,22139.63443908085
80536,21675.313149059937
80537,22072.476206031635
80538,46231.54490842139
80539,34883.729742533025
80540,17553.504694708452
80541,26461.82191187229
80542,41698.93060991568
80543,23910.46705441716
80544,44647.69775909539
80545,13224.951318266192
80546,28964.141926342716
80547,26774.70062238867
80548,25723.557924499706
80549,14000.459675334027
80550,15101.040453756592
80551,19751.798803260222
80552,31641.67243941402
80553,10077.998472820793
80554,32411.59727211899
80555,28301.91008557705
80556,28873.756304197403
80557,26620.288814314008
80558,10966.140679700839
80559,17416.410830702855
80560,19131.525390138686
80561,34979.121886540015
80562,20042.067114422345
80563,18929.51990956504
80564,31993.531660227676
80565,11646.5725261151
80566,30997.19116543869
80567,13191.983497788697
80568,21474.779767463264
80569,11691.122097158863
80570,33890.089411671644
80571,20867.138857028487
80572,10204.3640766646
80573,15484.823431780222
80574,18767.481159233626
80575,16886.379951526495
80576,25799.137500899207
80577,8081.731965534889
80578,29123.29596998792
80579,11725.656753193827
80580,15679.779509468237
80581,23037.034545632992
80582,13562.66064206963
80583,11788.468352297563
80584,17330.05867946307
80585,27705.53122253101
80586,26104.87666870399
80587,33642.236854077084
80588,23022.629195361013
80589,74854.00959485814
80590,30450.407677384057
80591,54484.543234642675
80592,24380.80924567942
80593,59659.694065215954
80594,15866.975347150183
80595,21874.604513051676
80596,10265.13257438517
80597,27187.888527243565
80598,21542.78730931878
80599,8911.572561990233
80600,65471.17226140517
80601,33854.8924180581
80602,17251.80649672452
80603,13347.009507535231
80604,34168.01694382099
80605,13890.954313549346
80606,16092.583376154302
80607,18295.139661424473
80608,13979.907213772723
80609,28898.503397451386
80610,13223.507996989267
80611,47442.84097151009
80612,21484.986165504233
80613,16589.14260367972
80614,26147.31857783686
80615,31054.93237094758
80616,43440.61193235449
80617,14483.441060572857
80618,34975.302538939424
80619,18976.416478843214
80620,17791.303591077474
80621,24410.77011078952
80622,27829.61478493794
80623,34054.12505483061
80624,14519.406886529425
80625,17913.3614332265
80626,31422.615118456066
80627,13555.402410674798
80628,36453.8154704199
80629,12485.540342324255
80630,19268.25786972497
80631,46962.42039711572
80632,19884.129653453587
80633,29400.42365001139
80634,46342.139460721795
80635,22687.26920965282
80636,12170.169700045053
80637,27554.221490988468
80638,35898.339376100885
80639,11825.305361920266
80640,18215.21179945148
80641,29236.836345038042
80642,21163.39381209575
80643,16490.71782526535
80644,25024.783495669522
80645,62006.09679255532
80646,22716.597692028514
80647,24590.445732918815
80648,31186.198490388342
80649,18323.089440706215
80650,21636.848718157988
80651,15098.740173919992
80652,24976.421340487825
80653,30848.957084318165
80654,26519.07838295488
80655,20822.82425734811
80656,13266.328197748602
80657,27601.443072166927
80658,12601.51979766838
80659,52995.50397349183
80660,14798.034301833883
80661,10814.585500318579
80662,30557.766171379768
80663,34633.42311611704
80664,28699.52096269452
80665,10222.601685687576
80666,18481.823275187147
80667,23344.90888961401
80668,14161.550406611868
80669,20225.30808440423
80670,23145.166935492187
80671,14629.397006618296
80672,24606.429783600404
80673,22762.35283588738
80674,19645.20820268968
80675,13189.375927929716
80676,30884.912133391314
80677,13084.400617867765
80678,27942.888103321067
80679,11801.978273731713
80680,19370.212620781116
80681,30784.366641762725
80682,21575.662284161157
80683,40963.563565912846
80684,27003.488574603107
80685,11865.87885568961
80686,22285.90609366853
80687,24952.51720107045
80688,33982.73385065886
80689,11390.88296761989
80690,19280.393954136773
80691,33811.845455225826
80692,13953.711152420092
80693,16754.15731864907
80694,2714.2655711106463
80695,13347.7071561479
80696,12138.504198243465
80697,17693.300587593658
80698,25927.343485076857
80699,22340.44766405111
80700,35677.933607475046
80701,15771.36649897656
80702,13722.959496412985
80703,38540.0313020421
80704,32598.570635107408
80705,23294.849492339756
80706,10150.66785845463
80707,18201.261838961058
80708,14580.361949025315
80709,15407.959157421657
80710,27649.790052552344
80711,21447.165950381062
80712,18610.011458028544
80713,11917.764120858876
80714,29377.357569001935
80715,21811.63458776156
80716,19616.098356980947
80717,16032.407068787039
80718,35363.97900811297
80719,10331.700490086696
80720,13427.802083168406
80721,30289.47888629799
80722,7758.8367437671695
80723,21180.830945210113
80724,15157.819989511503
80725,17916.745226951403
80726,25188.740239294104
80727,25300.241766644707
80728,20228.841350518876
80729,7693.463343027271
80730,15294.316510500947
80731,11914.981178965705
80732,21052.574757127913
80733,33438.462363698636
80734,23415.657144252003
80735,26365.08521283568
80736,15887.104068667033
80737,19940.1102293268
80738,32154.963119992943
80739,17221.0854677544
80740,23525.386636758252
80741,28454.30945535989
80742,16825.381577357533
80743,20386.378671523107
80744,36036.61711704657
80745,34249.02860009393
80746,46036.78077903223
80747,25764.845283234663
80748,26544.33076620119
80749,29264.33798772763
80750,56321.436251906685
80751,29713.04051330345
80752,10066.173011566627
80753,28220.661670471534
80754,28002.234854830916
80755,17429.255474828864
80756,16353.28247873285
80757,14112.267956646589
80758,16811.390602360723
80759,32403.362273790353
80760,19923.19932747676
80761,13565.38459501149
80762,26924.42132917683
80763,23756.06148021335
80764,18526.16377377262
80765,17630.70379487829
80766,14390.00583928944
80767,14050.098438823728
80768,11513.917947008878
80769,28068.41445437488
80770,33967.71190600369
80771,5613.277171285967
80772,21269.21368867941
80773,9767.287454252435
80774,26746.868194465904
80775,50800.240896327225
80776,9635.690453789739
80777,35407.99549315458
80778,20633.911694250048
80779,45931.526421494775
80780,28314.65695348471
80781,29528.58790761082
80782,36336.53452603998
80783,18389.90060610452
80784,14224.90522800841
80785,24931.09875559982
80786,19122.18374025203
80787,13449.800976752265
80788,17487.757236467525
80789,47591.02558289705
80790,28111.613553310384
80791,71638.45537092065
80792,11793.637099938755
80793,12582.100579929307
80794,28584.02058377996
80795,13703.957051097797
80796,21754.772500985746
80797,24601.9905610654
80798,13345.714989657512
80799,10546.178488282638
80800,21708.210618843157
80801,17598.52123308119
80802,32926.059603523616
80803,22133.457746873537
80804,14936.133420827358
80805,19075.35096719851
80806,20491.606918251426
80807,23626.343155298993
80808,63961.55082660065
80809,12426.608434899972
80810,33201.418948141276
80811,12257.783386434123
80812,29597.160137666713
80813,15891.313005155165
80814,11114.811645680122
80815,16430.652576827364
80816,36522.402221518765
80817,10704.780681301769
80818,9566.78758139678
80819,5574.943115491339
80820,11611.175146200994
80821,8941.624821579337
80822,21514.445492888393
80823,13561.873521139063
80824,29147.209334252268
80825,20030.77681805653
80826,15465.026394043067
80827,23530.965163777084
80828,29137.341520764865
80829,16554.05774572263
80830,14590.287137186693
80831,22802.56460563225
80832,9756.753539943125
80833,12106.34648395191
80834,18665.260305536634
80835,11001.40085016879
80836,20911.32894137438
80837,23875.45344428407
80838,28731.57182069865
80839,27750.187435435753
80840,24881.32768219297
80841,23488.525191679055
80842,53450.10348567515
80843,15405.821097330849
80844,7195.953744444788
80845,24399.24358789179
80846,17084.2601204943
80847,28350.085488990662
80848,29989.890887477894
80849,30639.79571623818
80850,26394.93760776293
80851,30765.52025899057
80852,26990.90918229903
80853,14301.23999984942
80854,20533.622916336637
80855,31529.564442695042
80856,16266.168833495009
80857,24620.405682401666
80858,10862.011452218003
80859,11633.228864018023
80860,22682.191228537635
80861,16051.838711216167
80862,24572.14871177128
80863,16106.79244363175
80864,15984.668612938893
80865,17951.78996684238
80866,18749.62016844813
80867,32479.600321324597
80868,14858.589266247123
80869,22835.3352455154
80870,18040.59360963834
80871,11625.19786167859
80872,13627.063819738749
80873,15071.857327016543
80874,30076.64335779054
80875,45922.19133827298
80876,23170.751458473598
80877,22478.837637032153
80878,21010.01300460011
80879,28508.77980068064
80880,17226.80735765469
80881,9765.578749353575
80882,21455.905503757553
80883,15788.823892020113
80884,15366.567396561464
80885,35378.916317881834
80886,14164.63203541056
80887,15022.093408506918
80888,11766.30441024329
80889,53025.28782225674
80890,18689.1109176497
80891,25753.90521825348
80892,21547.742339309465
80893,25098.567083685994
80894,46289.75355382677
80895,14072.70438917391
80896,22872.625993221205
80897,28438.338888830516
80898,13970.498185192528
80899,29789.837905930483
80900,10009.152774977312
80901,32043.597924854148
80902,19647.68952222881
80903,28247.961544244987
80904,34599.209906258926
80905,31781.91029437586
80906,10618.3098422448
80907,9375.883758481887
80908,57197.6513480556
80909,21675.897957516314
80910,37320.699223288044
80911,67156.53155597587
80912,22585.890153783308
80913,26537.21306010243
80914,36170.25287940366
80915,9943.07546706153
80916,26215.946368437795
80917,20507.098351440443
80918,26145.426005561487
80919,13147.289853644621
80920,21523.984886342805
80921,28472.126995457715
80922,17800.810518274568
80923,29913.044005783704
80924,28775.3512335642
80925,49349.58171884839
80926,12280.289354901839
80927,26895.582829187537
80928,31426.87507549083
80929,21663.866456685377
80930,14726.077615068492
80931,16925.26977870645
80932,65234.50630749137
80933,13583.122757763103
80934,17749.48099848668
80935,10769.18244033282
80936,15592.214143697029
80937,17840.425338310888
80938,29826.917062943925
80939,23209.7240673705
80940,31188.622186621058
80941,21101.763080115437
80942,11768.800659306324
80943,12435.936805000154
80944,37238.83020594238
80945,27766.938978817223
80946,21174.856063761
80947,17346.03011654243
80948,13930.794250605026
80949,18149.953607983003
80950,46632.5102749279
80951,31423.2733381741
80952,29284.08098420895
80953,19695.590061882347
80954,11829.267989931444
80955,36434.726016153676
80956,13473.416820924165
80957,27024.26963426539
80958,29386.39937517824
80959,45641.980772405266
80960,14557.546413398188
80961,11245.613022452942
80962,47177.41453235169
80963,23174.126560361055
80964,21499.712955494724
80965,16226.03890204862
80966,12750.997083934375
80967,19259.664600973116
80968,21132.25482074211
80969,16646.493384940797
80970,20399.161069360667
80971,34205.621117381655
80972,17814.141643559666
80973,16908.55292588591
80974,24931.821129997334
80975,19994.132294329058
80976,14020.989959988901
80977,32593.970051264172
80978,26912.89275301202
80979,18596.24179872085
80980,22917.826600446126
80981,35758.637756808945
80982,23610.23266275526
80983,19224.39336880423
80984,12024.339205123651
80985,26376.212979757693
80986,13957.240061953575
80987,16213.91570370643
80988,46696.142500129194
80989,25112.749746319543
80990,11470.490918623454
80991,13869.97130268025
80992,13429.801102741565
80993,27746.27132369108
80994,23977.980263621917
80995,23725.453720393947
80996,48078.17317524841
80997,22939.789157263265
80998,21651.82942341961
80999,6189.914193874591
81000,42901.783095687904
81001,24900.108759778966
81002,16127.235610910251
81003,23380.919247898983
81004,20285.36759826666
81005,62081.66728768608
81006,39280.14141804185
81007,27721.382135473963
81008,13288.327019736149
81009,46787.96588644273
81010,16622.817528770414
81011,11347.80752805303
81012,11455.357369379382
81013,18898.388411629352
81014,36480.212375197945
81015,15833.24511900129
81016,19758.231686690193
81017,13937.009365580452
81018,18204.87519836313
81019,28145.21739752221
81020,28959.12096282547
81021,13984.7072239778
81022,11514.824242152932
81023,27810.416605985825
81024,12092.36696259345
81025,25422.045143370367
81026,9361.39453487572
81027,33213.94238107634
81028,26756.808174619364
81029,35316.25508317054
81030,17251.033149230345
81031,16801.93622143908
81032,19871.44376356585
81033,20127.803028513805
81034,20681.21935329595
81035,41612.19199963652
81036,14292.912214668722
81037,11155.117545958508
81038,27215.516049697995
81039,12275.220640413687
81040,13371.611041514809
81041,13495.192222137477
81042,17396.848274396936
81043,17637.407299113143
81044,17295.162744352237
81045,28529.255731557543
81046,33082.90621653494
81047,35822.1087993979
81048,14945.64286497506
81049,31458.75588163241
81050,20684.319287268336
81051,27823.898709127083
81052,7080.890797160469
81053,39742.57874784375
81054,15909.309303137614
81055,7758.367368836397
81056,7704.426795965612
81057,9343.715220171058
81058,16707.102872259213
81059,19882.398884342438
81060,19785.64247307671
81061,16269.31162819568
81062,14243.947667829429
81063,18757.64911553626
81064,13007.302404250458
81065,15057.373533011221
81066,26948.703673607823
81067,49503.68553277384
81068,48284.46236896764
81069,17156.845134169256
81070,25678.71883664618
81071,47696.608236686705
81072,17572.327959638726
81073,27232.156726598525
81074,64480.60067005525
81075,45096.58843225806
81076,39206.813708138616
81077,21819.24168373973
81078,32806.520519813
81079,34116.88117827141
81080,50410.22483217303
81081,8529.048846139465
81082,22328.21886183058
81083,28969.6765532846
81084,35902.80361393308
81085,25722.606398850843
81086,22205.609460398027
81087,15405.13643939964
81088,11605.744209570334
81089,30079.695633199393
81090,25291.14752254098
81091,64515.947645832624
81092,18709.2453246792
81093,12115.68345210519
81094,18555.388196348096
81095,17083.92456730959
81096,21637.367703316588
81097,23566.867561555195
81098,21848.056494873883
81099,10867.72892902314
81100,15336.259396191519
81101,14121.220868308888
81102,19635.208022608735
81103,30562.276490344906
81104,17178.413504818076
81105,14440.162709097205
81106,27933.67512543145
81107,25270.589767636324
81108,11049.059917247456
81109,35066.933056505506
81110,18325.934132969644
81111,21328.256367094276
81112,22016.02851385347
81113,26548.400217643357
81114,29349.42475396723
81115,40966.56004336788
81116,14223.395565985418
81117,45775.52350858278
81118,27404.548963514124
81119,23423.686487471627
81120,17319.83934217436
81121,49416.61831062325
81122,18453.392987022246
81123,11206.117716780102
81124,18582.616813495337
81125,16925.76918304905
81126,9052.857003566074
81127,17352.30376407602
81128,15209.244571651636
81129,12903.519707124839
81130,16691.215067872232
81131,21320.71359360148
81132,15944.021193951598
81133,33736.399469092226
81134,40038.828214630135
81135,21412.6669357101
81136,23588.161784928303
81137,32991.34455133521
81138,32372.864658474555
81139,15446.587501371045
81140,9965.394652049352
81141,19121.560728092332
81142,37447.384450062484
81143,17679.605848319436
81144,22675.17309410913
81145,12726.278974729184
81146,17634.622441190197
81147,21017.986298655946
81148,22140.85951619508
81149,28978.726740477116
81150,32546.18192589097
81151,22387.60079648452
81152,15522.930015408892
81153,22694.239734503113
81154,12325.119976024795
81155,26524.348689130347
81156,31119.171143951
81157,10586.649902020483
81158,16830.409952386723
81159,32724.32613350994
81160,25762.455569632584
81161,24918.96765354113
81162,32864.5558938786
81163,17056.92446982752
81164,13396.147221791342
81165,19049.961618559224
81166,19695.80699367231
81167,15202.153113775417
81168,15219.24790815658
81169,31496.52407386147
81170,10623.159006250902
81171,19519.564382294797
81172,25941.68142543047
81173,53120.01015182528
81174,25832.3844299084
81175,12400.510698256057
81176,30623.176963199836
81177,24043.74825182678
81178,32536.823091202885
81179,10944.76355070474
81180,17236.237795601704
81181,19229.490244995974
81182,31797.709389602882
81183,47748.01738560901
81184,13977.251542620894
81185,25651.470117138808
81186,14963.531962469615
81187,31625.42216038086
81188,14680.051705918735
81189,17064.12925596554
81190,21122.950621895532
81191,28870.2831093103
81192,8863.43496752953
81193,25794.908634645544
81194,25376.612968175188
81195,16321.758649045243
81196,25337.531566264654
81197,13936.700413040053
81198,13655.630068385697
81199,21166.599276567318
81200,16639.9997042389
81201,20545.208589764083
81202,20214.953057587238
81203,13101.444952165322
81204,19739.017878171482
81205,30590.74966581461
81206,20545.842216622237
81207,23106.15389919705
81208,13830.947838762604
81209,16314.005569713636
81210,13843.465661663053
81211,18522.377662880765
81212,25923.50688897919
81213,32025.512151043164
81214,32061.306310140215
81215,23896.493856808458
81216,31656.28544064822
81217,21374.32389672881
81218,22507.06531663043
81219,17320.042299090368
81220,31274.497952186364
81221,35744.1990635926
81222,33405.65643622426
81223,15041.772712031154
81224,19842.028655632446
81225,14242.607845834009
81226,11429.54937553412
81227,18647.074291018438
81228,22414.16825527648
81229,20769.433470202
81230,13681.312416139079
81231,29367.460660110683
81232,27497.880936515692
81233,5018.224402903899
81234,27440.36923610794
81235,35531.63818932821
81236,26636.739272271858
81237,19243.589930617116
81238,11778.751469575136
81239,17277.166544876778
81240,20745.304951675695
81241,11749.882548363392
81242,16110.669131912307
81243,21881.284056543096
81244,18725.62965066087
81245,23913.107514736763
81246,23950.16250309853
81247,14965.605206642937
81248,19345.630607496787
81249,55580.687348891595
81250,25908.39180791816
81251,10529.26360622412
81252,26995.22798371204
81253,21726.1903112618
81254,32852.096316109215
81255,33878.46298240529
81256,24950.62960881111
81257,15306.907107413133
81258,17219.187032449645
81259,20565.367292611798
81260,25669.88752658559
81261,5105.237952155458
81262,11071.155662703053
81263,14422.017502112518
81264,30916.9647964022
81265,12871.701810563069
81266,20612.815494215574
81267,40819.25469136185
81268,53004.18552567013
81269,31263.92656126464
81270,10931.762294839455
81271,14407.872246035775
81272,15966.29442119649
81273,13400.13116376352
81274,13261.49129643806
81275,28463.585294531815
81276,19431.602169917824
81277,9441.74846299834
81278,9408.132361932938
81279,10098.072996408157
81280,28365.987810735187
81281,11844.113084548802
81282,28695.657302318457
81283,22530.94570894646
81284,19525.75610613819
81285,23766.859660182643
81286,10044.315473295026
81287,10294.288174096888
81288,17868.845980509137
81289,4748.870093149525
81290,20267.317133842873
81291,15143.4340531259
81292,17691.688542821306
81293,15566.646001718975
81294,10831.58344383377
81295,41926.68730601581
81296,14386.940565049568
81297,30345.868325892327
81298,14131.870753999227
81299,31559.231423139598
81300,30508.382945741436
81301,19087.421318616118
81302,27654.75585558409
81303,17822.50009720618
81304,10481.207290751992
81305,25286.270001214623
81306,33532.6087520908
81307,32125.688009527206
81308,16936.385223448066
81309,7872.417388566835
81310,25331.41119223503
81311,34828.34649078264
81312,27388.97514144988
81313,14747.520358381393
81314,57677.77733283312
81315,11994.386819559239
81316,13280.362117124416
81317,14674.441079162078
81318,51892.04368978793
81319,22263.029852523487
81320,17893.808729331115
81321,26205.418934791527
81322,73532.02759249481
81323,20800.844105013104
81324,20505.66443583603
81325,27563.499177304064
81326,13444.200223109074
81327,9905.355162775675
81328,22504.600865241748
81329,38482.694325752134
81330,47352.32935494661
81331,27568.778830730535
81332,47776.15182553093
81333,16462.64894628256
81334,63919.5495572371
81335,19695.560346761486
81336,16656.630016164825
81337,14940.076097729032
81338,20313.966611780415
81339,12817.257391136114
81340,33195.89377119471
81341,55920.65796083757
81342,14128.879793792818
81343,28790.79234264009
81344,15956.087961824693
81345,27221.188937322524
81346,20647.793673420383
81347,27193.711186572003
81348,15817.651588597539
81349,13132.781648029704
81350,14057.543060738264
81351,31119.171143951
81352,21377.06100233674
81353,17373.116648736865
81354,21216.914585573883
81355,41244.22126418169
81356,27523.600447162473
81357,16635.022485438727
81358,29982.94929218476
81359,14967.93989476645
81360,9397.31345238833
81361,23105.96402696528
81362,14359.109413637143
81363,34903.03341734348
81364,12368.598280519012
81365,23722.00350329656
81366,18007.350113635457
81367,21671.10068885613
81368,15319.117488306842
81369,27742.080836554127
81370,16917.28410795951
81371,14399.889907317254
81372,28893.11042794176
81373,17676.14556236625
81374,21462.456208770822
81375,31539.9695688105
81376,24904.124203416777
81377,15101.387455119806
81378,14084.441796946396
81379,20959.762271070555
81380,12200.612271248843
81381,30655.781677968578
81382,18608.574844983694
81383,15314.598102604104
81384,17612.061036519706
81385,13449.84037667404
81386,22373.174933309678
81387,13252.214323884724
81388,11758.192268575756
81389,25323.71171070212
81390,9689.883436505628
81391,8731.021039775665
81392,22635.09843433082
81393,11196.322113839913
81394,11503.086139466526
81395,14438.104423070534
81396,31140.76168955726
81397,21282.760335090075
81398,16666.31565938146
81399,10528.447563601603
81400,17387.461696230723
81401,15025.937224876026
81402,17271.267371178295
81403,30335.245686840102
81404,29857.49142351301
81405,10748.588667689915
81406,32357.267292743163
81407,18646.068628907848
81408,18763.675995041245
81409,12916.66344851904
81410,16654.540415511015
81411,12769.891592600272
81412,16245.99367809314
81413,13831.892966193775
81414,14822.009874082285
81415,16671.512780040393
81416,47949.336631327424
81417,31912.414045135643
81418,27979.988238049315
81419,21177.248118958116
81420,29588.856735937254
81421,37279.01180707678
81422,17145.997016547844
81423,25085.546755611518
81424,10218.74002687519
81425,18895.26915776062
81426,14861.397907756866
81427,12793.924569649633
81428,9726.827220100386
81429,3305.8079525607345
81430,21237.930295533035
81431,14859.88970026145
81432,22416.284860836367
81433,22003.737647132268
81434,21088.065424771492
81435,29834.329894830997
81436,10430.243276039186
81437,16095.145022991648
81438,28336.227857913782
81439,4095.9480251415243
81440,21525.92835658752
81441,32184.360473800287
81442,41396.505358923416
81443,17359.63445657896
81444,15158.590122439093
81445,13613.6751220481
81446,11538.58876264063
81447,14891.891370688545
81448,15075.42169631157
81449,13646.17317714965
81450,9890.193975364442
81451,21155.69524556366
81452,11824.488181083832
81453,12347.885165080555
81454,18919.939292210296
81455,19050.15670037099
81456,10657.157646424983
81457,35016.867488746466
81458,12437.426223674174
81459,24206.996019681148
81460,27697.08274439573
81461,27157.634805563866
81462,13195.795929425269
81463,13887.581151313636
81464,13994.76355578426
81465,21175.372089366905
81466,21559.642161819113
81467,11732.644130604249
81468,32710.12139461341
81469,20123.65426828419
81470,40485.7610916389
81471,23561.14535711947
81472,11061.641090226167
81473,22237.31154277184
81474,24673.934278480046
81475,21839.50744106434
81476,13783.258556473895
81477,57055.841394286224
81478,27386.72914348586
81479,23845.50789998049
81480,25886.654484954306
81481,45030.4039063091
81482,12457.0419922209
81483,16416.45165227343
81484,6039.143452352533
81485,20296.838635247583
81486,31633.147685602216
81487,58369.158995771584
81488,47209.20562945801
81489,27170.937885134863
81490,14940.655571217152
81491,14322.276254011023
81492,15810.347133004547
81493,19898.58360534675
81494,10593.941115302068
81495,29328.862999637666
81496,18247.15882425476
81497,28495.10471658194
81498,21714.12099609458
81499,33162.95488540318
81500,35256.05226855439
81501,28366.66723011475
81502,30932.92645492194
81503,43288.84381161695
81504,24701.77422214821
81505,47876.98391682594
81506,31257.513365086183
81507,29212.06341076243
81508,29642.55448292959
81509,14482.18265545023
81510,22633.864533483447
81511,34578.67611470052
81512,37494.03640545199
81513,11589.05959805331
81514,15783.761892974435
81515,19684.467272239504
81516,46171.37987220679
81517,11372.990537000316
81518,12124.038620689586
81519,21203.04892006504
81520,32064.064000688275
81521,21998.737144782863
81522,14099.749210861732
81523,22357.41012319854
81524,20383.733326194582
81525,29106.027468799683
81526,23779.555644668857
81527,26296.080008373952
81528,20385.112821909217
81529,20733.12571482688
81530,9610.952744284648
81531,24276.94659894651
81532,40687.01621101745
81533,39241.064644816295
81534,17311.449861422214
81535,21284.925397643183
81536,28200.52780732153
81537,13666.231527280326
81538,11845.355610282415
81539,18816.90296725603
81540,22704.809455976487
81541,17451.01103865063
81542,28027.611325646085
81543,16279.561276515959
81544,18994.853350205463
81545,14184.131689429107
81546,21293.65300086226
81547,26233.045251505955
81548,15024.62902654964
81549,48913.693059174744
81550,14826.58048456131
81551,31979.370974463847
81552,16007.754398570756
81553,18043.819327701553
81554,46018.785307544924
81555,25200.380172320143
81556,36729.32465865613
81557,27070.696900880816
81558,20996.96031740653
81559,17852.19857754365
81560,31473.090756192192
81561,18070.205186921878
81562,13472.141133900708
81563,34909.2226909758
81564,23064.009835974244
81565,22504.675724181663
81566,24476.441510321445
81567,4933.56480389907
81568,17410.540541743998
81569,15209.814406650174
81570,27583.02783472615
81571,17225.720977879584
81572,37063.903876893106
81573,27320.80748129807
81574,33479.65154672355
81575,44400.28955559558
81576,25749.52236882575
81577,30269.546135615103
81578,21975.5790621363
81579,26227.808627743958
81580,40798.33975548242
81581,27736.321084774965
81582,12786.056615047732
81583,29463.50550352458
81584,14384.521882160732
81585,10785.023391776072
81586,60374.731994582515
81587,9273.847546893723
81588,28059.73669083796
81589,16252.689754365938
81590,27181.974954187703
81591,14297.322758299288
81592,20911.76252107582
81593,13476.990398304557
81594,8845.424386682645
81595,34156.56955697968
81596,22413.457690224703
81597,20620.321198735106
81598,11902.809207235718
81599,33944.48332200074
81600,19175.353690748958
81601,33886.78000980191
81602,9048.605683557784
81603,16787.328376767877
81604,49391.28706987894
81605,21470.06906530433
81606,10377.522214111998
81607,11044.343803241398
81608,19441.09211121157
81609,25023.711384253438
81610,11230.11874702064
81611,4118.173870274639
81612,20707.111138113803
81613,22207.664536802167
81614,28092.954758035365
81615,17015.33804627108
81616,35742.61277691139
81617,12665.503862342282
81618,15777.933600796514
81619,44135.99735563584
81620,17446.895623089615
81621,9642.568573421078
81622,21649.09622274272
81623,28979.680353878877
81624,19692.663607484683
81625,18699.83446111617
81626,12452.4575904446
81627,18513.71419066736
81628,7827.441815839306
81629,57177.29976059856
81630,24459.6748550754
81631,13779.428092660051
81632,52881.911756229354
81633,28650.814878441495
81634,17052.037193637014
81635,37001.95040363805
81636,13173.519056370207
81637,16761.231851841083
81638,36813.238108084275
81639,10450.51541045075
81640,21262.938371587778
81641,29646.69083657035
81642,25164.09583919516
81643,14364.096754219847
81644,20520.282580943738
81645,33507.06680715802
81646,28888.413167316547
81647,35530.22139264543
81648,19526.24487610302
81649,8998.215437856044
81650,32113.541407441753
81651,13011.981411271601
81652,27587.091086237437
81653,3291.272456088423
81654,12061.031921559807
81655,18418.568895039898
81656,19789.831199358443
81657,24456.734994058126
81658,15271.11994136001
81659,33452.429076601045
81660,22321.04780556966
81661,14273.62787952209
81662,35679.516780243095
81663,13172.053271182347
81664,10158.596834894188
81665,21635.102296823392
81666,14972.23726479913
81667,32216.5308859758
81668,29268.122400825585
81669,27864.46281247329
81670,23224.55250919352
81671,15478.359223759528
81672,21074.42455761771
81673,25179.217508809154
81674,19912.728147235804
81675,16427.080505252623
81676,21658.485447160696
81677,54481.88699475859
81678,12771.167553928464
81679,22641.276401790077
81680,26738.27765753212
81681,17875.358171694505
81682,22775.175584404205
81683,6321.9294628478565
81684,29253.375386503558
81685,29117.266937529344
81686,20074.90219240619
81687,12242.094184084255
81688,14017.165727321015
81689,9542.063764159466
81690,15276.722158417118
81691,36466.92042481209
81692,12028.317026818591
81693,27583.5049898482
81694,24341.30311695696
81695,29051.926701603126
81696,35629.00160447553
81697,28754.68023864473
81698,37319.101527233055
81699,16903.10940969644
81700,29381.84838039878
81701,16477.672477083444
81702,40606.91857856845
81703,17163.482743384764
81704,25866.574693082945
81705,21093.26222380488
81706,9486.256019266022
81707,17535.45272074576
81708,30570.650786299713
81709,34163.825091329825
81710,18156.39368249235
81711,19565.95244722039
81712,16653.363300913443
81713,25343.07463251327
81714,12947.201613559571
81715,28855.24278753751
81716,12673.422611556256
81717,30643.859137704883
81718,21291.909898852777
81719,8767.213830161814
81720,19736.49448904345
81721,27232.156726598525
81722,14211.53587264503
81723,36140.90854585407
81724,10760.976118439701
81725,31862.61147595422
81726,11939.172198262919
81727,38107.81669292181
81728,15863.412709376982
81729,30884.246676849536
81730,54860.66899061807
81731,29064.903049508815
81732,12819.766069033374
81733,15144.517622976138
81734,31601.456268252834
81735,14054.371013591724
81736,30356.094641104326
81737,16177.504979235819
81738,17328.403617894746
81739,12087.447848921876
81740,16954.191662170637
81741,33512.510061528665
81742,20261.764803466685
81743,30773.034817566542
81744,23783.291614318514
81745,32967.096969774786
81746,16319.578252750964
81747,12349.36072471218
81748,19101.383399410024
81749,26261.256172410114
81750,11305.26444433913
81751,38548.58456405893
81752,14614.844770894244
81753,33581.34168956837
81754,33425.435702754636
81755,20911.681600554195
81756,34967.81824521972
81757,14798.695057016595
81758,19282.03147979945
81759,26971.040490636962
81760,13331.04585775711
81761,52729.286417333285
81762,14458.420902182006
81763,13364.880118413097
81764,18951.65256957323
81765,27226.687388450653
81766,23363.81772415082
81767,26602.790112415187
81768,33394.0282058721
81769,16469.813282346237
81770,14257.931483347296
81771,19053.7470031514
81772,26738.783874467423
81773,31797.709389602882
81774,16443.50686984435
81775,20596.718253968837
81776,24036.091987918044
81777,13982.360993692651
81778,23815.432694505085
81779,21687.074643680935
81780,15837.30753675627
81781,11591.86802085097
81782,27513.909506416403
81783,38484.82719004496
81784,10396.567869816527
81785,15573.691200536601
81786,14242.17330258777
81787,20688.917153423772
81788,8185.4392785386935
81789,45945.54021470417
81790,16178.256168653783
81791,28320.50906072189
81792,32162.065273901717
81793,16080.135774860115
81794,19639.527129219838
81795,8254.014938346018
81796,14820.565459305535
81797,14064.43123217668
81798,18944.945609712817
81799,34250.36392394611
81800,18631.957912060592
81801,24162.399978994094
81802,18305.32251629859
81803,66192.68343967294
81804,17846.936749208027
81805,11326.56779507012
81806,15697.39371295362
81807,22569.27022965677
81808,26136.798061846064
81809,30803.502044552326
81810,42392.07677568245
81811,15189.343622672108
81812,40014.60900005307
81813,26324.17603292584
81814,19008.53924964332
81815,17409.050251618817
81816,16022.587430565633
81817,21172.736747955856
81818,30557.286139914937
81819,17968.327572886927
81820,14497.352373202106
81821,15864.039196973932
81822,11011.653246765438
81823,8892.877123036084
81824,17656.474058637064
81825,17360.602042455546
81826,42096.52044172264
81827,16331.718282389751
81828,42617.88734101747
81829,33354.59400723149
81830,36488.03817462156
81831,13770.552635966797
81832,28828.19474585615
81833,14460.157961959327
81834,28796.73208735666
81835,17703.710556753515
81836,27823.4912037508
81837,12669.389943107753
81838,21453.574083884858
81839,13149.591742552986
81840,26541.497980188044
81841,29244.483559322103
81842,17944.05064948884
81843,10135.14861126799
81844,5669.505992308255
81845,20950.78072897848
81846,41203.83912320366
81847,11478.119211160667
81848,34738.23119874114
81849,20743.582203018097
81850,17541.515096343708
81851,30033.67352945772
81852,10942.691009046082
81853,24398.29098132569
81854,26391.770506084013
81855,11070.480980957213
81856,13731.382524456676
81857,41421.250270826924
81858,19433.794239145762
81859,37427.41588606908
81860,22407.93895793986
81861,13310.285376579171
81862,22796.151055423223
81863,49309.771719536344
81864,14208.396783860342
81865,26968.38818636305
81866,48402.952970726314
81867,15911.454043812426
81868,26988.289071091327
81869,32147.332179608326
81870,11632.053195335387
81871,23016.492936168415
81872,25176.24943743699
81873,24620.442086388895
81874,11324.65295335682
81875,13957.160403470036
81876,21123.02339983572
81877,15269.872030552546
81878,9292.27499270907
81879,23805.056916835696
81880,21226.923441412302
81881,24545.15393613212
81882,23039.73817120468
81883,31992.610248079793
81884,20496.414191548694
81885,27233.99412459346
81886,11201.535444378915
81887,22645.001713922695
81888,20685.169827521135
81889,29130.526373713317
81890,30088.5589069209
81891,10559.97731529297
81892,22062.296897247943
81893,30712.18850911661
81894,14102.884471184841
81895,19145.52227304112
81896,15904.100659986585
81897,27795.635776718238
81898,76012.87257033928
81899,19817.967424173432
81900,11919.641820259196
81901,15728.76019189182
81902,71491.03119884749
81903,16236.959802717945
81904,34418.54373997418
81905,13764.556567300226
81906,16238.118552397405
81907,32992.571409818556
81908,11863.353798188544
81909,8368.108326762831
81910,14978.906408545708
81911,17988.487431495196
81912,4204.910259443519
81913,18180.205969842427
81914,6797.488228678892
81915,27020.843518978054
81916,32470.85502987909
81917,28388.515323080614
81918,13992.726063618931
81919,17199.180150110416
81920,12130.674271903741
81921,13455.591226595452
81922,32960.6991837456
81923,13413.51431684226
81924,21183.26896997656
81925,30051.76690150022
81926,20093.394580691795
81927,34618.066119431016
81928,21154.768999907064
81929,29978.8424477297
81930,18127.915796484467
81931,40739.14547306553
81932,11433.691122407756
81933,15034.185335381317
81934,10369.06953934753
81935,36067.10661106301
81936,7628.519469551746
81937,28840.493969664418
81938,22788.699716244726
81939,59570.88100371954
81940,23194.679100040405
81941,23822.124941642796
81942,12886.033931454283
81943,38372.170854304684
81944,15195.95047440033
81945,31968.174023253236
81946,24847.847180208417
81947,11833.449885543023
81948,9355.901824764995
81949,12726.653416319603
81950,17814.508851997467
81951,11641.737139853449
81952,7905.373042487685
81953,10576.954071458636
81954,21984.79394784091
81955,15668.3628870717
81956,12103.41798828199
81957,24391.77670521713
81958,28186.233287512023
81959,8685.580605032415
81960,30246.06381228433
81961,16127.304615383753
81962,14898.899371786541
81963,29929.273686467855
81964,21280.13602641357
81965,29440.765774771324
81966,14806.944852821453
81967,16489.24654439743
81968,18192.58550443123
81969,17588.508434431755
81970,22373.009784778907
81971,18927.23358432251
81972,10037.749799040972
81973,17932.863413209354
81974,26883.9740840867
81975,47561.06736127838
81976,32014.697223558054
81977,5936.515740330206
81978,23894.348794432397
81979,21449.27009688734
81980,16447.21947839806
81981,41481.82787858509
81982,26835.921201604284
81983,10545.361511918612
81984,22283.238935849095
81985,26280.96535841047
81986,26446.775205554626
81987,38549.9624069513
81988,31377.608094818577
81989,21505.588112622994
81990,35941.738667666796
81991,13718.677834710947
81992,28258.074500826562
81993,29928.547418957893
81994,11978.937117371453
81995,15852.876743844767
81996,26170.57523779758
81997,15000.771417035658
81998,13795.865671051733
81999,28368.835829829713
82000,22782.829313195878
82001,25241.479398316387
82002,16490.61781052568
82003,15522.548522639498
82004,23906.234377535948
82005,14534.658267333662
82006,12313.140584724208
82007,18803.830933699744
82008,47095.42033380838
82009,18013.837629058315
82010,16498.1740314692
82011,11209.524648834044
82012,32502.147834669904
82013,20399.45104868857
82014,25877.941650014436
82015,15787.377727706893
82016,13218.576384790164
82017,25195.348120525836
82018,8723.620628382294
82019,54114.37939428465
82020,15138.222774852158
82021,17246.926180421204
82022,35379.79964731846
82023,23791.298404936813
82024,64527.21251900648
82025,17220.91564847715
82026,16232.4000411459
82027,21364.134129996815
82028,22663.416589240827
82029,16493.64844899147
82030,15205.146216259298
82031,20583.086638163953
82032,21529.141272915866
82033,24027.542745702307
82034,19668.370473503415
82035,15647.566358561418
82036,25364.327650092284
82037,12180.798892036897
82038,27278.883639413965
82039,21259.119297176272
82040,21535.041039319338
82041,37280.78406766193
82042,15555.638153576881
82043,23577.269860811593
82044,17115.705396903933
82045,16668.767720908403
82046,47830.56096665844
82047,40774.81277942504
82048,30891.304719299915
82049,34041.326263292074
82050,37379.9000394398
82051,16233.67027653655
82052,20455.849375522284
82053,11108.273607811461
82054,19333.223644784666
82055,10007.06385830015
82056,34026.90026502007
82057,27415.51934683761
82058,7240.779425615629
82059,19333.590187919435
82060,18124.37304733982
82061,25485.177783591993
82062,22531.234023177345
82063,25205.55291234779
82064,16320.430808341564
82065,10906.79345183575
82066,19425.52706819175
82067,44869.70522337023
82068,10117.018542958209
82069,17494.680523344072
82070,13161.448122037255
82071,23936.505877633113
82072,21536.62097678833
82073,16333.270493325996
82074,18834.83440906195
82075,15739.504312923365
82076,26717.370342618284
82077,32568.171069574248
82078,17877.399513059227
82079,18478.67202670002
82080,15371.79514544053
82081,16203.350679327916
82082,17620.544024907464
82083,30394.883551774714
82084,19324.47849411535
82085,16011.821721343831
82086,18738.697355202432
82087,17456.38689549176
82088,34819.01017162234
82089,13959.819041266299
82090,10520.701285029216
82091,19769.11581025216
82092,13361.51858164156
82093,54052.56137134234
82094,13446.500401845755
82095,32170.76231721969
82096,24056.93388293104
82097,49006.19993167944
82098,27544.76815893051
82099,35457.81731380973
82100,31571.737445201612
82101,35157.19350117285
82102,20884.226713150558
82103,13808.609102293734
82104,9650.549360162542
82105,17199.45622381532
82106,30882.759926385294
82107,18699.318314352113
82108,20566.604866558573
82109,22845.72309911014
82110,36187.70581457677
82111,60269.5906379542
82112,23466.926192340117
82113,20445.919181047328
82114,29271.54158387867
82115,11903.497023531916
82116,26382.66764520285
82117,27948.47034701919
82118,19234.92133448032
82119,17566.4685035536
82120,15944.418142115694
82121,15523.074221259158
82122,22057.25282084293
82123,17678.120982557113
82124,31242.898808826194
82125,7495.655050718244
82126,17496.28222248777
82127,27789.557814131073
82128,14706.02430041248
82129,13650.764172847556
82130,14598.837128285222
82131,16483.548265994323
82132,28706.6645819292
82133,42674.40796676227
82134,18744.202917035636
82135,20414.66801135003
82136,15321.288411004545
82137,12807.803422231664
82138,28589.032200662976
82139,16270.706174872532
82140,11063.292966683382
82141,10690.530242619287
82142,23364.633244986
82143,34829.62579420485
82144,14731.02858116828
82145,19858.71655589699
82146,34356.32685104636
82147,23828.44594329787
82148,62439.37394885487
82149,15115.053341821156
82150,41046.73096471674
82151,14644.272662593015
82152,27237.497747774636
82153,13911.58477466364
82154,23841.035087012016
82155,3263.396791351558
82156,72054.11528057596
82157,22175.316923525595
82158,23084.382954813675
82159,23688.156138818875
82160,49638.93944178426
82161,11908.626330819197
82162,47331.767376298645
82163,12992.768057415842
82164,29172.760197093477
82165,23128.564059711494
82166,13589.345440980485
82167,21706.308402224786
82168,15351.784120915074
82169,17145.806163449986
82170,10715.454586989354
82171,15872.358435048127
82172,31985.307566482683
82173,30205.28163745843
82174,9747.664294997572
82175,14483.17072910278
82176,22282.41520988199
82177,15235.361417182545
82178,17366.63546371837
82179,39187.01694123417
82180,15807.732461571724
82181,32748.835714806817
82182,18006.61772447927
82183,15351.299377637364
82184,31757.75468284133
82185,19002.62779878143
82186,22556.457352885463
82187,17605.302327892492
82188,21405.552615637313
82189,21670.948848278527
82190,28799.817472383063
82191,21040.76923384945
82192,49016.596033967115
82193,19719.316580209244
82194,15183.111901635835
82195,13493.59992762442
82196,14081.594974542884
82197,43536.83667157135
82198,14451.473065903689
82199,23761.021908387436
82200,16489.901730548332
82201,18174.937537860427
82202,21306.17699156647
82203,31225.003125134568
82204,11097.020936330378
82205,12481.296155387397
82206,19880.355310301908
82207,25254.25413499658
82208,8829.764051024804
82209,14441.339026256426
82210,25259.86965634621
82211,37857.566836432576
82212,11928.43493181605
82213,21503.277353676265
82214,42687.41040790871
82215,11493.251673542492
82216,19655.47818557811
82217,36389.211920103095
82218,26619.493895053456
82219,20088.18582427277
82220,13970.738615438579
82221,10373.247091242587
82222,17879.028782827565
82223,28159.081898975575
82224,21120.4357691989
82225,14543.875989217966
82226,12109.86711847181
82227,32173.490279778696
82228,19078.126777564168
82229,28472.77082535939
82230,12179.205926800098
82231,17167.474256396756
82232,3453.115645516463
82233,14259.995304665163
82234,20347.11901847657
82235,46012.935864534615
82236,42362.5404353953
82237,24284.84119981535
82238,20101.99191863308
82239,29502.28155340302
82240,22205.609460398027
82241,73332.41587537556
82242,20998.408485969176
82243,27304.090577618717
82244,16892.756247138186
82245,27035.849542082007
82246,16007.214144317551
82247,18683.134520598775
82248,30509.7542103936
82249,29047.164642023046
82250,16052.005152210151
82251,13369.858827776574
82252,10791.203477485882
82253,72729.49236115851
82254,31441.74038044649
82255,16069.712300412724
82256,75517.24648931957
82257,9729.58551615453
82258,19625.802963940903
82259,29366.829653789206
82260,27758.946851795412
82261,10263.945731207652
82262,8932.724354929076
82263,10560.205869926127
82264,13774.373552181678
82265,14647.553611964071
82266,13179.681726191819
82267,14527.85756340687
82268,12767.95258758998
82269,36709.11199421429
82270,34225.71902728368
82271,17920.556315602684
82272,24651.976002591204
82273,29490.968359537615
82274,22072.999880695246
82275,10526.294580913443
82276,11527.819134677587
82277,40823.351015422304
82278,27543.55156236936
82279,15675.304263647527
82280,11680.096819638466
82281,16785.059965274297
82282,55938.501993691425
82283,19557.055944303695
82284,38720.30628942144
82285,24309.034833427006
82286,22049.01216649206
82287,14050.152137131156
82288,21676.76326402786
82289,38789.765091855086
82290,9240.218694643007
82291,14323.14011317499
82292,20489.68995584557
82293,7831.379722148903
82294,29310.132731902573
82295,21514.623038644222
82296,27280.703548896538
82297,16165.08305679534
82298,9906.361369552222
82299,21858.827479534517
82300,18858.0197801815
82301,16059.156035378508
82302,24081.82008279202
82303,16109.649417657547
82304,24819.36694897371
82305,17863.746982455057
82306,16789.289752904384
82307,28089.79034373449
82308,13254.090754266177
82309,15137.57510976235
82310,11402.360837702681
82311,33209.54116775107
82312,33941.765801610825
82313,52721.578116132405
82314,17360.34304953865
82315,18672.673667009603
82316,20321.9330455212
82317,19377.75364062131
82318,17085.519864983213
82319,22440.28523231903
82320,17580.15597649963
82321,15083.129708494174
82322,15270.264483962728
82323,15835.46340085879
82324,32468.62010333898
82325,10552.350456165306
82326,31506.645310141736
82327,18524.427101618832
82328,14389.548961561422
82329,20412.53901886506
82330,17367.502656194985
82331,14767.184788493256
82332,34395.079285825246
82333,25590.592820428716
82334,21176.99271817839
82335,17498.249349141577
82336,17854.88199590627
82337,24787.0303845775
82338,21185.147196452603
82339,21416.852918830602
82340,31112.307260961803
82341,27882.434144549123
82342,21298.031949050026
82343,26849.63685763719
82344,20318.874604315723
82345,18877.3672920142
82346,9056.9811708257
82347,28971.313052686644
82348,27245.739243609572
82349,18437.855092421327
82350,25687.436684839857
82351,11228.32604868352
82352,15819.937130762213
82353,29047.38793488566
82354,8589.948190605232
82355,30951.171111772546
82356,13009.93814796389
82357,22244.106828419102
82358,25568.058237933965
82359,20588.12387429081
82360,24534.2325822333
82361,27217.989104558124
82362,23425.54641754214
82363,15209.221476131857
82364,8033.013663193089
82365,25878.6959988794
82366,17206.558013277903
82367,13188.123194696182
82368,18457.620516237504
82369,9639.362845143069
82370,18786.07141544477
82371,25102.60415621523
82372,12759.01183529599
82373,24465.519998330758
82374,44983.87796579194
82375,6982.648013709012
82376,17359.35233513075
82377,12350.795379194858
82378,5292.314205050373
82379,25603.72734341082
82380,8681.184539462314
82381,18605.032759869806
82382,33225.22492927207
82383,32918.958287586436
82384,28852.002810567094
82385,33697.624781512044
82386,57672.06037936628
82387,27154.520926090816
82388,12777.011332428308
82389,40417.36484142308
82390,32914.820273398145
82391,18074.549040345333
82392,25002.943247288007
82393,18314.799798059074
82394,38093.688974998484
82395,16747.831322314785
82396,14077.307822370538
82397,22121.359539821977
82398,27043.395909278563
82399,30938.40330557419
82400,23189.690381785702
82401,11955.971462242615
82402,31258.36695510803
82403,72993.40396425991
82404,27939.48368010791
82405,13919.9719436739
82406,33772.70535722876
82407,15013.199585848377
82408,9304.467631881118
82409,16694.37672742893
82410,12882.776988564086
82411,10963.833116375698
82412,16553.020825268613
82413,9802.852875856905
82414,10452.282956352772
82415,11798.01895021995
82416,7087.055841794865
82417,10799.085361369944
82418,10350.501594742433
82419,11733.475724520811
82420,14535.189365615326
82421,13115.887020838234
82422,8372.49399969392
82423,9908.623343735182
82424,9963.85653110937
82425,16270.699514221029
82426,7118.76722383488
82427,6905.49183305059
82428,9292.900111357485
82429,16249.315581338988
82430,12037.385463497452
82431,9955.798936999774
82432,5825.427567126717
82433,7787.512419039737
82434,10298.359811240241
82435,14447.62494092338
82436,11322.579112476637
82437,13812.091323751092
82438,23014.741806759186
82439,7732.268219040596
82440,17104.76947823453
82441,11861.24143677441
82442,7562.969200213949
82443,8614.948887708792
82444,9295.459243573257
82445,10460.213035833427
82446,7214.341375647455
82447,7117.9342000884835
82448,14365.412149799618
82449,5772.406331409177
82450,8315.300420917058
82451,15025.53709880248
82452,24475.67330290192
82453,13117.43361457358
82454,10599.769151622335
82455,27897.07279320544
82456,11393.708135236184
82457,16164.949210846857
82458,9873.690734036112
82459,7759.103238634827
82460,17040.449835655272
82461,11061.038918192296
82462,13445.153183532087
82463,10062.222043208365
82464,12050.245061542433
82465,11853.532691748358
82466,13446.52198968565
82467,10573.48794633807
82468,21364.459674792535
82469,12262.07662838297
82470,9036.751505677683
82471,12304.234957039434
82472,14464.448110328625
82473,20585.551180653132
82474,9357.059439196508
82475,18501.294095694444
82476,9044.113623147057
82477,6110.3713658485585
82478,8987.282956300833
82479,13455.552409189335
82480,7095.964740322738
82481,8879.033818027998
82482,21402.290945514033
82483,18786.815590090908
82484,12781.141579670166
82485,6628.252805956567
82486,21930.466107765937
82487,11205.550011656647
82488,7224.416603718109
82489,6705.865448486069
82490,8932.736017353796
82491,16225.146952011086
82492,7741.812582560402
82493,10478.48217001151
82494,5356.089942287251
82495,21817.29651342449
82496,10396.335347722414
82497,13658.884689173907
82498,13243.245531840488
82499,10784.131710146003
82500,13629.730343151898
82501,13159.133974422615
82502,6785.504391064708
82503,16944.527486753308
82504,15966.614166676565
82505,17907.422739163867
82506,1653.2550472419123
82507,13197.660278017374
82508,8082.568159352658
82509,9808.237341171678
82510,9837.573056554198
82511,9818.162091092518
82512,8092.101378356374
82513,13987.762410784624
82514,8769.82157579456
82515,16596.16344055661
82516,9694.638509798648
82517,5063.389328892368
82518,12844.12431494133
82519,13677.543335981405
82520,10882.48862436096
82521,15206.921936630742
82522,10443.24784028842
82523,10755.250997105297
82524,20474.65516204331
82525,13028.10086547209
82526,12981.860157827403
82527,10899.885868532945
82528,8086.908799330682
82529,9032.248316340792
82530,10151.9983023443
82531,16242.696709444781
82532,13849.157644403896
82533,9879.65815826723
82534,15834.023205906882
82535,10749.467663628227
82536,15286.926040857123
82537,2593.882921784656
82538,10831.724545380486
82539,15595.81847351441
82540,7196.854412977557
82541,17407.119824787493
82542,5423.643418667202
82543,10485.982071808763
82544,9452.12909465825
82545,13660.34548686141
82546,18620.00777472247
82547,6919.472909323732
82548,17404.716212136413
82549,10514.938068395923
82550,9204.567732324998
82551,8727.51586095125
82552,13282.343095494709
82553,7896.752109674766
82554,16853.781237445022
82555,9112.73604355323
82556,13000.479975322683
82557,10099.439674478474
82558,25031.76333714652
82559,16052.631305216475
82560,14566.732392747701
82561,13509.079943076933
82562,17376.935725459884
82563,13362.308766209157
82564,9790.868607948903
82565,5754.7374348273
82566,10301.661646848534
82567,12017.861666214563
82568,25546.993811565182
82569,16160.49516959583
82570,12417.794108046626
82571,10771.040316287777
82572,9977.179929436008
82573,15543.218231990511
82574,5870.696806181001
82575,15818.120015682467
82576,19507.91290982765
82577,11309.123452844493
82578,10037.664085922366
82579,19081.213521845708
82580,7749.343034639453
82581,15886.04473458724
82582,11862.102295274473
82583,8366.72227681732
82584,8032.476385367802
82585,11441.292864634892
82586,10709.35700727734
82587,15942.994716511143
82588,21493.38211181739
82589,14092.9818707907
82590,9360.01937552925
82591,22387.68765680298
82592,15854.365455736035
82593,12675.363673200565
82594,17354.89893804985
82595,18778.58520574514
82596,9247.961904357124
82597,9874.58037371814
82598,10479.641591598845
82599,7886.671841484469
82600,16270.699514221029
82601,7026.059769437973
82602,14226.76384842218
82603,9570.131220600437
82604,12527.138058263348
82605,10997.523417922583
82606,18057.293900613153
82607,9363.627309999732
82608,7709.797594479092
82609,5133.778124627431
82610,7411.443783375114
82611,2525.9718108825223
82612,18104.789546047738
82613,15010.120765712141
82614,21553.3141979129
82615,4378.432393798388
82616,13884.943344424646
82617,16420.412943449264
82618,6951.127763072933
82619,14380.915176363671
82620,11562.409937824392
82621,11139.7208767598
82622,7585.870875206503
82623,10682.064676697755
82624,18462.35485218385
82625,16323.477042320841
82626,10480.48804653322
82627,11129.720039580634
82628,10645.00298147
82629,5658.465970766093
82630,12130.212946244235
82631,13243.697620668374
82632,15382.926028797987
82633,9703.744432903262
82634,6462.979926313424
82635,10812.282916796235
82636,1879.950782875014
82637,10659.442041709925
82638,9745.390452216414
82639,11109.59874877388
82640,7504.706090830574
82641,16269.28133248179
82642,17217.508108159152
82643,7518.658160163891
82644,13529.167339272923
82645,10928.220435234936
82646,10617.354324090444
82647,16845.561081244872
82648,13642.356963978193
82649,9202.233277582425
82650,10175.425425558149
82651,8717.576729126873
82652,9018.01543623962
82653,9195.481368503082
82654,13684.401746089177
82655,9569.266187273488
82656,8971.61764390572
82657,2340.7756530855168
82658,7014.380003640901
82659,9419.991592901713
82660,7568.548424143473
82661,9297.847915385919
82662,7503.208508072671
82663,13457.57247454866
82664,17929.579412879782
82665,3133.454076292022
82666,15759.10461064612
82667,9987.232563144285
82668,9920.20488784671
82669,15226.983122053744
82670,17321.254455174745
82671,18192.923035331878
82672,12305.764285821257
82673,10423.530290581222
82674,12599.68276507273
82675,16746.37595055279
82676,7110.320336022701
82677,17111.322203410673
82678,10697.680092207316
82679,12968.942683712734
82680,12663.390466012317
82681,9969.129352317143
82682,10356.936016891246
82683,9889.37837570148
82684,11209.479167512507
82685,9703.744432903262
82686,7864.307691478333
82687,29573.198618280345
82688,9639.654642004914
82689,16649.193817014922
82690,25578.839045640274
82691,11712.202240695851
82692,11776.039306157127
82693,10645.22734282646
82694,10841.886661108256
82695,12847.678613363418
82696,21944.17378372729
82697,15864.375376169253
82698,7147.79079640016
82699,7932.469053943222
82700,13492.30523380899
82701,14573.606146158094
82702,18019.355913890082
82703,11334.628631302445
82704,8809.5332753282
82705,10235.73087730301
82706,7417.061575434876
82707,7100.978869868376
82708,17085.783230116576
82709,11217.14098459487
82710,12766.440949457148
82711,9286.36959457717
82712,9330.253732468062
82713,11014.33069551924
82714,16889.01681706169
82715,15548.522610329464
82716,10822.345316862884
82717,16931.189347178293
82718,6581.604278518825
82719,16236.797350753588
82720,8510.505118297022
82721,19664.512918496446
82722,6262.5053278054675
82723,13534.27727741046
82724,11583.183487441267
82725,8857.114088092763
82726,14035.228955761879
82727,18823.395565766874
82728,7274.637830911955
82729,2404.1037745565413
82730,17352.04468253683
82731,16238.921898955174
82732,4684.640624955224
82733,10650.505176413479
82734,15028.975628062111
82735,7880.250029464983
82736,4907.538064997968
82737,9536.309902923927
82738,10522.066490443513
82739,13684.103749552973
82740,10394.321209971302
82741,6288.818184096964
82742,7056.379598942648
82743,10921.776836397312
82744,10321.360400980531
82745,8474.921055422268
82746,8096.706494247625
82747,10132.700507074558
82748,16033.309103174213
82749,5261.158442287661
82750,8913.050508372216
82751,15799.36308364715
82752,19930.399719518653
82753,9799.159357097264
82754,6710.464596133901
82755,7967.146326523831
82756,14879.680327039427
82757,11735.99450526498
82758,9853.947421468838
82759,13296.851445136055
82760,16213.891459041988
82761,16276.294218710991
82762,26508.51937390598
82763,16167.535786270693
82764,9703.744432903262
82765,17386.79168369672
82766,17401.72070647423
82767,8876.118422446269
82768,8359.742555022636
82769,9193.446011430306
82770,7420.396818619336
82771,10865.357273096457
82772,9847.049441283623
82773,12624.10987757921
82774,10876.514294597759
82775,10874.70000437011
82776,10656.027526198734
82777,15399.95910187322
82778,9331.225002927502
82779,10021.876993917067
82780,16167.840840553868
82781,13949.650651286896
82782,10551.212527789081
82783,18962.824693723665
82784,11293.408034481814
82785,17152.611726255287
82786,9851.008234817924
82787,19158.823871067456
82788,19573.638354864266
82789,16644.464730931744
82790,13163.40169252346
82791,6839.260895798757
82792,10755.452157265076
82793,6494.6752654926195
82794,14286.753077003086
82795,5953.487406821253
82796,10876.599807082619
82797,15228.869121256652
82798,14199.672608360599
82799,5520.833946728389
82800,13645.786090289874
82801,18011.700226977424
82802,11115.773194266547
82803,13937.756136076396
82804,15438.994570286612
82805,16811.192094936054
82806,15865.354864945535
82807,15475.534996267685
82808,16973.232002883462
82809,20134.86620853648
82810,5798.315117112344
82811,11300.070620630378
82812,5940.126685500343
82813,16651.019731224987
82814,15322.741008438268
82815,14623.965746451453
82816,16115.423477906774
82817,11166.450553032146
82818,8871.738690445505
82819,9102.61593949977
82820,18906.399892368052
82821,10852.704305789088
82822,20537.85191512226
82823,8329.513151563366
82824,9793.597225103675
82825,15502.48049261336
82826,7662.827345751928
82827,6917.40080528022
82828,6288.5459387723695
82829,11085.066489837796
82830,17804.462591241725
82831,16929.427002651417
82832,18931.55939014402
82833,7449.334284054807
82834,17043.11879747985
82835,16505.691984090165
82836,11310.24902664023
82837,9141.084318951056
82838,7421.267154786285
82839,10457.215249393192
82840,16870.71015760788
82841,10762.617053731148
82842,15410.504278046392
82843,8435.14238820576
82844,8509.627985732448
82845,15896.410254220955
82846,10939.20935294097
82847,20461.878944300617
82848,10821.314148937852
82849,10313.170689942992
82850,10957.414877601772
82851,19179.39414940107
82852,7217.174386073143
82853,14813.039888463405
82854,11312.46357132899
82855,13691.106106323212
82856,5268.160754666742
82857,8370.274369780944
82858,11342.874628986012
82859,10248.044703440934
82860,17215.028421915496
82861,7822.978292522028
82862,16273.891340291248
82863,11874.2156281618
82864,11834.487440072842
82865,16721.373652805356
82866,9518.013472416302
82867,27309.58135624514
82868,14032.004506835076
82869,17262.388149819824
82870,12580.910553596781
82871,20572.693859026946
82872,16859.84364660844
82873,7768.921416643535
82874,9391.925654732879
82875,8210.013640897945
82876,13578.213531391988
82877,15101.480560762515
82878,12493.27591428539
82879,13222.682110364964
82880,11148.559942630105
82881,16151.43957252577
82882,3047.4218539314543
82883,20317.967196412235
82884,10240.223894809884
82885,15585.38481043279
82886,19584.164840628044
82887,18483.23621454752
82888,16091.114841282222
82889,8075.404183487437
82890,13030.518282046882
82891,16734.512666352006
82892,19568.158685558043
82893,27984.828347115617
82894,6988.179942599118
82895,8257.418907834846
82896,9635.726591894301
82897,10397.038995832185
82898,16298.900999378955
82899,11369.403869822372
82900,8286.144398561255
82901,11107.117516530247
82902,9687.17840763242
82903,16631.18413938307
82904,17595.07323847381
82905,13741.837424156121
82906,17239.268551290217
82907,8537.81972348231
82908,6832.445490543946
82909,11734.732497816973
82910,21931.599462300543
82911,17849.472054845686
82912,19414.05115470495
82913,19931.440376396757
82914,13329.115812008084
82915,11129.720039580634
82916,17465.313352343965
82917,16916.07806705949
82918,14191.011500380262
82919,20253.208434731543
82920,8564.860142286185
82921,8704.652877631335
82922,10024.273241424411
82923,17657.414087393896
82924,4280.797096058672
82925,15817.783550675025
82926,10326.297113849776
82927,10587.381461192801
82928,7558.900313261761
82929,3816.994188961872
82930,22514.38683233666
82931,8224.940716863555
82932,11779.055667860997
82933,14858.61157448781
82934,7381.206704262951
82935,17286.864231531803
82936,10438.794923966074
82937,13649.02177519249
82938,13618.749788485986
82939,7060.521531270604
82940,5261.437890595187
82941,12985.918049616106
82942,13550.4581152135
82943,7235.022620380238
82944,10434.752933141066
82945,6807.907391598657
82946,11951.930125642382
82947,19689.096511956566
82948,13506.204441279076
82949,10573.085833992349
82950,7159.354483263217
82951,10167.639463736416
82952,15825.182142482805
82953,16388.11120584497
82954,7092.406539124992
82955,7194.85346738713
82956,11323.487411873282
82957,18217.197111938473
82958,13550.622522744623
82959,12369.373428825977
82960,16267.017545568306
82961,3218.8235850231963
82962,11259.963476553936
82963,10022.591285346069
82964,18821.86131438424
82965,11718.237493983677
82966,15860.059887652731
82967,11909.61362287253
82968,18860.57331340617
82969,16412.53690195991
82970,16268.632091450601
82971,12886.065413540307
82972,11973.9195739607
82973,10450.968070977604
82974,13566.168974208447
82975,11754.3060677534
82976,17491.371920417645
82977,17042.945024178338
82978,8619.002111125299
82979,14893.410377338441
82980,9231.844000283776
82981,10424.260090082562
82982,10449.631273371157
82983,23128.225756394517
82984,18229.447780945648
82985,10623.051536484167
82986,14046.735884775682
82987,10644.10724578514
82988,22330.675610063914
82989,11253.045423970409
82990,9553.380452820571
82991,17084.497672392612
82992,4417.846659544204
82993,9881.846598772805
82994,8636.44450700665
82995,16211.869050264682
82996,9637.318985719741
82997,18524.797705534325
82998,12569.242236558015
82999,12002.636478302229
83000,10022.787563052154
83001,19728.510197183867
83002,14589.66631412184
83003,10298.323491615693
83004,9218.702609431244
83005,17678.53816965197
83006,10719.230337703988
83007,15974.889307281655
83008,7111.906715912909
83009,7796.026036830658
83010,8504.514400956321
83011,13794.861498916804
83012,3318.9560294053267
83013,14238.602473700777
83014,13628.120517846637
83015,9009.508994293017
83016,19410.568304536373
83017,10555.390227242146
83018,7576.4155392968605
83019,12941.964420327828
83020,10716.19967707545
83021,9784.613322581952
83022,8399.481979885528
83023,7254.523050357868
83024,16291.954202259942
83025,12820.753645025165
83026,12115.46495070079
83027,16460.388252185574
83028,11340.317805946112
83029,7223.291378950038
83030,2227.9805112867157
83031,10091.703395485316
83032,11442.167123041105
83033,20328.05992741784
83034,13065.377608630846
83035,8874.331279265069
83036,7560.626878735026
83037,15040.842735814811
83038,7791.314556170793
83039,16422.57051421441
83040,7608.001681095239
83041,13119.996660386241
83042,11008.153070512046
83043,12453.131205057653
83044,11340.059257308532
83045,8093.849316378046
83046,13597.318332650142
83047,7191.500320747177
83048,16008.886110361744
83049,18358.51812172475
83050,18252.44181214558
83051,12040.068522805266
83052,16985.5859958344
83053,16611.093188363004
83054,7496.975743619889
83055,9723.778630113777
83056,7428.187485809879
83057,7888.591857909471
83058,9961.462333578515
83059,12277.539767774955
83060,16925.30638447071
83061,11958.486913968776
83062,16390.546234741985
83063,7667.937560343878
83064,8290.772688029665
83065,7808.332679230583
83066,10332.81442672467
83067,6571.19708306914
83068,15108.324598082547
83069,20911.953404443473
83070,11441.558189781386
83071,14098.351882732211
83072,8841.132442414657
83073,9195.278930547816
83074,11953.01201464641
83075,16273.71837777016
83076,17021.917795211906
83077,7990.003839467002
83078,7972.967187338294
83079,12675.373237815573
83080,26793.320384982628
83081,9834.379145534736
83082,17266.93734363521
83083,3910.109003291688
83084,9093.739240678355
83085,13797.501671969947
83086,8100.030414295234
83087,7591.372333596557
83088,6935.006485445702
83089,9915.027372436527
83090,9091.511004628677
83091,7587.352827652918
83092,10397.383159636072
83093,11202.361466858512
83094,16301.090292370462
83095,13069.346102247255
83096,6861.218504193634
83097,14050.156668001559
83098,10684.340760689745
83099,16127.983470081044
83100,10558.641708338206
83101,16268.632091450601
83102,6676.143107261238
83103,17921.511993459233
83104,16149.513112281089
83105,11791.258664975054
83106,10379.018983848038
83107,10876.05913029885
83108,7641.331720820987
83109,8348.18344296806
83110,10716.980104550748
83111,18301.69693515293
83112,13015.446273965625
83113,9008.079099184588
83114,10108.436537621543
83115,8358.642699961883
83116,11756.948259348806
83117,20299.42172307174
83118,12809.006377150563
83119,9029.620244698834
83120,9746.376211592153
83121,7829.627558324898
83122,10974.397534443136
83123,6724.822729040839
83124,14261.963131095848
83125,8839.796627983746
83126,9227.30049047834
83127,12031.439878983943
83128,20543.154109510724
83129,24168.392208760622
83130,17325.126208823633
83131,16622.869319451995
83132,16246.728116452505
83133,10837.87692010217
83134,12308.233202128979
83135,11518.9098118996
83136,15578.454768661075
83137,19421.124584545778
83138,8890.699341280135
83139,4732.468987612517
83140,11655.201921750493
83141,9251.867753555043
83142,15803.719252404977
83143,11239.627106764006
83144,8576.467133211601
83145,14987.515350755613
83146,18119.730563349884
83147,12495.172040539686
83148,9136.952015756406
83149,15927.503339248056
83150,17188.5358319211
83151,16334.807677111132
83152,12004.63805571413
83153,18899.391811849553
83154,8537.699374213611
83155,12525.277031325744
83156,18762.132842998173
83157,9551.276252016161
83158,18887.481439691655
83159,11938.522129757297
83160,18483.122643969553
83161,8821.230434015642
83162,11375.673639591174
83163,5414.8376346515915
83164,13737.628463724042
83165,19584.28152334108
83166,19954.095305330156
83167,20716.89878752113
83168,11125.78074101883
83169,6444.690281543785
83170,10837.600409425668
83171,5915.977148812308
83172,15686.790675803126
83173,7935.3574523896805
83174,10874.210510868432
83175,16197.98280204246
83176,11006.307342922126
83177,15807.22552964923
83178,9762.956680119896
83179,12684.445916452178
83180,11739.443197447823
83181,14017.385664359288
83182,9094.550553913772
83183,12333.819820360815
83184,9994.819155661382
83185,17280.58768204046
83186,11048.950867537102
83187,18120.015426070284
83188,21389.47294323112
83189,13480.037668791065
83190,15441.780504761551
83191,9834.986819773781
83192,16995.2048253651
83193,8139.455712357418
83194,11153.130515967483
83195,20081.02925039478
83196,10934.006965102768
83197,9229.20527668492
83198,10620.094695035543
83199,13435.194855336504
83200,7381.82357272021
83201,16095.472158769677
83202,15968.537760456224
83203,28190.015759145168
83204,9175.70924824124
83205,12881.32838731956
83206,16371.008123240044
83207,8722.103341301854
83208,19155.215699694272
83209,20487.59934671226
83210,13563.339456150405
83211,17620.361905772792
83212,10843.20805000611
83213,10831.200749195283
83214,13676.25257663276
83215,12284.994747060384
83216,10832.005104670048
83217,9905.79877417002
83218,12150.493111546997
83219,11510.530769246117
83220,9774.64810368955
83221,7767.38856328376
83222,17417.352424087025
83223,8548.062046710575
83224,14313.004282064936
83225,12588.143445944384
83226,11097.32880989871
83227,11846.068084642275
83228,15107.143979209804
83229,15758.678303415714
83230,4380.37988750023
83231,12794.190854599561
83232,14216.616543266082
83233,9908.592008122805
83234,14883.782325139677
83235,9511.469631362173
83236,16311.759063158543
83237,9717.256700004711
83238,9861.6423504442
83239,26563.145518842553
83240,17859.362702945982
83241,11548.997829044585
83242,9919.863937961622
83243,8578.718423013892
83244,17338.841407858203
83245,13700.63097157763
83246,14280.358874484149
83247,8358.72052321532
83248,19782.728351117374
83249,13218.068733011827
83250,14904.730827250254
83251,9462.165430030369
83252,16793.226859847644
83253,12533.798846455013
83254,17387.458177184333
83255,16236.528321861384
83256,26338.05911793222
83257,17097.467617160313
83258,16515.42720949793
83259,12736.21005750493
83260,17570.196257492258
83261,9791.486736518731
83262,12315.010736751194
83263,16394.847127372654
83264,15854.365455736035
83265,11264.527974833247
83266,12548.447267819407
83267,14249.45235685146
83268,10827.43450895177
83269,12090.06043452123
83270,10215.788029136313
83271,9804.653036638487
83272,16870.656265987578
83273,4505.762621402316
83274,18563.390918628065
83275,8260.962788768322
83276,10000.447087215653
83277,19601.441080541914
83278,12107.249372024959
83279,11986.142648987421
83280,11410.79338686097
83281,19138.659016302365
83282,15884.734180866482
83283,16001.36528393542
83284,10222.538831168613
83285,9288.885582153445
83286,15172.017011206162
83287,4019.0570544289603
83288,10113.134866006334
83289,10034.729349167448
83290,9814.719906228314
83291,2014.3612467642074
83292,14973.101359508639
83293,9024.31617739249
83294,16190.941914251773
83295,11116.56072369818
83296,16532.893810586313
83297,17750.83939399063
83298,18120.751910435185
83299,9957.941151030916
83300,9306.717926029642
83301,16280.291798539267
83302,9739.538860586077
83303,6196.212222732483
83304,13639.575092008448
83305,10031.964217782308
83306,11398.106750694822
83307,10498.966113878792
83308,14439.185336568304
83309,12044.262241203962
83310,10635.878766424223
83311,14004.304824405332
83312,14139.121733200527
83313,17094.50628330183
83314,14284.834297717358
83315,2798.930157325581
83316,9163.786265007999
83317,8456.868665795424
83318,13921.59739053011
83319,6741.649402553181
83320,13517.511998460704
83321,14404.90740643834
83322,19552.02957952219
83323,8188.914569062082
83324,9723.073231379645
83325,10018.575243828278
83326,31918.90213866976
83327,14098.351882732211
83328,13243.926945776953
83329,9564.738520765459
83330,7908.607769934728
83331,12878.655249544157
83332,17152.880021623692
83333,10847.930360428518
83334,12591.226731730241
83335,8060.61613921123
83336,13714.553513231764
83337,18104.86450266995
83338,7060.888893334557
83339,13816.42767221537
83340,16486.671689924766
83341,4863.0333534955025
83342,10325.456840725858
83343,9949.838224807807
83344,17401.648738478318
83345,20439.37417843924
83346,11546.025216311471
83347,16106.21681087803
83348,13794.977065747287
83349,15205.819782631674
83350,10649.60057813719
83351,16268.632091450601
83352,7454.830313950573
83353,13532.926603244967
83354,13656.030656795223
83355,8860.274892852645
83356,6565.14158097641
83357,18288.32192475191
83358,6697.002785203576
83359,5008.744096230406
83360,16590.007463587714
83361,5192.506377558535
83362,12535.638771939533
83363,10058.276984581837
83364,12054.198276343555
83365,11904.814565314813
83366,10272.159958416023
83367,11131.051807582653
83368,8861.147692823231
83369,8260.821367095637
83370,10186.242885675047
83371,7698.529048565749
83372,18819.81702478554
83373,16644.006065793088
83374,14408.603694722857
83375,11695.225873515523
83376,17609.500792120183
83377,15908.457043142867
83378,13936.509499388181
83379,13067.727301601191
83380,7993.6880006300735
83381,16174.656018592164
83382,7403.807250248122
83383,6814.520544191381
83384,9904.580770703209
83385,17301.6385990337
83386,15758.678303415714
83387,7259.225778931778
83388,9716.033143283317
83389,12677.486716401405
83390,9329.076164120119
83391,9867.879910683123
83392,13047.790222204036
83393,7813.79696900747
83394,18992.239408376583
83395,14161.042776389191
83396,2777.3871645161116
83397,11724.883732616987
83398,12803.130391634337
83399,11421.895298720634
83400,21611.122462999676
83401,20377.978889899325
83402,10883.503616259384
83403,13618.749788485986
83404,16249.315581338988
83405,17266.93734363521
83406,17126.641808932654
83407,12093.647038116991
83408,7341.475493624005
83409,12845.425741119656
83410,8968.892011130452
83411,17502.68955939426
83412,16820.65330507197
83413,9815.222949796922
83414,14447.62494092338
83415,7649.245191160896
83416,7865.090471664395
83417,13639.551088791552
83418,14996.321219694959
83419,8367.874910702121
83420,16181.292275744525
83421,10257.169526280137
83422,18425.795946486887
83423,7102.902230880123
83424,10978.009401909905
83425,11841.833098229235
83426,18129.79049181369
83427,6795.207607509594
83428,18098.706327619264
83429,9815.901603992857
83430,16516.512860691837
83431,10855.2705078295
83432,14049.381574140149
83433,15910.061519730261
83434,20876.551768795216
83435,9630.147862366191
83436,38056.233115257244
83437,19510.284271516215
83438,13514.015672728932
83439,10909.859451631683
83440,9088.523133853036
83441,8025.393513476184
83442,12652.812617959267
83443,9619.276168116028
83444,7857.990718367394
83445,11971.553377989922
83446,16489.737935403075
83447,18141.053672680348
83448,11589.520478116452
83449,11322.579112476637
83450,8390.397654488375
83451,20309.253731370798
83452,15372.588056772624
83453,16395.87049534635
83454,16942.365339841766
83455,15762.902882780603
83456,13425.07786517733
83457,10292.79133091332
83458,17221.86951078005
83459,8541.408259472259
83460,9233.94683352636
83461,11903.208018800213
83462,10536.481535434428
83463,17793.11430317348
83464,7534.261766393644
83465,9017.630101931665
83466,7796.752837136592
83467,6022.9036582919125
83468,11103.94338529079
83469,10031.20280368063
83470,27665.389867849066
83471,15811.08587627113
83472,11045.084588079859
83473,6291.146085729866
83474,5999.572914794389
83475,18180.089889926072
83476,12122.216853908396
83477,11356.666792838909
83478,10022.639161773115
83479,13974.864162000054
83480,17953.77199314468
83481,11113.86176758446
83482,11997.777648749927
83483,7374.220851934822
83484,6179.957263494188
83485,9766.093183116443
83486,13618.749788485986
83487,15836.444647833783
83488,18216.1887968442
83489,16429.135592139235
83490,15778.845357257076
83491,11231.130839079358
83492,14540.487334148598
83493,8973.10628552977
83494,13629.928783382882
83495,8169.878354471186
83496,7816.47249028402
83497,10867.296156567147
83498,16807.27575497339
83499,7604.233754718641
83500,21330.70797965313
83501,18102.060947255162
83502,9732.746103867836
83503,11812.377071617277
83504,13500.316467289977
83505,16498.4986371713
83506,5018.983974051399
83507,17100.257116210552
83508,6090.648067315705
83509,14318.583048246757
83510,6497.850528466718
83511,10763.050935122
83512,8498.741601844602
83513,19106.89465525912
83514,8961.7515171274
83515,11129.720039580634
83516,18316.72807139858
83517,12153.551082986178
83518,10036.67191096694
83519,3227.7646366145573
83520,9706.234392044937
83521,13816.538953043564
83522,11094.53562333562
83523,11779.30925951689
83524,14205.820046032408
83525,9939.830244157765
83526,13138.677415740949
83527,17206.953059547843
83528,15254.406458013924
83529,19763.471533166183
83530,5982.384471000142
83531,6472.872371740164
83532,4026.533514230375
83533,9577.183812965039
83534,7986.930242266062
83535,10851.388527911438
83536,13172.073771759644
83537,10483.638908098164
83538,13957.472206562177
83539,14390.451814253187
83540,7806.61170994133
83541,9808.242890534773
83542,19201.981824496816
83543,6465.496134753501
83544,13859.182805518863
83545,14117.084524309113
83546,16540.244756738262
83547,14765.005462762101
83548,10259.19596033089
83549,10741.119282241223
83550,17296.50101165307
83551,11827.247352447142
83552,17526.950473263907
83553,11692.463386045178
83554,8081.126275027984
83555,10657.922813282823
83556,18412.550558544364
83557,13745.297801971632
83558,15188.231410396318
83559,11779.735536057548
83560,9869.2203817663
83561,18268.088201064424
83562,8915.460755758033
83563,12961.23725520193
83564,9247.829791184435
83565,7179.465931657361
83566,9884.951894829503
83567,11238.93247376231
83568,27722.963033768483
83569,9885.86280102707
83570,3083.160301884639
83571,13221.123547825073
83572,8083.443607930892
83573,18752.592068465412
83574,10770.66931142414
83575,18529.308502507207
83576,11653.138884370208
83577,13649.554380001118
83578,12651.800177791316
83579,19495.01401342414
83580,13497.028146510556
83581,18316.5471093052
83582,15131.919737196227
83583,10145.714405713423
83584,13320.984926730687
83585,7931.696974231441
83586,15235.810197407807
83587,12112.239806263617
83588,2755.717670739395
83589,27925.44216191622
83590,12728.540510857982
83591,9373.165653693286
83592,15764.28117819309
83593,16783.97123938535
83594,9503.289650660492
83595,13641.99456881377
83596,15224.95193413505
83597,19613.609952435352
83598,6172.751674902509
83599,8933.77471974206
83600,7192.358776367965
83601,13906.834648866627
83602,11862.897137548125
83603,16687.291092391166
83604,13585.376382496015
83605,7321.554156879191
83606,14681.271281725234
83607,11568.827462205618
83608,5477.076484154631
83609,16264.447025081872
83610,13500.316467289977
83611,16683.72205233084
83612,16840.49456225905
83613,12223.103315920196
83614,10103.102413829487
83615,12792.296979280283
83616,11731.592604011483
83617,16483.418916385646
83618,18301.29639410814
83619,11038.241352835066
83620,11041.12452214587
83621,17109.00259290019
83622,8716.878978855082
83623,28014.9851056135
83624,16343.624391043415
83625,16522.355439138722
83626,11742.420277474688
83627,13987.568585630954
83628,37564.15429359278
83629,10365.815641961548
83630,11258.401932485884
83631,13585.069764836946
83632,14128.650681370485
83633,10683.445855137286
83634,13252.523652223575
83635,20622.23012992851
83636,10723.481200359887
83637,16756.16261199252
83638,11771.042654122908
83639,20213.350836495323
83640,18319.673999811625
83641,10648.95100497348
83642,12898.598487844718
83643,26804.39587194254
83644,25583.71945261536
83645,9615.559295012847
83646,6863.381879828901
83647,10251.750151376105
83648,18268.088201064424
83649,11045.329229347659
83650,15520.04124505377
83651,11070.069602696127
83652,20348.938458291126
83653,14986.633759450053
83654,18500.416209102877
83655,14989.443956328563
83656,16516.512860691837
83657,14096.775368947125
83658,9289.772883027334
83659,11314.246085746361
83660,12882.178677171802
83661,18709.602246763126
83662,17524.2540280632
83663,6293.073551625058
83664,10207.47074275561
83665,12981.966587753566
83666,10035.152569044285
83667,9656.422490150791
83668,7903.6799192389135
83669,6895.902112353327
83670,18104.633271173145
83671,11667.724811527922
83672,8862.787852103907
83673,20099.778175396925
83674,10415.960993775614
83675,9587.658977353867
83676,8458.772559919002
83677,9442.303066331138
83678,15928.542835884273
83679,15872.256707770772
83680,17235.111293049627
83681,12751.595741264156
83682,16492.781564197874
83683,10625.626261200945
83684,10441.854928317462
83685,9308.796749485784
83686,12321.34045866349
83687,9608.20305056225
83688,10905.633204394726
83689,15914.444124552689
83690,11425.049323507315
83691,13039.954731664324
83692,16761.527374819
83693,10867.296156567147
83694,21996.93634518254
83695,10005.361264239062
83696,11847.54725260406
83697,8518.748209940286
83698,11209.856520472133
83699,10436.40503165381
83700,12103.680885251248
83701,16188.450971816914
83702,9141.116858248946
83703,17254.3402528073
83704,17533.387952556885
83705,16906.48456468414
83706,10601.89132887289
83707,17148.234061876818
83708,19336.64397086382
83709,16941.280506012023
83710,8870.19234453549
83711,22579.22582190124
83712,12521.35427704671
83713,15530.687502452369
83714,11735.79790009654
83715,14384.78670202461
83716,13500.316467289977
83717,7906.250746124674
83718,13301.011044773966
83719,19927.388826606137
83720,18024.606404855782
83721,25034.606942170634
83722,18571.711670266865
83723,25206.279861616375
83724,6267.493551750979
83725,11156.348556249888
83726,10870.107644456808
83727,17896.330602331673
83728,14830.011784490458
83729,10380.661012732311
83730,9324.84313839841
83731,20305.418354678535
83732,12829.360136583651
83733,8268.368120177869
83734,20855.15626272377
83735,10702.585775605387
83736,17288.00767373127
83737,9307.54053848958
83738,9316.52495067535
83739,18387.640505696287
83740,15881.228640937683
83741,16220.2419680955
83742,9406.618848120419
83743,7197.033059915042
83744,5742.684173348539
83745,6290.423226537909
83746,7343.302912806589
83747,17497.19700618473
83748,10151.323871746312
83749,6783.6352197641045
83750,17748.93508112686
83751,11174.365730951793
83752,7691.475734261965
83753,10526.269314115565
83754,9570.131220600437
83755,9893.117624042328
83756,6143.602873521307
83757,14372.069480948468
83758,9532.861159061542
83759,11651.80367071936
83760,12000.62707045468
83761,8698.69213646673
83762,16217.69768173403
83763,9736.616001588742
83764,10915.182421933916
83765,13561.341599849738
83766,11274.486472228013
83767,12302.15209474915
83768,22031.001755168407
83769,10570.712173077269
83770,10568.033103571228
83771,8953.325708979426
83772,12231.569500799249
83773,10336.797803289614
83774,8457.464422908453
83775,12151.394784124624
83776,8622.898312341918
83777,24949.962173663946
83778,25152.449427193216
83779,13007.233554087607
83780,16161.198733558862
83781,6166.489100199833
83782,12250.336380426186
83783,15356.062159319705
83784,11144.76284498492
83785,15131.206106469332
83786,16815.162797485034
83787,13935.65623357342
83788,7815.204678074618
83789,16172.985914007642
83790,10758.390029890232
83791,13148.591389443407
83792,13426.069769401116
83793,13254.110117766197
83794,6560.380033466822
83795,10618.210439252935
83796,6087.458386339011
83797,12675.922002931966
83798,12710.081547919584
83799,11952.151059791682
83800,7800.178639714071
83801,12574.342871076278
83802,10175.243809831592
83803,9309.337082123067
83804,12907.068796188707
83805,10532.197636519004
83806,12818.17591995405
83807,14795.399536894083
83808,7423.815170971317
83809,12649.623371238826
83810,16029.63186403112
83811,9209.273850340782
83812,10588.742990609671
83813,17083.21026448747
83814,10005.293563067273
83815,16284.997968425314
83816,17274.24916338488
83817,6742.981159094403
83818,8691.523303272319
83819,17287.10566367979
83820,8711.890245260243
83821,11070.064151506696
83822,8390.040158375907
83823,14386.736441364646
83824,17209.81346343546
83825,10573.099242109254
83826,15854.365455736035
83827,10715.859580796676
83828,9475.122480156904
83829,10957.479413883477
83830,8069.6420151222555
83831,10074.442615274942
83832,16196.235408843691
83833,11025.79682608642
83834,18169.313548402693
83835,9499.974313327377
83836,8716.551108098216
83837,9882.459715162604
83838,6337.101653895189
83839,16807.02409269765
83840,8856.62131945591
83841,8600.329064351994
83842,6545.582880086481
83843,9668.06575839434
83844,8523.825987723034
83845,15175.605981328676
83846,7178.4019950054535
83847,6053.274026514501
83848,16076.742772841455
83849,6627.6716781939285
83850,15802.644635358174
83851,15298.754347876567
83852,13591.669920549994
83853,5399.501196987749
83854,17275.65976832877
83855,18980.91442505638
83856,2755.7984005175745
83857,8244.830654989448
83858,11379.6807122704
83859,23441.745826027505
83860,8515.754967351604
83861,5682.321380728347
83862,9789.52871600326
83863,11990.509790259439
83864,7190.536929730917
83865,10850.62202907269
83866,16930.015999415333
83867,17279.177138603645
83868,19029.4678877657
83869,21802.111208878556
83870,10032.207926054485
83871,16287.253001533527
83872,7375.473113485691
83873,10683.453360167532
83874,12719.048282438804
83875,6557.102307619595
83876,19468.013482013477
83877,5214.9111881504705
83878,18309.174696524617
83879,7180.39545220938
83880,8372.49399969392
83881,11592.251968736793
83882,8108.003510020401
83883,7411.443783375114
83884,11771.042654122908
83885,22640.299321482587
83886,17305.011793778125
83887,10934.086585337049
83888,11093.941841204416
83889,10713.22850375308
83890,17192.133955379606
83891,11646.2323229765
83892,15798.684093033293
83893,13356.559693496327
83894,9905.568603629983
83895,18413.32536315374
83896,7395.103347530628
83897,10707.946884050525
83898,6962.779743670179
83899,11210.546339124228
83900,4322.3531942243835
83901,10420.998764317648
83902,7540.49614967636
83903,9821.38766476118
83904,10477.144920321378
83905,11628.374811445317
83906,13954.196553749747
83907,18063.35399995531
83908,17526.184750262106
83909,15386.008922460916
83910,15206.921936630742
83911,13744.457782198948
83912,17956.53914212918
83913,20277.1404188304
83914,19180.400362837318
83915,9809.800971582115
83916,13622.038272729198
83917,9335.425326269939
83918,11129.720039580634
83919,11451.24622957948
83920,10080.142305432533
83921,12393.483822438815
83922,13529.210080900952
83923,15968.243104155175
83924,11435.277134801661
83925,12211.603590519815
83926,23073.97173094087
83927,14423.980449497563
83928,10376.127450258817
83929,16469.861537664958
83930,9214.59138565984
83931,19273.206237832972
83932,7271.307010019292
83933,16829.26296748191
83934,10573.5770678422
83935,5113.220283846855
83936,5702.727318278222
83937,11408.51503925582
83938,23447.453889228873
83939,9879.96246654236
83940,12885.760606458029
83941,21068.199796350844
83942,9875.12213008602
83943,10740.167726174788
83944,12867.273255946355
83945,15415.066449122418
83946,8827.061857742658
83947,7874.481491676002
83948,33469.11551045958
83949,5271.971943021292
83950,10705.107795262069
83951,15948.861738037856
83952,10931.936908101903
83953,18435.43927229103
83954,13518.488725414125
83955,2396.565389835537
83956,17050.143779493752
83957,20288.6182200182
83958,12984.334842230377
83959,8817.199497706999
83960,13023.282812024934
83961,17803.37773798452
83962,10371.22983801683
83963,14454.522440400602
83964,8233.986719966402
83965,14550.773799645607
83966,12291.118642777015
83967,13870.068658748552
83968,4324.272155191963
83969,14896.456434901482
83970,8226.433552585282
83971,11981.042176312258
83972,17558.760677151968
83973,17926.44235974236
83974,11379.6807122704
83975,18942.326223419033
83976,24177.26633853715
83977,18831.984534786916
83978,6666.923375985536
83979,24502.83210677839
83980,3762.2192973151914
83981,14205.725614029487
83982,8433.99098831136
83983,12283.295957602868
83984,14849.332894442778
83985,16881.231170043055
83986,15837.354876667618
83987,13997.132560238628
83988,10572.00561774949
83989,15905.71434359569
83990,15836.428155652678
83991,17821.39886313164
83992,8472.730580908174
83993,8470.385787804978
83994,11049.07838264239
83995,5554.964219530322
83996,7482.049516868616
83997,10653.183390084154
83998,8807.15946878295
83999,5386.6968498427295
84000,11276.202522702317
84001,14931.377879044045
84002,7955.036971498965
84003,9541.369748927646
84004,8402.145027454846
84005,8489.859051126356
84006,13588.840736523995
84007,13531.360139125361
84008,7070.761120694341
84009,17331.08242877724
84010,7758.073583576619
84011,10968.29064537255
84012,12187.02832529006
84013,7826.355151083978
84014,9196.260758296796
84015,11215.30128613237
84016,15391.958432187932
84017,16029.51124635583
84018,14629.636049980389
84019,15939.273176580433
84020,10301.792509083378
84021,11157.820238573684
84022,9692.269842338415
84023,16779.894382009003
84024,13370.356878282184
84025,24054.913396778276
84026,8630.591308975427
84027,11166.450553032146
84028,13847.715331590072
84029,10683.006447455798
84030,10515.276413493517
84031,7500.283242577772
84032,20123.54009081075
84033,16990.33346593699
84034,11090.928643547015
84035,11224.529707310783
84036,12294.383982648553
84037,9467.684095932547
84038,11888.464042901354
84039,17115.674871646195
84040,13286.376187280117
84041,14231.981927426415
84042,9044.113623147057
84043,9934.866157218588
84044,11757.844714367266
84045,7678.21002913112
84046,20176.36727571471
84047,18159.041497605347
84048,16205.345598343885
84049,16478.294144886077
84050,8368.203805044532
84051,11221.993128228638
84052,8125.1572695706745
84053,9577.111837410648
84054,18627.5849795777
84055,6490.685748355326
84056,8841.104630754411
84057,5815.410345994398
84058,18881.764037940375
84059,12191.834376535193
84060,18538.110350214738
84061,16125.726066456367
84062,10869.872040440561
84063,7382.649040281509
84064,14389.8418682587
84065,17963.380367825783
84066,9308.57833858795
84067,14629.924899201595
84068,3583.106132788858
84069,10996.374154640296
84070,12231.133841445482
84071,10867.296156567147
84072,6949.131025407674
84073,11613.170353693866
84074,6530.608340455291
84075,13530.580258144333
84076,15195.397612034796
84077,9334.153277418123
84078,6845.0816133401795
84079,14616.485081274748
84080,17115.04562032086
84081,10510.373933119961
84082,10256.27027878192
84083,17842.97526548775
84084,10503.048018551388
84085,12919.13476625719
84086,16209.171108694978
84087,9103.710871959525
84088,10141.62106233645
84089,11011.033306525056
84090,15164.695158795143
84091,6883.126466576536
84092,12169.096694824453
84093,6981.387565289155
84094,12041.850028086299
84095,16381.804783400326
84096,8077.378525773723
84097,17262.598298498648
84098,9584.31941127
84099,12440.264993038323
84100,7123.954726405029
84101,11420.763368401114
84102,8469.75812541969
84103,10538.620204033006
84104,18293.524431303264
84105,15184.736003466349
84106,10287.223113135306
84107,9598.818151172305
84108,10485.115872246712
84109,4746.419679542514
84110,11853.483469055334
84111,17335.76229302293
84112,9199.906321181243
84113,11076.534578295406
84114,10926.159551943381
84115,10348.74899408845
84116,11798.83246280219
84117,16491.87365394794
84118,12541.271037216537
84119,15078.369024074911
84120,13076.881886440531
84121,25694.444719624295
84122,11002.770398672963
84123,8866.11060597039
84124,10950.429591426475
84125,13662.123061556877
84126,16209.70684941155
84127,6405.592131643573
84128,16840.53734339156
84129,13560.624788463141
84130,15585.38481043279
84131,17827.781138204202
84132,9886.438592144938
84133,10097.727550779711
84134,10896.683978098414
84135,11727.483374011106
84136,16210.349794913784
84137,6846.5879110949645
84138,15755.297208861944
84139,6337.101653895189
84140,19202.49494140851
84141,12742.986268016877
84142,6596.406794713613
84143,12891.65521593154
84144,15188.231410396318
84145,10161.761584613636
84146,10957.63417136864
84147,14514.10430029734
84148,6983.471183724246
84149,9454.066807517076
84150,9791.34442428493
84151,5871.084814005683
84152,7967.230811015691
84153,16568.770887084618
84154,10090.806641515339
84155,17493.57701859374
84156,8417.703602376712
84157,14226.35844627971
84158,5363.333137619442
84159,15543.651531573374
84160,16562.048604298765
84161,10741.284421039387
84162,15777.940238662868
84163,6870.453274364578
84164,11736.062604725648
84165,11001.991681974274
84166,16486.11891092757
84167,11642.779375826625
84168,8277.988337037297
84169,7558.107584192105
84170,10577.77838082646
84171,8787.034910576247
84172,13998.780926864394
84173,16699.817538427676
84174,9601.092695392314
84175,13037.169835141589
84176,11324.757535065186
84177,11791.258664975054
84178,13589.111561120739
84179,13398.304687552769
84180,12060.485229262926
84181,20021.25420410223
84182,11843.28114214617
84183,15743.383604640381
84184,10600.544289818365
84185,27339.48986907745
84186,6458.764001908429
84187,12059.890039856844
84188,11156.09605481692
84189,11032.359988871127
84190,10892.125748682638
84191,7439.733781678908
84192,18870.884393851422
84193,15893.333676654902
84194,9794.569396110606
84195,7675.7119134424975
84196,2885.98060217252
84197,10033.719226310584
84198,4182.726181993152
84199,11973.807138601598
84200,9815.472365290057
84201,5897.301675411758
84202,9652.928997626253
84203,17044.174431585434
84204,9888.010347664062
84205,14834.966710951987
84206,7146.243581428055
84207,10034.253663868594
84208,10238.12811822383
84209,20426.66057731844
84210,10784.57132083859
84211,11297.979575139245
84212,2551.4709683916703
84213,21219.23724160337
84214,11160.688718620913
84215,13150.346083246592
84216,20262.990702917694
84217,17100.873644573203
84218,6379.7939599424135
84219,10773.052053708469
84220,13723.841304140764
84221,12321.414596242175
84222,11899.734751347618
84223,18908.892286051356
84224,18103.123989814307
84225,18747.653817990118
84226,13821.092197233675
84227,16325.881664298544
84228,6526.6336161710105
84229,15949.839571919187
84230,8533.714289166746
84231,11424.681625451936
84232,11221.90113538459
84233,9149.535398744563
84234,13278.976834631247
84235,14954.939325531961
84236,8123.246164849257
84237,5570.031912153973
84238,9570.131220600437
84239,19589.836497130244
84240,14919.853691298751
84241,14062.697663488048
84242,10095.398425971114
84243,7862.272367121346
84244,11816.577369648963
84245,17146.039036503615
84246,10719.1947152692
84247,8414.275000997652
84248,20337.08226276058
84249,21553.3141979129
84250,11354.854207406052
84251,10999.525857251576
84252,9614.955495046659
84253,10231.06333218094
84254,11158.395526588836
84255,9303.70266463708
84256,10292.325539558049
84257,12927.835862685008
84258,15235.654042000551
84259,5086.890389328092
84260,15236.90341982432
84261,13527.21557002325
84262,9122.991205121618
84263,10647.108630560328
84264,13273.936138260993
84265,3426.2049857319575
84266,10299.6770707033
84267,19493.213249273154
84268,13446.271479815357
84269,12433.518251029986
84270,10600.472065881562
84271,16045.49606774298
84272,19887.750222381732
84273,12399.333855112487
84274,15970.89988258171
84275,11702.881654494911
84276,13348.631699542813
84277,12717.912216693612
84278,10867.296156567147
84279,18276.065275651123
84280,17101.335190597645
84281,18511.8521189255
84282,14390.451814253187
84283,12030.10318093735
84284,12057.875167860957
84285,5328.423084088246
84286,5893.91557423063
84287,19288.833339953355
84288,13527.241080290944
84289,9390.702852397075
84290,9617.3442746685
84291,11241.377933539352
84292,9691.44385025204
84293,15811.699895418753
84294,17585.08459342019
84295,11614.240338834461
84296,13851.949426141668
84297,22102.606517567216
84298,16891.91960630454
84299,10852.269888658726
84300,11024.22964004929
84301,13207.841033366345
84302,11214.752773350954
84303,11495.436551235707
84304,8655.77408705403
84305,10176.234256821494
84306,10064.778067231084
84307,8678.628414359444
84308,20746.753961189235
84309,10942.344869093271
84310,19023.126809460926
84311,11864.74458070825
84312,9844.874724721676
84313,10518.786884012849
84314,11251.137696312839
84315,17691.04898529411
84316,9136.938341075956
84317,17718.162680692916
84318,16937.245222942907
84319,13489.097254917275
84320,11379.6807122704
84321,18745.94673538465
84322,19728.510197183867
84323,10223.822036184427
84324,9886.657119718562
84325,12211.529881082672
84326,19990.43657089968
84327,15952.509281134804
84328,12026.060501917726
84329,6467.047629789436
84330,19617.50968008517
84331,15865.354864945535
84332,22585.354361205686
84333,17590.13234021744
84334,7619.862642185216
84335,10396.004773881408
84336,17024.140806276773
84337,15834.9896538989
84338,24236.820900206807
84339,15986.236771406031
84340,15898.796273288177
84341,12651.659989497228
84342,15599.710798309972
84343,10529.652555932453
84344,11693.450981821785
84345,7232.53086920747
84346,17655.822552021906
84347,10300.114641181359
84348,11157.820238573684
84349,8800.771234526928
84350,12640.380528210862
84351,17571.00363631487
84352,13827.638363603652
84353,13091.3265411983
84354,15197.978384693817
84355,10866.352977894103
84356,20254.101134025394
84357,7442.900978019614
84358,11564.881383103046
84359,7506.182020566487
84360,7831.325674871756
84361,19467.134005478423
84362,9376.98174145032
84363,16141.865264920852
84364,15311.15991025742
84365,9068.03240266465
84366,9572.253829945985
84367,20109.563385652174
84368,18387.71758151815
84369,10230.159525743393
84370,9781.222172710366
84371,11554.588550852064
84372,10650.760864876129
84373,7825.70670906274
84374,9836.914665355765
84375,9766.773338710962
84376,12651.312930046974
84377,11486.118503167489
84378,8716.551108098216
84379,12918.191982897542
84380,12682.23663794459
84381,5700.243083457634
84382,9167.900860487673
84383,10953.20524057417
84384,18317.382279838057
84385,9791.071628165659
84386,16420.587635175136
84387,11772.851625371986
84388,13774.404079066844
84389,7589.541412860018
84390,6284.7275718373585
84391,5914.036558806736
84392,16492.770006264825
84393,10253.735141366595
84394,10998.059641647818
84395,16196.908030532994
84396,9476.464140125805
84397,17768.91829104036
84398,8461.719523889247
84399,27314.52414880963
84400,15309.076828774532
84401,10365.09301908279
84402,17881.010800001764
84403,18388.321802229606
84404,11055.722612866837
84405,12944.03114184475
84406,10153.091793804439
84407,7401.530352707489
84408,13237.279654646514
84409,9096.150931956796
84410,14765.447798219704
84411,11753.940572585376
84412,11504.018996373485
84413,13999.256772190776
84414,5389.178971972385
84415,11238.36385145722
84416,10937.247922341778
84417,13908.3746563501
84418,13620.464900591449
84419,10490.39381738426
84420,18316.2555502826
84421,10959.605479857766
84422,9199.906321181243
84423,10760.209138478427
84424,16318.996974715263
84425,10176.47795340986
84426,18379.317473259132
84427,11129.720039580634
84428,5983.7499478371965
84429,6325.644252207494
84430,11974.419116953783
84431,16236.747393204832
84432,7747.042962733195
84433,6245.578243809735
84434,17891.7681014115
84435,15019.4422743012
84436,10008.263923777104
84437,4823.017774680642
84438,9598.602723034757
84439,14662.840769466233
84440,9931.066633851773
84441,9323.703673603673
84442,7207.702745572837
84443,19950.887382345063
84444,14765.447798219704
84445,16051.716268392145
84446,7209.649412305737
84447,7732.189797589567
84448,21085.842868017902
84449,4585.937581109314
84450,20405.95241374804
84451,3655.200311703106
84452,17536.73022708533
84453,8173.160934067547
84454,19419.313026780743
84455,17811.703725244603
84456,18209.911251586844
84457,17331.04875551292
84458,14121.745971959885
84459,8451.528335601024
84460,12432.555951891005
84461,16320.815309686624
84462,15881.553625724408
84463,15884.25826230769
84464,14153.822582135526
84465,12314.489378563767
84466,11893.973902321979
84467,13251.437393456406
84468,9828.114904693099
84469,10618.896747720659
84470,11418.539383201622
84471,13007.278404618746
84472,11166.450553032146
84473,14393.765085633982
84474,17447.321246645388
84475,13718.75621210425
84476,11969.848835776289
84477,16066.303227063305
84478,20544.899402279836
84479,12248.068107730618
84480,12476.111682679977
84481,18682.708975790454
84482,18760.328492790755
84483,17300.931736804236
84484,6102.085097368071
84485,8567.270696302527
84486,12935.738746873923
84487,17379.29573382464
84488,10746.285118654228
84489,11763.660198521507
84490,22559.21019431882
84491,10446.849723268833
84492,11843.612836394206
84493,10513.932898506107
84494,11020.659205410775
84495,11226.914108193627
84496,11771.246197209684
84497,20495.790046451937
84498,13641.922218952228
84499,14203.946306581647
84500,13371.454276347575
84501,15884.694348296665
84502,17874.588880784122
84503,5077.998501858174
84504,10608.45666835294
84505,11836.676172836558
84506,18966.283282196
84507,17111.84225318508
84508,10154.376974319712
84509,16168.132360325351
84510,9319.377792166966
84511,19165.934284730673
84512,16660.892770434966
84513,14140.8125664937
84514,9238.581314433743
84515,19187.686918379528
84516,16316.712966767831
84517,10205.001795030646
84518,14507.02835662247
84519,6384.99874407029
84520,10756.280312755127
84521,9163.422847580003
84522,10809.114371368449
84523,18135.614549776223
84524,13103.799164933338
84525,8328.814433759338
84526,19381.97954495729
84527,8547.465180452708
84528,16802.662379919133
84529,11187.284095779996
84530,6401.138065009643
84531,7909.807593096101
84532,9160.202844206857
84533,7139.063079343396
84534,9978.381041765686
84535,10318.822773947457
84536,8456.974583284857
84537,13649.680173906603
84538,11599.098345284072
84539,16038.122371335365
84540,13909.156962479756
84541,21653.161858948355
84542,11315.98152207236
84543,11092.525414693411
84544,7465.775573379801
84545,29520.86562690102
84546,12440.796428712049
84547,13585.069764836946
84548,3324.9508829487113
84549,11328.895548732597
84550,11034.605586021762
84551,18200.061154009465
84552,10533.78263768892
84553,14112.614920427308
84554,8291.613393384607
84555,17936.409793620132
84556,9605.041843072833
84557,11506.022644426224
84558,12912.968535793418
84559,10963.609873606481
84560,6956.271259698613
84561,6840.292767539645
84562,17042.945024178338
84563,8685.946214457454
84564,14491.36523323647
84565,18388.725145627574
84566,10726.284815326275
84567,11012.363500760537
84568,18162.183306399635
84569,9917.842220721928
84570,14209.274455674305
84571,13373.314661113209
84572,10690.549999336765
84573,16581.203698779056
84574,12305.710747227386
84575,5969.348647851633
84576,8367.874910702121
84577,9091.938230714435
84578,8919.9790570704
84579,9908.009158742696
84580,18420.197706127212
84581,16298.900999378955
84582,8270.915371951156
84583,3286.864464471852
84584,8110.828918879522
84585,9726.5523784303
84586,2009.384783338066
84587,13692.272812945841
84588,9896.533681604868
84589,11205.566791746094
84590,11154.135917803698
84591,19404.5995534878
84592,6826.27825948524
84593,12144.31095507837
84594,7043.701858642163
84595,17050.783014854544
84596,11289.74759712358
84597,7646.621498215009
84598,20912.906554681264
84599,7501.349642262347
84600,20403.092477419716
84601,7056.0834868511365
84602,6942.0447046848885
84603,9214.354939389797
84604,10031.440825227555
84605,8198.868069266482
84606,12519.476695269812
84607,17539.94952418376
84608,17672.483868361436
84609,12332.726594239213
84610,4897.077989718865
84611,13015.943371842734
84612,9036.98674605488
84613,11953.772438105012
84614,13420.83635349085
84615,10630.032513015492
84616,16337.925248926042
84617,8404.014115655902
84618,11840.800890623186
84619,4670.814427741489
84620,11845.127082301247
84621,15872.99896072138
84622,13459.984399510124
84623,16664.526481831443
84624,9728.953490002948
84625,13340.866326394036
84626,14049.610038835977
84627,11826.077400875183
84628,10829.464062323963
84629,10557.07874207589
84630,17484.551631992468
84631,16175.144285696648
84632,7040.1637664670125
84633,18250.075419956607
84634,17008.706287585806
84635,10525.217610321482
84636,8208.300541658486
84637,18422.905902670638
84638,5956.016992022082
84639,11944.585844708063
84640,15782.666236507566
84641,13828.868758648376
84642,17340.164822724535
84643,8856.027356014798
84644,7623.17967713312
84645,19825.85594643648
84646,10326.143075672286
84647,19899.361537657645
84648,13294.71024939583
84649,9774.0655297763
84650,9330.77503980386
84651,8345.962031210678
84652,13377.828018903954
84653,8189.016053657598
84654,18047.286081678554
84655,9243.47007436541
84656,10988.052035422757
84657,10601.017673654185
84658,16708.960800562603
84659,18446.320005333768
84660,16910.340405413663
84661,18112.767140748216
84662,11217.14098459487
84663,13582.850716265468
84664,13549.734004040289
84665,7535.537481667793
84666,16259.525878550396
84667,7161.893048131088
84668,10950.206904891991
84669,14552.888006681324
84670,18146.853938487697
84671,16202.553102157402
84672,15872.147174787542
84673,12214.315558285092
84674,17383.777196443174
84675,15732.50037870265
84676,6113.037463496119
84677,11058.030120849784
84678,7875.386029365036
84679,12735.853556183854
84680,6443.641020337413
84681,9342.462841024837
84682,20253.208434731543
84683,10990.262096127844
84684,16232.213798833942
84685,19188.78620361362
84686,6648.621398819642
84687,18425.73688107149
84688,12684.190270250605
84689,6846.367108530699
84690,12814.462338145573
84691,6284.686870414532
84692,16232.723967660815
84693,13489.314154722946
84694,9221.960666297571
84695,7188.225490028835
84696,27086.204585315434
84697,18231.11666687936
84698,10753.721534868337
84699,8004.037225535232
84700,14137.035922738736
84701,10310.342952717569
84702,8411.17155257675
84703,18483.122643969553
84704,6087.458386339011
84705,18680.942331298924
84706,18428.540917443537
84707,6753.940222546661
84708,13912.025820193468
84709,17081.978026117293
84710,7403.32783839229
84711,9669.358097962158
84712,11203.26962781436
84713,3007.1966947141514
84714,15884.847984587317
84715,9392.836877896978
84716,10903.1808421821
84717,5752.522153909317
84718,6233.818195810906
84719,15839.467055704597
84720,10306.258813873554
84721,12294.270839180865
84722,15494.677494682937
84723,7061.643378975419
84724,9856.44178644664
84725,11289.279801116732
84726,9735.409649027084
84727,8174.651176286511
84728,14676.448341616435
84729,14758.653630575734
84730,9216.459487835258
84731,20617.70583690224
84732,12519.61554302432
84733,6478.42522350098
84734,15811.08587627113
84735,8609.393680036346
84736,9609.457705685309
84737,8944.347199929756
84738,9101.099298737472
84739,10398.565633287062
84740,13339.856698140346
84741,11746.607012283754
84742,19838.02060123663
84743,17624.35470508135
84744,10195.01221886515
84745,16559.630511269672
84746,10337.460930548481
84747,11773.035358330473
84748,12243.768000256503
84749,10948.399188022478
84750,13359.162096676355
84751,9259.695130081518
84752,9642.92330996663
84753,7709.797594479092
84754,18180.56517059621
84755,13783.876583130803
84756,5338.946638183341
84757,17383.777196443174
84758,9787.224427864105
84759,9761.034200808841
84760,11432.185703135283
84761,5370.54739165316
84762,9951.8818859623
84763,6758.0742938236435
84764,6401.138065009643
84765,13295.845902062681
84766,13132.064627854788
84767,9988.303918108057
84768,11647.230574900897
84769,7946.306337922304
84770,11551.248059455573
84771,8736.46374903199
84772,15874.388381843683
84773,10026.30556397678
84774,12069.559580361141
84775,10234.993273809363
84776,8248.44463562499
84777,5715.733979467651
84778,22764.578815568264
84779,9935.875506265887
84780,16615.65729031521
84781,11971.553377989922
84782,9334.153277418123
84783,16080.406373264994
84784,9529.64380570421
84785,10078.602290319957
84786,16644.627783467404
84787,11869.889692810812
84788,19273.206237832972
84789,13585.376382496015
84790,10055.119157402025
84791,9815.82381298394
84792,10867.296156567147
84793,16023.11057798307
84794,6297.784302361359
84795,19219.947086366512
84796,16905.9129379585
84797,15899.984017771289
84798,9581.194154155075
84799,18100.456493220136
84800,8301.562257073421
84801,13760.155393517929
84802,11531.858462173906
84803,9498.898676284738
84804,14214.614376686844
84805,9011.686025373481
84806,10263.849202130941
84807,6614.1884327290945
84808,19337.450699564968
84809,16418.239862641727
84810,6014.445873059822
84811,16236.042194002035
84812,17250.919140528007
84813,10334.839664187462
84814,16741.3777063679
84815,13519.258942729984
84816,17364.129146277264
84817,6542.507689011268
84818,17209.286178014365
84819,10205.469170166572
84820,15761.665740086646
84821,18173.146216592093
84822,9805.814063324844
84823,7432.604627152992
84824,10613.099718901747
84825,17832.445891848467
84826,17885.189404287874
84827,12597.886490802579
84828,7313.5574912496095
84829,10140.993259125078
84830,9027.850509268259
84831,9630.110448882739
84832,15296.459409550962
84833,15460.253545638423
84834,9941.501453908279
84835,7112.2683095675175
84836,9915.002258686865
84837,18905.838243230934
84838,16126.696932861747
84839,11792.883342149364
84840,11835.399011653657
84841,8351.73693948556
84842,12047.475784767707
84843,13667.598943105413
84844,13298.25474461073
84845,14365.273742749923
84846,9865.567863719354
84847,12850.320649675275
84848,10607.509657470668
84849,10977.879310045158
84850,18075.663899689887
84851,11813.165553630517
84852,9629.07269345248
84853,5920.974624282109
84854,5373.902855361457
84855,18621.890162990956
84856,15865.354864945535
84857,7915.085464721623
84858,8460.845429699068
84859,7950.208231134472
84860,10530.529650118406
84861,18166.340613882196
84862,11216.742152895193
84863,11508.285640249538
84864,10678.688034935642
84865,9268.249926956361
84866,3417.3456174009557
84867,13606.926123826404
84868,8508.245819216025
84869,16551.556354999004
84870,18103.692484625528
84871,13306.8997160928
84872,16002.099840411509
84873,13566.268306439095
84874,15873.178108209859
84875,17157.61730465708
84876,14305.273203961506
84877,14988.943563970583
84878,18777.347351518565
84879,20495.824405232124
84880,7504.706090830574
84881,7460.6682066858
84882,13964.457653709265
84883,7419.443295810259
84884,13038.140576868604
84885,7560.819613569318
84886,10841.58194766251
84887,13373.314661113209
84888,12120.693634816871
84889,13628.120517846637
84890,9480.43053900944
84891,7266.968572934965
84892,7459.652690366195
84893,12934.041152880745
84894,12363.81705115703
84895,10615.694009224857
84896,13324.290003079213
84897,10817.516675465777
84898,9982.013167907373
84899,7265.728396917254
84900,7422.4300042301775
84901,24164.2851128101
84902,10919.801222329648
84903,10484.981200642587
84904,11482.25995222145
84905,11220.669036832222
84906,7363.004481285465
84907,10307.963198744277
84908,11370.896280982783
84909,8452.650055231403
84910,13165.433217186579
84911,1750.651506955539
84912,15732.611714868279
84913,9402.405899190693
84914,13965.408762031379
84915,13538.089783669477
84916,15799.83660467763
84917,12923.247635794545
84918,13360.119700616853
84919,7690.716883654928
84920,10963.833116375698
84921,11781.4085867971
84922,21531.196676936393
84923,16271.156956667326
84924,16429.26396402365
84925,13504.558208882076
84926,9259.560166164341
84927,17294.705668224637
84928,11658.389667232259
84929,11787.592141950005
84930,8892.559760177031
84931,15681.448734682212
84932,9767.126141154644
84933,14742.333105009677
84934,18060.265877233913
84935,16787.04323564441
84936,17496.793002606173
84937,17080.459240290704
84938,9770.732098371514
84939,10506.537136819292
84940,10793.9482283613
84941,13513.477626145199
84942,12005.501876352711
84943,9911.840226498167
84944,14498.940855927081
84945,14568.11509867909
84946,12290.015008316455
84947,12266.053345147378
84948,8824.472779239592
84949,30002.010732024857
84950,8265.43951948908
84951,20095.814646611496
84952,10953.566520010716
84953,6494.375961826861
84954,11123.736820495293
84955,9981.298328243429
84956,15099.649312084059
84957,14967.457215289829
84958,16808.613373738517
84959,19019.401989542013
84960,10751.265356254878
84961,11119.569961225308
84962,11336.983812136903
84963,7641.857427297637
84964,14542.961662243692
84965,9191.38784932984
84966,13673.599333457729
84967,16746.325978916673
84968,15558.391379715526
84969,10276.606715448732
84970,5962.14670236772
84971,9127.849140475799
84972,11884.856973082786
84973,4364.3279155306545
84974,15854.365455736035
84975,11779.935628677486
84976,13286.407610904611
84977,8287.978177145877
84978,19752.094383786018
84979,10965.855251971987
84980,11735.689514083033
84981,16205.345598343885
84982,8894.809439607727
84983,19831.842666520024
84984,10630.934812564998
84985,11183.173004289278
84986,7944.542398921031
84987,13147.641965861814
84988,15762.902882780603
84989,16220.457765766585
84990,21392.654966705035
84991,13944.675445364446
84992,12640.602234103228
84993,11804.228526810422
84994,16994.214999679603
84995,13847.042673898772
84996,8163.68317038294
84997,7909.807593096101
84998,10277.0049865849
84999,18824.82470104756
85000,11151.520264695564
85001,16882.824498352504
85002,7690.686711110864
85003,12262.742967464184
85004,11644.677567088433
85005,11932.40562423758
85006,9486.015829314721
85007,12176.95204335707
85008,16155.378856010673
85009,9904.21867315622
85010,16676.037052871674
85011,20468.370874182816
85012,16604.70297500551
85013,8769.82157579456
85014,6116.124231684522
85015,13572.994727242865
85016,7732.268219040596
85017,9015.908015033405
85018,27900.726333941784
85019,14454.651127371882
85020,10623.886488280305
85021,10962.468494824276
85022,10638.475623844284
85023,10468.48438959463
85024,7638.436855644664
85025,18570.09364356317
85026,27400.640797733067
85027,11836.742775892646
85028,10022.50728883083
85029,10407.227665382785
85030,18833.859899438714
85031,11049.564939025566
85032,12909.938774836053
85033,9099.3623947034
85034,13252.493958362036
85035,6564.994874552602
85036,4818.099026841186
85037,13316.201069385022
85038,16279.152609039347
85039,9426.115591689613
85040,16891.91960630454
85041,8839.27378446738
85042,6921.151817987417
85043,9446.512966428014
85044,11272.394009338841
85045,10818.635136848943
85046,7532.3815706552205
85047,17659.998213724877
85048,18584.637520182954
85049,12973.00624674019
85050,7876.97035613737
85051,7289.349466462342
85052,11655.413443495543
85053,10868.19175376122
85054,11013.247006392552
85055,9435.968763346582
85056,22404.268312823384
85057,12721.106412665646
85058,9564.262242975941
85059,9276.784351130871
85060,9326.787919129752
85061,12590.388348934077
85062,7816.763913103432
85063,9717.885751982694
85064,19035.840094248393
85065,10653.275851587472
85066,5408.989912865226
85067,15859.005359584882
85068,9152.39300835701
85069,4145.549488740371
85070,23002.110310834443
85071,5210.682820784898
85072,8120.407363533194
85073,11140.741088064953
85074,10482.7809760291
85075,6500.65184009521
85076,10011.575763705014
85077,17221.86951078005
85078,16205.345598343885
85079,10796.212385733103
85080,9131.591704864544
85081,10615.694009224857
85082,17017.195453657612
85083,8500.182685169199
85084,18054.855837398914
85085,10088.64898215074
85086,8289.473059395863
85087,10658.582379148284
85088,9577.215842559057
85089,11115.191538904652
85090,16587.059255859524
85091,19578.58718506676
85092,13790.174992458338
85093,8785.814881388978
85094,7392.256035142559
85095,13667.583057388047
85096,13601.965415505361
85097,8615.406649019378
85098,16479.39992002749
85099,10583.175587706555
85100,16642.25777963137
85101,10863.613966420513
85102,11546.150218372151
85103,11291.957520715454
85104,8485.539177156583
85105,19587.340575285634
85106,17774.523798399983
85107,9860.927252463835
85108,14764.600605133835
85109,17062.07122698386
85110,17398.047652111676
85111,15927.778576874116
85112,17791.699059924424
85113,12138.366467062007
85114,11200.657828894962
85115,9336.962510566955
85116,15250.851174127032
85117,6290.904943328313
85118,18052.88933564963
85119,15312.812758897802
85120,14582.98308976305
85121,10899.870061709662
85122,11519.890350411231
85123,16262.564374378468
85124,16231.472923155417
85125,15422.817443544242
85126,8821.327104767764
85127,30486.492405949095
85128,23240.796185934174
85129,15742.56618523003
85130,9800.986998277836
85131,18214.842028395655
85132,16324.384113183818
85133,12333.372285318856
85134,10610.435171110197
85135,15503.105649810535
85136,8380.953037404097
85137,6605.815883172893
85138,10067.093491838956
85139,15505.878921412723
85140,20080.503539684625
85141,5979.761584263075
85142,9987.377661248272
85143,26943.71374162165
85144,16121.933067183138
85145,20287.62641221803
85146,10439.208174535364
85147,18040.083085306695
85148,16965.1285846492
85149,15948.341760333187
85150,15829.093872840833
85151,15371.406039193564
85152,12020.388723446238
85153,13368.340456401918
85154,13871.027639237562
85155,15979.43989125312
85156,9803.186792409817
85157,12673.070051144785
85158,11213.629419771994
85159,11625.326851183367
85160,8795.188873992412
85161,18151.116649384
85162,10673.45727334415
85163,16326.37656039898
85164,8508.125766328361
85165,6254.923165589683
85166,13704.620426916366
85167,15907.691029482636
85168,15950.098131203069
85169,31020.038071837203
85170,25244.6882192821
85171,21634.051678723794
85172,8291.098900985327
85173,18804.54413669082
85174,15854.365455736035
85175,12451.423486039064
85176,9010.5937373088
85177,11147.105975086568
85178,10882.66771685569
85179,11939.421231911612
85180,13790.174992458338
85181,15485.183333687013
85182,10851.134436033977
85183,9800.081287838808
85184,17865.445831969308
85185,9699.865316066593
85186,10830.127379039302
85187,9304.906807566575
85188,17989.141286636208
85189,11171.239205136386
85190,13588.85200655116
85191,7642.290537312081
85192,5479.809749206401
85193,13147.311842807605
85194,6791.053117655355
85195,16203.502278861839
85196,13196.674750325183
85197,23385.482038222646
85198,39562.98112754787
85199,10340.205541755635
85200,12822.114424873149
85201,5420.079252888656
85202,19810.53093835039
85203,18010.20554779094
85204,7772.430598469672
85205,12772.726817573584
85206,16268.632091450601
85207,7321.554156879191
85208,11194.95290440784
85209,10000.286737761413
85210,14520.572734522271
85211,13501.57508881187
85212,10790.121501516816
85213,18859.25574918582
85214,20949.081310435315
85215,8393.861137305978
85216,15931.601085636556
85217,9280.12730683648
85218,16364.987780491912
85219,9672.378639727362
85220,13618.378842812588
85221,26514.586550321957
85222,11714.204526351836
85223,6547.913032936228
85224,11358.81028374407
85225,11792.135425002347
85226,15819.774030327571
85227,11028.672438750456
85228,11485.81240733668
85229,16781.043814801178
85230,9058.10184883356
85231,10352.693595713683
85232,16340.568723786526
85233,10839.692423597377
85234,16941.280506012023
85235,18941.73470210175
85236,17290.98514832728
85237,8150.427431646897
85238,7604.559593538673
85239,11101.09543183067
85240,17594.323571117286
85241,18340.89264683053
85242,7719.631253613543
85243,17360.835610211318
85244,15013.875813089348
85245,11071.1884013619
85246,13610.32257387989
85247,11133.679308860445
85248,12513.429934268825
85249,10358.982170161029
85250,8904.202004154311
85251,10397.038995832185
85252,13987.783201062579
85253,11166.004282901366
85254,9115.897026946193
85255,19744.27536273075
85256,11830.564145256827
85257,16210.979704973708
85258,10867.296156567147
85259,14276.444226822225
85260,17214.50581308631
85261,12581.716499098748
85262,10974.612761717099
85263,5842.95557465887
85264,16012.496658034057
85265,11986.142648987421
85266,6015.628669758518
85267,7921.543326222521
85268,8868.098393128208
85269,13764.367927244793
85270,12741.85345651235
85271,20677.38884016998
85272,13403.723186181809
85273,7520.351570284329
85274,14686.585538876188
85275,10773.669751124127
85276,7485.290248654906
85277,11243.857898393178
85278,7353.852944228345
85279,11011.45983043734
85280,17004.996584363005
85281,6582.42888708852
85282,7776.801610928476
85283,7649.137908022495
85284,10571.894054028946
85285,12318.071769136663
85286,11614.394874314883
85287,16524.989102922817
85288,7705.789437453064
85289,7924.848730700947
85290,11584.191160266964
85291,11426.423787455517
85292,8729.702729051864
85293,12974.423542468641
85294,5943.358706023935
85295,16509.0659849446
85296,16831.136643276037
85297,11302.963746414021
85298,7200.403884655954
85299,9360.530028173976
85300,19564.371379235945
85301,8421.653794371325
85302,2380.712422057867
85303,18901.878940714294
85304,10956.364294208051
85305,8137.245937538804
85306,10073.523606233613
85307,18087.32471159931
85308,10197.581361610404
85309,15412.711328166522
85310,16825.25160230509
85311,10925.783978179841
85312,19241.42542742173
85313,15510.967120032768
85314,10076.328451681595
85315,20467.901859816993
85316,11802.49658438047
85317,13019.001121260337
85318,16212.091145861823
85319,10520.802223995157
85320,16418.4119077432
85321,13746.290479725118
85322,13609.265229760287
85323,14063.24738658458
85324,21681.026901066634
85325,10825.233186663787
85326,15518.881089137938
85327,17259.30413979484
85328,18997.90260510114
85329,17974.010843468364
85330,16235.389382647327
85331,16734.526695486176
85332,18211.901028545923
85333,16771.844121785714
85334,14934.18457711539
85335,11380.184913735498
85336,10430.52422614429
85337,9447.04124360192
85338,3421.4793287980065
85339,10641.554776101184
85340,16954.49090884101
85341,13179.3382144752
85342,9290.901364822454
85343,15411.252786529283
85344,14145.116461059173
85345,5245.319835764658
85346,13437.252425827523
85347,16664.526481831443
85348,10622.884495760502
85349,16487.655890579874
85350,16268.632091450601
85351,6060.802128168425
85352,8277.36549782688
85353,22347.306675164637
85354,17700.832884834264
85355,9584.682630421694
85356,13588.888024201642
85357,10631.120404289759
85358,8528.562240684922
85359,17190.18017086974
85360,18032.857465788067
85361,9339.665198146986
85362,15343.648879449092
85363,19052.801107673797
85364,14638.57891312198
85365,10010.662548329505
85366,11298.165937209635
85367,10595.505146255804
85368,6286.865721045279
85369,21813.380963219588
85370,16592.1694464458
85371,18381.33279974829
85372,12240.457476622058
85373,10316.798479157058
85374,13047.352662324656
85375,9705.587892404472
85376,8341.838638245023
85377,9927.153005421382
85378,11173.634204168111
85379,8361.881379963237
85380,10165.56377144509
85381,11051.200900803968
85382,7170.487257908284
85383,7519.227062845848
85384,12380.311152867265
85385,28245.433510811792
85386,11320.913213103107
85387,13362.495886126608
85388,16287.258399247052
85389,12830.747795126963
85390,15284.890039968377
85391,10468.267595019146
85392,15577.620270335046
85393,21118.28471515741
85394,16478.76633389682
85395,9264.877996504325
85396,8911.427476296694
85397,21511.613236021814
85398,16623.929393528073
85399,8976.21485643747
85400,8707.790637859403
85401,14798.726444960697
85402,18245.86947171191
85403,16159.406765685944
85404,7363.376246544122
85405,7827.882539783625
85406,9353.630634074036
85407,13343.938501502838
85408,16030.256330758932
85409,15730.458096421396
85410,9320.989223432834
85411,16095.270603350462
85412,16750.086247795807
85413,17211.716753377445
85414,16190.941914251773
85415,9352.647057420378
85416,9950.664401856406
85417,13604.719028277495
85418,6070.380349029086
85419,13983.372550139971
85420,10560.3572129856
85421,7459.996234509747
85422,10489.313042964975
85423,2569.507237731652
85424,18270.481096803283
85425,8923.36925815994
85426,11148.43902347557
85427,12157.039375773991
85428,10268.976154297894
85429,8777.356988863638
85430,10446.849723268833
85431,9457.214536719484
85432,11059.267624313057
85433,11134.472744710096
85434,15791.416688384143
85435,16856.351299134945
85436,11693.252153039097
85437,11630.37551107641
85438,11389.246725422025
85439,11737.781679229865
85440,7767.742662445507
85441,9752.960991518765
85442,20493.02122443595
85443,10517.01531923739
85444,16380.283613474987
85445,17227.03038193049
85446,11264.033567395185
85447,11933.745349508588
85448,8281.283864146346
85449,16670.29838715227
85450,7068.439610372511
85451,15953.140551250919
85452,11754.242538823508
85453,3599.818588961537
85454,10609.422713987642
85455,11545.295379268193
85456,13097.92216042312
85457,11651.80367071936
85458,18620.348978465718
85459,18930.6485034784
85460,15862.866966403872
85461,11187.496712124006
85462,21533.873126537503
85463,16917.239573637988
85464,6235.373273744423
85465,11408.848981540075
85466,8631.339277668725
85467,11314.736435039516
85468,5892.61849543634
85469,7855.61237756274
85470,11759.239998767673
85471,9025.816926320398
85472,7182.760305963579
85473,10818.542804490491
85474,18093.767907492158
85475,27986.90126135875
85476,16007.97728801257
85477,13825.502154816511
85478,11004.437859820704
85479,3269.3414633898815
85480,10208.231543984373
85481,8449.317242937714
85482,10997.129177544728
85483,13939.533328446012
85484,9476.386221861994
85485,10726.284815326275
85486,9606.608895856727
85487,18267.64907699244
85488,3557.688319925125
85489,7371.607051446761
85490,26599.088169488554
85491,13079.228889151324
85492,11436.079658737706
85493,7255.736411040673
85494,9277.320595639154
85495,23208.381882328616
85496,10400.719529281363
85497,6280.116830480044
85498,17272.94891195855
85499,8939.488626122873
85500,17910.497428457435
85501,10698.120603587518
85502,10468.063116589245
85503,10322.671355681527
85504,9842.390079204662
85505,21398.73337298982
85506,20677.38884016998
85507,17154.223204996153
85508,14068.303157983373
85509,7772.430598469672
85510,7935.367594995946
85511,17657.877623891538
85512,11527.8930430294
85513,8216.537183056653
85514,9250.096888518123
85515,11554.320083610713
85516,6489.7966914385825
85517,13077.114521430702
85518,15363.011735990143
85519,11693.252153039097
85520,10963.833116375698
85521,10489.847824483139
85522,8765.334978244708
85523,7420.614567576606
85524,12057.048806889852
85525,9107.824501519492
85526,18187.753405987678
85527,12152.088389650175
85528,22143.10312894318
85529,12647.003970308759
85530,13620.620921924376
85531,12117.794022523807
85532,15946.940693591105
85533,11154.637675341297
85534,10272.301651047266
85535,14767.477581508838
85536,10635.878766424223
85537,20323.16252874908
85538,15243.73722500918
85539,9902.703462546986
85540,6910.3077436075055
85541,2619.369672181901
85542,8364.39075621164
85543,12472.656391323604
85544,10698.01350272674
85545,15834.023205906882
85546,16492.781564197874
85547,8853.2097951798
85548,9553.151859451364
85549,9716.602320962686
85550,19831.586739132705
85551,12009.662777917663
85552,16344.318627017454
85553,9691.513812967838
85554,11125.862378567746
85555,16065.952884278584
85556,9239.818206241946
85557,4838.644740278408
85558,13597.54766289861
85559,10867.296156567147
85560,15340.752804258616
85561,10535.08610264978
85562,11792.883342149364
85563,11532.600124554408
85564,16455.901082973745
85565,12242.15120222939
85566,24527.04676260149
85567,17086.55760696081
85568,11554.431122705995
85569,6696.898748946107
85570,10900.761334337738
85571,4159.496853919346
85572,13036.599734621206
85573,11057.185661845
85574,17796.34478239362
85575,18631.7296268589
85576,16607.169161448484
85577,21599.319647697608
85578,18547.931560938396
85579,5588.5848230595675
85580,16187.403933530095
85581,17195.388535906834
85582,6384.390537040648
85583,13093.32866314911
85584,14731.406747624791
85585,19219.75857987158
85586,6761.025401296509
85587,13073.359262642442
85588,15818.477260312366
85589,8360.160206715385
85590,13754.487707733275
85591,16082.72123744255
85592,11303.536016975686
85593,11951.76900408728
85594,10644.064975418989
85595,18234.994339159603
85596,9747.18546928518
85597,16452.207462502403
85598,8667.029067831363
85599,8726.94550351697
85600,12726.533968740212
85601,17655.06130352391
85602,12684.474521026672
85603,8419.265652137166
85604,8465.026517766155
85605,8873.482550917934
85606,7749.097620643665
85607,6989.138304325984
85608,18324.812620840512
85609,10812.282916796235
85610,9656.065420009742
85611,15853.62955849922
85612,6794.156151690005
85613,19108.003736514504
85614,6578.504044181223
85615,5948.072336525577
85616,8243.915140964335
85617,9789.336796936688
85618,11170.8795738411
85619,10935.67395218129
85620,3865.198411542501
85621,16008.886110361744
85622,10582.033215289659
85623,11333.2951560477
85624,16296.283687943633
85625,18908.570814993316
85626,10615.694009224857
85627,9845.150136395398
85628,16664.526481831443
85629,17050.783014854544
85630,18176.133847308836
85631,8490.019157733232
85632,9489.006378932481
85633,10985.282428160695
85634,11358.559493035647
85635,11718.481111742482
85636,20254.101134025394
85637,6241.730831040553
85638,7315.288279690128
85639,16543.41766803201
85640,14408.34309048131
85641,11046.097079222656
85642,13007.278404618746
85643,10961.088453532602
85644,9428.794204315876
85645,17493.41800932471
85646,8877.485844354027
85647,12461.190708350772
85648,6721.801289245229
85649,8568.178058654077
85650,5779.046882523846
85651,11562.409937824392
85652,29322.580198913256
85653,15879.554211962168
85654,18312.988522090905
85655,15305.687486556995
85656,9036.022975675725
85657,9896.481608892955
85658,8092.621817193591
85659,8598.98451373901
85660,9767.972151757669
85661,16113.662697506483
85662,16814.391725206882
85663,20368.637314135176
85664,12549.313200606673
85665,16142.39731519214
85666,15853.551726511168
85667,10202.53172492055
85668,8041.36458643973
85669,7313.9873640606975
85670,13125.567599171403
85671,17177.281885392225
85672,8793.69749113572
85673,10434.32850640085
85674,11849.257960914918
85675,16892.872202620027
85676,8290.712097689653
85677,19694.343622045053
85678,10495.041438120074
85679,7498.696902103186
85680,8944.96123748729
85681,9707.648107064912
85682,11740.27604138292
85683,9877.944153285927
85684,7582.309124492062
85685,11348.76784745797
85686,11019.079374337507
85687,18070.96671313795
85688,20004.036984951148
85689,12562.787547754222
85690,13602.194274566638
85691,11140.213527994263
85692,10312.472787610675
85693,7829.65632721011
85694,11823.767366212494
85695,18295.871049674137
85696,5585.27124993239
85697,11042.835313386473
85698,22810.301299991712
85699,13268.529220061575
85700,6403.37451643933
85701,9354.056768727129
85702,10465.932653087275
85703,14308.811476511715
85704,16762.66389148731
85705,8085.194072970413
85706,17498.02350638217
85707,17576.71953730265
85708,14184.494466020511
85709,15365.550283515271
85710,7628.60353496517
85711,10711.076262058432
85712,16102.631887944955
85713,7728.050108966702
85714,8205.806654707
85715,7257.475384499154
85716,16322.898057967588
85717,6823.1340347317555
85718,7828.971909332243
85719,13214.002588673131
85720,11384.586093341626
85721,11388.326413300323
85722,10788.691120385743
85723,19030.098105175304
85724,8484.08852689754
85725,4285.157539374547
85726,13469.032033784397
85727,10687.630855836818
85728,7076.399228415701
85729,9760.084349182427
85730,9934.866157218588
85731,9314.378340603353
85732,8453.170489462109
85733,8818.969946671767
85734,2455.9621009348175
85735,15067.24413209495
85736,16101.630446379662
85737,12529.45246500096
85738,6496.413977465199
85739,15811.08587627113
85740,22411.044338072923
85741,8678.628414359444
85742,9600.615516362373
85743,15730.458096421396
85744,9190.830467448604
85745,17265.910302608005
85746,18513.249109754055
85747,15908.764215560754
85748,8389.996024991147
85749,13533.159684004557
85750,13500.316467289977
85751,14846.55774294471
85752,15547.994959581183
85753,19353.70781915207
85754,12873.259615025489
85755,11133.637915135503
85756,9728.953490002948
85757,8754.848626457564
85758,13580.12204852978
85759,17214.212921745944
85760,10158.128623089695
85761,9252.847848323343
85762,7804.263200003261
85763,8296.544167531323
85764,9815.119305012167
85765,16343.91321714816
85766,8255.30658356865
85767,11336.983812136903
85768,9156.07007640014
85769,17215.967524850355
85770,9326.596445448613
85771,9628.497376333546
85772,20775.391318291924
85773,16017.944379632036
85774,16279.197932035344
85775,12737.478909123924
85776,10111.130175411687
85777,7262.30052486487
85778,7211.74456408808
85779,9018.91923090045
85780,5334.67908282515
85781,15084.183883303322
85782,8254.725732737814
85783,10349.977331996917
85784,11893.209232635016
85785,12916.491504101032
85786,10498.085143728427
85787,24507.546363317637
85788,9889.636887783809
85789,16576.904812265184
85790,18268.088201064424
85791,15235.637373149557
85792,14947.158412819597
85793,11797.919212365166
85794,17085.783230116576
85795,8419.775343145522
85796,15964.867866017521
85797,17734.569305061024
85798,11472.951053641835
85799,7938.443586840542
85800,9448.265026036965
85801,13208.577441727339
85802,22212.14900667329
85803,18587.01120330227
85804,11326.77691350018
85805,11805.561111858296
85806,5764.096797090888
85807,10427.600568173179
85808,10522.97802935586
85809,11825.183940713256
85810,16264.447025081872
85811,11514.015089876077
85812,11435.38914031733
85813,18862.681309499574
85814,11735.010306050151
85815,7753.407858891463
85816,17349.42464197369
85817,9433.723026791973
85818,12470.883071875298
85819,11969.344900320528
85820,16942.72109436813
85821,10786.283907089215
85822,6466.514352954895
85823,10076.328451681595
85824,8812.353144320663
85825,8947.13054016831
85826,17924.103553402234
85827,8013.688877844195
85828,16492.781564197874
85829,9423.49317178261
85830,13445.151991954177
85831,15308.01966618452
85832,16016.486480134397
85833,8313.855036413166
85834,11462.951272662118
85835,7964.13215825373
85836,22575.27743100688
85837,13478.226840556186
85838,10089.728151206791
85839,11821.950077382684
85840,7752.764628684348
85841,10779.628284129281
85842,26219.66002646233
85843,8502.219658957087
85844,12350.155529532332
85845,12760.924798867447
85846,19529.49344832396
85847,14679.611442436259
85848,14560.049493000162
85849,11341.230761787227
85850,11085.986366043146
85851,12311.311615715384
85852,13994.849485110055
85853,15800.533492629806
85854,12961.178045158178
85855,11412.827672786252
85856,12774.052855147756
85857,11283.496041196106
85858,15579.923449431195
85859,16197.98280204246
85860,5949.388915067714
85861,6743.236538562544
85862,17123.554849734657
85863,8251.276338796133
85864,7424.712406959884
85865,13522.888491052827
85866,11630.697590621168
85867,10632.722129713371
85868,10510.089763960917
85869,10526.500338678785
85870,18818.254651272775
85871,17852.623858209063
85872,9703.521927543188
85873,14821.085908487586
85874,15017.789293782515
85875,10348.678586373238
85876,15105.270882758872
85877,10864.346328502912
85878,8402.307695007594
85879,14328.633726057225
85880,16264.447025081872
85881,16704.524127424662
85882,13056.254234522836
85883,9384.27407666506
85884,8424.9045038952
85885,5932.061146238631
85886,16927.510860519247
85887,10687.977027046978
85888,18289.9722809178
85889,21540.714222072504
85890,3028.3917547439905
85891,14351.542656472855
85892,17281.27773521761
85893,17095.771067373273
85894,7742.580724738687
85895,8911.414547684668
85896,10735.510520289532
85897,11110.948700392179
85898,8500.642373813525
85899,21433.537912881293
85900,10868.959006437019
85901,10523.962338668593
85902,15584.272693680354
85903,18965.6471297783
85904,13291.157260824624
85905,19060.613290239486
85906,13554.536013967943
85907,10405.905406902271
85908,13654.55075665046
85909,20559.086915888452
85910,12256.635488481132
85911,11359.340307219263
85912,7334.489711080896
85913,11243.252453000037
85914,7613.120990185459
85915,8817.993165740343
85916,8053.16896224799
85917,12499.722708855035
85918,5542.733529993014
85919,13518.316663461368
85920,20909.762548140116
85921,27986.90126135875
85922,18858.735234644082
85923,6822.714367874878
85924,23840.35340767
85925,18120.015426070284
85926,8879.34302946883
85927,12073.11987097753
85928,9634.096757904405
85929,7664.1889737819865
85930,16440.54788613438
85931,11662.834109859417
85932,16466.93242199128
85933,16784.10058962481
85934,18756.58631808938
85935,10157.260904388446
85936,13517.970120620716
85937,16246.012190197207
85938,12273.231555763596
85939,14032.13877168339
85940,11506.696561911622
85941,11202.970012136466
85942,12481.89699244389
85943,15815.58182203769
85944,8893.16379353911
85945,9701.87172201109
85946,17387.81464925655
85947,17592.862165178914
85948,19457.671946468046
85949,8172.646573648062
85950,7569.71753131306
85951,15748.791717543096
85952,16119.838846703879
85953,7891.483561048107
85954,13260.506080842952
85955,10266.335496461084
85956,9897.803131356432
85957,15854.365455736035
85958,8806.826879029853
85959,15715.912158098687
85960,10787.081448899737
85961,9748.012129926186
85962,17127.167600042514
85963,17687.208250715594
85964,9709.145881605386
85965,9071.92004984308
85966,11389.822589648695
85967,12901.643702711228
85968,9175.374664882249
85969,11313.632111511473
85970,9244.82104456147
85971,13183.612820205437
85972,5367.344169530168
85973,10867.218995162546
85974,17299.604243950384
85975,16015.815979273166
85976,8052.422835131429
85977,17519.607164516492
85978,7275.3447724842135
85979,17358.882029637338
85980,12683.113962345069
85981,14431.666958889507
85982,22210.25122586691
85983,7992.170616128466
85984,16029.662538901983
85985,16870.71015760788
85986,9875.128046517564
85987,15586.66822232182
85988,8755.961638651377
85989,10042.783074638826
85990,8869.852436012168
85991,9743.437560684353
85992,6795.452993983535
85993,8945.269564471724
85994,16143.999725144604
85995,9985.157677329686
85996,6256.368809340293
85997,8645.763675985292
85998,15936.231087370808
85999,10530.641128959556
86000,10409.412394106605
86001,10142.026502056855
86002,19554.436502291315
86003,11912.606895004878
86004,18283.29369667572
86005,12030.335016659
86006,9861.850438301231
86007,9905.126465107944
86008,12654.000992881278
86009,20677.38884016998
86010,18881.764037940375
86011,7783.204923133131
86012,13024.118677772707
86013,8829.534662180633
86014,19320.80233094653
86015,15862.225970869578
86016,14019.862879566437
86017,11850.651537851667
86018,17439.78349110953
86019,10194.792918897976
86020,11622.172544232957
86021,9857.064401642212
86022,12719.483189189064
86023,17478.823407423624
86024,17242.866152547867
86025,15428.114695301436
86026,29378.203353456793
86027,16334.711577222297
86028,10969.830926646619
86029,13037.964189172804
86030,9323.520227579214
86031,6649.7688743354665
86032,11612.823237627947
86033,9323.703673603673
86034,5909.436054069447
86035,13654.138483796305
86036,5079.199879634404
86037,11863.423828651927
86038,15266.388518259571
86039,19714.980842882287
86040,10843.109117199812
86041,17081.93585997865
86042,16471.25301039812
86043,33070.345306016425
86044,18799.29724536553
86045,11025.333302910927
86046,16949.803770885537
86047,13272.802515334262
86048,16662.1916849673
86049,11804.228526810422
86050,10588.173933929458
86051,11431.840753843979
86052,9248.110386598717
86053,10059.917881078734
86054,9474.762973699631
86055,12660.007199610036
86056,15751.88829309612
86057,18581.307337980998
86058,12117.198958306031
86059,19108.003736514504
86060,8910.957664100726
86061,18781.978675477814
86062,10637.138956975807
86063,3129.70702159488
86064,5449.902804503863
86065,7738.219295672817
86066,12167.792750674791
86067,7664.4011996767285
86068,10360.503023591778
86069,10681.095721569525
86070,10094.753102113267
86071,9500.615906928891
86072,18245.168794762125
86073,14591.41660654352
86074,10427.457166305334
86075,13505.91635326028
86076,9477.524169161754
86077,18397.654597254364
86078,9947.02864487731
86079,7343.750019642989
86080,13080.256309716593
86081,7889.950614205724
86082,10653.144679352099
86083,14330.982128574115
86084,10134.653848154172
86085,9497.7468847555
86086,16642.88582748951
86087,21060.913622993095
86088,7276.795738987907
86089,15212.612416727878
86090,18074.947932750572
86091,13298.760677345215
86092,14257.652213116997
86093,11183.545020562626
86094,18268.088201064424
86095,9432.076773112192
86096,8416.476588453363
86097,16868.227842803717
86098,4263.71204879675
86099,15744.600673685563
86100,6241.669466550125
86101,9399.855271498342
86102,9647.394338225351
86103,11151.102084767816
86104,6892.832462786517
86105,9913.347345624663
86106,18241.4007346689
86107,5844.845156245293
86108,11429.334566323678
86109,14054.461854465602
86110,11255.571619307068
86111,7054.185411953414
86112,16664.69566484281
86113,18464.5139937447
86114,10757.558000170946
86115,18029.52767630068
86116,12971.850778071605
86117,8396.786045554269
86118,9903.694738078515
86119,16942.490312830094
86120,10726.005320658885
86121,9951.8818859623
86122,9027.208340277279
86123,20425.513960150965
86124,8736.925331937222
86125,9832.793954475777
86126,20544.899402279836
86127,7686.303485268048
86128,11016.684232975773
86129,8075.39973200397
86130,4084.786242466217
86131,8228.714244787661
86132,11935.261683386114
86133,21073.954278407615
86134,18021.216333431574
86135,6607.983975060869
86136,10468.237378873873
86137,16959.239767717543
86138,19452.26545376285
86139,16670.769411297166
86140,6158.306371581513
86141,17139.521410769205
86142,10658.582379148284
86143,19200.069988115516
86144,13623.024835960405
86145,7494.347416570223
86146,11932.40562423758
86147,10439.191395291817
86148,9163.024910444541
86149,7201.450071054077
86150,9291.936709319349
86151,12091.464143897052
86152,9976.073884355386
86153,5741.3613266310995
86154,7029.917974070245
86155,14153.822582135526
86156,16217.504893361725
86157,19848.145048344733
86158,10999.89957745269
86159,9810.318451329556
86160,11237.475908502125
86161,9432.04847281679
86162,10319.728981692862
86163,16379.10024546404
86164,12221.012836711843
86165,12080.57526888892
86166,17945.26733713298
86167,12978.960184939655
86168,19608.46618816364
86169,17710.93527062945
86170,18020.388026626733
86171,25810.572373013456
86172,9059.50446634731
86173,17290.98514832728
86174,4046.3240775977306
86175,18718.438921096513
86176,13654.221402493697
86177,2303.6036512124897
86178,7275.227901149521
86179,10112.88951793156
86180,12896.143242693166
86181,10827.680781275625
86182,13268.147784531891
86183,10027.874802091636
86184,16223.384392950522
86185,10757.616277645837
86186,9879.79345850314
86187,4312.431875768991
86188,18724.56102191104
86189,12018.950717709622
86190,18360.87148315528
86191,11707.360622247832
86192,18538.110350214738
86193,14173.117951826522
86194,9838.842221530162
86195,13301.011044773966
86196,11443.838731847312
86197,8237.844226939898
86198,12669.642033384722
86199,19249.336015187702
86200,17548.909747045047
86201,8463.325607516656
86202,10922.0241476701
86203,17238.423044352905
86204,19537.658326853605
86205,8884.560574325104
86206,9269.339301015061
86207,9062.359838807055
86208,7915.187936326183
86209,12044.262241203962
86210,11871.8754339282
86211,7110.095210289568
86212,11516.700138263861
86213,13060.841970534644
86214,3563.277448524718
86215,9031.376159652566
86216,14184.494466020511
86217,7321.771288955144
86218,9726.129599207621
86219,16081.13894869882
86220,16682.460989051287
86221,16394.847127372654
86222,16001.351399065321
86223,8271.293278171104
86224,23410.707048884964
86225,11504.090503688149
86226,4078.82160295941
86227,26224.979384235947
86228,10497.05850139938
86229,11666.501637887686
86230,9187.55485997721
86231,11013.809131817565
86232,4527.580761134088
86233,11077.241851753268
86234,10330.089920486056
86235,17366.225852867436
86236,16951.272372473402
86237,10900.326062124688
86238,7167.461667594514
86239,16248.476521691242
86240,15991.02901225338
86241,10513.62768002999
86242,15969.110594941003
86243,13866.260942171584
86244,9536.808004194
86245,7982.657340415996
86246,12457.971655757738
86247,2860.989193744747
86248,8398.705729969744
86249,13467.74943204444
86250,18221.458680137268
86251,10084.823706845911
86252,13709.490985600372
86253,6821.341230553902
86254,9428.910773093878
86255,12016.693450604495
86256,10634.250237239941
86257,14169.67867002624
86258,9084.656121262244
86259,16591.022336344427
86260,15853.322523868439
86261,5357.233033520444
86262,14161.177626407263
86263,10823.104493149729
86264,8923.406014160422
86265,7212.175231435631
86266,16725.562825843645
86267,13685.94568034174
86268,5751.976994934712
86269,15566.86039259175
86270,26547.26112410037
86271,13696.13125641227
86272,9674.102580211404
86273,17427.477761918086
86274,7262.938153342869
86275,11170.531754644642
86276,11371.281104671481
86277,18420.197706127212
86278,6825.997310620156
86279,10622.778328657765
86280,8228.044405225877
86281,17820.81982484559
86282,6968.099222230071
86283,9617.385300686248
86284,11003.81983127052
86285,15865.061516022743
86286,7357.995559941646
86287,10668.042838759931
86288,9694.503662675797
86289,18905.744326251614
86290,14909.044733482822
86291,10187.973720135647
86292,20901.048615364707
86293,11899.518284856857
86294,11675.390794429934
86295,18057.161528450935
86296,9857.216024515035
86297,11596.573320372347
86298,10843.213183497226
86299,3511.0241322509705
86300,19224.470076928952
86301,17675.41571788865
86302,8272.168772284904
86303,20584.5690760619
86304,9429.920020437634
86305,10256.068267474577
86306,11293.071092672435
86307,13600.787787947827
86308,3816.2121004927203
86309,9312.6550848603
86310,10804.540859427025
86311,11695.835718597711
86312,10749.434201751967
86313,17958.10161231065
86314,14094.966868539348
86315,15495.241323615763
86316,12487.354016175776
86317,7972.677763436498
86318,2356.7436709951617
86319,13015.401238870878
86320,10367.713360547104
86321,11246.302748235992
86322,15079.858478985592
86323,16292.661765999419
86324,11157.572841510399
86325,11205.996187610268
86326,8966.954050964778
86327,8624.300929518215
86328,22955.899752786943
86329,10942.35403644068
86330,10963.833116375698
86331,12996.121938117618
86332,11338.222608312484
86333,6504.020752182213
86334,8133.770232062923
86335,15945.601938556314
86336,15921.172372578349
86337,13637.781764662022
86338,21149.557764451594
86339,14772.79188753261
86340,11145.775155121704
86341,17041.35957430827
86342,14629.636049980389
86343,10604.19204091108
86344,9687.099845388824
86345,19678.179073747095
86346,13014.018048847303
86347,14627.091437592459
86348,10794.190916574638
86349,10722.073435183136
86350,11320.590753711811
86351,14795.399536894083
86352,12044.262241203962
86353,9606.608895856727
86354,9563.691455218655
86355,12898.699372337678
86356,19219.436483606183
86357,8121.456014573572
86358,11133.679308860445
86359,12727.783591016223
86360,10045.271878684463
86361,17297.959408047373
86362,6765.444115149303
86363,11513.207884845842
86364,6624.091484608228
86365,9334.365704560567
86366,16301.585427133426
86367,11216.743843978948
86368,13601.94111596271
86369,16491.614132054707
86370,7500.579224867705
86371,16243.122941797767
86372,10562.347214286567
86373,18388.09938979567
86374,9407.929252154196
86375,10339.168162422751
86376,19796.527861423663
86377,16108.792250544364
86378,16903.783743505755
86379,11370.896280982783
86380,11195.70576831031
86381,16837.283350479076
86382,12187.90163141188
86383,8614.411536457685
86384,10910.578101752732
86385,14081.211077436139
86386,9999.35525564325
86387,16283.951034668187
86388,18374.22767111945
86389,10180.484103765853
86390,10497.00582475475
86391,14219.247303827446
86392,17928.072714450765
86393,10531.984635431523
86394,19021.530644927374
86395,21398.31394868375
86396,10793.040548010264
86397,10684.637430814404
86398,11143.692794984338
86399,11532.921297356746
86400,11787.941360789428
86401,9366.112757175479
86402,13001.742407968426
86403,16492.781564197874
86404,11508.499669663564
86405,7964.057907225819
86406,16280.702559553638
86407,6470.291577748366
86408,11572.364844493874
86409,16486.30920130475
86410,15938.019463261378
86411,9704.843230790739
86412,7450.291620783131
86413,17299.307102447085
86414,13319.191378996064
86415,10397.449034894265
86416,7761.1808104238025
86417,17768.936004311206
86418,13768.742723744337
86419,7719.951525790594
86420,9649.231956767497
86421,13395.606883981412
86422,17288.157209749013
86423,17095.88171627888
86424,15570.21330020955
86425,17554.36006956447
86426,11860.976593755186
86427,6404.345718589601
86428,2494.990547496443
86429,6286.494020516264
86430,12389.596940981226
86431,10309.833564106173
86432,15429.274656227464
86433,13529.917673952268
86434,13531.805484626528
86435,11902.761204453265
86436,9897.762576148654
86437,18539.237807089485
86438,7782.61592027982
86439,9199.219069653334
86440,9993.684906741979
86441,16163.374168481505
86442,9774.64810368955
86443,12177.319694280528
86444,15222.336209479421
86445,6461.394160879729
86446,8359.73929733996
86447,14987.864911814651
86448,10457.215249393192
86449,10250.202105535956
86450,20362.32481528169
86451,11750.128518411939
86452,16676.037052871674
86453,6309.046595313396
86454,18435.23964934227
86455,9924.805531353577
86456,10570.361340132074
86457,15507.565068543438
86458,9920.698541796564
86459,13047.351840942067
86460,16954.117469224853
86461,6751.370309099986
86462,10102.928244887356
86463,19060.39245562556
86464,10785.599342670354
86465,17065.65129915049
86466,13530.50712861124
86467,11875.233679812569
86468,17270.66326140902
86469,10874.471921680797
86470,11876.421714043834
86471,11868.584164798649
86472,18420.197706127212
86473,11776.902433192257
86474,28326.28623706718
86475,8012.015241353429
86476,16238.670261994446
86477,11069.913655527685
86478,9852.444477472609
86479,7263.870331514532
86480,17385.064231584696
86481,11988.35032745238
86482,11699.281947038613
86483,20614.55538799437
86484,9292.14636323382
86485,15366.532634804784
86486,9224.275223654517
86487,10137.967894986028
86488,9823.332738972947
86489,9683.616816401362
86490,9814.387743786516
86491,22568.074477187507
86492,11107.24267228895
86493,9152.462218964152
86494,8205.706251990183
86495,10982.76173679017
86496,9681.549906523658
86497,10672.255891871266
86498,16268.632091450601
86499,11969.335796558453
86500,10909.877572008532
86501,4408.158646488476
86502,7238.407307662563
86503,9944.318682176332
86504,11792.626313092303
86505,8446.464270367947
86506,2207.6579550340844
86507,9424.552121996176
86508,8436.461662214071
86509,15165.962558389334
86510,10193.437363440169
86511,15707.78311550237
86512,15603.570743004062
86513,10034.729349167448
86514,9968.938747155908
86515,14798.64650540755
86516,7732.268219040596
86517,10839.467830484487
86518,13198.421620780895
86519,10442.354347365814
86520,18275.49131646435
86521,7473.64508801033
86522,10013.785354885318
86523,16170.11672185423
86524,7233.061141452277
86525,20774.041789016934
86526,8487.61013205885
86527,12048.045059217848
86528,12814.079875334286
86529,12932.656213202987
86530,11232.278008298763
86531,10789.940707695556
86532,12209.476030221236
86533,21617.36677422822
86534,7468.654246559782
86535,15453.756867618777
86536,11408.818191949038
86537,9905.635500331879
86538,12374.857411525918
86539,5442.7690774398
86540,13848.861571519285
86541,17906.417768007756
86542,12159.075447527266
86543,13137.233748545377
86544,9777.474561934243
86545,11378.89004922525
86546,9743.449572820335
86547,6114.057257409259
86548,13093.180936379555
86549,9111.644855811313
86550,15979.565171142938
86551,9237.970279485871
86552,6874.166938348991
86553,9737.61305499631
86554,15884.694348296665
86555,9834.131829958926
86556,15840.779851742634
86557,7500.539951330364
86558,14093.715142290472
86559,17727.492068830146
86560,12346.043050085387
86561,10348.69000056764
86562,11488.980327178202
86563,16054.54155900819
86564,11309.782542017267
86565,6116.565392351119
86566,6701.570300599476
86567,9638.769161663991
86568,7991.798195130071
86569,12830.147572830201
86570,8561.321155375186
86571,10294.002419879203
86572,19537.658326853605
86573,9834.391538894759
86574,11156.034110102328
86575,8976.061388739441
86576,11729.36716571768
86577,10973.496470967155
86578,15501.143544984645
86579,12973.983980260873
86580,11227.364196048597
86581,10690.054035790614
86582,12700.534169343637
86583,10058.806956368944
86584,14211.673585715875
86585,9881.92877465934
86586,17744.91979565185
86587,18130.89687318124
86588,14514.10430029734
86589,7803.878641266857
86590,15502.369930117286
86591,6599.467795608985
86592,11521.309701130633
86593,4956.7124986995195
86594,17823.513957434883
86595,16362.4124568469
86596,11595.672113422554
86597,9784.946627442127
86598,16685.89919700768
86599,16174.754447180365
86600,9723.567902788876
86601,10495.041438120074
86602,16942.041359873147
86603,16076.796675990392
86604,13272.802515334262
86605,9807.526883066183
86606,10489.584355457982
86607,17716.143278919066
86608,13684.103749552973
86609,10793.703972233614
86610,11386.50533730945
86611,16159.406765685944
86612,14216.314557868247
86613,13064.400319838629
86614,10455.324073469614
86615,10540.923947263012
86616,9411.41643923627
86617,8092.289879060718
86618,14772.000486930885
86619,12167.576340686357
86620,8568.178058654077
86621,18829.191698150666
86622,10022.91327975306
86623,12969.022531303337
86624,7854.023131741959
86625,10281.000709588461
86626,13588.489279790416
86627,9498.52946425959
86628,18401.491762055008
86629,11542.48549417564
86630,15470.084702575175
86631,5476.760254064665
86632,10948.277787908493
86633,13007.278404618746
86634,15077.523133324874
86635,10441.200963465091
86636,11531.369086610732
86637,9120.505679213826
86638,13037.905900397394
86639,10018.213269223916
86640,3466.3551812136798
86641,10891.412712903622
86642,9502.549821936465
86643,6448.397625932119
86644,12265.899956067631
86645,17027.304615286692
86646,20317.967196412235
86647,12916.922454591973
86648,18204.1429384989
86649,10899.885868532945
86650,9964.339336948993
86651,9701.133113112666
86652,8897.975165211476
86653,10978.177842213036
86654,12254.58555586315
86655,14928.15928482718
86656,16489.737935403075
86657,15843.446295019285
86658,18383.59912121475
86659,21703.12105585426
86660,11299.10926150861
86661,18680.942331298924
86662,10977.424398468049
86663,7860.1140261072605
86664,6905.0934443213155
86665,13349.876917234787
86666,16587.624300738014
86667,13205.42074590886
86668,10594.756841614819
86669,15950.35841603533
86670,16862.003938483278
86671,3309.932006202846
86672,12273.793495659771
86673,15883.278582599958
86674,9736.919383657187
86675,11523.061553057418
86676,10035.586057702289
86677,8096.84807643752
86678,15149.964065093065
86679,14160.591088837858
86680,9801.925686302724
86681,7147.108720870233
86682,6456.810414995409
86683,10200.239613876032
86684,9499.178879898775
86685,11814.818433316681
86686,9539.85023044997
86687,7340.1475776315965
86688,13763.193396552879
86689,6243.828040547507
86690,13709.342866780906
86691,13948.623810543619
86692,7968.481323613562
86693,18407.152793463523
86694,7023.341027118653
86695,13698.330517597002
86696,20004.036984951148
86697,1423.6883489455422
86698,4964.512251675669
86699,9725.929623382763
86700,7248.674717381736
86701,13749.071094286268
86702,16268.632091450601
86703,9688.553578985846
86704,8080.85959716532
86705,12577.946729219246
86706,7562.974930886767
86707,16820.528441945542
86708,11794.344380924482
86709,15853.62955849922
86710,8065.5177847386685
86711,13463.604069790443
86712,12811.09822658636
86713,8607.75225362435
86714,9807.087425584396
86715,16355.282035752565
86716,15809.44168094387
86717,7526.418101509117
86718,7544.4518977910875
86719,7065.29667608256
86720,9622.880050190211
86721,17942.88679308031
86722,15187.939255707011
86723,26722.829323359525
86724,8386.148347535733
86725,12142.163359326665
86726,7208.60476899898
86727,9622.834703368138
86728,10151.3712919665
86729,9442.245027833871
86730,10719.43828409431
86731,9457.12965007923
86732,13684.103749552973
86733,10717.709044364803
86734,11890.808257084058
86735,16268.957819269774
86736,13214.386802283369
86737,18054.80578562645
86738,11944.413084707767
86739,9213.66496690447
86740,10307.866992564605
86741,20335.294295361662
86742,10215.938790869326
86743,11257.314917631937
86744,11939.421231911612
86745,15818.810222417529
86746,9030.62484902143
86747,13228.465870318109
86748,11148.752078440442
86749,6225.4172662598385
86750,9608.357748316783
86751,9870.378390375101
86752,18846.119515307586
86753,9787.48754604226
86754,9878.53104159119
86755,13450.614020874807
86756,3196.6035499466816
86757,5886.4759870808875
86758,10590.301264688487
86759,1963.0131242830266
86760,10215.246643269478
86761,9365.125077190389
86762,7055.52365166263
86763,16472.676728594346
86764,13841.974246942595
86765,17802.90365172309
86766,14052.491340761424
86767,14758.294162928998
86768,12586.25805210087
86769,9688.532512182199
86770,11489.314695996864
86771,16489.737935403075
86772,11190.829753526114
86773,7790.173678330313
86774,20320.41301988038
86775,4654.283851141949
86776,10704.549993655815
86777,12113.23521301769
86778,7980.92645644833
86779,3121.4817151660395
86780,16040.753845290299
86781,19182.379836241773
86782,16242.969585569785
86783,10834.99291304221
86784,12505.839764686812
86785,15738.257579224346
86786,7560.872519715742
86787,16254.418609932329
86788,18790.22463435582
86789,8342.658029058395
86790,19955.106112319358
86791,9634.706369646214
86792,18967.36848784874
86793,16357.970578596922
86794,9936.400171299489
86795,15843.208155705266
86796,18600.911117669766
86797,18320.686573985815
86798,13475.20106100628
86799,13383.06676916107
86800,16000.852658754711
86801,11163.897994613413
86802,12006.354105046703
86803,6781.630582155551
86804,11937.523343242678
86805,11575.383840292383
86806,16928.376143875023
86807,9953.32273997839
86808,16511.4461610442
86809,20378.25753538854
86810,7313.6744232897645
86811,20766.95643319347
86812,9374.888461260018
86813,12723.008310684392
86814,22350.281426060617
86815,16738.27949810402
86816,10654.664643003707
86817,11212.500400120687
86818,10661.217298362735
86819,12288.072666542026
86820,12237.630456850364
86821,16947.359564732506
86822,8391.581629796581
86823,9945.96327568212
86824,15927.503339248056
86825,16516.512860691837
86826,18941.26868658498
86827,5360.435509797858
86828,10764.393143324865
86829,12951.864825147637
86830,8799.510807703564
86831,12583.491919362908
86832,4107.4353836654145
86833,13052.689871844992
86834,16125.326341076301
86835,16685.248310145507
86836,9618.540841254026
86837,5476.564146765404
86838,10022.181987858226
86839,13363.932354574417
86840,8895.345011166502
86841,12047.073174340287
86842,18233.91703870934
86843,13001.867470364616
86844,11305.890410513077
86845,7291.24437776578
86846,9222.864842095994
86847,8454.612860671783
86848,15659.176743412598
86849,7944.266744245576
86850,9420.537661488323
86851,7323.7296833560085
86852,10195.75770754583
86853,13330.577221622561
86854,10518.872692514507
86855,16012.08437129703
86856,8981.732016094618
86857,10253.3027179018
86858,9752.629882786408
86859,9293.063452259341
86860,6783.524978338929
86861,7323.212983894619
86862,5892.671106424299
86863,10868.98980313116
86864,15836.428155652678
86865,14139.979552518414
86866,10801.905159079044
86867,4336.217865427558
86868,9965.294370488125
86869,11208.071103659668
86870,11353.759300383213
86871,12234.656189773545
86872,10298.359811240241
86873,13589.111561120739
86874,10157.920022320139
86875,13726.329992222209
86876,11941.807903585404
86877,19455.54312687399
86878,14965.944267947
86879,14519.40839923758
86880,12540.100258267592
86881,9892.03297494424
86882,18934.467942909767
86883,11353.61276131708
86884,6702.913399407108
86885,7323.174419963662
86886,2391.423309116877
86887,16358.859085596512
86888,16382.509792629919
86889,18720.51297136753
86890,8167.182350872338
86891,17383.777196443174
86892,9757.457760418745
86893,7263.4931192627655
86894,8210.44539160483
86895,7241.326944564385
86896,1607.63879412803
86897,9789.52871600326
86898,12666.008392256606
86899,11828.52361057064
86900,11381.52413309036
86901,10079.294860926573
86902,8614.411536457685
86903,16976.70197568632
86904,11414.948878372521
86905,10176.114157859116
86906,11637.7784070675
86907,12912.968535793418
86908,9838.649496716227
86909,9766.572706512638
86910,10561.03662014849
86911,8521.442930407307
86912,11292.792611852301
86913,6858.804437328576
86914,16778.287257353462
86915,12910.755691497574
86916,8780.962169204322
86917,15438.573772089003
86918,5646.672881225134
86919,11761.906776572956
86920,13923.458244586815
86921,16282.680033644667
86922,10913.364263292742
86923,16419.84776813159
86924,7808.181714154665
86925,9669.914045859325
86926,8990.091956156184
86927,14935.348478000707
86928,19448.759959677285
86929,10140.001612340695
86930,7903.995815688701
86931,18280.624620574476
86932,12904.69524176121
86933,11147.028390710382
86934,5673.648584668065
86935,8940.292581636872
86936,14794.361051224798
86937,13822.096197280554
86938,10158.686725218357
86939,13884.880985747692
86940,9731.22306701531
86941,16214.169078948078
86942,11424.53321233574
86943,12314.790678770207
86944,7405.768558306415
86945,10265.280415944613
86946,7750.308385748098
86947,12122.536813172543
86948,10876.259351964745
86949,9857.064401642212
86950,9116.29823387191
86951,8640.129312898598
86952,10563.244781836556
86953,10309.145240686466
86954,12002.60675907264
86955,13924.369843618877
86956,18385.7018101654
86957,8086.668125578183
86958,11208.029690601099
86959,8453.595764371206
86960,16370.824354025843
86961,10313.748856153374
86962,16268.632091450601
86963,9832.290204106052
86964,9280.77060391471
86965,13866.154874582704
86966,6157.435994422494
86967,11136.44694598274
86968,10869.724082202123
86969,1845.4867570635515
86970,11446.66005481783
86971,7521.67796102276
86972,15811.08587627113
86973,11599.762009961227
86974,10545.753737754518
86975,16524.699852805195
86976,18964.60231319694
86977,11273.064912877766
86978,7959.9521395728025
86979,14386.755920228117
86980,9228.367528942093
86981,7807.267869969828
86982,16092.205601453836
86983,12469.154547111353
86984,12443.718929560264
86985,18938.03980091082
86986,15291.032230412236
86987,9526.779435787133
86988,18858.63160272116
86989,16941.794226239097
86990,17878.81492239958
86991,20675.881472067947
86992,15869.04806438944
86993,11862.897137548125
86994,15148.167819389957
86995,11252.75601251704
86996,15948.341760333187
86997,9888.935224251154
86998,10639.747651679818
86999,28412.6239049691
87000,13467.976487133561
87001,16852.924209892157
87002,17171.653618456327
87003,13744.777308061677
87004,19426.108941158833
87005,13748.049815955434
87006,19447.511053580296
87007,9828.19477369804
87008,16474.335445610606
87009,17265.769457732033
87010,7811.9113796224965
87011,10664.090007939047
87012,11752.930171563801
87013,10698.836780106705
87014,18246.391062734714
87015,8903.143115114333
87016,13364.809205366126
87017,13032.688473248088
87018,20292.0975264147
87019,18394.848731405393
87020,10961.223627198151
87021,16433.573190546613
87022,13875.393786056582
87023,16436.510179716977
87024,18259.722159754576
87025,15065.31203803047
87026,12157.413232128452
87027,11911.137792828691
87028,8903.352165392924
87029,13643.59026720901
87030,15789.390898104493
87031,10616.736653432328
87032,24294.395448260468
87033,17621.65718412045
87034,7363.513085656026
87035,13218.671222603438
87036,7432.271837305957
87037,17620.92268094487
87038,10264.66438370397
87039,4164.71376351977
87040,7827.561065659629
87041,10026.02925924991
87042,17214.396287307984
87043,15602.319848168532
87044,16861.72228005923
87045,5688.992016196864
87046,2409.4827803831527
87047,16324.395961195405
87048,15955.378898775245
87049,13052.96597467099
87050,21943.218786801277
87051,10298.130137332955
87052,16160.49516959583
87053,15266.43017406109
87054,13395.649625121147
87055,8618.230497595141
87056,15544.901858493791
87057,8880.755029867962
87058,17410.00937409562
87059,16895.095561691385
87060,18241.137380475266
87061,9860.501096917642
87062,19228.77880824639
87063,12122.216853908396
87064,14213.647321995659
87065,10140.246734769922
87066,10745.924011593253
87067,17594.198567688858
87068,11449.636880929489
87069,15815.446527929433
87070,18433.896510981187
87071,25119.60129467495
87072,17511.258380839638
87073,23447.145438150732
87074,12089.166667142497
87075,12651.312930046974
87076,17581.97075063586
87077,7265.514014786676
87078,16938.329780043747
87079,7766.409970482074
87080,9636.288456605087
87081,15185.86037754199
87082,9185.543630161095
87083,17238.65766041702
87084,16736.424985278136
87085,9579.83161571556
87086,13397.768998145262
87087,11681.94115395415
87088,11905.379455971202
87089,14527.732105730067
87090,12446.581237591407
87091,9890.522502839067
87092,7207.610025830001
87093,9462.715290859474
87094,12642.22760179779
87095,9990.485189442703
87096,12039.237694291936
87097,7409.634952123596
87098,5974.087784972924
87099,13626.090319164186
87100,14822.39291232721
87101,19720.00708144807
87102,5381.355106838651
87103,6707.960097765322
87104,26796.057136355073
87105,17063.13803937638
87106,16111.233965995601
87107,18294.50192854018
87108,2954.2750155919393
87109,5391.801116479435
87110,4823.017774680642
87111,15843.208155705266
87112,10515.406102145726
87113,23417.101878295365
87114,6812.390938344572
87115,9484.616279710492
87116,9448.265026036965
87117,10647.67547084019
87118,32817.0085950034
87119,12951.260245666565
87120,9168.22128035883
87121,10137.086898776548
87122,15712.668524016997
87123,10998.613035466597
87124,8613.829138207084
87125,7262.711350498656
87126,18213.71630316878
87127,13647.243928390011
87128,13083.3314999491
87129,8466.478400754331
87130,8234.118213459109
87131,8386.165310167771
87132,14727.230464296736
87133,13674.572453234734
87134,16555.1960699391
87135,13423.490359248051
87136,12828.987428760765
87137,16752.911845264618
87138,10661.691649793409
87139,9083.473936073964
87140,15469.497969498894
87141,13762.142182743399
87142,8440.683624792768
87143,16313.77980845664
87144,10825.039383783238
87145,10963.833116375698
87146,12897.856364425414
87147,11838.81709795776
87148,16582.41018183437
87149,14925.410622532312
87150,23682.98123402252
87151,11449.941261591684
87152,10392.198351408017
87153,8385.815623946602
87154,18249.61868974892
87155,18689.6409685911
87156,7838.389403517521
87157,10455.804782273946
87158,10621.996417286096
87159,12672.76898226666
87160,9032.145078582453
87161,13420.66075829977
87162,12933.986878888652
87163,15988.757804468678
87164,17945.489905115537
87165,5934.918625429642
87166,10842.526608210119
87167,13833.805053121598
87168,18520.234686650398
87169,17956.309088888353
87170,18229.31596444134
87171,7689.41020479171
87172,16937.22478325341
87173,10899.885868532945
87174,12928.597411704752
87175,16882.824498352504
87176,18658.624860008367
87177,6817.468493488425
87178,18420.197706127212
87179,8155.567202325424
87180,14935.554954580131
87181,8530.882954452598
87182,9033.290982927969
87183,10576.651929783502
87184,24365.303422704266
87185,18026.828923065026
87186,17945.362722893897
87187,16250.962479021127
87188,15978.85793033286
87189,19305.38252858277
87190,9247.642361499606
87191,24404.96155363833
87192,10965.855251971987
87193,8942.696088204017
87194,18668.702080391606
87195,10203.231950555964
87196,8746.360458770547
87197,16591.946242912913
87198,21861.28562265023
87199,15825.182142482805
87200,17757.04891299134
87201,12894.841960215437
87202,14663.198807212737
87203,13818.347509346424
87204,14989.51470170282
87205,16647.73040001718
87206,10462.281665484352
87207,9930.177624282047
87208,11143.482370609974
87209,8021.752121147016
87210,4552.344412692283
87211,12698.29889045889
87212,10780.242255929657
87213,8812.169669892544
87214,9763.199272279324
87215,13735.02102727867
87216,13582.850716265468
87217,13642.356963978193
87218,16212.62096623562
87219,18917.214188591122
87220,18856.198766381764
87221,19109.90039132256
87222,10049.178002351737
87223,9334.291928839424
87224,8861.597090532516
87225,7647.317346280005
87226,5014.159241094944
87227,11473.916757039739
87228,8342.645453297508
87229,11265.80003137175
87230,16856.660019134357
87231,5048.73719940519
87232,13493.57040743738
87233,4459.356859976087
87234,9958.859769777235
87235,7905.454186577296
87236,9238.971597660919
87237,9095.515561042954
87238,15849.592915843474
87239,16721.264857382706
87240,10702.519008914944
87241,13851.260262896716
87242,12159.05144349593
87243,6034.655468855122
87244,14090.188071978591
87245,17011.3675052555
87246,8866.679797530043
87247,23847.212947346186
87248,8574.116073743277
87249,8730.526648272944
87250,11794.101231054243
87251,15835.135930487948
87252,18390.237690890008
87253,15094.650409366868
87254,9207.742115137902
87255,10662.19350849061
87256,9203.360900761028
87257,11338.809246126375
87258,16329.490314094759
87259,11010.414031314665
87260,10620.490574808418
87261,18441.27548087719
87262,9281.87346889851
87263,17887.129461843608
87264,7391.398880432632
87265,10362.23647930481
87266,26784.01533967118
87267,9875.24784354028
87268,18121.473491284352
87269,9002.563777507274
87270,18625.653648601037
87271,16264.447025081872
87272,19447.278184422783
87273,9569.604078756796
87274,18712.176357142856
87275,11619.103238115316
87276,11473.661802425913
87277,10034.729349167448
87278,15576.377889026247
87279,11087.293255256616
87280,12912.348263745216
87281,10319.052796943199
87282,13262.71124353354
87283,10171.493546087315
87284,8016.319843314096
87285,8363.883576461845
87286,13582.850716265468
87287,9491.664414435054
87288,9719.582010494949
87289,15966.515430542642
87290,8422.4055396152
87291,16929.585753874348
87292,17440.27100586676
87293,11027.775857180271
87294,16403.968333524637
87295,14071.52562100237
87296,16279.197932035344
87297,12156.202608708338
87298,18454.62313029853
87299,10636.438903340042
87300,9869.41307757975
87301,4484.737281852201
87302,10916.307449718148
87303,9427.499242026674
87304,9734.265155995363
87305,11730.651045774623
87306,8912.92766532747
87307,17768.711362753947
87308,11725.600674637659
87309,9324.732264092481
87310,15923.097184606211
87311,17945.235094845455
87312,15119.953293063632
87313,6486.594057770464
87314,18989.540971724513
87315,8863.886844076398
87316,9202.186057784982
87317,8390.25196155098
87318,12122.288884466821
87319,12181.637109310572
87320,15932.749371189731
87321,6881.170658883762
87322,10592.694435206346
87323,10051.047358594145
87324,23451.14281661608
87325,17661.578699485664
87326,10382.749067549325
87327,14877.5347195054
87328,6659.357919580328
87329,10231.86959133818
87330,16492.781564197874
87331,12460.537450171532
87332,6337.101653895189
87333,11272.99609956945
87334,7447.625396240524
87335,16856.527917681564
87336,10624.164780554189
87337,9638.616294902256
87338,10686.754005206338
87339,11008.153070512046
87340,15731.695796467953
87341,15271.344969110552
87342,11408.848981540075
87343,11149.767759075417
87344,13291.157260824624
87345,8519.210432618433
87346,14876.205715616408
87347,9333.582031868764
87348,10867.296156567147
87349,16229.765314027836
87350,5486.808284044463
87351,16944.27586286923
87352,11477.215326247202
87353,17061.080492222467
87354,11139.301381858917
87355,7428.783906302616
87356,6710.934128198
87357,9189.172701012354
87358,8378.405681407148
87359,11133.69579729397
87360,8945.673602224886
87361,7838.625864080111
87362,10953.962152363081
87363,5417.8424791627995
87364,15289.345801745752
87365,8043.88220994615
87366,9189.728577381133
87367,11280.263020763223
87368,13386.00338218496
87369,8432.95486454958
87370,15502.369930117286
87371,15945.284351131122
87372,11133.244603293884
87373,16995.42511938868
87374,15383.925044464364
87375,10836.376011030181
87376,10423.030512009947
87377,10029.569241405597
87378,15851.157583238904
87379,17063.472373898192
87380,7437.686936282285
87381,9091.414679197766
87382,16732.053514375704
87383,7661.754031289328
87384,13773.642481293644
87385,20485.854191341696
87386,10852.467464502975
87387,13825.502154816511
87388,13582.850716265468
87389,7891.804537226893
87390,19507.81253684057
87391,25781.267382908136
87392,10274.721227134765
87393,14633.155626421507
87394,10442.582421789117
87395,16765.713090135298
87396,18122.094014453363
87397,10876.764071551605
87398,8472.509399442293
87399,13626.952013536902
87400,9960.71748646415
87401,16022.006243556778
87402,17116.220608052783
87403,8371.683733128912
87404,13338.746337917333
87405,13421.475474809271
87406,9891.001866967717
87407,15241.517771468658
87408,7361.362515679848
87409,11020.74422096581
87410,12800.364290953277
87411,12223.506563324972
87412,20637.913887746843
87413,18189.433633261226
87414,9419.145763604569
87415,10856.639578583417
87416,12940.793631698962
87417,33343.26712805499
87418,8930.508566338469
87419,16373.939392986917
87420,16567.25698729616
87421,11796.752706169123
87422,11770.409686136556
87423,10561.828654901787
87424,20086.934857079814
87425,9908.592008122805
87426,6482.569352589294
87427,9838.649496716227
87428,14872.15157690237
87429,10722.18121247842
87430,7354.700134641594
87431,17305.35512023863
87432,12885.011098408573
87433,24291.000338700713
87434,11939.920598078752
87435,5606.402838227365
87436,7842.979065663387
87437,8327.943423804536
87438,12958.869421609104
87439,8135.442279644093
87440,12529.241679205381
87441,2960.0813511510196
87442,11652.962251833615
87443,7210.6514328525545
87444,11527.789269038241
87445,9391.925654732879
87446,12610.00829095799
87447,15573.257561785076
87448,12457.971655757738
87449,22139.72490441397
87450,11891.00848359915
87451,10432.902404803317
87452,12572.019784760027
87453,11501.246375136188
87454,9869.457463388122
87455,17524.50190041024
87456,15341.182910818234
87457,8325.536139856064
87458,15529.093506934536
87459,27583.62875523772
87460,10943.015526368494
87461,12690.089913758467
87462,9931.63499298578
87463,15156.357630774017
87464,10709.008746090803
87465,16288.085159006512
87466,15138.405001564037
87467,10990.576628570872
87468,12803.098967514792
87469,9149.160335389844
87470,10644.605279770676
87471,9271.748112962605
87472,10710.301267629418
87473,11037.019889632998
87474,11190.695054569036
87475,12350.155529532332
87476,9445.206505393538
87477,16933.183690773596
87478,7918.5794621636
87479,13428.353011786134
87480,17916.500189495473
87481,16175.69782094375
87482,7259.225778931778
87483,9898.55385535845
87484,10963.833116375698
87485,10832.005104670048
87486,13776.82839129159
87487,38513.58067928401
87488,17358.311052299407
87489,13874.435781774166
87490,7063.896283118214
87491,20632.11816576468
87492,16314.133462025558
87493,12528.815703172459
87494,9201.608727700986
87495,17008.993588621637
87496,8979.63879111374
87497,11766.375580478953
87498,12701.114113420232
87499,18483.122643969553
87500,8463.465369689133
87501,17389.582535833968
87502,12586.398615985707
87503,9580.764817827874
87504,18919.548767864126
87505,6007.566616979468
87506,12169.539070573228
87507,8423.541481350912
87508,17469.396825121385
87509,11502.667388325806
87510,11642.03501428807
87511,15868.575722336882
87512,15836.009311038633
87513,12939.690299227595
87514,10492.152438239631
87515,11733.472221380325
87516,7855.921042496774
87517,16376.674225204977
87518,14426.354046826487
87519,11761.311635167385
87520,7643.65436541279
87521,7582.705842166853
87522,11187.069294121628
87523,9656.422490150791
87524,10046.111011192465
87525,16366.065453303254
87526,4982.21797935744
87527,7872.503189659924
87528,10916.291648996665
87529,11011.921202330816
87530,8955.87790213574
87531,2958.5706339842327
87532,14768.341464845156
87533,10979.814641595362
87534,10916.939015472475
87535,31085.72165833761
87536,8857.185663979166
87537,16344.459029523867
87538,12712.363638380177
87539,11530.562851281342
87540,11964.102063654378
87541,13142.801000372383
87542,9758.688612694932
87543,18830.092813509073
87544,13724.322058305324
87545,9311.461221382331
87546,11150.653103212842
87547,20317.967196412235
87548,18268.088201064424
87549,9817.045053314714
87550,3930.4463872086576
87551,7644.9898775298425
87552,6847.6107441499635
87553,18390.670926550203
87554,7991.491762488288
87555,17602.111373296146
87556,9724.467219587343
87557,8206.751333755346
87558,10385.375553505577
87559,9186.100342167016
87560,19063.067956854222
87561,15060.542638701447
87562,7372.581894548053
87563,9824.092639985047
87564,8092.289879060718
87565,18488.55600129997
87566,10704.696817111335
87567,16670.29838715227
87568,4327.299219357864
87569,17283.756122114897
87570,2986.948754480286
87571,8097.211776907977
87572,22268.390218282035
87573,7988.674219605439
87574,11699.075135543431
87575,14347.254596001392
87576,17995.195503416777
87577,16172.543850859709
87578,10942.273819969576
87579,12598.726433684511
87580,11829.31290003615
87581,12641.656413114246
87582,20065.014554574147
87583,19643.977094972295
87584,16217.504893361725
87585,6808.595559491086
87586,7948.980323319662
87587,8228.73409352482
87588,9691.760212044088
87589,15216.495688376988
87590,11181.932865861187
87591,13892.724409021619
87592,8222.315480543664
87593,14194.614501506196
87594,7300.490102203419
87595,19426.423935434006
87596,7611.740875749084
87597,10978.313447208524
87598,10340.116632736039
87599,16975.19495432399
87600,11008.153070512046
87601,18567.526876665303
87602,14878.966540207448
87603,19108.82932633839
87604,12900.0129836775
87605,14562.74677866142
87606,7238.42462620542
87607,8653.276399781593
87608,8955.57356744419
87609,4137.272292830061
87610,9927.136407390006
87611,10560.3572129856
87612,5977.380627803809
87613,10516.729737065907
87614,11595.672113422554
87615,10921.029452390496
87616,10574.573231386159
87617,16743.351392055327
87618,16985.83862050988
87619,8714.57116195178
87620,16217.310085452356
87621,16937.26292572757
87622,13172.395825747722
87623,10285.132139800897
87624,16641.59673977687
87625,17473.332455117514
87626,11551.248059455573
87627,19584.55905601926
87628,10271.764462283149
87629,7291.269108497663
87630,9211.028263762564
87631,13331.363357083332
87632,16731.875227414348
87633,2434.684050204402
87634,7707.840564117491
87635,18526.803282577115
87636,10225.471936731146
87637,11053.38541120862
87638,8023.032071704666
87639,7673.803450477347
87640,8533.595489379291
87641,15886.21551104856
87642,11272.368670619777
87643,15277.505746251532
87644,18044.43652173126
87645,12837.192812093395
87646,5966.809151344246
87647,16869.65662864065
87648,11977.22278441061
87649,16398.93489453028
87650,9579.652113224996
87651,11299.986305356346
87652,13728.191361665093
87653,9623.998647234212
87654,11563.620000679946
87655,14826.623819117256
87656,10013.55643517527
87657,16891.91960630454
87658,10683.738787841454
87659,18674.832088696305
87660,11713.006399800382
87661,10060.788987580218
87662,10242.840202359228
87663,17807.20136836183
87664,9664.92324280591
87665,11297.709393496458
87666,10376.662304276142
87667,7651.903730281004
87668,18610.59384225271
87669,10320.955306525797
87670,13763.348176793506
87671,16920.183103594558
87672,10149.91405994391
87673,17065.65129915049
87674,10969.000632532034
87675,10899.747488338475
87676,17048.91478592042
87677,2226.8809626056377
87678,19065.435670858857
87679,10093.54803482904
87680,6275.0568821086645
87681,7252.157476488582
87682,19393.180435709983
87683,12427.35797574644
87684,7979.908992643155
87685,18992.293854775173
87686,13834.307016239634
87687,14797.542421269967
87688,9512.588196876051
87689,18553.27111034595
87690,14627.231630118753
87691,10937.683664180226
87692,11606.19705383306
87693,13171.118324971301
87694,11556.857818432063
87695,10792.696260419752
87696,10734.509991420582
87697,15103.823289438584
87698,12812.44771864206
87699,6197.147753597112
87700,17782.047263311386
87701,18912.849935087743
87702,10784.088732892453
87703,9514.231902796762
87704,8082.23430904282
87705,28007.923350516718
87706,10582.078766310473
87707,6000.947764098302
87708,10756.185555624554
87709,11517.080350712393
87710,16046.531813252965
87711,10432.537531410646
87712,10433.76738056255
87713,16219.217813052712
87714,10381.037637919346
87715,14010.752631473726
87716,8998.022589329756
87717,9834.54665390506
87718,10043.691967272804
87719,10187.45103085131
87720,10390.239612084779
87721,13052.303945780995
87722,11109.319663277145
87723,16368.829856850556
87724,8080.71938628831
87725,13161.78607649948
87726,10962.962206488315
87727,8342.683955591181
87728,18944.307227832156
87729,8670.548441887551
87730,10372.10066522158
87731,9527.278242290678
87732,14164.758321508556
87733,13908.3746563501
87734,17765.05021716154
87735,10069.681738048539
87736,10673.338683356897
87737,11019.349341748266
87738,17539.94952418376
87739,4868.375549204956
87740,16460.151618713277
87741,15640.45050968051
87742,8277.3669712023
87743,1973.9656731021846
87744,12082.847839517306
87745,9836.493939536978
87746,15811.08587627113
87747,10590.69152272735
87748,19680.606654036394
87749,22305.42638847301
87750,13036.609942413359
87751,12634.918885543055
87752,11007.86134855716
87753,11604.74430931346
87754,11042.609573911324
87755,2944.6914119025746
87756,9275.449019057825
87757,14267.325115094236
87758,17243.6462810584
87759,7727.991436768443
87760,15853.62955849922
87761,10812.68949095921
87762,6260.042577823565
87763,9146.38795770253
87764,9948.551615191545
87765,15644.82458329737
87766,16151.43957252577
87767,15858.061862269416
87768,7080.80243389512
87769,9551.242953236864
87770,11169.308919364223
87771,16896.625820517227
87772,19444.88843382836
87773,4583.97733519242
87774,20460.422618935896
87775,19061.727461889648
87776,8455.81110404021
87777,7929.1409787617085
87778,13594.18199657217
87779,10582.80704547817
87780,12638.474017103184
87781,11791.258664975054
87782,16268.632091450601
87783,11330.362485470481
87784,9780.43650162506
87785,11129.720039580634
87786,14714.509400032817
87787,10115.515122760966
87788,16492.781564197874
87789,15859.992256071679
87790,9897.043005721227
87791,7918.174935384329
87792,8140.139118242549
87793,15838.935239864897
87794,14090.117443828842
87795,11034.105008094599
87796,10997.91065899333
87797,13865.575560875908
87798,2344.0417354460874
87799,7737.783113391281
87800,15024.323830952966
87801,13308.17964877419
87802,11298.110865991766
87803,14438.385697734597
87804,6373.574562967181
87805,20963.656097544655
87806,10869.0603866572
87807,4388.509943415386
87808,11911.417434086461
87809,17598.38673623765
87810,9901.675522927319
87811,17442.27206830817
87812,18212.29595967946
87813,10437.64206544747
87814,11024.22964004929
87815,10005.303722306582
87816,11433.151053291786
87817,6447.958297885658
87818,4726.3946255149895
87819,17947.83515953208
87820,10889.847786110513
87821,21433.537912881293
87822,9060.441817991943
87823,10599.218050022653
87824,9677.056424692371
87825,18663.925551423043
87826,12893.878224653703
87827,9694.95733806753
87828,10719.659624250884
87829,16144.391677579802
87830,17662.61807674923
87831,15757.373633598134
87832,9702.259413642249
87833,12691.919813822475
87834,9265.017809267621
87835,17042.635294495984
87836,9060.799211623073
87837,7120.131335023638
87838,21741.23930044059
87839,12779.601903276189
87840,16059.011031941604
87841,11064.435392690742
87842,14601.238724405013
87843,7790.928304891736
87844,17487.650788198185
87845,9102.557430793468
87846,11073.25916032602
87847,7674.916905953173
87848,11162.790603384592
87849,16390.89468434692
87850,12703.433454378988
87851,13847.191540418336
87852,8348.004029325295
87853,16948.51798767597
87854,2415.7480663576707
87855,7605.599408843341
87856,10346.311566444498
87857,17289.06916261663
87858,12256.635488481132
87859,17771.40352669582
87860,9920.986152833411
87861,11195.554165881555
87862,31770.636831967142
87863,10511.292941348516
87864,17463.52727167334
87865,19754.601924185947
87866,17910.497428457435
87867,13769.449254658288
87868,11446.66005481783
87869,12595.52491016341
87870,10102.708421955938
87871,10603.719396484896
87872,9171.836218675418
87873,9744.972678272623
87874,7985.5892083803255
87875,12120.503308934549
87876,9964.339336948993
87877,18800.44052173134
87878,10862.621653561568
87879,13342.024932069973
87880,8822.480310091842
87881,10955.94422745917
87882,15685.747139409474
87883,14351.26855502652
87884,13140.289837654112
87885,10572.34426328478
87886,17189.38070488551
87887,10176.764654438108
87888,9987.121514399198
87889,16741.26828145766
87890,11381.249242901635
87891,11762.420673253911
87892,15837.354876667618
87893,16801.73167274456
87894,7888.790031359453
87895,9629.854438440441
87896,18321.3716628891
87897,12929.480848931942
87898,9097.598139111256
87899,19357.81866610515
87900,15144.222443285818
87901,7587.352827652918
87902,10995.797087045576
87903,10564.749170966552
87904,11850.538633262038
87905,11071.305331097641
87906,16930.015999415333
87907,11388.796312832419
87908,17318.1366159974
87909,11480.764918210487
87910,10548.383834192513
87911,11856.029395373975
87912,10789.49055396799
87913,5270.205616193997
87914,10782.276250942217
87915,12542.629898044559
87916,9487.628267938646
87917,10230.504164628604
87918,8991.929913886699
87919,8297.082569838994
87920,12758.898803274531
87921,10515.322009619895
87922,10196.060094445817
87923,9815.548635499204
87924,12856.001288230838
87925,7434.202326089612
87926,18924.25706855447
87927,14090.117443828842
87928,5907.161871276853
87929,9093.190917549495
87930,18080.840997092277
87931,9395.64255723962
87932,9910.23779959626
87933,15727.202608945689
87934,8432.95486454958
87935,14933.48976007426
87936,2375.4617495021967
87937,9759.475176941061
87938,11461.338024320277
87939,11314.005968433505
87940,9966.89767682464
87941,11013.53767560879
87942,10941.87004250534
87943,12103.680885251248
87944,10328.76005169901
87945,17332.81982618262
87946,15948.38270664339
87947,19385.992962793895
87948,13609.265229760287
87949,13120.524410648974
87950,13200.500541922906
87951,16819.404800139764
87952,4957.793801211098
87953,11745.86296241161
87954,17015.916091297608
87955,6702.698277536268
87956,11744.12837151884
87957,9783.910084615398
87958,12380.311152867265
87959,22202.350315933458
87960,8292.803473942407
87961,11130.00697752171
87962,13461.471544432967
87963,8312.25049974764
87964,5574.604455715007
87965,20813.274003531442
87966,9772.92669887871
87967,10029.192791605468
87968,8494.778487705855
87969,16225.51168824205
87970,12699.29104171972
87971,11505.586412748024
87972,12437.731860663293
87973,22558.217587799227
87974,19025.55419462369
87975,14129.644357494954
87976,5078.215698291647
87977,8310.501904003722
87978,11882.678819968707
87979,17266.81579022782
87980,10788.813732022543
87981,10564.813357647045
87982,19127.482439111187
87983,19836.6473904054
87984,9649.805964558596
87985,1899.3148685164467
87986,5878.557767945923
87987,10459.978528496275
87988,12055.567787560494
87989,5330.820661706836
87990,18522.16704898082
87991,10664.423726445344
87992,13925.581682446884
87993,7916.868185242095
87994,18726.38080844306
87995,8944.268330149298
87996,15387.440546214684
87997,17505.524046625807
87998,9703.744432903262
87999,6751.370309099986
88000,13637.781764662022
88001,13876.793579462785
88002,17640.447970982288
88003,14869.060748259555
88004,10664.037424081032
88005,8141.936002127915
88006,15886.914487596154
88007,16718.45753839144
88008,11848.319464540635
88009,15755.032884251194
88010,7575.606454239707
88011,11923.33561104285
88012,17278.05480775103
88013,10273.962328831349
88014,8237.032319987597
88015,8897.603071570647
88016,13093.131034506074
88017,14546.447577969499
88018,12208.104112708052
88019,14765.447798219704
88020,10428.457498245547
88021,11587.760092420365
88022,17045.96126531735
88023,15429.004835505459
88024,10397.59290190726
88025,7896.748282206676
88026,10139.083740166387
88027,17095.252513281113
88028,8720.274112337218
88029,14118.139319386504
88030,9857.064401642212
88031,13103.799164933338
88032,18223.462313964188
88033,16852.755409313682
88034,12898.576301903222
88035,13635.37964554178
88036,16743.090694281116
88037,10559.272582222118
88038,10550.038704273162
88039,8004.420357225135
88040,37875.959434295546
88041,15758.849604255709
88042,15213.335304631488
88043,10787.031649813913
88044,5421.103725606252
88045,17202.366746332722
88046,6088.945253154972
88047,9451.725654739526
88048,14878.966540207448
88049,5960.313103177771
88050,15807.97838824242
88051,3692.4400491796605
88052,17042.945024178338
88053,7977.442105861673
88054,18295.486456958653
88055,16278.468022711271
88056,8387.641090917667
88057,10891.312332160776
88058,9580.764856588281
88059,11253.400671143685
88060,15364.720190250884
88061,11868.084919657153
88062,15984.2973663423
88063,13593.720825561917
88064,13799.906684579611
88065,17013.718247975743
88066,12096.582892244629
88067,13030.812180146659
88068,2345.1163034666256
88069,7325.375006783879
88070,7374.270896871299
88071,5618.366171917395
88072,15837.915255565318
88073,16654.39851711936
88074,9310.396984511093
88075,15675.403533734678
88076,7299.4846062486995
88077,20428.711588567017
88078,7860.1140261072605
88079,16262.2381818483
88080,10929.990976134468
88081,17268.64021287175
88082,9380.136282364676
88083,7588.737354554946
88084,13638.933253004776
88085,10644.064975418989
88086,10000.80833162094
88087,2361.9334716458134
88088,11293.425674353683
88089,17891.470385041244
88090,17240.531804104343
88091,7049.027090487812
88092,18501.555780405313
88093,3046.4166902197935
88094,10313.573046768206
88095,23224.416008237255
88096,19802.59280971519
88097,21260.075750106436
88098,10582.677144567648
88099,7219.090231841831
88100,7863.550320628524
88101,17797.684264604683
88102,10029.036965502653
88103,8419.139069193408
88104,16030.777791289478
88105,12951.260245666565
88106,11090.66250941753
88107,6757.650324786209
88108,19831.586739132705
88109,13957.179827069103
88110,6398.696952472039
88111,11048.13187658297
88112,10719.907944474118
88113,8761.557833741335
88114,12715.178474313327
88115,10176.101948969384
88116,13361.21011031655
88117,9450.977482167704
88118,18561.504747890303
88119,10973.33458370187
88120,13244.291770878
88121,16676.816212345042
88122,13943.27621851048
88123,17676.850208891276
88124,15907.691029482636
88125,12102.242804778796
88126,9149.160335389844
88127,18513.52149747302
88128,9888.010347664062
88129,9075.588784925496
88130,14684.006206393538
88131,11762.197133456153
88132,16501.535601867337
88133,13267.843000911955
88134,7323.699572906371
88135,5566.025582741131
88136,12803.669007252316
88137,8561.608438335918
88138,12789.568572281465
88139,8579.130442932428
88140,10304.401752554119
88141,15446.746935216204
88142,13474.435118108368
88143,9954.584080804983
88144,11490.26430178447
88145,16030.256330758932
88146,12242.803274074357
88147,9288.042572630857
88148,13908.3746563501
88149,16707.27745032279
88150,18295.202624448848
88151,12930.879522472533
88152,10834.839115996137
88153,16758.946371922215
88154,13240.76560743903
88155,18460.190756744196
88156,7120.84125530033
88157,10635.887271098178
88158,6366.033074023617
88159,10555.507071945796
88160,9878.595345769589
88161,9898.253906074597
88162,17242.866152547867
88163,18031.410291371674
88164,11714.464504909947
88165,7031.815843902417
88166,16895.67838814357
88167,11849.257960914918
88168,32985.72646318519
88169,11592.009869329582
88170,16334.711577222297
88171,9667.97634359533
88172,9490.104084555669
88173,11523.615430477344
88174,33895.59322997018
88175,9047.366478956259
88176,19335.5424845859
88177,9998.790963096599
88178,15825.182142482805
88179,12224.36147845242
88180,11223.345525456432
88181,7521.096870966003
88182,9771.988425978696
88183,13382.705522225373
88184,11278.133565283888
88185,9048.803900844538
88186,8035.352843072454
88187,9606.46959677117
88188,10660.704604632872
88189,8054.33712416941
88190,9918.404830957657
88191,10286.112958539603
88192,18353.929252432492
88193,13602.194274566638
88194,10229.042642881099
88195,10313.748856153374
88196,12196.954074222867
88197,9429.8626867246
88198,8245.528875216656
88199,13918.894854788798
88200,13357.819680992821
88201,10608.96880048411
88202,10653.46833901853
88203,16236.797350753588
88204,12859.720349151923
88205,15470.084702575175
88206,17055.137859797913
88207,8769.82157579456
88208,21964.64594278697
88209,7838.230568422802
88210,11585.329218211322
88211,6302.923603662377
88212,10028.31469988101
88213,15847.062986014145
88214,10326.979364950259
88215,10724.149899688797
88216,7771.3014405685635
88217,18157.370572479784
88218,14867.116089130515
88219,7967.230811015691
88220,13826.623445765426
88221,12980.128396480211
88222,15689.022254970901
88223,17167.238419569952
88224,9931.63499298578
88225,10867.268651624667
88226,9430.80742854821
88227,9608.702993771163
88228,9901.39351531457
88229,10162.783970459413
88230,2594.365531227168
88231,9937.638052961807
88232,13830.558154199914
88233,16654.87594373289
88234,16123.436602806618
88235,13228.547978174147
88236,16485.616021242764
88237,13074.89762272084
88238,17080.773345652175
88239,8585.642557412668
88240,11220.270763074937
88241,10506.460221445743
88242,10893.26281215914
88243,11881.13699718179
88244,7989.550555151352
88245,9639.130785645437
88246,11149.767759075417
88247,9514.046945177057
88248,18156.977135335583
88249,9229.386752448598
88250,10088.6302575351
88251,16905.83260523152
88252,10867.296156567147
88253,27672.687096753965
88254,11420.34527237505
88255,9991.546362022078
88256,16129.720817387692
88257,19569.32795774619
88258,13585.069764836946
88259,8794.401399257045
88260,7734.578037753656
88261,11862.102295274473
88262,18395.71604222975
88263,18461.09963391843
88264,11819.425885820494
88265,9530.691894237376
88266,10389.621471360246
88267,8209.348488716672
88268,13904.543870329218
88269,13688.354443299404
88270,14978.038245734677
88271,12193.317717103177
88272,5053.313504935829
88273,16573.440821662753
88274,11738.373756422166
88275,17375.82882683684
88276,10867.200433809558
88277,13344.080295113266
88278,14173.006308266873
88279,10422.261326099018
88280,13181.61270668899
88281,18025.132735788855
88282,12733.06366710634
88283,7950.798834514214
88284,11489.84779506162
88285,17968.026865690976
88286,16264.191535596538
88287,7497.965189116853
88288,11247.953883615779
88289,9811.130906847091
88290,13771.895195274603
88291,9708.399368576196
88292,13607.376754857998
88293,9406.514989804087
88294,13270.386890608088
88295,10577.510451052116
88296,13758.47254205858
88297,10310.565121860493
88298,9885.953659754416
88299,18033.312696110777
88300,11178.2459291125
88301,11295.357801500777
88302,13324.565823525061
88303,15671.773041066566
88304,7220.743147004895
88305,13867.891987026405
88306,9805.079396919708
88307,10178.579465367975
88308,10518.116471358006
88309,16684.63087376812
88310,11145.625982592303
88311,10232.90692690212
88312,7754.838265946157
88313,11703.77874925391
88314,19528.800895400294
88315,13034.694685037986
88316,15853.551726511168
88317,10899.885868532945
88318,18242.64741472164
88319,20287.62641221803
88320,13288.23515536384
88321,17508.82053251257
88322,9619.773192035827
88323,14036.819589556955
88324,7253.735787211358
88325,14952.869237944704
88326,13150.924393956191
88327,16531.1879912747
88328,10375.94980212118
88329,18668.91239371586
88330,9627.047765592648
88331,10694.07665456212
88332,12817.227548985788
88333,13627.600901082014
88334,4813.163178783428
88335,10635.850761655824
88336,12205.958080408182
88337,20439.37417843924
88338,13044.52585985857
88339,12955.683220225763
88340,7778.62645418483
88341,9634.123144452611
88342,9495.742979065288
88343,16944.72763850878
88344,12096.822183779805
88345,12746.829063385814
88346,10587.517547387504
88347,14123.533769191557
88348,6992.980203499307
88349,6830.785628604054
88350,10490.858153406843
88351,10661.217298362735
88352,14867.905460417045
88353,5811.4706672904385
88354,18904.606577148108
88355,8873.232307666263
88356,11805.732628788966
88357,16436.509838291076
88358,15399.871958739795
88359,11412.588802084163
88360,11698.947310487587
88361,11738.079847420828
88362,7955.036971498965
88363,12894.563535694953
88364,8012.015241353429
88365,13552.097722554514
88366,9291.503368087919
88367,19810.63592056483
88368,23688.72491021297
88369,15455.607164683308
88370,10097.727550779711
88371,16096.43840490152
88372,13922.019782906977
88373,6236.620516428546
88374,16229.98376203179
88375,13830.582357221481
88376,10799.718645140463
88377,10267.473202502275
88378,17154.787260856207
88379,20795.593504336415
88380,16068.86073828669
88381,7723.600351067651
88382,20571.86284610558
88383,10792.97735231932
88384,11583.378834823372
88385,10171.493546087315
88386,17980.44978854575
88387,10655.568398013109
88388,9037.885753447537
88389,9243.641114968184
88390,7912.224509867965
88391,8793.999052096011
88392,7905.930057612984
88393,15640.115314246523
88394,16587.597649351097
88395,9167.288353620934
88396,8267.527634730543
88397,12164.576922923923
88398,16909.28805154569
88399,15277.237170299508
88400,12527.76926340388
88401,17176.41446364276
88402,17141.484601410157
88403,18040.069497249897
88404,8239.441429855682
88405,14515.80549249573
88406,10748.160747629541
88407,15976.625419809534
88408,10161.985055001207
88409,13821.092197233675
88410,13341.209609579359
88411,15638.265644614428
88412,15443.577196653212
88413,10025.627997132306
88414,17471.74433178727
88415,2047.8871310474606
88416,19204.221734218772
88417,31170.17308364491
88418,11186.655831773214
88419,10456.70858594985
88420,11446.66005481783
88421,9870.443101952464
88422,8188.213170862882
88423,15250.01570267384
88424,17289.542369144536
88425,15769.29550601737
88426,6399.559089336797
88427,12136.146622018518
88428,11305.882751646588
88429,17155.715477084937
88430,16363.422016260094
88431,13182.598026266884
88432,8959.707967173515
88433,16813.53806219155
88434,19625.009143039388
88435,13925.82797188864
88436,7260.846024043341
88437,8087.401442463232
88438,10279.349224131005
88439,9905.999091843913
88440,11823.76774328236
88441,12502.652429019665
88442,7333.1823656074375
88443,11215.048774206467
88444,9793.37510761731
88445,11422.65420172503
88446,10582.939173031931
88447,10829.259849039561
88448,16440.160901594085
88449,9076.727822966912
88450,11048.308943067892
88451,18246.5763060942
88452,21419.74923386131
88453,16807.82044360272
88454,9794.307420826692
88455,4330.515981921029
88456,6522.644342761684
88457,10737.047645722932
88458,17707.213373238337
88459,15145.34080616121
88460,10112.381278239285
88461,6238.9868317537985
88462,12020.452288597391
88463,9314.720616459233
88464,7396.741533987941
88465,16503.206204646354
88466,15944.389934563493
88467,5567.455216885902
88468,17180.189215119426
88469,2949.655523837626
88470,16284.631814427277
88471,7865.178375635235
88472,15853.840653747024
88473,18374.118775430892
88474,8670.686948502123
88475,17241.931280927834
88476,13571.08560778212
88477,16955.14367516582
88478,17051.33918063241
88479,11144.679048929998
88480,10138.66190094073
88481,11787.941360789428
88482,6669.755579136962
88483,16338.306972064182
88484,14255.715108767394
88485,19552.427520611913
88486,11627.210354673862
88487,7842.490829576428
88488,16139.760705223269
88489,11446.66005481783
88490,9874.320609461174
88491,16001.203951887474
88492,18263.57649731205
88493,9461.345654623223
88494,11065.253522434728
88495,19112.81185032684
88496,6855.3513229525315
88497,6337.101653895189
88498,3851.9409248059787
88499,8484.6876523055
88500,7986.86482547149
88501,16160.49516959583
88502,11905.84175230952
88503,11227.99253530872
88504,17709.6102142833
88505,15454.330036313977
88506,14920.146674205693
88507,10704.07527704527
88508,18455.391185585282
88509,10300.389876367697
88510,11889.889826448987
88511,11126.870933685856
88512,8147.607720533951
88513,8416.23934639977
88514,15859.619788707618
88515,7827.741015092591
88516,10953.845127442468
88517,4685.656886180144
88518,8288.26981799323
88519,15725.160631847986
88520,8902.755505704341
88521,24265.830639381405
88522,11553.185876280198
88523,13552.097722554514
88524,11494.166672250438
88525,8464.795493133031
88526,14839.084950902268
88527,11227.828299885128
88528,19184.760800753527
88529,7846.80193282121
88530,9932.047016209392
88531,13687.898130964362
88532,18395.273732308586
88533,41190.748003541754
88534,7752.839829650357
88535,10576.040737187823
88536,16272.729200010584
88537,14067.558902086117
88538,18645.638127135557
88539,10078.999390797451
88540,6638.914014900004
88541,6957.995678609856
88542,8330.65331325338
88543,10687.73035997243
88544,9900.357513810482
88545,10335.088452709111
88546,20180.166399553953
88547,10635.878872957235
88548,15825.5267351733
88549,13500.316467289977
88550,12910.224719757833
88551,10460.629291236726
88552,8420.59424120618
88553,13870.068658748552
88554,11272.368670619777
88555,9419.127397514061
88556,11610.760072092007
88557,16173.583922807773
88558,9406.514989804087
88559,10873.75227780918
88560,16175.536046399618
88561,9047.029123472163
88562,6354.1830730206
88563,7804.563279155535
88564,15812.940891561573
88565,18931.680912987456
88566,7605.623478905037
88567,14858.61157448781
88568,16090.506032372636
88569,15779.247434755278
88570,20770.803424408678
88571,18237.624928760142
88572,6137.002807198999
88573,14247.065022587807
88574,15865.209216768046
88575,16522.46950279055
88576,16740.534965863495
88577,15566.610456795657
88578,4525.8111358087135
88579,10367.562412960633
88580,19753.99348126915
88581,19201.981824496816
88582,13216.300049493471
88583,10478.913214992761
88584,20016.88630990107
88585,11695.571544306928
88586,10160.328492141512
88587,6621.006230498513
88588,12086.552944560874
88589,8335.574819522813
88590,8431.345320393955
88591,5604.269117737372
88592,7502.934422851675
88593,13659.596020239389
88594,8103.88742800319
88595,11926.522703484497
88596,16492.781564197874
88597,11310.24902664023
88598,13417.665408605633
88599,14800.839756735391
88600,18176.193129876094
88601,8455.265019597273
88602,19152.26302376344
88603,11071.961735418143
88604,17343.907800127676
88605,13556.190744593825
88606,9901.86193626301
88607,8198.31762162995
88608,13277.618136695384
88609,8716.878978855082
88610,6113.11867425128
88611,3384.3491558143824
88612,15896.410254220955
88613,10001.325912922346
88614,7896.710980322248
88615,12625.066037965587
88616,2690.0199660732997
88617,7592.112716401294
88618,8292.103292621936
88619,10339.307504166494
88620,16808.816186726126
88621,10037.664085922366
88622,8820.091589112939
88623,15940.500179346081
88624,12587.019885641459
88625,14447.62494092338
88626,14865.619281977368
88627,26137.764622463143
88628,20530.25782731309
88629,11758.776437889399
88630,8549.812080884867
88631,9681.42559409028
88632,10813.323855909852
88633,16891.91960630454
88634,11214.752773350954
88635,7154.818393391282
88636,12003.163042353102
88637,15754.810536103289
88638,7493.097400867922
88639,11353.4462883735
88640,11834.339813811122
88641,15983.86483573837
88642,11255.571619307068
88643,7174.099159415686
88644,18000.525074201145
88645,15658.531843783268
88646,9703.744432903262
88647,9036.667442151547
88648,9769.399244506672
88649,15884.734180866482
88650,10171.562687583202
88651,9938.530793714373
88652,10321.542026123238
88653,7543.535841644831
88654,15730.458096421396
88655,8767.905007133084
88656,9217.201707608483
88657,11982.742721342269
88658,14892.72676548565
88659,10109.194198906103
88660,16284.311426189046
88661,5940.285462091678
88662,9460.557760828886
88663,10131.429461800719
88664,11150.406514865324
88665,8020.689504431092
88666,17455.866851708844
88667,12074.849281473462
88668,15837.607324671515
88669,10209.22111219778
88670,12642.741009993853
88671,22961.465367154593
88672,3500.316742141341
88673,9730.314304013562
88674,16065.71613377633
88675,22142.91134498536
88676,4748.798380584936
88677,17337.80710331487
88678,11129.720039580634
88679,16065.71613377633
88680,13301.222818887003
88681,16611.41625956945
88682,8291.302232963528
88683,18787.40790728915
88684,19561.44863470908
88685,13434.44891256757
88686,5233.62916112155
88687,13793.564693719707
88688,8080.6185423058
88689,11783.223268554555
88690,6452.641227255913
88691,9712.976472903107
88692,9060.938322146361
88693,15384.069226617468
88694,16584.059040528024
88695,10022.50728883083
88696,15702.844315717473
88697,8281.293446090367
88698,4327.234447291654
88699,14750.967594551108
88700,17727.501205525354
88701,14832.966362676756
88702,8282.084020016335
88703,10802.508174825696
88704,16874.87447168948
88705,14621.550097181915
88706,7917.903775581469
88707,7857.1277747963495
88708,15897.796229323958
88709,12871.652337298017
88710,7829.97466619841
88711,11777.003780775762
88712,12787.687896806347
88713,9800.413955357308
88714,7781.803823270704
88715,15914.838303934734
88716,19618.204229638905
88717,4350.42407798161
88718,11916.030757633174
88719,7646.882120173961
88720,12416.998727216614
88721,16953.06764603445
88722,13784.55467709275
88723,10558.073366297313
88724,20112.637352372047
88725,10821.854445149176
88726,11738.373756422166
88727,16518.89964955113
88728,8678.628414359444
88729,21850.671386937105
88730,18448.5231946337
88731,11288.8251197147
88732,10041.96536959295
88733,11371.950117793343
88734,11215.048774206467
88735,24571.473187196352
88736,9511.469631362173
88737,5975.895666801922
88738,3945.92458892592
88739,21291.880252244006
88740,8653.11854316926
88741,9944.376235759024
88742,11196.280672003826
88743,16126.065381926317
88744,16995.42511938868
88745,15772.889366696303
88746,12288.747106851823
88747,11048.308943067892
88748,12196.954074222867
88749,11166.450553032146
88750,8845.279186530457
88751,12917.038734008958
88752,7192.884159549281
88753,18166.364124464413
88754,5426.622957417333
88755,6298.309741571945
88756,10860.533432943652
88757,12449.053194529124
88758,9882.150955749003
88759,11838.497742218156
88760,10177.51474096145
88761,18279.599507257524
88762,18316.2555502826
88763,33256.71431720426
88764,13432.193713452405
88765,17368.07109219809
88766,2721.4064979519144
88767,16740.829038306132
88768,11081.098252704107
88769,10100.610087906804
88770,8918.89959724469
88771,6148.079623412098
88772,11190.695054569036
88773,16886.567743580592
88774,8391.838182865878
88775,6881.107147050791
88776,10916.673896054386
88777,13630.445654953108
88778,19763.471533166183
88779,16503.28364350218
88780,8125.74055180116
88781,11311.123114039923
88782,18156.556479350835
88783,12024.465840686775
88784,11336.983812136903
88785,14075.799411315267
88786,25688.400441296195
88787,14629.636049980389
88788,9366.28076198559
88789,13571.93266466977
88790,15190.511197656988
88791,12721.951474848167
88792,8467.034986047034
88793,11697.293195619804
88794,13298.936446179683
88795,7857.575953715025
88796,13346.25327601451
88797,7427.272907833686
88798,19720.452044577956
88799,9003.162601098777
88800,7212.870717177115
88801,15811.063320969242
88802,10863.150679146063
88803,16958.393173103654
88804,8355.876661513697
88805,16938.329780043747
88806,17249.87196711435
88807,13623.033125854123
88808,11129.351550356985
88809,10140.97168420485
88810,9872.536189897875
88811,16473.26334902474
88812,9389.046549238767
88813,9687.83612147211
88814,7917.903775581469
88815,13297.204569405254
88816,17348.558763923767
88817,17042.945024178338
88818,17103.896453619593
88819,8530.383938294155
88820,11603.363689012638
88821,12395.22090185175
88822,13018.684143810076
88823,16543.053851538243
88824,18321.713691901816
88825,7887.699037671776
88826,16151.43957252577
88827,10670.167352148583
88828,8783.194582411661
88829,16705.348623891252
88830,18707.423709918898
88831,9978.438930730515
88832,7568.548424143473
88833,14388.335869258317
88834,12536.668842136056
88835,13386.37003664495
88836,16030.256330758932
88837,12681.296285625456
88838,13156.135456803573
88839,18169.313548402693
88840,11575.383840292383
88841,21017.997013521035
88842,25338.107155808328
88843,11417.89969839833
88844,9776.840622313894
88845,9837.30991354645
88846,12643.918810663587
88847,10926.311699557273
88848,20488.84422575789
88849,10972.561197692195
88850,9094.420735013335
88851,18823.175633095707
88852,12636.48792878688
88853,14555.859128158905
88854,9760.19113589543
88855,7172.856718272455
88856,14562.977614039437
88857,15891.874573962483
88858,12783.051787086744
88859,3276.0833871981986
88860,9187.89459480983
88861,10862.025851857754
88862,11353.61276131708
88863,8568.08697395487
88864,11294.548583894966
88865,11827.749397446596
88866,11579.102442543533
88867,11886.55910653255
88868,20717.191625288924
88869,11118.139856859048
88870,15076.290627896637
88871,15880.582021639206
88872,9809.468663347048
88873,35104.22417771136
88874,11521.906353647468
88875,8768.36505970189
88876,2365.9650146706144
88877,18268.088201064424
88878,12982.966084549184
88879,13051.014136227872
88880,15940.689838388533
88881,6247.002553358198
88882,10772.97536909778
88883,11832.477156656265
88884,10249.46632492396
88885,13743.681693979312
88886,19014.468835554533
88887,15478.287008096979
88888,21395.97846711736
88889,13668.585411552742
88890,19960.022109311754
88891,18301.29639410814
88892,12960.821454678427
88893,9715.677919625867
88894,13346.25327601451
88895,10128.93924237562
88896,11398.088222944607
88897,10389.324761602555
88898,15114.378597481022
88899,11854.92193507752
88900,8303.827589887214
88901,10446.479166697254
88902,18212.29595967946
88903,11126.027756082107
88904,17331.08242877724
88905,9525.329079470877
88906,23827.711286294292
88907,6896.320937752166
88908,22588.12691990606
88909,7887.587232771371
88910,13545.879017717338
88911,18272.920340448654
88912,11876.490454371766
88913,12742.910457446049
88914,8383.38283354112
88915,9695.59738423848
88916,13387.30951819191
88917,14203.575301244347
88918,6142.218240317813
88919,12584.6138122281
88920,8092.289879060718
88921,7504.706090830574
88922,26336.033173481548
88923,8705.832489346813
88924,11932.40562423758
88925,9029.1180813791
88926,14931.628275616331
88927,6035.828601692534
88928,7288.85566848393
88929,12914.580280677656
88930,15258.476677763952
88931,25781.49365867953
88932,10690.956475983565
88933,8121.468503422603
88934,11719.564813106193
88935,12869.127902794487
88936,18904.239559570164
88937,14995.310220285292
88938,17326.727144504788
88939,9626.859094327861
88940,3369.6720867142994
88941,11217.769959486612
88942,15751.88829309612
88943,17634.886910348865
88944,8730.004315121996
88945,6890.118759909209
88946,12124.858388498416
88947,6699.362399886406
88948,9877.04668686235
88949,18780.29245491848
88950,11810.201757910268
88951,6932.873344831454
88952,12673.283566317916
88953,14804.979188149531
88954,10189.257737860755
88955,11783.104750379829
88956,11499.788170907323
88957,18820.55941165979
88958,11979.725454289653
88959,17618.26141347972
88960,9399.49038084557
88961,11911.583259924351
88962,18643.637284976114
88963,11276.402641664241
88964,11291.406342934622
88965,15382.991137506571
88966,12660.973195270397
88967,16683.43955008864
88968,10182.694164713803
88969,9006.968425290497
88970,17318.1366159974
88971,10155.021100675529
88972,18599.432651616906
88973,14390.451814253187
88974,13697.802572852243
88975,10379.018983848038
88976,18483.122643969553
88977,18031.585175657103
88978,10792.724330257448
88979,13950.837462645106
88980,10900.009878865805
88981,15927.778576874116
88982,9707.63412575045
88983,16687.16052017322
88984,9093.190917549495
88985,14629.636049980389
88986,10532.796221118935
88987,20715.841044219414
88988,11210.570373882745
88989,9794.307420826692
88990,10810.876269639317
88991,16270.708664886703
88992,9660.373786251193
88993,10154.394683177923
88994,16724.402928178915
88995,10688.589456342188
88996,12673.2740104744
88997,20305.345222655356
88998,11423.470756100727
88999,16681.709793446014
89000,11277.302673464053
89001,17201.811667178954
89002,8018.3824062609165
89003,11013.204093208817
89004,7004.061622334859
89005,9829.886865856328
89006,15886.774921663793
89007,13998.907788723713
89008,7321.1014392423585
89009,12061.552467252093
89010,9446.69325701563
89011,11093.346763382184
89012,5627.269357186615
89013,25078.43682776348
89014,19376.494326579028
89015,8748.72703177588
89016,11237.909594030323
89017,7831.84122276599
89018,16853.03751327458
89019,7192.06592783426
89020,11117.762441925759
89021,17537.30879715424
89022,8806.66237744212
89023,16870.669414345757
89024,18880.822499896985
89025,10293.475997764843
89026,20049.304735021746
89027,9802.79483793878
89028,14167.493533330842
89029,13940.71484235777
89030,12191.571002942415
89031,7252.757697354825
89032,16856.718635501573
89033,11464.15506434745
89034,7535.75177546899
89035,18261.956393720913
89036,12612.850272238364
89037,16341.93070961583
89038,9915.027372436527
89039,14512.65286635499
89040,21946.756879441233
89041,9769.506064151648
89042,15907.691029482636
89043,13619.863765043825
89044,11865.62477159976
89045,8796.638738714033
89046,9357.297110904805
89047,13616.706923995776
89048,10348.77038324066
89049,10218.77534794806
89050,14078.49706135567
89051,23376.41527177949
89052,35136.18832264377
89053,17264.765524391627
89054,14925.418472649366
89055,13615.78868205542
89056,16598.137679393265
89057,16285.86762874791
89058,9627.641193616771
89059,9607.879591873012
89060,7235.340184781886
89061,6418.564672370531
89062,22950.513245559483
89063,10519.142887333865
89064,13345.97249066777
89065,10004.98510488363
89066,10860.581787243527
89067,9176.231309522886
89068,7341.928704798611
89069,15584.908685021186
89070,6202.503847706147
89071,8346.521914106697
89072,7789.397661406606
89073,9718.334801511925
89074,19147.361514699427
89075,9742.564949125648
89076,11924.729469105
89077,10035.586057702289
89078,7503.154789123172
89079,16151.43957252577
89080,12837.117650440621
89081,19005.135817169437
89082,16261.063612225762
89083,19876.328694614233
89084,16270.699514221029
89085,9800.467561183206
89086,1717.8965644477562
89087,16074.074484399587
89088,13228.479721375286
89089,10727.706717627278
89090,11133.35422151101
89091,11666.98463650568
89092,12788.0530452196
89093,13653.432123610924
89094,6333.503254290109
89095,19802.59280971519
89096,15854.365455736035
89097,6995.665778101244
89098,16602.931979814173
89099,26749.295212032514
89100,11379.6807122704
89101,17488.1366533658
89102,4511.548984046722
89103,7745.201679961462
89104,6219.50139981706
89105,2500.3776604344844
89106,10360.360906147056
89107,8483.965689227105
89108,19214.746881193118
89109,6722.323759996397
89110,6915.902735949687
89111,19349.175221478807
89112,14509.030934106948
89113,11302.295516019243
89114,11521.879089897959
89115,16522.530124177516
89116,7921.543326222521
89117,15544.901858493791
89118,9723.967371479484
89119,7890.0138753965475
89120,10494.876586430997
89121,7046.037376922376
89122,15239.346615471528
89123,11054.291336711955
89124,10963.833116375698
89125,9724.910049113507
89126,9679.115948909503
89127,5637.537917309614
89128,11522.113159549483
89129,11467.202634836874
89130,10397.065049378232
89131,9714.802110400697
89132,5124.454165992237
89133,6343.970745624664
89134,16703.358220475977
89135,13670.597670507928
89136,10656.126207348108
89137,12886.924139504728
89138,10838.08878620846
89139,14156.04820955095
89140,16503.28364350218
89141,25238.251512449144
89142,9388.737687779994
89143,18361.599322807746
89144,10162.302420333708
89145,7767.38856328376
89146,16875.893602929034
89147,11567.594762784842
89148,11122.173123218776
89149,7725.34205242174
89150,16257.37819236008
89151,9288.106653636583
89152,15337.176893341102
89153,20467.48738656172
89154,17756.205016691325
89155,9863.857698598338
89156,13618.738268389945
89157,18268.088201064424
89158,15564.354743587954
89159,20337.08226276058
89160,12800.255931330916
89161,16832.38717853191
89162,16782.7321708695
89163,15113.705046880867
89164,11640.207767381673
89165,7250.187563150645
89166,13555.825012535832
89167,13156.452831265222
89168,18468.20348023108
89169,15736.372679037328
89170,12112.569711593578
89171,20338.238009902434
89172,10494.876586430997
89173,19204.221734218772
89174,13645.247533484471
89175,12930.065125071895
89176,13023.860381902601
89177,9844.922469454585
89178,8322.83293328358
89179,16597.159359898676
89180,14146.863959851233
89181,11016.285073476638
89182,17149.570156174592
89183,12571.465925946928
89184,10874.471921680797
89185,15356.062159319705
89186,16746.691298269794
89187,16508.59272280981
89188,11796.098859066433
89189,16185.15311988443
89190,9348.853004496981
89191,14188.824273660552
89192,20967.400882201106
89193,13085.146588197505
89194,9366.763263881512
89195,11127.290336190665
89196,6496.876787976261
89197,11583.183487441267
89198,16418.825896489067
89199,6320.567881805615
89200,10721.415280974372
89201,12870.98070144393
89202,21316.352169285336
89203,10660.014381702365
89204,8572.930076007851
89205,5437.111473686552
89206,5361.511439590993
89207,13218.068733011827
89208,3599.147477174882
89209,14866.713760088462
89210,9515.195332678528
89211,12930.277978004613
89212,6904.119905607344
89213,16268.632091450601
89214,16146.402944692043
89215,10216.336369752516
89216,7589.416716079535
89217,10447.70195272237
89218,11099.466538719847
89219,6152.788931862163
89220,9651.644407622412
89221,8360.511765366795
89222,14598.237940606843
89223,16645.531020517938
89224,14687.912506329372
89225,14583.97404235805
89226,6471.720677668731
89227,9430.307808438292
89228,13371.454276347575
89229,17672.029260217474
89230,13970.888290662246
89231,16139.083662793044
89232,10106.809472386914
89233,5555.828221895464
89234,17601.5243988117
89235,16289.92958401394
89236,11905.355858813089
89237,15106.245491888838
89238,23758.04808578227
89239,17097.723039479137
89240,8248.544245826615
89241,12247.161041920055
89242,18881.764037940375
89243,7981.946752642799
89244,13839.01239862636
89245,18448.23218220676
89246,21638.983723571626
89247,7720.221288708091
89248,7399.3759851848245
89249,10819.530157906966
89250,13506.234114473285
89251,20021.707129198912
89252,13925.91146877871
89253,19895.755743398295
89254,17112.603614253156
89255,13211.968462129706
89256,16308.03643270719
89257,11876.525829149363
89258,11163.415735936736
89259,10254.774254934824
89260,16480.353587681606
89261,10248.522574989145
89262,20500.57452166645
89263,16498.4986371713
89264,12694.18922502575
89265,8751.311114161159
89266,10135.008507316197
89267,6029.422765987684
89268,19202.902026224474
89269,16970.602878917794
89270,15250.851174127032
89271,18715.977568716808
89272,10480.91590860452
89273,9601.665421854803
89274,16928.022453455036
89275,6351.430263418385
89276,9064.570916306706
89277,11776.902433192257
89278,12965.832669846464
89279,9866.434347051196
89280,10986.172798584072
89281,18748.040994174746
89282,22034.77936313218
89283,13254.641157509905
89284,9123.605360040065
89285,15086.53087565008
89286,10572.00561774949
89287,10799.808997604643
89288,19792.97250441892
89289,18788.41959748548
89290,8361.311092426573
89291,7831.860477226932
89292,10692.823589279913
89293,15291.765505624131
89294,9874.678099920573
89295,10508.392368191844
89296,13700.575338730256
89297,19948.873760879425
89298,8432.95486454958
89299,20695.392427257964
89300,19912.59259384915
89301,16179.882961670099
89302,9855.90757210957
89303,16267.226344039353
89304,11406.141181674224
89305,15968.243104155175
89306,14785.173095995448
89307,8986.659356408894
89308,19720.452044577956
89309,19848.145048344733
89310,9952.976791504958
89311,14383.604156175768
89312,6454.845001482842
89313,5927.459552605123
89314,11566.346770861712
89315,14772.792434524943
89316,8979.935233443768
89317,20765.212788983557
89318,9293.034414013413
89319,7333.657688193197
89320,13517.80729836106
89321,8889.813315460611
89322,2146.6111251665916
89323,6679.692805665205
89324,5382.477276216192
89325,9912.769422764131
89326,16371.008123240044
89327,15961.29309226001
89328,9597.68711209953
89329,17972.051434734247
89330,10363.138303515641
89331,9740.651261690025
89332,7285.797239677182
89333,7487.501360817849
89334,12294.538791247653
89335,15929.225706653544
89336,11449.563151428394
89337,9988.29392656126
89338,23606.208787998738
89339,16986.850273665015
89340,8353.648060971227
89341,13426.522110209246
89342,10113.375987074085
89343,18737.789700374167
89344,17671.15370737453
89345,11814.818433316681
89346,11889.288235350417
89347,22298.396626843925
89348,8105.917708136033
89349,12149.292525774103
89350,11126.162691044532
89351,11790.9855118115
89352,4792.266406496284
89353,10934.666231190991
89354,12981.084749749909
89355,9949.798910648218
89356,13509.082818297418
89357,9472.507099200517
89358,11883.126951268383
89359,16124.66386175942
89360,7145.288760565521
89361,12710.989001130569
89362,10935.412211925917
89363,8815.221436632402
89364,17421.00519132447
89365,13609.898156025285
89366,14421.713226730637
89367,9229.439130961055
89368,10727.170783520825
89369,8375.834947889081
89370,27451.976164930424
89371,16178.948403138002
89372,10844.903687706497
89373,13600.752583616973
89374,15913.246811465455
89375,9624.629798790702
89376,8114.8311622293795
89377,11273.533555975297
89378,11069.680251856384
89379,9375.20313757699
89380,11315.98152207236
89381,7072.784465776384
89382,10449.063057187963
89383,11133.679308860445
89384,16270.699514221029
89385,9785.625667686189
89386,17345.178731214746
89387,8297.756757085077
89388,13587.071388517972
89389,10005.882522427246
89390,7182.4990631412575
89391,12928.568236778718
89392,14206.46888262734
89393,7627.900246012527
89394,12651.998069176745
89395,9114.176038119655
89396,16597.354724597575
89397,11658.218522991861
89398,13084.770116119616
89399,9405.090941974166
89400,13454.764221422682
89401,11211.840579052441
89402,12877.054093324996
89403,10726.845708542749
89404,4331.863810240643
89405,9781.346337004925
89406,18057.161528450935
89407,30114.631299991048
89408,9826.855559443768
89409,12352.833979349318
89410,12544.846444205741
89411,7407.678998551942
89412,10728.895496453984
89413,5735.643447074533
89414,25079.28047037056
89415,8776.47072471084
89416,15525.804667560009
89417,13242.405372260155
89418,10939.678606923515
89419,14251.660632649475
89420,13569.065395891466
89421,9978.381041765686
89422,14349.730726774298
89423,11430.368803927753
89424,15311.195369358407
89425,2405.910748550015
89426,12183.738258509364
89427,13589.111561120739
89428,10611.629428698585
89429,13650.701080018182
89430,20512.473298112454
89431,12072.469939806933
89432,17970.676412323013
89433,7087.377951951982
89434,9236.211077634372
89435,20746.051497427496
89436,17855.12993505971
89437,7746.257222233409
89438,16765.69307090973
89439,17963.523029478245
89440,8095.398579165673
89441,8287.700292729452
89442,10969.257567942115
89443,8191.880815460549
89444,24490.95298287402
89445,9325.879408142797
89446,19029.07978739236
89447,15919.124965148772
89448,11515.778183017417
89449,8996.015758259327
89450,9697.650259660793
89451,7426.153796241783
89452,10940.199554616269
89453,14063.150282955874
89454,5730.029221133831
89455,9604.765683673708
89456,14301.159503660008
89457,6525.640276715416
89458,12086.702935996118
89459,14088.33465159687
89460,8002.3324464702055
89461,8817.105759093645
89462,5514.544143501022
89463,6276.135551675635
89464,17545.47129167865
89465,13938.808222175865
89466,6551.842546798125
89467,13569.067330505517
89468,11398.556891551965
89469,11326.483897967051
89470,9022.811814062792
89471,12135.579134143196
89472,34253.365163160925
89473,17071.95515951698
89474,7087.934551927712
89475,14461.753651690588
89476,15211.814924526816
89477,15196.104271222699
89478,7816.465580113688
89479,6952.514055117074
89480,32793.92134378086
89481,9803.0396946282
89482,13538.312747347532
89483,8588.479821375098
89484,8940.055804614565
89485,12090.81730411517
89486,7058.311707536845
89487,9678.940347003014
89488,10732.359485002478
89489,7474.046975573232
89490,21153.32767254137
89491,7653.814538639811
89492,7547.238000211841
89493,9857.52306116434
89494,10650.480814830744
89495,7469.951618056913
89496,8226.658128940706
89497,39858.38005221492
89498,17231.637388745075
89499,8338.35158903641
89500,10748.76661543993
89501,8515.391627764993
89502,14842.943472684841
89503,7469.977423200805
89504,17937.565026781485
89505,7640.59446242915
89506,18047.812906203766
89507,21470.223056513736
89508,9300.553549890716
89509,10195.14543406163
89510,6791.57032248992
89511,7919.667757584664
89512,9638.86167435475
89513,7238.141956325102
89514,24293.330398629027
89515,8520.958899202433
89516,14230.578368743456
89517,7182.606445971664
89518,8437.964026650587
89519,15858.056776750656
89520,4387.054492665524
89521,8473.4595085478
89522,7014.719924641807
89523,10514.961912683188
89524,8875.167680401877
89525,7634.52791037243
89526,7896.8837387682015
89527,14219.043290028296
89528,16020.3163480905
89529,18933.830894600214
89530,10056.285465322273
89531,16806.561608038443
89532,9556.346282874116
89533,19892.47337739951
89534,10094.224982077643
89535,21679.808526528483
89536,12004.04091213926
89537,14029.089792215093
89538,14315.804295769565
89539,7002.890171566646
89540,13366.856930197695
89541,7944.3578651409825
89542,7862.267951930362
89543,21912.08302682631
89544,7624.7361561947855
89545,13491.393769042636
89546,15290.261030913267
89547,15756.121719768144
89548,14828.173296617651
89549,14063.258300925441
89550,18020.017762634016
89551,7470.251697238881
89552,14095.430306267806
89553,18354.14456105871
89554,13125.736509580982
89555,24254.687954618963
89556,8626.97008703608
89557,10136.352881363051
89558,14832.617488975071
89559,16101.947014441474
89560,14601.674812040554
89561,14683.157488718516
89562,10996.366129088168
89563,20524.400406347788
89564,13164.300187062716
89565,18272.645423227445
89566,13534.26317631529
89567,2736.3115254526056
89568,17313.381886251118
89569,19311.8322541125
89570,7182.606445971664
89571,12206.125041208348
89572,17519.02947729831
89573,7675.91222852614
89574,4578.7792043095305
89575,6186.119280962387
89576,8916.514998272469
89577,3420.3837164777888
89578,19365.972361701897
89579,15914.068931500562
89580,16541.56248829804
89581,6836.3004112626095
89582,4616.6874333630985
89583,9298.056510281478
89584,7242.75672196544
89585,16444.951780117557
89586,8023.511206266796
89587,11779.391110105053
89588,7365.481512648255
89589,11016.519187631995
89590,5856.59459710466
89591,19356.96266295879
89592,6196.713851841116
89593,7770.652648629574
89594,17049.73669454408
89595,5922.367469107675
89596,9497.678099136478
89597,12899.743203096898
89598,7029.229324434555
89599,7374.524740611303
89600,17719.87382719724
89601,13566.017359484289
89602,22140.97706232637
89603,19770.400387714897
89604,7440.98780845741
89605,14586.114342616493
89606,15163.839991318542
89607,8447.010979375484
89608,14125.241171096857
89609,17340.519336858004
89610,7117.43032085911
89611,13701.834250645255
89612,7366.568575131556
89613,16024.574137659183
89614,13785.222319056658
89615,5024.753335454741
89616,9155.211971511788
89617,11515.614489760423
89618,18331.39270535741
89619,8535.25331475434
89620,16641.622530333665
89621,8712.02466071271
89622,15911.048865713063
89623,6667.0932504805
89624,7769.329760159172
89625,7728.0767059027985
89626,24317.090548747205
89627,11687.878543717705
89628,8490.807388133086
89629,7776.551988436385
89630,21325.34701165537
89631,33408.91483083888
89632,10244.95223152741
89633,9043.886019121266
89634,7131.072217747547
89635,14660.389707058155
89636,8207.139164771515
89637,5969.423375058772
89638,19256.272222314743
89639,8968.284961027364
89640,9060.234384512683
89641,9050.109047885762
89642,17162.413231326358
89643,8183.083209106818
89644,15366.56542142492
89645,7878.893162365228
89646,21641.432508409496
89647,10550.839260108902
89648,9815.83017165941
89649,12145.423982454811
89650,14326.147430211446
89651,17998.22879537436
89652,12252.757139269203
89653,8837.298467346525
89654,16048.745418537259
89655,13113.90082645712
89656,15109.947826266403
89657,15776.41006855794
89658,9024.448824295156
89659,10032.683519057018
89660,8687.568699604613
89661,16132.010718949969
89662,15317.06271868513
89663,11326.073174447052
89664,18217.450100841423
89665,19440.544279502934
89666,7449.96115419377
89667,10233.411064662223
89668,8135.506190628604
89669,7479.400200324318
89670,9406.08471293227
89671,7008.519997014296
89672,6724.134507615425
89673,15144.218725304694
89674,15905.748121340112
89675,9424.778223680954
89676,32968.53556716003
89677,9498.953961792422
89678,17323.24111217062
89679,12940.500742736353
89680,14170.060844811615
89681,9960.715496492494
89682,7479.240940513048
89683,9012.150034515167
89684,9019.402912518599
89685,15178.337770976173
89686,10484.65617533575
89687,35907.07587755734
89688,9561.9860917058
89689,15561.977991297268
89690,7814.932526099779
89691,14395.968892199637
89692,6779.154536584864
89693,7889.9219140340265
89694,14226.004353358327
89695,9118.392948339328
89696,24396.54692987079
89697,17913.46661531284
89698,14737.252429364009
89699,7262.0437381323545
89700,7023.113065507053
89701,8427.947864718599
89702,6855.731535666706
89703,15364.598962427423
89704,12987.436543555306
89705,13513.537629328268
89706,19907.486317930063
89707,11087.323660915627
89708,18078.60860523594
89709,13461.060101577354
89710,10030.356344223204
89711,8292.219930154557
89712,7846.935422802573
89713,12899.42342159017
89714,12380.13391083208
89715,6710.532348596495
89716,15529.157698018053
89717,6903.347641762253
89718,8890.3387459204
89719,18296.374012340377
89720,12118.672033106175
89721,9316.777700069555
89722,7197.199655200749
89723,15703.897391641216
89724,22143.152617691132
89725,7962.792986443955
89726,9250.229192272478
89727,16530.234492942163
89728,20747.566013301664
89729,6004.26540993584
89730,14185.344707721928
89731,15305.330718616407
89732,3332.438797741032
89733,15737.679906811049
89734,14564.430968249524
89735,12054.133854139194
89736,15186.480670875433
89737,9761.323513428664
89738,7085.554200767188
89739,16819.128821874725
89740,18309.415879832104
89741,7672.1116402250955
89742,7096.164198334659
89743,15729.924778301445
89744,18288.495949340097
89745,20759.000416998762
89746,14991.675657166708
89747,13943.906794179476
89748,21070.68359118172
89749,8945.38051270288
89750,7945.146830835177
89751,9729.092091557219
89752,7596.42388106419
89753,11036.587877696214
89754,23188.75044043164
89755,18574.784858563256
89756,8365.241218713369
89757,7478.659949273289
89758,15510.883430373196
89759,8537.286235023199
89760,8347.014941004765
89761,12116.062342661846
89762,7059.827598654554
89763,14987.481132394829
89764,15000.476076059877
89765,14585.997872561726
89766,13500.30991861258
89767,7099.197614220037
89768,8087.459303201834
89769,8208.926611150904
89770,6244.952007233903
89771,15649.92509782376
89772,8730.87093406549
89773,19707.90969173405
89774,18854.22502214659
89775,20852.093196301375
89776,14455.169303005503
89777,13652.02259713428
89778,15983.94281916866
89779,14581.171062349815
89780,34434.34399185479
89781,20556.072809265876
89782,14456.6586086271
89783,9272.514322283452
89784,10112.553807691127
89785,8404.916630788528
89786,16029.351354875434
89787,20911.014905557375
89788,6775.476559185047
89789,14889.046036260177
89790,6290.834609991147
89791,9465.288086789382
89792,5595.30206215147
89793,8364.97405629218
89794,9225.828735579411
89795,23420.799259361414
89796,4409.749983786795
89797,8154.047923937276
89798,7739.42049319984
89799,17127.174289769107
89800,9630.311532198226
89801,6986.063904762474
89802,15348.507099804843
89803,12472.694241879391
89804,11965.25119023545
89805,14165.49744137386
89806,6563.129050666099
89807,8361.690096360411
89808,12132.754409389054
89809,24300.47948539667
89810,8702.305276791387
89811,7616.995373836647
89812,16041.58918703077
89813,5139.001381633216
89814,15977.59566840491
89815,7796.187807260318
89816,7117.397711247057
89817,9676.278758783186
89818,5940.696775926347
89819,21941.666409065383
89820,27352.90485714477
89821,14796.621187111246
89822,18872.503391671657
89823,10939.539975938242
89824,10628.372319838418
89825,10448.203224733743
89826,8525.76442332772
89827,10430.948459433563
89828,10472.071182371028
89829,16925.89616851613
89830,21848.387263839973
89831,13950.495820556178
89832,11549.872602921832
89833,19982.2336247871
89834,7896.8837387682015
89835,19133.257805820685
89836,15720.803408839174
89837,8876.610079610806
89838,17882.163511479255
89839,9162.464069444639
89840,9000.104804832947
89841,15763.690806328763
89842,20291.162873762918
89843,10813.826810684172
89844,14291.507119964874
89845,14046.752691299756
89846,8693.616877443084
89847,14209.11122509404
89848,17346.734952567585
89849,9746.685256321683
89850,9123.600675427837
89851,6792.501410535488
89852,5861.681179558711
89853,5402.727091409916
89854,11668.875263020027
89855,11339.111093910107
89856,10977.744401709695
89857,8791.598022128803
89858,13229.234611418653
89859,18211.90753002853
89860,5242.553862519777
89861,7665.109023453575
89862,4694.087705639993
89863,14533.230351914433
89864,14326.867437293371
89865,5956.085154144341
89866,15348.507099804843
89867,14542.372166311417
89868,13713.586526189958
89869,9682.230659053872
89870,7058.311707536845
89871,10345.094965157215
89872,5998.934220573082
89873,7967.128460051626
89874,13718.328605695118
89875,16251.169218567085
89876,11123.05982744759
89877,7918.031473297532
89878,19726.319817354826
89879,8557.674304952232
89880,13515.187317946136
89881,13817.99697713333
89882,15702.78053298709
89883,5236.538363908519
89884,7615.151924603902
89885,6861.906476830786
89886,16853.118963903667
89887,18891.620007739748
89888,8653.239628072593
89889,19660.270385287047
89890,9891.940096482882
89891,6770.845170524614
89892,22049.32152250134
89893,8288.412435565284
89894,24787.39351334281
89895,8789.707736303168
89896,10335.616846348074
89897,17489.917707935965
89898,9364.777085514888
89899,15387.402934194823
89900,15373.351629185152
89901,7484.114569603051
89902,7496.210493621486
89903,11715.451384445967
89904,10113.766034242997
89905,6738.498670722071
89906,17122.334419717663
89907,9282.591025339047
89908,13214.389629274636
89909,17334.88731459885
89910,7123.847587664588
89911,10149.200092695004
89912,8995.533096362107
89913,8290.872777281218
89914,34027.49114276338
89915,9239.954546928846
89916,14884.593729599497
89917,12089.174342068609
89918,6557.273529731725
89919,6797.634188063773
89920,8323.050034993325
89921,6895.362619729754
89922,20332.0904734442
89923,10541.400733038283
89924,7574.525344230758
89925,8741.86234156549
89926,31543.723432756604
89927,9689.03752122774
89928,16157.792663509654
89929,9631.322398783177
89930,13666.58101128902
89931,10129.576692087569
89932,19551.004416363678
89933,18297.079014925486
89934,8365.255642515023
89935,16008.392643806987
89936,7236.047323068674
89937,10854.092834791452
89938,13532.731320524517
89939,12634.328131759406
89940,20681.831769249704
89941,24250.81373601034
89942,15329.016418232
89943,11855.803416944504
89944,13965.296365161736
89945,9274.16995492823
89946,14053.429725762737
89947,12105.142523981202
89948,15591.152025609385
89949,11687.878543717705
89950,18330.103765296266
89951,6913.992123511277
89952,24775.707183099054
89953,6772.390979210688
89954,13140.207317351988
89955,9630.425584771037
89956,16037.691518421407
89957,10224.118881920998
89958,18096.095597636497
89959,11434.737512117894
89960,8478.755800414434
89961,11727.794460574822
89962,19837.282271002627
89963,14435.263399057872
89964,7099.197614220037
89965,8732.57064973186
89966,15612.260812756213
89967,8503.698722581656
89968,6976.2238789764515
89969,10410.07308554863
89970,15631.541289764515
89971,11491.016070435535
89972,18910.36942322256
89973,5156.414849022238
89974,4567.36253348183
89975,6586.568254529931
89976,9116.613106228051
89977,6938.039675701259
89978,8476.391203023228
89979,22806.490715373206
89980,5448.692223073077
89981,5989.320569078175
89982,17056.347305077907
89983,10416.698952830753
89984,6682.731088069552
89985,7547.468916426304
89986,9227.771520290034
89987,10600.433745288992
89988,16132.595014213692
89989,15911.855499985797
89990,19008.919091179785
89991,13994.037584291316
89992,7707.348268430782
89993,10668.081026152535
89994,8411.576932934959
89995,24892.582680036234
89996,15758.915690500706
89997,8522.23111244463
89998,18282.41124034775
89999,5717.3896904893745
90000,6158.514622963474
90001,11983.899485637445
90002,15984.616442375744
90003,12084.075616780301
90004,8058.088512235128
90005,21479.419829376897
90006,11717.59659414151
90007,16441.821771654624
90008,22520.03426830472
90009,8063.455010087491
90010,8642.822698010408
90011,5669.691606481867
90012,8013.354308522974
90013,23637.216143220132
90014,16877.51848332916
90015,9022.944095418125
90016,16020.482351562798
90017,7476.544180194377
90018,24798.44783284304
90019,7600.804766560566
90020,15635.987218272503
90021,14656.003243092611
90022,12615.202734544762
90023,7274.905778007732
90024,22602.454984097214
90025,6353.585465480942
90026,7446.467431161312
90027,6273.395822416941
90028,15071.128012871228
90029,8976.903020832748
90030,5542.929430115224
90031,24359.688167572112
90032,6639.218324775073
90033,10041.347650978643
90034,15756.649175784292
90035,12426.200243422167
90036,7056.274071747724
90037,10579.08845748652
90038,8305.643197423784
90039,7042.547548157679
90040,13091.891274138954
90041,15217.92613369701
90042,11421.000751007663
90043,9365.46932192116
90044,8741.07694837457
90045,6668.094535461354
90046,5553.053639405521
90047,13799.48982813522
90048,8905.919054093873
90049,9413.861922229262
90050,8083.898115618978
90051,8150.249432220258
90052,21874.707877757126
90053,14949.146945104307
90054,12722.5259739
90055,9377.761986200247
90056,16998.768574974834
90057,11155.772959220572
90058,6885.364274001407
90059,27105.7387047736
90060,11538.616470184032
90061,7149.774927576435
90062,11770.773730794153
90063,6433.001744958087
90064,12630.110855232355
90065,4127.260763324251
90066,9923.391344746451
90067,11768.714316917183
90068,14704.135101770573
90069,19696.479913733056
90070,9381.714996168399
90071,12355.350042572516
90072,6955.612758155803
90073,17399.62051621566
90074,8355.873068864987
90075,9604.561743212977
90076,16371.839772311076
90077,9086.631598991911
90078,3312.091348313755
90079,17902.58781701823
90080,5970.946506759137
90081,11315.069701189494
90082,33990.45715302711
90083,7235.852574818092
90084,10846.826583639411
90085,6554.409214951545
90086,8448.154017326497
90087,18488.17936318405
90088,7730.1905448482885
90089,11327.239604433938
90090,9597.564139020968
90091,9303.582853886397
90092,24226.80206380639
90093,20964.447659243844
90094,8526.485570379571
90095,16788.08945781621
90096,4582.5213104739
90097,21753.517861533688
90098,18858.37977739669
90099,8184.355757936396
90100,7238.457701745214
90101,14790.510716002047
90102,11385.266250055634
90103,6154.784592560709
90104,8950.36234000889
90105,6196.4289977865055
90106,14180.400565795137
90107,10123.026775460801
90108,16366.108013758989
90109,3342.8329205315563
90110,5987.573280046211
90111,16915.09537503351
90112,9397.87201114213
90113,9189.817050143167
90114,21829.94237187299
90115,15367.124734628112
90116,9904.670627371384
90117,14786.757151471516
90118,8003.267071691782
90119,10883.388139646886
90120,9294.600496342506
90121,9034.067337013836
90122,13554.555018528816
90123,6221.388299198514
90124,4103.052021490442
90125,34342.747962042165
90126,16354.674796590367
90127,12178.546282016305
90128,13130.051903785225
90129,10907.94962045111
90130,14554.674905559465
90131,9429.198933512846
90132,9142.359033712657
90133,12539.161235983365
90134,13713.962673634134
90135,7008.109922434332
90136,20236.71519247166
90137,7714.365001250044
90138,19904.330605070943
90139,18346.67688597902
90140,5161.050686786355
90141,6069.326192973645
90142,21261.190953277302
90143,12222.812456224994
90144,14462.99828153045
90145,24309.9967344077
90146,6146.842362897657
90147,15841.771686460026
90148,21221.109373822324
90149,21470.223056513736
90150,7352.515408953794
90151,8637.853492120848
90152,12201.747108609607
90153,9958.502429064441
90154,12848.208617965882
90155,6033.758638210895
90156,10299.077010681307
90157,12883.870766270371
90158,14712.223031124873
90159,13921.68781767261
90160,15756.110574520968
90161,13548.878739200154
90162,12846.715432207251
90163,17545.77068373076
90164,14331.28543392764
90165,8245.40558350729
90166,13216.340342403906
90167,13030.02802179214
90168,7603.334454338991
90169,14650.76080245863
90170,7543.608848705797
90171,8207.127851497773
90172,12937.078637402661
90173,20030.67711581678
90174,8498.410108044016
90175,17442.4142370372
90176,33384.6648057397
90177,8793.760957972738
90178,7792.278463971777
90179,12421.999205382905
90180,10140.281321549644
90181,21809.134524674813
90182,15044.47414296726
90183,15776.52489545237
90184,15728.877292315641
90185,8512.874146715245
90186,7257.65347123572
90187,10418.857969608142
90188,6628.536989454299
90189,10857.958473555915
90190,16070.466637115926
90191,10948.335210286528
90192,14888.611903302351
90193,12135.78243169769
90194,20445.22587729057
90195,7015.574424610735
90196,6695.437906549165
90197,7938.658262665206
90198,9345.151349179885
90199,24875.64118433663
90200,6858.43203836828
90201,8779.381557857936
90202,7975.896388267733
90203,16051.487890976226
90204,3042.628901394894
90205,21741.962957755917
90206,14209.531576912872
90207,12428.079153541208
90208,7470.226823671227
90209,11802.111682485693
90210,15157.451990820206
90211,15212.08831138176
90212,5702.233901729477
90213,6393.413710443807
90214,15746.81511447707
90215,5787.446551851121
90216,5965.071579128765
90217,15769.591660862752
90218,10231.021488307853
90219,20894.092568097138
90220,11515.614489760423
90221,16031.296116318037
90222,10573.834330258835
90223,23537.576066414767
90224,11688.354450718065
90225,16927.592836957734
90226,15000.476076059877
90227,14093.379726530848
90228,14436.242911965206
90229,8039.114809623416
90230,17404.898174524664
90231,7915.0009258399095
90232,11504.498337479012
90233,7939.800910318208
90234,3201.073886460577
90235,10677.78809618017
90236,8202.34448366551
90237,7895.518508067493
90238,18959.02544683293
90239,7081.935619132198
90240,13998.81014719119
90241,8119.470832686439
90242,15186.605538293394
90243,29077.15450730814
90244,7803.0186892932625
90245,15356.50551151536
90246,13506.699193391116
90247,16287.767819324752
90248,24569.86189117218
90249,12943.311895677813
90250,6666.827873594156
90251,7116.123098584998
90252,18178.06247068062
90253,7652.089173789844
90254,4482.964138901752
90255,20701.18451880307
90256,7722.168860970039
90257,7593.587471880984
90258,10452.579853693507
90259,14117.019644183798
90260,8319.197649363154
90261,12192.804740991684
90262,6425.226692810875
90263,13056.59021922218
90264,15368.182367906078
90265,9333.620707653468
90266,7018.946381049506
90267,8108.913785453221
90268,8270.895992901013
90269,8534.101038997907
90270,18487.692365148694
90271,7066.354051828901
90272,18276.974480362704
90273,16436.483112571463
90274,8668.410665350799
90275,8179.482444030786
90276,11511.623281359052
90277,9305.457110676194
90278,14809.97188304759
90279,10227.484104778463
90280,10693.52550237264
90281,12936.59003760385
90282,7099.3328310373645
90283,14841.581873883002
90284,14186.829454753708
90285,14259.11524055604
90286,8213.1986475915
90287,22174.249684482755
90288,9250.150338750474
90289,11879.510479900986
90290,14206.697307952363
90291,14744.173012460886
90292,8276.260190136469
90293,4782.62673890596
90294,17552.363642333577
90295,18331.82723708491
90296,11206.891260983484
90297,6615.506478162803
90298,10362.714450027213
90299,21058.24883806373
90300,13325.368722573538
90301,7761.8495607530485
90302,21545.76766522252
90303,14138.059916827304
90304,14074.688442674182
90305,7337.579125714872
90306,14363.835944408444
90307,7718.135691057723
90308,7416.408518585769
90309,5827.64241762792
90310,16497.963630034286
90311,10151.718870995846
90312,12920.672123885885
90313,10011.425006523605
90314,5469.949761510664
90315,8482.383206797253
90316,15884.604798726683
90317,12365.957877875537
90318,14647.389859943014
90319,6434.278887167146
90320,9264.008380710537
90321,8404.916630788528
90322,7750.876304280386
90323,4901.549354612971
90324,13145.075987107473
90325,3319.323777960977
90326,19551.004416363678
90327,8001.036330297972
90328,19156.11013471208
90329,8798.510175701229
90330,17384.524788615963
90331,10241.619282167416
90332,12685.237331624909
90333,9298.056510281478
90334,9248.130974848733
90335,15813.308973107005
90336,16569.79445624101
90337,8267.213096128411
90338,11812.57478524573
90339,13809.564295979952
90340,9536.636770124196
90341,17140.056553593087
90342,14841.581873883002
90343,12670.706399459994
90344,11952.265022499698
90345,7022.166514952929
90346,7056.465738142544
90347,5497.129110910544
90348,9169.0374170666
90349,15728.090818628714
90350,24307.70086055734
90351,9426.14157801365
90352,7915.075865031184
90353,5038.683767586566
90354,6881.573187739036
90355,7635.488046908623
90356,12809.951501390262
90357,14038.678230295207
90358,16059.2740711923
90359,13385.304593609559
90360,12614.134750723599
90361,14056.346015091873
90362,16018.717417780776
90363,11169.042060091193
90364,12122.069756090885
90365,13621.3416772147
90366,14601.828536754403
90367,9148.381361217582
90368,10123.026775460801
90369,8368.003368954945
90370,8373.811758274504
90371,6430.864689458279
90372,11750.503351669056
90373,32950.12239050702
90374,24570.994493805018
90375,21223.593998546756
90376,15500.335097931742
90377,8527.16481478299
90378,15541.75881932049
90379,11599.995214379907
90380,10353.959732964871
90381,15367.124734628112
90382,24440.943266217364
90383,7880.71005816019
90384,33698.510890583675
90385,12131.645856301522
90386,10450.953101945732
90387,9296.505286002397
90388,4749.496561951094
90389,7546.519596847762
90390,15300.968743049081
90391,17881.40132228259
90392,7875.197319747063
90393,16945.33216947237
90394,32153.2464180121
90395,12747.886803704843
90396,7706.102452135556
90397,15599.849433896006
90398,16354.674796590367
90399,15456.540650144329
90400,8288.97055488935
90401,16308.768675086425
90402,6559.314903660962
90403,14874.912561480307
90404,18276.974480362704
90405,12936.900924202131
90406,18745.04446338269
90407,22631.979061449387
90408,24379.994040411606
90409,14252.74546988184
90410,21470.223056513736
90411,16944.92146092535
90412,7883.1297730843025
90413,10202.289530070559
90414,14385.819319388798
90415,10972.37845540248
90416,18488.17936318405
90417,18519.948730110467
90418,8510.729939459132
90419,12354.093404038935
90420,15172.104463493202
90421,12925.955872290615
90422,15416.301285606945
90423,19145.88396315616
90424,20735.05182030076
90425,16925.89616851613
90426,12792.107306668218
90427,9497.678099136478
90428,7106.701446967371
90429,15299.787372952695
90430,7664.77786105635
90431,15694.936315076708
90432,11964.974818686025
90433,5681.362156647432
90434,6271.249540749633
90435,14116.967469510202
90436,19904.330605070943
90437,7806.743672674587
90438,7731.972937121143
90439,16927.213107734387
90440,15844.512981418602
90441,7542.422184375211
90442,13174.395757768714
90443,14009.946612871088
90444,13826.9197042977
90445,10128.357070588143
90446,4106.622854561428
90447,7135.735764411305
90448,18790.712343162853
90449,14797.904793981468
90450,22248.42211837197
90451,32527.73194471262
90452,13608.603497746893
90453,14420.861201789894
90454,15827.754360661791
90455,11859.86880674994
90456,9859.09608743321
90457,8088.335855591606
90458,25978.299148698577
90459,8284.634621045718
90460,15025.952675000564
90461,9526.161570304066
90462,10472.975929305983
90463,10114.229022322881
90464,6691.4311616372115
90465,12043.679476480835
90466,10053.702264038215
90467,16033.180032651582
90468,6951.854576229968
90469,8333.517051609033
90470,18171.419204413018
90471,14748.843266567586
90472,5117.578709324031
90473,8254.246093041644
90474,11544.51050274661
90475,8801.241456748472
90476,9239.39121901784
90477,15393.868852004776
90478,5748.523363114443
90479,9844.708406274498
90480,7068.393276718144
90481,15710.860105460446
90482,14589.569314267179
90483,11370.556256954664
90484,20116.02368803233
90485,35366.07841301744
90486,3394.257729308821
90487,5754.7528877059785
90488,16108.07121373229
90489,13742.68180368659
90490,6830.94604649877
90491,12208.425418573966
90492,14434.08123252582
90493,8555.597557218412
90494,8778.846861978036
90495,7612.7062797386325
90496,7574.5472733903935
90497,15428.592159407071
90498,7921.083398353449
90499,7305.3767405015005
90500,12790.770147604648
90501,7944.3578651409825
90502,13996.99790118116
90503,11016.519187631995
90504,12551.496775365738
90505,22899.98853898666
90506,7874.991833619462
90507,17268.67647367178
90508,7389.339175803129
90509,3454.2099778149836
90510,7332.905981546129
90511,16662.560602547623
90512,8632.649050937067
90513,16365.215719825428
90514,16145.335210431358
90515,8828.631190689906
90516,21358.52554891333
90517,8870.830719393629
90518,13963.727760308117
90519,32520.77517432517
90520,6024.382653452382
90521,14351.919606614703
90522,13440.126664898871
90523,7953.4102132163225
90524,19547.74247499574
90525,16548.364543335578
90526,14814.914200319505
90527,14334.070306036112
90528,13206.25298834914
90529,14134.361258179566
90530,10775.49923357616
90531,14338.826797893918
90532,21316.8942543186
90533,10882.193257007759
90534,21571.449235286076
90535,4701.94192466996
90536,11812.57478524573
90537,5622.140800476471
90538,16090.676207791194
90539,14861.30309754822
90540,8662.603246955221
90541,16344.55382842223
90542,16450.488052922246
90543,16540.43836339231
90544,7502.884928959134
90545,12378.498658525694
90546,7132.981057244474
90547,16070.466637115926
90548,13990.241768990312
90549,15334.340613756793
90550,9684.996369934002
90551,18281.00084944541
90552,7713.115112597548
90553,24349.693600785726
90554,7000.931306788697
90555,8927.493890303249
90556,15614.2947175281
90557,7489.516945674137
90558,21313.646089461075
90559,33255.27280520682
90560,16466.03494566549
90561,15384.935738818558
90562,16415.956249388633
90563,13938.283296942522
90564,15215.981802211689
90565,22177.964309201485
90566,11669.65976472572
90567,11968.90926608029
90568,19579.295534333334
90569,14780.884881146503
90570,11322.796825616137
90571,11788.132270015532
90572,9140.35960541376
90573,15487.261455571921
90574,10336.776863767422
90575,11042.71876933022
90576,18929.81034800416
90577,18883.463305099733
90578,8844.442699992584
90579,19786.079573653984
90580,11781.991449814688
90581,12949.5941629636
90582,11608.470870119023
90583,10344.992671089001
90584,8156.304670064836
90585,15236.648224873505
90586,16948.792622022484
90587,7341.023825395972
90588,10818.984485061748
90589,13776.00506538362
90590,14290.314624642442
90591,7881.462009204317
90592,13128.341246554655
90593,12819.536663243955
90594,24677.714803388782
90595,7803.04539151117
90596,12701.577038558506
90597,14334.070306036112
90598,8755.156929987337
90599,8470.673727634688
90600,9867.077393181631
90601,18054.701214929475
90602,8096.0514639626535
90603,11120.661921498391
90604,11094.771605533773
90605,13646.223848045514
90606,18288.31636684133
90607,15156.03708980282
90608,10503.567412342709
90609,13120.809658642864
90610,14797.66303503498
90611,13139.271373982174
90612,20546.297353339112
90613,15361.859233064039
90614,13803.690666442613
90615,8605.760904853329
90616,13587.443365653964
90617,8231.476314979689
90618,13876.30600672563
90619,14128.017062082698
90620,6155.805361508675
90621,7362.222815699776
90622,6989.58734711053
90623,11983.899485637445
90624,12407.07203805228
90625,7415.927768126047
90626,18578.008608257816
90627,6986.356407722749
90628,4542.650562239264
90629,15613.82978285703
90630,15773.036209492919
90631,7471.223604647459
90632,8279.248150019834
90633,17071.95515951698
90634,24645.86101206366
90635,16702.735985906424
90636,7088.104993375164
90637,16041.87526377751
90638,6231.689818127523
90639,11985.505373723812
90640,13753.649239607075
90641,9761.491282169622
90642,7697.760956205258
90643,14293.808800384902
90644,5832.864970014075
90645,6853.896307605993
90646,15246.209855078068
90647,33766.216116845855
90648,18428.627796001856
90649,5832.761232160774
90650,21061.913801621296
90651,7540.880398241403
90652,14263.48607163998
90653,6593.198167688988
90654,15878.23803533349
90655,16310.545828875813
90656,19080.96523775172
90657,8511.778652905095
90658,15460.408774412694
90659,17176.157319963106
90660,7525.102242168148
90661,7371.958263995314
90662,19107.37654645344
90663,8094.909280816883
90664,13404.086486184002
90665,6684.886049236701
90666,17544.740104358996
90667,21333.306212828975
90668,7126.76143784177
90669,13165.164451095292
90670,16500.30233881959
90671,10309.52642881648
90672,10056.285465322273
90673,7371.094552363874
90674,13324.578689344055
90675,7993.412655790379
90676,7041.113828220243
90677,22759.70524147725
90678,14938.579882895865
90679,14468.023588311202
90680,16255.710789726932
90681,14753.211910001393
90682,18876.37761400425
90683,13407.274067502813
90684,13739.486970018337
90685,9427.668032193338
90686,8362.022490523666
90687,18233.337778294313
90688,12211.187222483244
90689,7617.7880539599355
90690,13825.82509364779
90691,32153.2464180121
90692,6802.660370719354
90693,16908.51013680448
90694,7738.89873188996
90695,11713.982140004475
90696,14156.316602200852
90697,16046.601887458924
90698,13961.983589854333
90699,8465.389735697265
90700,7715.31962894887
90701,32537.49239601281
90702,8276.749511346372
90703,9238.282983939867
90704,21111.303307716884
90705,11126.003916239191
90706,11709.757853274372
90707,12615.202734544762
90708,14047.695556449607
90709,9212.64441206056
90710,6253.453324318077
90711,12489.89873560494
90712,13501.892893429462
90713,21686.117626318784
90714,11172.028020648962
90715,16447.75275984449
90716,15903.183799835175
90717,7356.2960785381265
90718,15520.302627374349
90719,13920.92967539657
90720,16072.952408404528
90721,10476.915240480776
90722,9497.678099136478
90723,13441.639754606495
90724,13977.30195830498
90725,15756.490992443822
90726,8711.711200567532
90727,7719.351435883524
90728,8206.398196595495
90729,16580.482194786433
90730,6339.426233215915
90731,16027.029299743612
90732,14157.771655482531
90733,9310.139110225275
90734,14166.25006493742
90735,13269.494294631153
90736,8699.947762598966
90737,7238.734076243932
90738,8357.26697293515
90739,13975.444600559338
90740,8247.551299804343
90741,14900.441439281234
90742,3199.934649099332
90743,10026.586851982353
90744,6149.979259916802
90745,7101.583509344191
90746,14595.334953153597
90747,12718.17677951544
90748,6749.203125880662
90749,23156.80699517067
90750,13025.668695620881
90751,8206.437890305766
90752,14454.07514849506
90753,16901.209974036206
90754,7951.531665502509
90755,13656.133259665414
90756,9623.516925102807
90757,8064.214856952862
90758,16112.18835364001
90759,23368.197193738066
90760,16717.408755792916
90761,17297.67211443334
90762,7449.793765164633
90763,8622.698401095586
90764,7833.242150839672
90765,21528.396469985575
90766,17159.315628831646
90767,5948.501433212926
90768,29822.161512526567
90769,15673.169223241115
90770,24568.769760884756
90771,24576.4880348316
90772,7121.986036339503
90773,12131.645856301522
90774,9356.150533199267
90775,11708.426760106659
90776,8485.637688125345
90777,16569.41407648324
90778,9234.250732867047
90779,7960.681890258789
90780,15821.479043445903
90781,7676.30128931244
90782,8396.78409071306
90783,19480.374931639253
90784,23189.69063841029
90785,10543.08393636783
90786,7192.542506114512
90787,14197.289212297805
90788,19404.78051327539
90789,19007.45346686224
90790,6818.153152305782
90791,18339.455334902625
90792,14139.451710440919
90793,8168.888350546076
90794,17459.3551892604
90795,7003.543943351354
90796,20848.45317261425
90797,5655.115966443993
90798,7698.686674969766
90799,14746.943813408821
90800,7466.566406103565
90801,16610.3673339554
90802,20782.044456810152
90803,16763.149951903622
90804,18287.628788477086
90805,12140.51533080792
90806,9951.845731242938
90807,15209.612734753731
90808,15348.507099804843
90809,7378.646596865002
90810,7436.403611373506
90811,14685.200116002683
90812,6147.229911895928
90813,13717.78389834219
90814,6629.302332875326
90815,10798.455830573112
90816,7633.883859784389
90817,15299.372565505291
90818,32163.028859600727
90819,14143.608882526147
90820,11140.312215038379
90821,15529.71067452139
90822,12350.431994201203
90823,11195.62919683904
90824,8845.61106849549
90825,7034.612611203363
90826,10540.262008823349
90827,10333.602740542858
90828,15676.848913749807
90829,14100.843609887634
90830,2093.2665023546683
90831,7740.727334310899
90832,15250.607118341235
90833,6366.2173602130915
90834,19881.86276397034
90835,19251.238512718624
90836,9338.954044290223
90837,17401.680533749855
90838,6248.42413167616
90839,6425.9654314910895
90840,16255.710789726932
90841,11243.22011886589
90842,21342.01678144986
90843,13225.51618111891
90844,8826.00626666291
90845,8928.7187655823
90846,15373.351629185152
90847,15545.005081576237
90848,10106.520132975958
90849,9328.239093987997
90850,12627.066288573425
90851,6141.126759788872
90852,15612.843984516394
90853,13988.754444919217
90854,10043.137816007471
90855,8820.515790740927
90856,15369.265525115043
90857,12363.444798905712
90858,15955.471998101259
90859,7794.228370535571
90860,16609.57162741239
90861,15212.028361470413
90862,4364.611275710135
90863,11236.516584552557
90864,8577.49260260122
90865,15430.06428043585
90866,16020.733329669663
90867,5764.0187829793695
90868,20857.913313210935
90869,21278.265113724872
90870,9907.315254668109
90871,7927.86339371864
90872,30894.77648978099
90873,19040.305164714115
90874,6714.019984752789
90875,20219.398382122148
90876,20411.40394790335
90877,16026.455239347139
90878,23368.197193738066
90879,11355.655749045562
90880,12068.912932684449
90881,14870.885136922718
90882,14514.100026637567
90883,8126.594916634273
90884,8787.71272236855
90885,6845.553283821052
90886,5641.638945781118
90887,15419.592902964885
90888,9497.678099136478
90889,13359.465537818483
90890,14164.825412153477
90891,25315.07411369958
90892,10185.787647248462
90893,19166.168263420193
90894,18917.758861900376
90895,18103.832579074664
90896,32673.581242657645
90897,16518.819159295068
90898,12945.39237853026
90899,20910.413419575336
90900,10232.625653329604
90901,16513.503174082412
90902,51717.58055583744
90903,31564.47578058022
90904,32161.66321584162
90905,21592.834651221896
90906,21047.10081985691
90907,14962.7052573963
90908,22260.88860973263
90909,29924.02443503175
90910,18463.67134603095
90911,25272.148091261228
90912,27510.483035777084
90913,18689.6216466468
90914,24528.22905151818
90915,18808.87472448073
90916,21787.323570772885
90917,30826.54634054402
90918,29152.42005292555
90919,12834.3863073902
90920,14911.163112938611
90921,35402.26801561056
90922,23681.12518710809
90923,29138.1393848887
90924,16336.258839823446
90925,19441.39039165034
90926,15651.07702032789
90927,38945.111854749775
90928,32276.319364462917
90929,18773.544024452356
90930,22301.614694021147
90931,24340.84220668108
90932,41167.514993436715
90933,17497.221681056057
90934,24686.365462081016
90935,29753.517941432576
90936,20329.70180770288
90937,25134.004407491866
90938,30040.600678049184
90939,19780.395159055653
90940,17692.677740392406
90941,38632.43353849143
90942,44696.34185750534
90943,30749.611463144476
90944,31667.8517340726
90945,25297.09239981102
90946,18798.733519983045
90947,14022.52611809623
90948,18218.832956100046
90949,13915.09885342949
90950,22304.861622803524
90951,26632.251573763773
90952,31186.798768053643
90953,27582.353178891382
90954,45445.855346021155
90955,22927.108577437506
90956,22662.192491807895
90957,13929.524556322578
90958,29069.697433119723
90959,17306.014032909494
90960,15616.347514731458
90961,55359.83201445281
90962,34061.01402115043
90963,18222.590701139216
90964,15945.370179636666
90965,41703.363384461925
90966,44662.790269255194
90967,18669.69993942956
90968,14205.695011905826
90969,19408.077077301074
90970,28792.00765716441
90971,27503.360572411162
90972,10418.70215155605
90973,22450.676686939627
90974,19674.204934340793
90975,36974.94290189913
90976,28397.747101286324
90977,19621.852519104075
90978,14058.702528491785
90979,20204.643763755746
90980,23310.806871864777
90981,40608.72491109749
90982,20029.991275127428
90983,21635.65313629641
90984,37174.632539168335
90985,18575.452399658305
90986,23225.945654895524
90987,14058.639753307718
90988,16363.610690786683
90989,30987.34293996621
90990,19820.392317751186
90991,49830.04471621471
90992,47090.00231857177
90993,21890.740641107124
90994,32057.435539801645
90995,14124.102995892217
90996,6671.236511345289
90997,21089.17472316163
90998,16039.270366451454
90999,18663.344667579528
91000,31128.694214619278
91001,23519.840830187382
91002,36150.76441609416
91003,20094.305579567328
91004,19617.706210111093
91005,78096.10274914787
91006,56043.986122180606
91007,24765.03168024615
91008,25177.377730234177
91009,41335.56326772399
91010,21241.832960784584
91011,28873.82373576283
91012,15531.307591332215
91013,42804.78533383953
91014,28920.513572608004
91015,29834.656217081556
91016,17765.8533365591
91017,19852.857169112576
91018,25277.056028000086
91019,15969.94913839992
91020,12396.011846294337
91021,26379.41124862581
91022,44713.270930219536
91023,27302.537322906894
91024,25178.03795662278
91025,26639.40272487917
91026,15178.3052897234
91027,26048.205399546347
91028,22033.31802107258
91029,19586.379190385913
91030,23144.587598779235
91031,29294.19121520383
91032,21343.99927888743
91033,39913.650247257065
91034,9687.152767402577
91035,32313.14859337929
91036,29245.857326900044
91037,15517.008294662466
91038,23569.67791470102
91039,33923.72067835104
91040,18773.334627949298
91041,20255.26194619328
91042,24225.082932720536
91043,25833.709667075593
91044,22234.432020435055
91045,16898.117371157667
91046,16494.35344583313
91047,22375.004251649192
91048,31254.112085949466
91049,44567.2987208913
91050,27385.207643311795
91051,22423.926653377508
91052,15787.218243974361
91053,18589.39437144227
91054,30232.01859714621
91055,19249.17326466424
91056,19927.73327742445
91057,41355.8470054874
91058,15631.91669524847
91059,25198.383184502352
91060,21303.58994025938
91061,23705.452460692235
91062,22108.453234741308
91063,27212.017886585552
91064,26157.410519060537
91065,25407.303790846472
91066,26963.148170635784
91067,18585.48547433965
91068,20096.147338634273
91069,54387.291180926135
91070,44159.60284885777
91071,20093.738685390144
91072,17357.178938574336
91073,17334.50760430704
91074,55948.91647224623
91075,2398.4229347634578
91076,13537.128610845884
91077,13327.432538961844
91078,19907.161845334038
91079,33593.870780793666
91080,23354.840118163174
91081,30437.261815655078
91082,7977.030853928631
91083,21094.0618381659
91084,17503.797003152908
91085,17070.17132201304
91086,6166.930005629532
91087,15437.851684389496
91088,26240.434388803147
91089,30736.73958588964
91090,18170.682617112878
91091,13981.225279450471
91092,12095.050840569338
91093,14328.101642629408
91094,19437.70569323503
91095,17597.877808292564
91096,14687.317771405566
91097,25760.284508489178
91098,18218.404552339933
91099,20533.2637236585
91100,27701.923190144036
91101,15509.859893304289
91102,22497.51798584819
91103,24567.297287237758
91104,33727.062740448564
91105,21345.35446586338
91106,21077.009343708716
91107,24569.555881038013
91108,14187.865601645966
91109,9888.378574332402
91110,27607.161804821255
91111,30767.190199326586
91112,19182.953611177076
91113,28072.149858370543
91114,18976.93992220551
91115,53818.156065910734
91116,30708.216697499487
91117,56026.248892236385
91118,18727.98633414012
91119,15634.070244804338
91120,11214.518118726523
91121,17825.662996241263
91122,28946.444175708657
91123,27368.40948887623
91124,32956.58410329937
91125,20606.714959783214
91126,31976.337325962555
91127,16635.334538346826
91128,24929.76991173866
91129,23052.156371535388
91130,46576.54946839262
91131,23916.837335811324
91132,58067.10788041093
91133,23211.31513227959
91134,13880.49564730672
91135,24177.147616939405
91136,26011.1094576132
91137,20534.693411504537
91138,17215.550271186923
91139,23741.805071795046
91140,27812.71646824164
91141,46200.47358047861
91142,17885.15906597239
91143,14014.524328662947
91144,13451.326506495125
91145,31619.541348855728
91146,26148.999030511084
91147,23421.741637556777
91148,16966.837539259566
91149,18255.192768122466
91150,17183.528119715447
91151,24966.297570530747
91152,19520.111998173026
91153,18929.77663320233
91154,28644.421999012142
91155,27561.304247025862
91156,15456.33181725607
91157,24580.778680199437
91158,28980.88346443495
91159,19426.124325529556
91160,29892.616842098338
91161,23673.85296880795
91162,23064.23807328646
91163,28046.94913739764
91164,32855.655240333566
91165,26669.669109576702
91166,18976.712580580555
91167,27507.633098261973
91168,21635.65313629641
91169,28344.018519365094
91170,32179.324675186497
91171,48158.963713352314
91172,29772.133737709548
91173,13310.165335769134
91174,26891.149965939963
91175,25462.037601944885
91176,59459.987276054795
91177,13423.314160349652
91178,18453.501830509416
91179,29838.547052591868
91180,19131.031451327686
91181,17501.150895271694
91182,17835.270182275322
91183,23589.53201961744
91184,11311.507718280487
91185,46569.85145005131
91186,20687.88880428722
91187,29515.227092398585
91188,22441.0208574568
91189,21095.795748823948
91190,26835.69099274887
91191,15929.111806483173
91192,30174.177583922676
91193,94166.33552405526
91194,32852.17568091441
91195,24884.96373568095
91196,15400.352449658036
91197,10874.587032796326
91198,25816.67129102886
91199,18364.82220824606
91200,27360.630148719054
91201,21896.45948465357
91202,21920.71525641121
91203,17450.167045413153
91204,20492.0799796203
91205,26787.03030092185
91206,18813.02269339194
91207,15991.036170930198
91208,70884.09807870998
91209,11419.043745553674
91210,29359.836000267693
91211,17119.869505531162
91212,19011.348945940004
91213,25487.95581054797
91214,28643.517544715487
91215,29603.928786016804
91216,27132.15527965224
91217,42287.79702049276
91218,14220.61612602478
91219,27428.15836297085
91220,30916.043228989165
91221,42841.42917486614
91222,12095.050840569338
91223,20891.829109689083
91224,24303.86928911105
91225,32714.801488444427
91226,14441.605825934723
91227,14346.35683583331
91228,19357.52424229524
91229,27506.80241745327
91230,58825.624288649546
91231,23502.954276945526
91232,22266.834648825614
91233,19313.642348650083
91234,37884.65384836387
91235,13888.870548285378
91236,18090.712381237645
91237,34297.53175697801
91238,25230.704079567135
91239,22984.036282007557
91240,15995.766880614805
91241,23898.824049886774
91242,29828.07073910949
91243,24715.755713649276
91244,16435.927395308907
91245,27146.17848031106
91246,12467.505566073129
91247,28046.91597628612
91248,35784.372070947946
91249,18355.724863146203
91250,17442.567914018204
91251,22767.153739455076
91252,42533.987814188265
91253,16440.785947393633
91254,40917.517398048134
91255,10377.32348638729
91256,12064.343728270705
91257,21275.657330488382
91258,31195.050588163827
91259,25379.385137848123
91260,58887.96395360134
91261,31639.520582394907
91262,25944.491798245104
91263,22360.657187191788
91264,25012.781361331854
91265,23800.54471545272
91266,16075.849873079816
91267,10991.848831099322
91268,28601.121029882976
91269,23439.92190454719
91270,17997.911770100844
91271,28976.99078203842
91272,25664.83712835044
91273,24503.83753663363
91274,19847.443220462916
91275,25440.149317654505
91276,17517.013980559404
91277,20138.07614631253
91278,21952.55713643925
91279,26780.197419467026
91280,35341.00204745329
91281,49138.11407681783
91282,27246.281221511243
91283,24068.456878334062
91284,22391.430269570228
91285,15669.090654252159
91286,7262.406760120704
91287,17851.58154994792
91288,32562.313064394562
91289,13775.59779836445
91290,17030.930935727916
91291,30430.872622916035
91292,23289.460061043937
91293,11356.275809632201
91294,15662.789669695889
91295,29800.993201883477
91296,14310.070779529118
91297,45760.81687722374
91298,34185.199098791556
91299,23371.807186646827
91300,19052.87327088456
91301,20442.648515270717
91302,28443.53786036794
91303,33504.56293854207
91304,28361.581198121516
91305,31681.992558136666
91306,14925.037935104023
91307,19256.22515685483
91308,44629.11560324462
91309,20100.261497100408
91310,16163.270081792876
91311,28455.96490910933
91312,28400.089132185785
91313,46346.406697707105
91314,38816.96838704866
91315,21583.332007608493
91316,20845.396532338083
91317,20396.620448372072
91318,19509.413839942692
91319,15019.47640354741
91320,20813.13970205693
91321,26628.800115575545
91322,24304.75989053127
91323,24013.0839956604
91324,16827.615916192113
91325,18412.836484421874
91326,14194.456363637302
91327,46172.26593811094
91328,30896.0126112256
91329,15366.154523708885
91330,14947.437028794315
91331,16372.961152236428
91332,30174.239507897833
91333,15132.858619627392
91334,14788.191182115761
91335,19401.02546111266
91336,19661.216701742505
91337,17404.610875266913
91338,57637.646563724
91339,76912.21910205258
91340,14412.318981655555
91341,16413.752492751428
91342,42912.26478512046
91343,17476.981146041984
91344,44673.7514441316
91345,18941.552216682434
91346,49432.66914403819
91347,14406.126810432586
91348,12464.557973954788
91349,34593.15970954735
91350,21458.98576918827
91351,10227.745944704962
91352,23057.144819420577
91353,25653.628410752637
91354,22146.68615867834
91355,46831.776272393334
91356,8222.282669266733
91357,32287.679067022054
91358,18449.297857131896
91359,22534.778395840476
91360,26545.603987292154
91361,20322.02013390783
91362,28694.386656526418
91363,22260.68293863891
91364,21585.45641999584
91365,42614.733239000525
91366,17207.948646398585
91367,29315.101641370486
91368,25835.681310988453
91369,21486.794286563334
91370,25315.723511745222
91371,25453.01799950057
91372,18815.642427440307
91373,20355.973521021762
91374,18983.173388359297
91375,57506.278288363224
91376,23339.07980914576
91377,28409.81120122025
91378,22177.860528225363
91379,18589.562800862823
91380,25810.365100206545
91381,18766.504196617578
91382,22228.587095554052
91383,19692.111871903726
91384,23481.363437553326
91385,18791.758799793068
91386,24609.24563204747
91387,13347.565141133155
91388,29663.373484497377
91389,12929.880621964363
91390,20903.986850617508
91391,19372.212766510307
91392,27742.632761092347
91393,13040.296999055165
91394,23996.63887321107
91395,22184.892724408845
91396,16885.581555530418
91397,20263.60732128283
91398,19158.546089690397
91399,26378.79463177787
91400,35217.80427245516
91401,16263.294997148549
91402,12928.20750774535
91403,21205.929296904353
91404,16608.60926601787
91405,27681.10857927689
91406,19521.297043579725
91407,40075.76662433315
91408,19213.418920476513
91409,15773.677273542551
91410,23553.26213731948
91411,29118.940169104193
91412,31786.916147449847
91413,39195.64566576567
91414,18747.10751230322
91415,25181.826712208076
91416,28486.845718144024
91417,13152.177652348539
91418,18203.30292813802
91419,4313.5255669575945
91420,22241.433116611337
91421,15569.452240970493
91422,18914.930133593774
91423,44703.468681838676
91424,20362.101556157155
91425,26613.538193492725
91426,28978.04970083034
91427,14283.801068126444
91428,31048.707238127376
91429,22413.11439802397
91430,40733.326182326105
91431,24532.951110700524
91432,22368.375347726196
91433,26008.308993495106
91434,19054.089918347792
91435,18889.257149564957
91436,30977.981098196135
91437,36280.52331745994
91438,10325.447311503764
91439,12445.137388099118
91440,23283.141288918174
91441,29862.78099626545
91442,18012.851503966755
91443,17461.07524844638
91444,20477.099865988217
91445,53267.81171019971
91446,17418.396649389477
91447,21676.108134904134
91448,29477.270687236847
91449,18889.26294326997
91450,23635.325568535183
91451,35931.565997978745
91452,20636.601880826965
91453,12009.21950328162
91454,10905.486199986228
91455,25628.044456217784
91456,38415.843508336126
91457,11066.347263558462
91458,20528.74279896411
91459,32021.958094326485
91460,31561.29595373031
91461,18756.841417557374
91462,25440.91268507016
91463,28281.015634111216
91464,25894.418793261728
91465,25390.93806280114
91466,13228.191295331046
91467,30613.373860153464
91468,25171.706347314564
91469,17622.797235495542
91470,25563.340918833637
91471,21991.326466165418
91472,17653.060990357415
91473,22788.850662383247
91474,23912.6409895455
91475,22368.375347726196
91476,22448.996807415824
91477,25684.732512266062
91478,21804.56087170673
91479,27136.75149777989
91480,8388.832101712305
91481,29632.818526857664
91482,29876.747246286195
91483,27764.643907361435
91484,14918.991974017037
91485,22448.064526531172
91486,13573.21453663226
91487,20579.356173540567
91488,40559.00759110617
91489,12313.18352155582
91490,19197.888028231042
91491,31587.84626683676
91492,28269.30651935473
91493,15657.557366108404
91494,12833.46256977447
91495,19205.341868654552
91496,14368.423127579168
91497,29569.328093773936
91498,19025.894470245745
91499,50905.98408255689
91500,30689.72055852051
91501,25364.00686580006
91502,15811.970817982896
91503,22689.930250627458
91504,17099.494598233316
91505,31557.25369181854
91506,32537.137383841913
91507,56971.15738311948
91508,30662.47143777731
91509,20646.778530981952
91510,28897.9308416546
91511,24003.61294009054
91512,19351.689984581713
91513,43160.47409151633
91514,21564.94309115725
91515,54958.837729788735
91516,36242.513517325446
91517,2382.0526382057888
91518,49699.39762653017
91519,22224.698582244208
91520,17083.71137657442
91521,28534.373003186538
91522,28717.83150938839
91523,28599.74479014928
91524,12511.301707781962
91525,36867.55592825595
91526,24366.753831082257
91527,20629.134482770278
91528,37788.87326667831
91529,26012.537223828094
91530,19317.040836839195
91531,12374.207994694107
91532,46706.955641378314
91533,29881.82655635759
91534,25430.74138954137
91535,12963.960580463368
91536,21089.263999992385
91537,17477.35821434819
91538,18984.92081781285
91539,28706.411236473785
91540,15961.635915196788
91541,24771.426496463235
91542,19624.742007151435
91543,21387.784567289436
91544,16791.498891933017
91545,23237.48990430737
91546,14323.323189551535
91547,18105.967558381253
91548,21729.810047737632
91549,48118.26250960041
91550,22333.427515158426
91551,41064.272914081186
91552,21705.88183185987
91553,14732.936909459704
91554,21559.553552768157
91555,16229.927701264718
91556,14972.473714102567
91557,28745.65782126814
91558,29815.135496693114
91559,23316.083771345446
91560,17358.5668352304
91561,21524.656292232845
91562,11708.544598924887
91563,31793.696177259135
91564,36831.65885522751
91565,48187.89987878522
91566,16236.831737233942
91567,24708.486335321326
91568,28574.99199332691
91569,27379.648499861807
91570,23210.546443713145
91571,22741.143057737576
91572,24854.029462549115
91573,15912.747644730065
91574,18536.405082272293
91575,38547.25505895994
91576,19910.22373142114
91577,17520.880036000795
91578,19494.69465122942
91579,12197.333775685547
91580,53516.34992871816
91581,29182.746875013363
91582,35065.030659554825
91583,8081.670223131852
91584,16377.80103314698
91585,24991.527706551005
91586,25835.681310988453
91587,16879.712082127255
91588,29201.471053452293
91589,17304.561189550637
91590,28580.119049476776
91591,24765.803046541645
91592,28655.40854436209
91593,28404.699255970776
91594,14426.91706068265
91595,29324.129152544494
91596,30899.633979070877
91597,25517.568650584064
91598,30877.17962117244
91599,25868.71738457337
91600,42726.41108748863
91601,32441.866458288347
91602,36751.54399113151
91603,25683.649366011265
91604,24905.21401421387
91605,24139.694652351285
91606,26574.562524998084
91607,29958.003620397194
91608,14593.81152377008
91609,20300.52016459915
91610,20718.97065254178
91611,23634.33466393495
91612,20194.85325710473
91613,25291.31193354081
91614,17268.65958347244
91615,35845.30365740908
91616,16327.771784632669
91617,19842.375806513573
91618,25978.894089005506
91619,19842.077474650105
91620,48744.49942108985
91621,18570.453622122237
91622,17030.71820683222
91623,19615.716097431876
91624,31253.265487971308
91625,19793.35472714716
91626,30613.373860153464
91627,52792.55617321811
91628,17232.64973063134
91629,41093.36192720642
91630,13426.337772211084
91631,10213.968983225683
91632,22545.51326131668
91633,18882.024313685302
91634,20099.729462263633
91635,21416.230856142112
91636,25267.24596094766
91637,28706.107738048046
91638,17124.645111686732
91639,15502.64653529105
91640,11060.554045001532
91641,20662.55268838883
91642,25835.681310988453
91643,40370.236143835384
91644,17071.162521516137
91645,23736.080744076935
91646,12737.932716077106
91647,21369.100910172794
91648,17415.52791287501
91649,17497.483406895437
91650,16878.357802359158
91651,15181.0511833926
91652,18998.837890148057
91653,26681.55050787903
91654,27157.754904739686
91655,23867.864962535932
91656,32193.17378251116
91657,54298.174155458146
91658,20782.668122130726
91659,32476.364911375866
91660,55846.74196147235
91661,27850.501254780134
91662,20745.022595810882
91663,19510.17574408886
91664,32642.51740423098
91665,45307.258530230036
91666,23168.415581048364
91667,19837.191827560324
91668,9619.669993164911
91669,18429.900561288214
91670,28023.702305767125
91671,43067.45935025666
91672,16481.26701407666
91673,31689.671178534114
91674,23155.373958014752
91675,68472.43019204459
91676,34768.52767666969
91677,24216.622313596694
91678,13600.56209065274
91679,31086.78529298046
91680,25897.859285045648
91681,28295.791961244504
91682,14392.114908272662
91683,31054.412449462692
91684,12410.89219553165
91685,14159.952078916953
91686,18733.814863579617
91687,27092.856382257156
91688,18831.645606203052
91689,17514.49156878957
91690,24598.9126947056
91691,29852.305692945967
91692,15204.143051782297
91693,25920.883867877063
91694,22055.58371732823
91695,18682.189953547873
91696,18602.6587703797
91697,29462.478293483768
91698,18756.084187615175
91699,15694.694201942939
91700,15728.263999736178
91701,16306.811494566378
91702,17325.05446100725
91703,18588.52267311019
91704,27287.485644310127
91705,27599.01839034233
91706,9046.880805687264
91707,48605.40062332383
91708,27498.27818351961
91709,21276.947922291118
91710,27140.418446591815
91711,16087.817432386979
91712,22271.67645194892
91713,12781.51765210128
91714,21530.142138698226
91715,29575.305435583196
91716,20898.353759972586
91717,25568.094149351946
91718,30669.385449936766
91719,14280.017563871565
91720,13096.895129410725
91721,13146.000641437897
91722,27799.98318269105
91723,29061.05089782688
91724,20006.947332075142
91725,24055.905313317053
91726,17963.082910862337
91727,40339.801380802324
91728,25522.006954168817
91729,16349.949706528283
91730,13237.82946065652
91731,19233.41856584239
91732,17614.850831994627
91733,18359.823095718537
91734,26732.2785377362
91735,17149.169925283215
91736,28452.89037891494
91737,16081.241509219652
91738,16382.559569352692
91739,30047.025359919586
91740,30051.883572601142
91741,22512.356400086635
91742,4075.981637298581
91743,23840.795168635603
91744,14962.362068547449
91745,13674.39397691341
91746,29866.68951793266
91747,19556.590696545976
91748,25305.415505131896
91749,25276.292005366002
91750,26368.02250112405
91751,20895.42361620038
91752,21308.952499176314
91753,26726.705037421492
91754,26565.572428034724
91755,18177.29054567355
91756,15843.618958681407
91757,37160.94798736932
91758,26607.191932525267
91759,16440.09231838076
91760,26157.0460285986
91761,47384.613088940285
91762,30208.13637472047
91763,19342.171427397716
91764,15215.71545155793
91765,25220.843801214043
91766,35745.940838772876
91767,19909.489122118364
91768,22168.09745910665
91769,22760.589468003098
91770,20483.03190074709
91771,13811.75105405278
91772,28487.152125070166
91773,19043.441816538394
91774,31937.63586005984
91775,32976.63635948263
91776,28204.352367748244
91777,18462.273958264086
91778,21930.768375696218
91779,25738.35038299806
91780,35883.542399334445
91781,31734.52447573059
91782,15147.62293218182
91783,26639.40272487917
91784,20125.697760489318
91785,32231.138071965586
91786,26586.01695182699
91787,18210.921469988443
91788,26197.66696479978
91789,20369.15948153118
91790,32670.961693207162
91791,19304.725365278242
91792,26976.180236503682
91793,31805.65654445121
91794,15634.070244804338
91795,73034.1684993039
91796,28377.34947056546
91797,22665.7380496493
91798,21238.617836717727
91799,7317.245880030646
91800,5450.694360685181
91801,17280.337902762807
91802,26399.10189973855
91803,24942.018738338702
91804,40753.28763602732
91805,40516.95016868031
91806,21148.779486149724
91807,47910.84139710605
91808,19719.942075700357
91809,37959.57921578241
91810,42407.401530505274
91811,29804.607647700814
91812,63536.55370008123
91813,12645.765815117877
91814,19026.805195004654
91815,19590.249569490454
91816,22089.760562926065
91817,29994.150391657848
91818,37877.82132343378
91819,26518.392471689265
91820,11265.431656097922
91821,25138.561103797158
91822,20036.92200543845
91823,18192.956820228697
91824,22237.841939689388
91825,24442.18297693062
91826,32855.655240333566
91827,31572.398411389615
91828,38901.91592533678
91829,18205.74888250683
91830,23690.847702581454
91831,18810.313104764507
91832,16653.357333954948
91833,29461.810410234277
91834,10668.973431467739
91835,13754.480237451897
91836,15145.691953903412
91837,18517.533585970396
91838,21287.425713905013
91839,11995.214786150493
91840,24383.06399138036
91841,22961.290062317446
91842,24087.963725178648
91843,38301.87293266563
91844,23917.41875853254
91845,15776.640867431894
91846,27253.531027915375
91847,62107.283273704306
91848,21646.72562592565
91849,15587.405328488021
91850,38472.21995980195
91851,10631.44550764357
91852,16827.184579324952
91853,18629.50027624659
91854,26238.741763063266
91855,28962.603508159358
91856,25051.706120796367
91857,31431.87707568236
91858,7283.0400624739195
91859,46336.819096966436
91860,28878.733460905732
91861,27381.41019347007
91862,26440.063284971347
91863,60345.17746736837
91864,48302.68191924329
91865,17740.256814435754
91866,20708.315233641777
91867,32274.52085896017
91868,24942.018738338702
91869,12717.178190237757
91870,17636.551227663163
91871,16856.676171535673
91872,20980.879883312366
91873,24142.198640473423
91874,15065.887511071895
91875,21432.270190954732
91876,17790.517477226895
91877,31557.25369181854
91878,14222.20670669898
91879,30313.78909173906
91880,21657.63955599173
91881,20218.002697882872
91882,22426.187308138786
91883,15576.193010035258
91884,22320.33065901888
91885,21396.314395807567
91886,22609.389405885202
91887,22734.240021960934
91888,21484.375433055884
91889,13930.179102633128
91890,16484.028859610607
91891,17964.940054344992
91892,14065.430638392767
91893,17653.43022938685
91894,25195.345364454046
91895,53340.194358937464
91896,40782.08688546999
91897,27060.597151799568
91898,24973.774061853033
91899,23150.93016113721
91900,19701.814514098103
91901,24404.736273303814
91902,14882.199154841617
91903,28270.78572085009
91904,20694.679291583685
91905,27968.716165360613
91906,25639.65144761302
91907,29168.77867550729
91908,23656.141424488593
91909,45686.41229767466
91910,62871.827530202274
91911,24506.539654617798
91912,16910.86714110146
91913,12449.423526333421
91914,46628.251666340264
91915,15164.632891152165
91916,24298.80378583179
91917,17944.05763109783
91918,9246.385254132276
91919,17598.388523133715
91920,23305.58278421555
91921,21114.871338203793
91922,18951.59085919899
91923,23973.39309469141
91924,9894.49664019602
91925,29507.967797626337
91926,16051.832225232465
91927,19680.06790569767
91928,31109.004329110896
91929,25498.78111578292
91930,25982.84165709092
91931,33120.79077182975
91932,18278.764610078924
91933,29395.65095224021
91934,25094.984268774893
91935,17280.316662441655
91936,32444.238565724234
91937,30664.53248346617
91938,18060.366589048113
91939,12177.176178328915
91940,10034.5499920288
91941,24401.36379972648
91942,46106.33736520813
91943,27962.349276843543
91944,26969.84392903896
91945,13376.148801134379
91946,13933.43301932228
91947,48132.209437177546
91948,33553.99127872632
91949,46832.89423896243
91950,31008.076779643176
91951,25647.51687323869
91952,40025.97429516931
91953,10903.298023593785
91954,28393.737243521933
91955,9688.788052232614
91956,17149.08753930548
91957,18522.27251741551
91958,61523.09587252111
91959,40507.436558941314
91960,27255.791808977847
91961,27070.21322762076
91962,12063.938002838568
91963,22255.739404213487
91964,25820.933929734038
91965,16796.447842442365
91966,40725.34234290611
91967,47581.70741284634
91968,13816.696111958063
91969,47690.453489179716
91970,20759.08051243684
91971,40608.72491109749
91972,25841.41378319999
91973,27057.21938770371
91974,15841.854749359014
91975,13459.018773098873
91976,31323.888081279332
91977,35974.25982337669
91978,14190.565303274547
91979,13020.617378766628
91980,24796.09017151584
91981,28038.33442246123
91982,19675.100239236806
91983,34737.31954420689
91984,26016.05855914982
91985,14595.922286777139
91986,14767.198676531763
91987,43793.257866742104
91988,10933.938671173222
91989,26469.293911390276
91990,29595.249277021394
91991,23507.85968539534
91992,58860.20296354217
91993,22228.031636721786
91994,18423.867217490115
91995,10298.874394890112
91996,15137.084228847125
91997,22406.41215668983
91998,16937.997892725103
91999,29776.378665426433
92000,29269.386365659906
92001,11181.970557783465
92002,20518.037861746896
92003,22605.567679747768
92004,27619.61656001525
92005,21363.89660504988
92006,5671.337877163066
92007,36789.23449392829
92008,31750.652435680804
92009,33677.04233219623
92010,14345.304092446591
92011,15584.072677843142
92012,26642.033267712457
92013,25431.077889269654
92014,14463.020140003913
92015,15571.848044074526
92016,39764.892703640595
92017,10737.97431329927
92018,24334.305264206287
92019,13058.809488828505
92020,22398.406038555062
92021,30649.98323877977
92022,10686.589057610152
92023,31591.41699533754
92024,55985.58685786714
92025,36255.59408208209
92026,47104.56721319987
92027,45429.38739733769
92028,13042.469683178024
92029,39264.63160410948
92030,44210.6312486242
92031,30381.254260010293
92032,28772.297010761962
92033,21844.334038453155
92034,17990.23942349632
92035,18508.039902582255
92036,24173.203300374607
92037,25310.680480923336
92038,13370.937585459978
92039,35848.91422169322
92040,40280.571122312664
92041,32068.519331410782
92042,10610.780527093655
92043,32556.154357751173
92044,29850.910845420087
92045,17369.30859325255
92046,25298.368155217893
92047,14644.399510584808
92048,30372.57755807673
92049,25810.084413621065
92050,67926.08720644999
92051,31803.004536837536
92052,9308.4446950104
92053,16626.369298681067
92054,18817.230861822256
92055,25983.195868846164
92056,29497.996172296404
92057,26529.58731514335
92058,25895.758948821494
92059,17973.03999109301
92060,16921.979917165343
92061,13393.525885612888
92062,55078.12438328516
92063,23731.824713979997
92064,14694.300556445834
92065,27824.006032329293
92066,32375.067904033047
92067,18984.93998188062
92068,22138.717571411365
92069,25485.47153263411
92070,24122.05251520701
92071,20103.88880632281
92072,13798.91137989175
92073,19174.291033847156
92074,28270.78572085009
92075,32855.655240333566
92076,28800.36737021092
92077,29691.6474831713
92078,30377.38285793785
92079,41030.456320635036
92080,30744.731857200593
92081,18940.781925507927
92082,30649.165550603433
92083,17361.928638435063
92084,12095.050840569338
92085,16148.644269584349
92086,21567.17514481307
92087,22489.55683145275
92088,14663.4333917993
92089,19974.61289305599
92090,29500.577514347893
92091,14972.473714102567
92092,17626.638118589515
92093,18443.16235980083
92094,23521.927972042555
92095,26419.000773511507
92096,12551.919414144093
92097,16915.651082606488
92098,20538.719033948455
92099,12948.909971513345
92100,29790.057551174385
92101,20935.982504330186
92102,30152.851450285714
92103,16692.342924577453
92104,20171.219459926455
92105,27247.506458329255
92106,27050.71940192576
92107,25097.95779278528
92108,10366.499742987007
92109,45588.245537129165
92110,14718.602361776037
92111,21815.20836262823
92112,9369.694973773829
92113,21782.425443127115
92114,21369.100910172794
92115,28692.604234077855
92116,18353.798421318596
92117,30621.63095124832
92118,9171.87523014952
92119,20306.64445278938
92120,13741.193104619188
92121,13631.457461135871
92122,18771.16031283144
92123,30015.91196920871
92124,25190.66264682629
92125,46443.52670716711
92126,30096.151910854478
92127,19313.672793480153
92128,28907.39446630066
92129,41128.55448696547
92130,26856.797449127316
92131,16843.734549629564
92132,18381.180372213596
92133,29936.43354284644
92134,14072.859510826973
92135,17017.72601935847
92136,54194.53453063877
92137,32203.524845986747
92138,21292.072257113254
92139,21388.537148676387
92140,17890.50496194771
92141,36093.36511280251
92142,28554.372445641635
92143,17481.532897925586
92144,15821.75196384833
92145,26210.98973768441
92146,11012.159407457593
92147,21752.16157090834
92148,46640.46585069453
92149,29284.105883501223
92150,28371.022544713356
92151,17764.461177344736
92152,31871.75220321111
92153,20969.214576618313
92154,16039.798785237232
92155,14940.270865602453
92156,23987.450948649133
92157,18304.89944119258
92158,15275.424729984115
92159,21101.609552762762
92160,16210.466258508679
92161,18983.975091022643
92162,11971.065707230813
92163,23786.92998512148
92164,37754.773232164305
92165,38942.1157451082
92166,35964.62270465996
92167,16051.397868424647
92168,20238.865465502255
92169,21957.757825819484
92170,27692.62804258179
92171,17832.01650784687
92172,16927.517505178213
92173,25855.54600614089
92174,22457.11725467216
92175,16621.951973007483
92176,67818.59429233603
92177,33058.51060147981
92178,13713.018483246635
92179,26225.02237033747
92180,23966.393321980377
92181,26414.878729887587
92182,16334.026521231626
92183,25433.680063092987
92184,22170.82414536219
92185,28573.154776827858
92186,24745.773748449858
92187,43864.15205621678
92188,20428.561511458494
92189,23240.787222296913
92190,12624.68587685154
92191,18882.95808245985
92192,30843.181467924765
92193,24122.340288714513
92194,31017.418130276197
92195,42480.51719369069
92196,10324.047114437673
92197,21877.78898105322
92198,38905.85586715648
92199,15847.876860215461
92200,17015.76848592085
92201,28073.330110271385
92202,22035.369780297326
92203,39432.97632910899
92204,27788.438286321943
92205,15556.79731084332
92206,15896.568616907438
92207,11422.558890047134
92208,9662.779032718372
92209,20388.897008466975
92210,19999.44694069296
92211,23287.33303058368
92212,24573.037679129786
92213,15670.046458091432
92214,28251.22117116862
92215,27596.08794351512
92216,14928.437681803432
92217,13214.44322361866
92218,19649.239824636894
92219,25191.6818453993
92220,32058.19015911443
92221,16268.22308928851
92222,26571.493007254587
92223,19866.612156762534
92224,30349.507116799112
92225,29097.123102960926
92226,20533.768339442257
92227,23976.08307815843
92228,28165.693461445884
92229,16634.86680745779
92230,20549.85345509762
92231,42993.74947559995
92232,14122.920363386553
92233,19400.554305635633
92234,19149.281990931137
92235,17658.532549765678
92236,28433.322143594272
92237,31492.359396337877
92238,23748.241066170056
92239,20216.447225688375
92240,19560.290294800707
92241,14684.260172296976
92242,32840.32214186592
92243,41609.708491888
92244,32349.26039397824
92245,33778.21592488209
92246,22980.654268227903
92247,22299.59715068356
92248,31215.68085012307
92249,29699.90065147043
92250,28489.5262288248
92251,12340.523016345836
92252,18534.54385465776
92253,21932.84602363171
92254,22878.70862683265
92255,10181.773546133541
92256,26075.552584132867
92257,23975.727584696564
92258,22169.850259455598
92259,18157.08033431328
92260,7574.396261992375
92261,12847.642493458838
92262,15320.249488771185
92263,21693.095215409314
92264,19932.47790520138
92265,19239.13624882148
92266,20985.411535890482
92267,23147.66234108158
92268,31659.85076123063
92269,22485.52784482712
92270,31347.748577054383
92271,27113.93059974263
92272,17130.569357820874
92273,20341.49602658509
92274,23163.4592018822
92275,10189.094252717898
92276,25250.719405135234
92277,31764.71349441467
92278,24840.084153826927
92279,23524.828484417238
92280,26473.243734973432
92281,5386.561654268162
92282,15852.216143539074
92283,32218.34100171163
92284,19038.084548816998
92285,30671.332416885263
92286,27931.32644772615
92287,19935.327164294613
92288,12095.050840569338
92289,18096.110714436534
92290,24196.696238755376
92291,29759.28493883187
92292,32375.47118764139
92293,20411.955465162566
92294,14120.115977028376
92295,24810.693280883683
92296,15432.137506204075
92297,103275.0518855747
92298,24194.595232228152
92299,8908.767904694994
92300,30730.307925339737
92301,26448.55388381952
92302,13056.598488076828
92303,24240.837615832075
92304,25559.34168813483
92305,29687.48384379388
92306,15152.45437032325
92307,17249.7426598187
92308,17321.120005280096
92309,17136.00808981097
92310,22465.965526595857
92311,26347.510688530787
92312,16366.389187199857
92313,23016.534644057072
92314,36128.86504071911
92315,12619.315131340356
92316,20308.59953134956
92317,15154.58320424892
92318,28148.24429150873
92319,16460.737680410915
92320,51205.61437674366
92321,15426.893043297214
92322,26883.413482265874
92323,32733.670596834854
92324,28748.67796518718
92325,24588.01681239548
92326,17303.959073230875
92327,19800.490574745614
92328,29686.18015002088
92329,19126.844960748553
92330,19445.93578179436
92331,21874.260039052137
92332,15686.254059079001
92333,29191.62269250915
92334,20520.6563439953
92335,26904.45587902749
92336,25138.538464242905
92337,17703.45172014733
92338,24683.027617135853
92339,19994.070433519013
92340,16675.162029485156
92341,31365.774589647473
92342,23719.145797423607
92343,47588.49479494846
92344,15784.07003058311
92345,22548.064372273046
92346,40753.28763602732
92347,15969.318986384606
92348,19908.13089630105
92349,24289.348443627754
92350,29457.63753174681
92351,19706.05545001385
92352,13286.223261326277
92353,15896.568616907438
92354,46798.78234323505
92355,31557.25369181854
92356,16992.636461547965
92357,26638.142483755288
92358,27355.594192425113
92359,15336.444923191704
92360,21428.671866944173
92361,24791.497326752276
92362,26074.413797338264
92363,23837.80379574276
92364,22152.095360123232
92365,18749.98837514015
92366,29636.601971914755
92367,30247.66179135906
92368,21191.37564676782
92369,13141.4034111946
92370,32206.82770026792
92371,21419.593343398345
92372,30906.050061452654
92373,18649.607303767018
92374,16121.458266072761
92375,20241.738356830567
92376,16109.849644092204
92377,23381.593150449153
92378,45161.95894397972
92379,26455.10098260808
92380,14980.784272993247
92381,16140.669431418644
92382,35590.7623539918
92383,18571.424542723802
92384,23652.07218712999
92385,11383.185391233232
92386,30911.233403099166
92387,30119.605628932615
92388,36845.531818036405
92389,16118.653118337172
92390,9649.999199018324
92391,23787.305857461128
92392,20929.92964388324
92393,16668.19178230801
92394,14459.717258184766
92395,26084.224088194278
92396,32558.42780126151
92397,12378.474184394332
92398,26987.24927691717
92399,27925.667786317226
92400,18720.97725963691
92401,18812.447267533145
92402,19214.114084516037
92403,17109.195892902506
92404,39264.92209479434
92405,16102.957556545387
92406,15729.663435655408
92407,14646.62908730773
92408,16293.342207980539
92409,16588.113082188105
92410,28597.020249972597
92411,25224.311482872465
92412,16237.723518189076
92413,32276.319364462917
92414,29098.11292856808
92415,30750.264882469
92416,18929.087028671704
92417,19001.891990164273
92418,26399.10189973855
92419,48387.09354631305
92420,20292.77325408879
92421,30075.121709367573
92422,31642.067847141312
92423,20668.734045903213
92424,27400.054703355654
92425,29294.200675000717
92426,16089.342883056568
92427,7011.580584521808
92428,5491.604104118423
92429,21746.817708966137
92430,24963.023663158405
92431,11012.159407457593
92432,19400.595365911053
92433,16966.18067516319
92434,33544.6043772416
92435,19928.52858844979
92436,70249.29081994011
92437,10778.49772612343
92438,26719.06765784956
92439,23540.906822186353
92440,23681.12518710809
92441,24565.3350454784
92442,8129.507085640903
92443,49563.33364456878
92444,19635.932486133497
92445,26237.3852509762
92446,13145.506412562047
92447,23420.012004901233
92448,26299.079207452964
92449,15442.138715033157
92450,17998.625968229673
92451,15892.777167244029
92452,20373.071105767704
92453,28596.703854549243
92454,36003.36711768281
92455,30400.7547667231
92456,22296.74312600864
92457,26444.578939237614
92458,18472.276942951026
92459,22242.587566307902
92460,15161.868814070389
92461,19250.9446553607
92462,51848.985079048936
92463,20838.922681627202
92464,18557.070036215588
92465,21508.136903620394
92466,23136.652089179297
92467,25866.89098204249
92468,28230.962322064872
92469,29850.801934301497
92470,18947.92001127108
92471,27608.46089031801
92472,15083.44149792079
92473,45510.36260977599
92474,20772.107182269738
92475,14168.94052116783
92476,9333.71443994479
92477,25107.18479185678
92478,21306.504551271028
92479,8098.085868867484
92480,20113.18011624944
92481,19590.499916563353
92482,19822.23553508473
92483,31716.97050559354
92484,19793.35472714716
92485,30318.996879261496
92486,22722.407576876627
92487,20374.68926946593
92488,20733.77041340727
92489,20840.820822367306
92490,52751.70216300405
92491,25740.532960808792
92492,17249.360859819073
92493,26399.10189973855
92494,19415.654529498388
92495,28433.66451257625
92496,36740.95657659375
92497,22756.639238038093
92498,18578.1579228137
92499,21351.671456526972
92500,23362.603471112117
92501,13330.017361607372
92502,29318.080762969497
92503,23333.861419564913
92504,18375.378391196642
92505,30549.825708872067
92506,18172.000158995525
92507,21636.266287691415
92508,17545.004361247524
92509,25142.60819788568
92510,18461.426760685074
92511,13205.130005687817
92512,22703.340469271585
92513,21068.17014068957
92514,19643.87501913741
92515,11172.011810113267
92516,14170.914337816539
92517,16994.69083076918
92518,17304.024792460215
92519,23012.604591003463
92520,17469.606947747012
92521,13526.578575723866
92522,28812.26401545464
92523,12895.862032383318
92524,28978.04970083034
92525,31897.826372425625
92526,23701.180030210624
92527,18929.087028671704
92528,25777.871698376308
92529,41045.75615679561
92530,21514.366675060905
92531,38303.72157579424
92532,25566.323713308335
92533,31211.28633234204
92534,35055.48052505682
92535,23033.06990402729
92536,29948.409600192434
92537,13732.504734255965
92538,33693.8939692215
92539,32127.502098020428
92540,18469.89140899886
92541,31680.31328287454
92542,28848.751526753655
92543,47749.627419322045
92544,17322.226735349403
92545,15998.97159804795
92546,17991.518092649487
92547,25353.905734607586
92548,40878.28189357587
92549,34695.86605100148
92550,12469.665577736689
92551,12419.801065816358
92552,25892.907486748656
92553,20037.711447708683
92554,29824.739300953283
92555,16646.857563643916
92556,10460.929854241414
92557,24771.426496463235
92558,11752.287370576523
92559,29641.204527517417
92560,16898.165223247004
92561,18312.4947253979
92562,23077.36268535388
92563,54906.3647726826
92564,23401.939926297848
92565,14822.598861427516
92566,26281.356283540405
92567,10140.337634248343
92568,37956.70835279714
92569,21525.09602066305
92570,20719.303817503733
92571,11771.799768107912
92572,19778.548470684334
92573,28419.949366900684
92574,41391.352877834965
92575,15742.276861372358
92576,25486.25536591571
92577,14787.540438825301
92578,17142.568203336075
92579,26511.671988884813
92580,9086.387872658379
92581,19670.749031785806
92582,30604.697826174364
92583,37659.54432228806
92584,7025.334562078609
92585,15867.570663917275
92586,13561.281863547189
92587,79404.75498378731
92588,14370.80011575178
92589,29195.47773425288
92590,25224.311482872465
92591,35189.89270800495
92592,21996.98707780644
92593,15957.701475798245
92594,11486.465717448333
92595,20164.72637024793
92596,17204.44361619233
92597,29194.91172511331
92598,20697.599057433916
92599,14530.281786959382
92600,24567.38711199888
92601,23335.776039517987
92602,55448.50783585243
92603,29735.332909968532
92604,31824.13008905039
92605,41090.373336828605
92606,21306.180556589672
92607,18760.656897130164
92608,19459.921102033222
92609,22224.698582244208
92610,23245.01546724591
92611,30218.352939703167
92612,28557.325290885314
92613,24357.999022272736
92614,25878.13158264076
92615,25094.984268774893
92616,28790.210020218627
92617,20275.379321184882
92618,22121.688818519284
92619,22453.53628113607
92620,23355.286924735592
92621,26433.12182096119
92622,20672.88242954447
92623,22112.234493005828
92624,19227.0255768668
92625,91901.88974264846
92626,49531.99800252251
92627,23283.409653849772
92628,26169.558712915285
92629,49189.777686398374
92630,21967.780090439377
92631,27087.326705317515
92632,34852.90396073789
92633,33772.50075805908
92634,25674.27017404699
92635,28905.188112683263
92636,19585.842702338414
92637,8624.08700669431
92638,22504.822476641475
92639,22111.009101361193
92640,28047.251932965162
92641,48038.868893179184
92642,17105.010614630814
92643,37149.21028219927
92644,31399.381205899634
92645,22446.36415708737
92646,24980.59876203796
92647,21655.347114907938
92648,22878.647681191185
92649,31879.186638229174
92650,26488.251000407803
92651,48487.96055583614
92652,28157.259131313684
92653,17859.192822938257
92654,8907.40100669504
92655,20804.176455255314
92656,15688.382767976023
92657,16276.585260658763
92658,22097.814598698973
92659,18234.24101118493
92660,29510.11383657307
92661,35804.884528206836
92662,18297.99220881277
92663,13756.2393258762
92664,10544.6751628482
92665,16316.86355457497
92666,27977.867201473076
92667,26436.23770208401
92668,26212.9721739757
92669,14132.092609649439
92670,20454.687367103623
92671,18926.396838848
92672,33530.86694029022
92673,19793.35472714716
92674,10294.155932765758
92675,5002.596531664412
92676,21405.824693223676
92677,16804.343964848485
92678,16763.694614695614
92679,12204.38874506284
92680,20531.15779524382
92681,13915.500746848285
92682,58031.2518521499
92683,25127.961473228428
92684,26134.310961461546
92685,19002.295440846032
92686,25106.64427892245
92687,33927.97440618827
92688,26607.1103367262
92689,28736.002508058118
92690,28269.054756812093
92691,26391.640227651882
92692,25280.707173414834
92693,26418.639726082183
92694,14132.330118453136
92695,14761.800327784344
92696,21911.872133037967
92697,25010.374556267183
92698,30148.474706002733
92699,19844.466356785222
92700,36575.130617952025
92701,21440.20597190618
92702,28171.026399703096
92703,18119.12506403558
92704,19892.577273922594
92705,24672.20721695179
92706,24952.28909661694
92707,24854.991395608864
92708,2767.173284696924
92709,20796.233713363777
92710,13278.958012290379
92711,18014.13378606165
92712,34981.4266267098
92713,47815.93502393513
92714,20383.600963422094
92715,26880.8847019515
92716,14402.548115445996
92717,44972.09122492383
92718,15948.620167506653
92719,24559.768150880005
92720,18463.78002853092
92721,18984.735794946508
92722,45166.62161060443
92723,25043.377712450616
92724,40799.40605051035
92725,9728.626589014413
92726,22314.482863113975
92727,14768.138722571959
92728,25632.147181248005
92729,19376.661890527328
92730,50395.37774832035
92731,21660.280089286385
92732,30966.69781152142
92733,20756.876078517063
92734,40978.53143260679
92735,17334.985535015156
92736,34420.25099859606
92737,15045.076127408534
92738,25880.620936795855
92739,40018.18137215305
92740,19551.219611337903
92741,10733.671133071466
92742,30707.933638955026
92743,17713.52009481963
92744,15490.469924657467
92745,31824.13008905039
92746,31069.96470199924
92747,26376.908551143475
92748,56597.06995432112
92749,43655.65473682849
92750,24061.552818492884
92751,17732.334939431305
92752,24336.084572546086
92753,41902.15400320576
92754,15550.098354610021
92755,20040.439888036482
92756,25063.525150372272
92757,28980.576697975175
92758,17658.702060074553
92759,14953.307851120908
92760,14361.443966570801
92761,19793.83621901008
92762,23150.755981349994
92763,16271.372452837246
92764,18450.562608962493
92765,22994.49982566415
92766,12290.581150857117
92767,23629.483707074047
92768,23988.61719510932
92769,12898.547314432673
92770,24625.787742451124
92771,18620.100357248943
92772,18290.093951727977
92773,116982.96493926659
92774,39258.38552345668
92775,21839.586247274932
92776,26084.684965398385
92777,38448.85572874655
92778,18222.60529478989
92779,24969.38011829579
92780,20723.145813109124
92781,25707.29046369272
92782,19824.555941750612
92783,28980.576697975175
92784,16549.841956733355
92785,7457.669994224211
92786,11773.692444285874
92787,25011.884202537498
92788,32634.037375435575
92789,56127.89251841418
92790,42224.17536344554
92791,29099.647556668016
92792,30057.318596576482
92793,17600.882078634746
92794,20248.41917326267
92795,29811.53692071986
92796,12748.569437108212
92797,44084.06316036875
92798,16105.307023631756
92799,23613.53644128423
92800,12983.223320740348
92801,22525.983883609562
92802,25462.25239582882
92803,16416.450256038388
92804,16550.16606032564
92805,18311.393261501136
92806,19939.838990912598
92807,25035.515776739194
92808,26690.21742255366
92809,17698.577975263495
92810,57751.44283723528
92811,23408.78491221918
92812,29764.939281726456
92813,30642.236426865893
92814,46743.86951920734
92815,27261.320101715577
92816,15783.123510298994
92817,15768.147975232421
92818,27222.692616864773
92819,41295.73836624651
92820,14380.750100938052
92821,15585.013959909844
92822,15680.020578891508
92823,25147.22762003504
92824,16891.581446666325
92825,27176.75254867007
92826,30727.61923095659
92827,27434.88765976854
92828,17035.74464262792
92829,19058.73573121972
92830,25223.543578278706
92831,13101.626911036159
92832,19836.627536862816
92833,15869.047476770334
92834,15692.363748554733
92835,29326.47861365305
92836,14751.197888405552
92837,16503.98389105661
92838,30554.6751570033
92839,16655.834359479384
92840,10044.04077955252
92841,28374.25308930072
92842,48823.70234456223
92843,14184.709975656044
92844,22915.883542536612
92845,68116.01059115562
92846,21839.66974101015
92847,23042.459326495777
92848,25835.681310988453
92849,25835.681310988453
92850,22511.63869741129
92851,31897.081168236007
92852,27430.740955328412
92853,20163.71291938285
92854,18011.407162031297
92855,20561.42236553124
92856,15202.23107246836
92857,19116.037384360014
92858,14169.009476730382
92859,11060.184200195205
92860,25014.473716706027
92861,28379.45016977346
92862,21346.845449260876
92863,17754.932124622963
92864,11698.218737651561
92865,18160.786184622117
92866,12990.851045333759
92867,45652.112481984965
92868,31399.089240417663
92869,30336.21699742356
92870,32855.655240333566
92871,22702.898966738838
92872,24351.493469710622
92873,22608.95363230292
92874,23142.93148068166
92875,22337.20118927514
92876,17878.478373506252
92877,14962.409591463089
92878,27582.206323785904
92879,22788.90824622217
92880,25332.207811001153
92881,19797.090857760555
92882,17254.191336405387
92883,22150.956248122246
92884,19726.135797353898
92885,16127.31240807809
92886,22051.664099124657
92887,20739.168610221623
92888,59604.638311378425
92889,16818.117652727233
92890,18710.51961698742
92891,11798.250006775734
92892,30850.678268906115
92893,17032.26064281253
92894,37082.72780842335
92895,17009.569094311388
92896,31574.847935289446
92897,14740.595403455716
92898,33699.57268926902
92899,27754.729267511717
92900,24066.48146556877
92901,20655.07313415495
92902,22667.96244952674
92903,7204.812818253406
92904,24437.656499267046
92905,37124.23280318359
92906,29696.0707116083
92907,18816.7847178594
92908,27007.19949327833
92909,25651.714779538193
92910,29478.192591192175
92911,20329.425899905353
92912,18696.13368243305
92913,35078.93660926756
92914,21639.50903122912
92915,18334.60053109516
92916,29482.175925208852
92917,27103.249159918218
92918,19567.75679738742
92919,23125.595803815766
92920,22314.149974404103
92921,10814.856453288428
92922,18748.907657797805
92923,20095.196081863083
92924,26973.701679450143
92925,18776.441439661583
92926,34054.88450940389
92927,20024.82372554854
92928,24517.134687842437
92929,21190.162241763126
92930,19549.363780571395
92931,52492.5373487873
92932,28986.37810666014
92933,22253.580160355883
92934,25914.39586909533
92935,20400.11824943258
92936,20649.42190090019
92937,14495.502591907209
92938,30145.689775363793
92939,16287.230019159759
92940,14013.032839895679
92941,28646.43660584066
92942,18614.201927617705
92943,30175.446298592684
92944,21306.557881742447
92945,22074.51732081451
92946,41836.05581070625
92947,2432.3759299313515
92948,29355.987130209916
92949,17300.969621670032
92950,72545.986858684
92951,10107.452209039835
92952,24234.74192632169
92953,18426.533085302282
92954,19010.608024223224
92955,27278.864650225056
92956,20095.196081863083
92957,20813.754296792173
92958,95118.8175627075
92959,16161.348946217411
92960,34545.37671218969
92961,15660.606128141446
92962,20984.690281768704
92963,24663.872832923593
92964,25515.788833233757
92965,22263.293806483067
92966,27704.0446080627
92967,20387.730003303284
92968,14623.706032381959
92969,22062.0898187755
92970,26786.036189893184
92971,16584.386158468536
92972,22204.256375825964
92973,22267.967059503822
92974,18548.192579292936
92975,26067.360832425413
92976,22348.044918378688
92977,24893.166298198965
92978,25224.311482872465
92979,25011.86518335077
92980,28687.124665173764
92981,34776.26649472377
92982,43099.56859160703
92983,32444.238565724234
92984,25490.627926946858
92985,12270.3568011576
92986,25459.025318704193
92987,17908.03208092143
92988,24132.63987445872
92989,20464.987702644084
92990,16946.593207283575
92991,22904.14192485491
92992,14058.078611281304
92993,22761.83736115227
92994,20403.44314455896
92995,17523.164687848865
92996,17911.858017576717
92997,11414.20791142099
92998,11602.209497895981
92999,17532.001808889505
93000,22685.71342248691
93001,31802.539159200835
93002,28385.380112039857
93003,19442.00729527146
93004,14866.542947186435
93005,12532.97987977925
93006,31012.56604970613
93007,25561.247416139184
93008,13861.146763216846
93009,23832.43382915324
93010,26081.15669140425
93011,17041.62394836006
93012,16494.91965682374
93013,20437.891688803993
93014,16350.511200695586
93015,19077.214859237265
93016,19458.52925553744
93017,18389.534889310256
93018,16717.87771911775
93019,26482.860433034606
93020,11219.642158012824
93021,21661.36092977151
93022,22718.489578731096
93023,15947.680687323884
93024,25930.14584075676
93025,46336.819096966436
93026,18761.825235157507
93027,15499.234271416633
93028,25325.89570698755
93029,20047.41677875615
93030,31901.76678119117
93031,23345.82284053863
93032,18577.083307653338
93033,19059.414568236192
93034,23870.13491861881
93035,22407.02836401642
93036,18533.124001218042
93037,22957.525540451297
93038,21713.6092583796
93039,29026.974444475705
93040,16857.826981071397
93041,25477.457476639516
93042,35676.368934202634
93043,26059.11652768269
93044,12090.372887834494
93045,21345.917071014017
93046,17940.265355275384
93047,15235.521720157383
93048,18571.099211310284
93049,24415.766196931036
93050,16320.596841235809
93051,17276.5104974296
93052,24635.9736727631
93053,27854.59734496947
93054,18676.139345085037
93055,18486.06350604519
93056,25365.329301663904
93057,30438.159260161017
93058,27897.775073735447
93059,40917.517398048134
93060,44821.98360812935
93061,20131.318630267946
93062,47471.30285310903
93063,16473.241133058567
93064,14457.357231726919
93065,40878.28189357587
93066,29886.748234714618
93067,10926.474457680131
93068,35714.56289738763
93069,21980.316352417536
93070,42188.05885350596
93071,15568.397221091618
93072,60624.09355700847
93073,22450.47691811867
93074,35335.492245130794
93075,25647.549788474105
93076,18425.933240309325
93077,20236.994283019627
93078,14715.582586664075
93079,71331.60306752456
93080,19774.76410001491
93081,33143.465971081714
93082,21041.06593244963
93083,17253.089130590986
93084,27144.177739894047
93085,16487.43832931991
93086,12612.095818635647
93087,19055.392112680325
93088,28326.295586848617
93089,35305.15653006183
93090,17537.387702055334
93091,20068.694681052988
93092,18696.97733383399
93093,16357.209411172184
93094,23986.482968902204
93095,19881.50056411269
93096,18699.99704831817
93097,13850.25380609986
93098,27666.72821706863
93099,26252.676115132497
93100,30879.939598446283
93101,26767.184632842134
93102,17474.111825538585
93103,15614.471739560951
93104,24346.8819100363
93105,23350.217681331607
93106,23610.5567491669
93107,18658.908026098477
93108,20900.76705455939
93109,31632.735399747657
93110,17939.75815644224
93111,18199.029449439415
93112,14132.485844795554
93113,25440.149317654505
93114,31283.184049354182
93115,42125.399522823274
93116,18880.991557246623
93117,22730.57106530851
93118,21371.087811594865
93119,16015.045209596383
93120,12662.923270931513
93121,17655.096900359265
93122,15560.111738952337
93123,62826.144116763935
93124,17435.21249258533
93125,29398.61726069348
93126,30964.881849240457
93127,19704.26909037048
93128,26076.040079189563
93129,18375.422614272455
93130,18233.292355608228
93131,16694.75463305582
93132,27309.755606462993
93133,14852.380956508683
93134,25179.356331967727
93135,29047.084585134933
93136,28039.304320618314
93137,17768.87653675886
93138,12891.82749782499
93139,43335.46843575013
93140,24650.817827610073
93141,31587.84626683676
93142,27579.59112068157
93143,57210.12346940574
93144,4733.685115156334
93145,14812.823325071382
93146,18595.936052587043
93147,27301.887198197754
93148,25964.292734106344
93149,29938.46947588968
93150,24813.167507397196
93151,48818.81878906485
93152,12407.721564925167
93153,21480.637620644848
93154,28461.829750776516
93155,18306.835364164985
93156,26797.89989210659
93157,26193.85403175532
93158,17861.775920468994
93159,54578.27187413199
93160,19507.53387006283
93161,26224.61753033786
93162,27400.736847303087
93163,33777.74445880796
93164,16170.352548827686
93165,15632.30093056068
93166,17572.853385412553
93167,25835.681310988453
93168,17903.725127520607
93169,11435.80273213172
93170,17878.522512894448
93171,31302.01553178869
93172,25831.241876888027
93173,34310.55242424052
93174,28494.924186275322
93175,16692.14777939846
93176,31818.78957334279
93177,35816.33107062517
93178,20123.947903393615
93179,26935.177868328927
93180,29869.495624851617
93181,21195.486979391204
93182,31253.434450311965
93183,17115.35517594769
93184,11606.044218955545
93185,20141.45380662174
93186,13881.246540135147
93187,26437.519567117302
93188,24174.260472707956
93189,19541.58033664649
93190,37460.49698675683
93191,15869.998500368036
93192,30923.449835087897
93193,25776.44941937375
93194,20742.064694258297
93195,34090.09952486093
93196,59185.07904016071
93197,17560.445229296096
93198,34416.5828073898
93199,23283.042017479893
93200,21993.555238835368
93201,35367.42965810599
93202,24213.29528231521
93203,32783.102501165085
93204,34242.03448313328
93205,11879.271943910082
93206,29522.268152175897
93207,26622.61731494556
93208,23748.241066170056
93209,22571.791294518935
93210,31184.50796996304
93211,24829.976328679164
93212,15208.496835562917
93213,15132.243011543575
93214,20881.694906121927
93215,18913.6861534219
93216,13223.242044291543
93217,18537.127897034155
93218,15572.728456108829
93219,17239.94169495885
93220,24507.02726973591
93221,14278.046094554198
93222,18007.58917137449
93223,17259.44219780842
93224,25659.739785600705
93225,21945.805388037003
93226,19132.21387388397
93227,48158.57010662849
93228,26286.457896731612
93229,22599.508822716944
93230,20268.255152540107
93231,29522.010542891105
93232,21981.703918659317
93233,31908.54792903917
93234,14904.84071297195
93235,26219.23926617023
93236,22054.21858512882
93237,33636.61414095595
93238,31998.2440264556
93239,12535.754361539499
93240,26040.06824482571
93241,16877.394797684618
93242,28092.805143593807
93243,23348.458415993948
93244,44576.86788738919
93245,20141.017054373086
93246,55010.904271152096
93247,17166.675014287786
93248,22790.499921977884
93249,29885.124478819325
93250,42642.78497056496
93251,14114.096668721999
93252,18783.11016628402
93253,32530.57993519318
93254,30962.446680797424
93255,26211.23072389408
93256,25906.6226613935
93257,19917.033021330375
93258,28436.774325811843
93259,115366.31712492133
93260,46274.87251649136
93261,13504.0865979538
93262,22132.877329582287
93263,33033.644113234834
93264,40421.65804611538
93265,19305.811761046614
93266,29264.207936316154
93267,17599.047917737356
93268,44068.51656137064
93269,47657.57827085188
93270,30684.284111467794
93271,19625.003174936297
93272,16571.402970451498
93273,19653.1948522209
93274,10050.468722371854
93275,30746.99138018708
93276,19273.608877892682
93277,18469.26524223845
93278,58483.43234030741
93279,32804.350225892165
93280,15618.268557319065
93281,19514.532421370994
93282,12208.29431200365
93283,22324.13616649515
93284,19372.8390160962
93285,22564.555436362396
93286,24854.8156288569
93287,25171.888542597186
93288,18093.03136440231
93289,19087.001915061388
93290,15753.805563341602
93291,27306.420968060997
93292,19793.35472714716
93293,45330.81522331707
93294,18760.500902363325
93295,22262.949210327686
93296,18508.203533856667
93297,47325.20926736365
93298,25835.681310988453
93299,19773.960539433418
93300,15221.802131018123
93301,17878.46701687768
93302,28655.609458009476
93303,17163.224494660422
93304,26446.017505487052
93305,20663.216781637915
93306,16329.054329275674
93307,19925.60022930713
93308,32362.87424521339
93309,31047.442395295606
93310,20478.82381356869
93311,15468.037012006016
93312,20201.3118065909
93313,12067.777696107914
93314,20697.901788161947
93315,25509.549180428923
93316,23246.862810227594
93317,25718.24360748095
93318,10805.285793199502
93319,25895.758948821494
93320,22961.36965797217
93321,55738.948226879824
93322,24810.613365221747
93323,28747.39230967338
93324,33478.174369888424
93325,21537.513468233436
93326,16239.33770441037
93327,32276.319364462917
93328,24411.431932936597
93329,14537.848591278722
93330,18175.589722435172
93331,21551.714025162462
93332,21657.527123555163
93333,11595.726078976764
93334,29387.082161796294
93335,16531.59606211968
93336,20997.59663878454
93337,20484.929453681783
93338,36549.21198339242
93339,22916.56765122449
93340,28975.21689803072
93341,15438.660178412583
93342,18639.411234572417
93343,29144.626140265464
93344,11425.07562134179
93345,8972.062990890561
93346,15922.81352263049
93347,19187.57330501986
93348,14655.395211586934
93349,32092.047012462386
93350,17515.457675970603
93351,18864.67118524408
93352,24794.959326903274
93353,20224.576393901705
93354,13272.803782368288
93355,24263.62449920506
93356,24765.03168024615
93357,10454.226144192424
93358,25638.32601180109
93359,15524.587681778406
93360,27124.455986021316
93361,16180.943277223543
93362,14922.720644062936
93363,28773.63605383292
93364,34324.9858331555
93365,25447.01530692443
93366,33796.3584119941
93367,25782.85772229482
93368,24776.243400704945
93369,25835.681310988453
93370,22010.54594022946
93371,16236.128660402777
93372,41470.899342418306
93373,40442.64907237982
93374,22716.58826954796
93375,20504.952723504925
93376,12296.496815812803
93377,25953.464101343983
93378,13869.97510786294
93379,20126.534649198464
93380,24618.143516138567
93381,32741.89809134663
93382,47833.37554209831
93383,21942.221147898024
93384,25054.270366564284
93385,29648.847512332133
93386,23965.795141657713
93387,25172.75281070509
93388,16181.966678005983
93389,16118.53341897889
93390,16319.14820744156
93391,25036.868862873715
93392,33268.97302554509
93393,17273.871385992064
93394,16387.538588846397
93395,15939.441721726325
93396,22323.359614791534
93397,33080.875391270114
93398,19516.239738467717
93399,16207.547104625784
93400,21372.804843094797
93401,20339.470132021517
93402,14840.559831492928
93403,31989.93585347904
93404,32444.238565724234
93405,14555.337511552147
93406,19694.77613101232
93407,23472.22802913834
93408,45063.063747235
93409,32547.488095943594
93410,13562.478938131977
93411,29636.79418446984
93412,17165.788878902466
93413,15596.392051964383
93414,11999.767490277309
93415,15187.275287164563
93416,18910.983534473493
93417,15371.485321694172
93418,20708.578965082525
93419,28655.293832744377
93420,27870.39977692588
93421,11861.195064791591
93422,20085.507615077247
93423,22944.262928418037
93424,7667.845447891351
93425,23992.55412678819
93426,31756.74667072907
93427,17977.881011598718
93428,29815.01098422094
93429,29586.883435999785
93430,21043.75895869409
93431,24672.27594400669
93432,28957.843093313324
93433,16513.435165459698
93434,46516.27716659127
93435,13543.077171875731
93436,27791.247683297715
93437,40704.71656174236
93438,32188.893918132653
93439,14027.66006390534
93440,31133.457314806827
93441,20800.04886958903
93442,10835.038274778195
93443,27530.880127250046
93444,13744.481072750472
93445,29250.17438966576
93446,12128.898281421143
93447,28880.2909747681
93448,28072.15621702072
93449,21543.808707807202
93450,17011.23135616057
93451,21008.15762401301
93452,9113.308516815083
93453,29838.268553864295
93454,17903.332938517706
93455,75170.15443697697
93456,23998.067013438387
93457,12339.536547503141
93458,38128.26263705899
93459,29284.105883501223
93460,36874.671865965196
93461,21831.790214349425
93462,27938.902391551746
93463,18218.925118030274
93464,19843.130854038554
93465,17380.537325980567
93466,17588.915322319048
93467,32535.865786391565
93468,34301.445577835504
93469,12962.536539531411
93470,21632.95407393415
93471,39603.93392380258
93472,18187.02412017887
93473,15298.04774310876
93474,14566.02325056416
93475,15422.925012756026
93476,34982.70164395792
93477,20141.743164647087
93478,14529.660936523307
93479,16990.942942941783
93480,18554.00066987624
93481,22088.860163159712
93482,58584.61873170603
93483,33058.51556496393
93484,30860.850330546087
93485,19045.92761004985
93486,18614.742557575708
93487,18676.139345085037
93488,32416.79235201534
93489,16533.333531954304
93490,14874.50922051497
93491,16835.320660486057
93492,6507.6972143557905
93493,23023.383116399422
93494,27561.304247025862
93495,18820.94271968733
93496,27261.320101715577
93497,23565.193997380076
93498,26691.04516183605
93499,20328.799186295408
93500,16672.256437996388
93501,24819.12530048844
93502,16619.61094416408
93503,21158.774137303928
93504,16017.142753861863
93505,14458.23923575316
93506,27186.271291597284
93507,35006.23576741865
93508,23374.054042517077
93509,22808.65773688417
93510,21244.599354514372
93511,21155.094423872964
93512,15493.252383512649
93513,73225.96220804591
93514,30394.65844143502
93515,24481.57821150787
93516,20046.938645928218
93517,24428.178341735984
93518,15590.919391131427
93519,39090.58790741667
93520,21665.674424975037
93521,29051.195037699497
93522,36478.78142801108
93523,16311.70638962552
93524,31558.100576614834
93525,22511.530079398814
93526,20908.618883391446
93527,14346.205138828303
93528,31926.492003980562
93529,31754.71841429664
93530,41202.78818226306
93531,20897.506952012165
93532,19551.589372502494
93533,21092.030865179957
93534,45850.21965834744
93535,23859.580205653576
93536,18134.42078087172
93537,50349.93029343181
93538,29897.421980952233
93539,16731.76373382722
93540,20434.57561127286
93541,26527.27298958217
93542,19265.152060135708
93543,15958.19970059388
93544,17053.445122015884
93545,27005.914442267793
93546,27499.286340608232
93547,21103.853203817354
93548,32082.748304876506
93549,16510.628181579537
93550,30141.810165517265
93551,74623.60667277417
93552,45867.56333557007
93553,20322.14741238312
93554,15624.67318578593
93555,22403.051050529786
93556,13513.750740787524
93557,23904.875219071808
93558,33620.338515896234
93559,23430.615502032408
93560,19152.793733121343
93561,41132.92721454613
93562,32873.437067718885
93563,31557.25369181854
93564,18330.449675534266
93565,29097.41594472668
93566,28046.89896982247
93567,16979.39568121311
93568,39106.46343725045
93569,17880.097621377638
93570,14321.54517205891
93571,21316.74236546688
93572,11221.679266190473
93573,27036.985739182925
93574,39517.994139521856
93575,18079.526591307964
93576,13198.63372184834
93577,26723.9754655835
93578,20804.44967981203
93579,10700.671190720415
93580,25835.681310988453
93581,24815.693199661153
93582,41666.31413794704
93583,34624.10321643019
93584,15125.072672752274
93585,39160.33976287827
93586,21766.541335827136
93587,29305.738627270755
93588,13748.058764693249
93589,29590.243230278906
93590,15802.803302587601
93591,29406.081662601682
93592,27520.06150131728
93593,6552.409881947676
93594,26237.02604773099
93595,25717.0859761623
93596,18743.674962088946
93597,16216.682713058191
93598,23748.809462683075
93599,17285.960767508343
93600,26665.06926073817
93601,31585.58944293665
93602,26387.95796306399
93603,21765.068833440175
93604,18675.244757573902
93605,31857.87694123906
93606,24053.419840794166
93607,19643.55383936694
93608,16710.922810352575
93609,27738.926538518186
93610,26999.760710636452
93611,31378.510289982652
93612,19411.05609234032
93613,14313.51012446045
93614,21069.057334359186
93615,42048.83352823894
93616,24541.414023116242
93617,25835.681310988453
93618,21904.69496414743
93619,17089.349166475557
93620,20188.946126707484
93621,14297.554659208177
93622,14954.924633607987
93623,26762.312608688793
93624,25767.3192553997
93625,39770.71800742942
93626,36917.23256764673
93627,9965.892574667274
93628,19922.07864895049
93629,19361.50626191259
93630,21703.097642057903
93631,17200.691913498682
93632,14135.287857367171
93633,15623.079928245736
93634,34929.06691424247
93635,47920.01197593804
93636,61547.91879221724
93637,19706.17057359241
93638,23621.780352320246
93639,12292.997976261826
93640,30613.85864896843
93641,20757.127477089776
93642,27254.98946726184
93643,29684.81125933604
93644,9239.204823765906
93645,19440.497752348198
93646,26442.001450297466
93647,29398.61726069348
93648,16662.59040275504
93649,20164.34933418355
93650,20350.037326948033
93651,31748.59550181947
93652,23595.20954868886
93653,17734.89876141303
93654,18717.26452353312
93655,31092.305429553384
93656,106486.82052642416
93657,17998.105900653656
93658,31950.61177178671
93659,19815.289500481776
93660,49104.333062399026
93661,26480.80286302226
93662,28065.700820494218
93663,16974.615534709526
93664,26073.73123785338
93665,28183.73698311479
93666,25194.655005011326
93667,18477.46943039296
93668,20046.52801377696
93669,30231.314789994787
93670,22122.610450450175
93671,17495.828441068934
93672,19641.14229196998
93673,19204.5664510131
93674,24522.35342697185
93675,31641.285149329433
93676,14925.024491708966
93677,20108.800017681282
93678,36372.598188108
93679,16532.23108540262
93680,32444.238565724234
93681,14546.328077312854
93682,29029.887953881112
93683,32197.813435224994
93684,18647.787655105858
93685,11186.273357593811
93686,18421.586737176527
93687,21550.021765856294
93688,36729.025435591844
93689,14391.3136720384
93690,18376.085318903817
93691,22511.770483571145
93692,29646.057393548956
93693,17162.68908362093
93694,33020.40868460402
93695,11379.779578440084
93696,23901.55589453115
93697,17756.217983688526
93698,47042.93146079082
93699,21023.49820268599
93700,30125.145291942565
93701,39777.173504089085
93702,29398.61726069348
93703,17698.9532002068
93704,15696.94025622902
93705,22317.76752575388
93706,18279.638529911485
93707,37432.5766146926
93708,13574.895994081711
93709,13850.07652895007
93710,65999.87808858862
93711,19523.222823139113
93712,24154.79422586867
93713,28132.49966917817
93714,25313.035763344098
93715,30254.602330326707
93716,56633.137587343146
93717,18796.39547813515
93718,15645.466708923206
93719,38084.62111406586
93720,21987.80324931376
93721,57810.86737657483
93722,34517.04619354693
93723,50112.72447953233
93724,29699.319056503435
93725,18937.82951838621
93726,13987.519888892644
93727,16215.350530330847
93728,19507.7397883387
93729,21499.52221354388
93730,18963.38913209683
93731,21284.998051387494
93732,26917.128800542137
93733,23125.076546823268
93734,12093.43028673314
93735,13315.068194059322
93736,19359.955534630186
93737,23828.373900865794
93738,29947.036141903645
93739,6491.669150677404
93740,41327.343877185805
93741,12219.149835904165
93742,17840.213957090935
93743,16406.82271468623
93744,19549.784764883017
93745,20067.0453245626
93746,15739.223512051807
93747,18595.89256672264
93748,28978.04970083034
93749,15774.15151175816
93750,28799.930595530546
93751,28766.68684735808
93752,14003.47744704507
93753,27575.253819382327
93754,31779.37886168602
93755,27549.905461664617
93756,33732.82455020211
93757,17383.955889376564
93758,22562.777809690273
93759,25626.567450995302
93760,20165.497545650866
93761,23672.8950819499
93762,26243.854406704486
93763,28377.236579855715
93764,19716.093872174828
93765,18292.44717702848
93766,22082.30899086859
93767,14655.250278537378
93768,30682.062301030408
93769,21075.03578694533
93770,12547.171553391487
93771,17331.037428065578
93772,25312.843158289335
93773,29590.49671249517
93774,27375.78042979895
93775,19121.146203386994
93776,27839.819101246554
93777,16014.502073817537
93778,34176.93238773874
93779,22747.346257334197
93780,22878.49788657781
93781,24837.30397066026
93782,42666.017577778926
93783,27509.678088856486
93784,17608.93983535091
93785,11518.664099474954
93786,29992.879615807116
93787,15609.923447167866
93788,33290.6081027044
93789,17371.004190463722
93790,31016.114909338656
93791,25597.499551821107
93792,13182.458760649792
93793,25717.118615387626
93794,13826.807860509032
93795,18428.15592605655
93796,19720.870722773718
93797,19196.57687461163
93798,24472.34363467307
93799,18539.559966577373
93800,18548.234675216958
93801,24495.698755621663
93802,22335.92583371754
93803,10151.989482389514
93804,20314.46169280308
93805,18494.505982088962
93806,23289.09197232059
93807,32567.71941996189
93808,31917.09335582828
93809,29735.170398723778
93810,24506.735015436843
93811,10392.27663109859
93812,35643.35827941624
93813,31876.716666464687
93814,25104.0209987759
93815,7338.020010830348
93816,25856.46672766305
93817,3820.5226707302995
93818,27479.327472616977
93819,13621.948092090615
93820,23770.897026468738
93821,33943.75516789808
93822,17125.82545477104
93823,33487.57439502725
93824,29319.09591003052
93825,19158.30346675765
93826,25346.381161050722
93827,19217.913839863304
93828,32088.97252437472
93829,60765.249930915146
93830,24773.639558594077
93831,28840.503995395375
93832,25447.011924286842
93833,20708.427888896942
93834,14035.766861461698
93835,17292.03237771047
93836,39780.67563648889
93837,25417.957651478064
93838,17866.75061507004
93839,22271.513975541126
93840,36644.753292748705
93841,42591.888994871566
93842,49527.33906560941
93843,17281.28785367142
93844,55808.74997020702
93845,17677.362418639157
93846,9582.80935022439
93847,24933.401301657308
93848,23036.112245717613
93849,27740.677891324645
93850,30379.572686860665
93851,16977.485182033484
93852,26003.27704203205
93853,14465.202379343184
93854,19990.301518643144
93855,21935.072995674334
93856,14182.616679926705
93857,33772.50075805908
93858,16734.405503886344
93859,21826.074817443146
93860,18383.958038393495
93861,16512.60200203317
93862,18622.141141693442
93863,21191.592194507608
93864,9111.182865703999
93865,15874.73189373921
93866,12734.070475592815
93867,40791.63105919056
93868,20538.775998182635
93869,17780.305280654487
93870,42514.98118819376
93871,23749.058909631145
93872,11142.770684129957
93873,20141.765029736707
93874,16231.601020927217
93875,17023.325340643114
93876,32708.196697485393
93877,15174.713934886153
93878,25657.463927815614
93879,9910.897645212477
93880,3968.3820728398514
93881,40290.85994861896
93882,24553.075846092448
93883,16453.261723822474
93884,14756.484067943615
93885,24472.34363467307
93886,27885.289627654925
93887,26023.217961804658
93888,30015.91196920871
93889,20495.190508393367
93890,13067.71415434615
93891,10836.672595104026
93892,16486.5566097997
93893,12845.265605390654
93894,28154.258068795927
93895,36775.87378648147
93896,23425.21818867533
93897,11573.234886589558
93898,16685.641876649675
93899,13061.256904600268
93900,28604.017874329726
93901,43321.92702381134
93902,18257.955399800612
93903,39098.778101797354
93904,11005.977974059488
93905,25048.21309436614
93906,19822.526932084
93907,10622.603418300117
93908,25690.399169570228
93909,32547.488095943594
93910,19996.30691337485
93911,20837.797462662435
93912,9256.355325262646
93913,18679.117665431073
93914,23170.47521627089
93915,21852.167573281433
93916,15415.882978737889
93917,29227.21955450888
93918,30751.739159491204
93919,25494.968859863224
93920,26321.466086904125
93921,21668.60671585613
93922,14390.611914392231
93923,26122.052478099416
93924,18871.815070200704
93925,17203.015986321203
93926,29177.780325165793
93927,50426.02541840367
93928,25400.7266548233
93929,28681.01130281711
93930,40917.517398048134
93931,18096.839130408403
93932,18271.214699702516
93933,25002.69732181461
93934,15785.983911977792
93935,21872.60850575843
93936,15237.605005949576
93937,14119.419723008701
93938,28627.624324622142
93939,20026.30882075601
93940,25320.50135653598
93941,23545.84281638767
93942,27191.584979209463
93943,21969.842797754627
93944,17104.6000691192
93945,30144.6490291097
93946,20962.050434664336
93947,26511.86758654974
93948,35968.06970042444
93949,31362.09777593013
93950,27922.46454721901
93951,22764.775841242168
93952,16241.14884214975
93953,96616.11248696376
93954,17885.257267111963
93955,19268.40486576339
93956,16723.510662060176
93957,37232.62539242647
93958,19165.719898174557
93959,23585.025125204294
93960,30724.680779277256
93961,49421.962591131596
93962,29386.53167195612
93963,56529.80362803657
93964,21139.87776269024
93965,18280.85658430612
93966,13027.804686831121
93967,28384.25839085099
93968,23056.15334761007
93969,42826.69557973852
93970,6332.546475372314
93971,19202.356049234175
93972,14315.478861472662
93973,31172.828166403742
93974,22998.25296453949
93975,14431.935426832686
93976,19834.767629681446
93977,19345.978150008203
93978,37556.788054435056
93979,12239.176053144824
93980,15027.393562145131
93981,14730.23380448426
93982,14530.572038734974
93983,31168.77996651818
93984,21612.191809054944
93985,24743.12572729289
93986,17810.458300633014
93987,17750.397825942768
93988,15350.795920257415
93989,64403.822055494835
93990,27106.398518543945
93991,39685.85446754155
93992,15332.01374359846
93993,32796.99532985212
93994,29191.57822541994
93995,22308.406816570525
93996,22558.341584863323
93997,20038.350834262714
93998,18431.706925178118
93999,19513.925880092127
94000,30539.78650509474
94001,13172.713398647782
94002,31815.91509151257
94003,22513.73605194143
94004,25958.629787919086
94005,26777.251437930932
94006,23768.490595968477
94007,28987.177125786704
94008,18988.922637871645
94009,32436.614856408105
94010,26395.818171136427
94011,22224.698582244208
94012,29143.63099173376
94013,27461.73087607215
94014,27789.35735158509
94015,25985.504949442835
94016,45979.13366671427
94017,16778.482210689628
94018,18437.905828887717
94019,54214.91248404637
94020,22898.587214068863
94021,22284.5890777374
94022,11864.344302122772
94023,15788.679466850994
94024,57532.90482274756
94025,11845.781078027168
94026,94265.97656471931
94027,21746.42527651713
94028,17999.522356038782
94029,29858.649431699614
94030,30245.874456865615
94031,25116.363398065736
94032,13146.982424509277
94033,39851.53848162838
94034,25564.914535172396
94035,22210.523250725237
94036,23467.22852435475
94037,31636.610916327467
94038,30207.68449234223
94039,17254.57445214644
94040,29668.30479369819
94041,31748.858338504535
94042,40834.87283686276
94043,15892.475391505099
94044,16083.271639025998
94045,34971.06394908879
94046,16371.191714906936
94047,19253.343669502516
94048,19040.005399339363
94049,19567.88015892352
94050,40835.17756401833
94051,12897.592030549813
94052,14709.394883619048
94053,28009.327554560343
94054,25195.345364454046
94055,30013.297552618835
94056,19122.744915129373
94057,18918.034397646512
94058,45042.16933608619
94059,30031.0420348568
94060,29392.663931535626
94061,26477.006297055606
94062,31326.03144562902
94063,16038.92718652912
94064,23472.117514219302
94065,19471.97294454755
94066,12006.291654971532
94067,26658.33186406592
94068,19986.340603331937
94069,16379.782411651488
94070,26003.27704203205
94071,24365.982201317598
94072,16653.797308679026
94073,20284.378922926157
94074,27208.866446536904
94075,42913.166564373736
94076,19497.640307255788
94077,24887.439413923425
94078,19912.215310322328
94079,15394.858324478635
94080,13774.81957574774
94081,3969.997025343509
94082,32062.161886539925
94083,29275.260508331907
94084,18570.85614300509
94085,18358.20264119124
94086,30129.81698085577
94087,11418.178095341475
94088,21040.107101926096
94089,26781.96906676999
94090,17792.66868617513
94091,19526.185559354737
94092,28692.227955126767
94093,25588.451212110118
94094,16467.455862746054
94095,18606.897354011737
94096,22408.88192535485
94097,20252.82040467602
94098,15571.570115681925
94099,49569.75126460537
94100,17629.143270372664
94101,20100.880632821336
94102,24818.185745221523
94103,18402.91976878714
94104,34817.21643343624
94105,21437.26485468985
94106,29463.328248677994
94107,44121.41380001586
94108,18896.806016807594
94109,29749.58308111877
94110,48955.23746385842
94111,16734.188399976625
94112,18701.648240902403
94113,18398.879200384446
94114,3788.088585386163
94115,27716.557632732394
94116,25434.06648702052
94117,21353.84057699981
94118,21449.438318839064
94119,20696.145946141933
94120,10364.025798163677
94121,13740.076045082847
94122,22645.630309281372
94123,31147.173989569772
94124,11157.694350097883
94125,24904.98654767921
94126,23621.95354841532
94127,17911.62219452831
94128,20141.92802994016
94129,18317.09053676775
94130,26586.608018020852
94131,30924.288273101134
94132,22155.116697913825
94133,20025.309453847516
94134,12886.825531708775
94135,28583.18850025325
94136,27789.53047345762
94137,18943.791767738992
94138,22943.668866542226
94139,39258.38552345668
94140,19116.037384360014
94141,25017.96607426848
94142,18341.685194062396
94143,19816.800999081846
94144,19557.10894892761
94145,24168.99663528905
94146,16535.38969190855
94147,19877.462693736874
94148,26454.414274125495
94149,19897.686497862836
94150,29217.080044577677
94151,11343.464950818592
94152,6070.414496674204
94153,16368.80580283208
94154,16241.995859899134
94155,31460.85801521025
94156,22388.277478636588
94157,25034.4749009614
94158,15976.136009190355
94159,27277.72702449365
94160,23192.373945486986
94161,23901.382793921897
94162,24621.96441477279
94163,11135.047947255087
94164,43698.23039536645
94165,75177.54843715292
94166,34123.98445785949
94167,23799.332712421532
94168,35856.04438465454
94169,21371.762808488842
94170,34479.80512713241
94171,16759.36847725029
94172,36225.725800243534
94173,30734.779143981264
94174,15667.455072789495
94175,17609.10613163631
94176,14655.869138560802
94177,16249.869375157965
94178,15514.901494178102
94179,20026.737016793926
94180,31564.47578058022
94181,25799.311908324078
94182,18847.07423636769
94183,21363.286119659162
94184,44719.60841505023
94185,17804.919314824132
94186,30488.92214913805
94187,25784.497658646644
94188,21898.38487387384
94189,23370.3002018143
94190,17252.663125253268
94191,28647.364891052322
94192,36647.7259675317
94193,29476.76850601793
94194,38890.88396495718
94195,20208.125902953878
94196,21165.532319309426
94197,25906.744640218396
94198,44453.07651381098
94199,32702.45105765399
94200,24532.78528882788
94201,20303.151651285945
94202,13572.127574097709
94203,12442.915984407518
94204,10165.037244215982
94205,23315.15509917576
94206,21700.375670070513
94207,24867.174872886146
94208,21381.318611628176
94209,30186.510523119578
94210,47851.57713675015
94211,10238.28551216029
94212,15762.75463780618
94213,10219.95878945918
94214,24760.526530383704
94215,33665.521009713455
94216,9683.101743593668
94217,13041.31031404662
94218,37784.0983430744
94219,37538.82809503003
94220,39867.40285366585
94221,33059.76520128546
94222,22473.88523239741
94223,15661.047380002377
94224,28630.524231121213
94225,9043.868088577363
94226,25809.30875714989
94227,22050.789121962105
94228,20341.121692267167
94229,26460.713780866576
94230,31817.872610184862
94231,19690.312929493655
94232,27854.68308758803
94233,47419.08126507086
94234,47771.985068488924
94235,35262.78738980158
94236,28268.687535839497
94237,22426.66691083936
94238,19678.42119548157
94239,25711.051459698174
94240,14139.337611315153
94241,25181.048726497436
94242,23662.460875007986
94243,27314.72973018232
94244,20076.18159105383
94245,23330.34512318214
94246,16256.637071989553
94247,19680.915701025326
94248,46751.451391746705
94249,17262.112146369553
94250,18021.95009522511
94251,18092.772463796082
94252,22242.5264096874
94253,24673.64644459627
94254,25012.705352196346
94255,11647.566597460838
94256,26967.3638947404
94257,17494.65025559079
94258,36898.528210791985
94259,24272.310413652245
94260,23534.829547750265
94261,32000.418992284936
94262,22707.491737242097
94263,14159.952078916953
94264,18816.7847178594
94265,25614.918568401823
94266,26146.843214054286
94267,32225.13365523663
94268,30543.11251004658
94269,13945.092404341403
94270,47289.49141173316
94271,12716.476353292393
94272,72955.03358646757
94273,44691.00454717029
94274,26294.900877909964
94275,43216.543635140486
94276,18653.907694585065
94277,13085.307613870184
94278,18383.767526987947
94279,19252.316553686396
94280,12287.340405610486
94281,28441.52148878194
94282,33605.89880633202
94283,12706.644119860914
94284,14588.598411115123
94285,19724.066132104963
94286,9548.45630829857
94287,21488.40012303157
94288,21676.962063269795
94289,25061.76735892616
94290,23091.00815594601
94291,28933.563168793014
94292,24942.611379059428
94293,4887.964754016649
94294,28674.00576044534
94295,31998.2440264556
94296,18313.608919448714
94297,16277.723298102408
94298,19012.830151753664
94299,23540.906822186353
94300,19051.842610487525
94301,25955.691037019187
94302,22909.68599712806
94303,14079.749857832165
94304,16694.462326329027
94305,42133.38369478611
94306,16040.362490630447
94307,19939.095968552647
94308,23966.393321980377
94309,19385.814774169547
94310,19290.06637324242
94311,21371.189925858784
94312,15558.228106773377
94313,28304.314175151725
94314,20072.247111195687
94315,33158.3477913699
94316,37935.57319061901
94317,13649.055996125482
94318,17029.836591063024
94319,35845.30365740908
94320,18120.28528352178
94321,18549.055294115587
94322,24097.076995609925
94323,46436.46234655736
94324,29751.403825534522
94325,59569.76850131567
94326,10903.755451250197
94327,15655.021758294157
94328,17752.48825987508
94329,21252.13975871979
94330,23177.733997061656
94331,15334.358713371894
94332,28657.17140454748
94333,14655.250278537378
94334,11910.741188646925
94335,14540.810987879504
94336,12070.230056931518
94337,17594.483165162437
94338,25251.826831755512
94339,25224.311482872465
94340,17702.87035264317
94341,36751.98041841234
94342,15432.05338117706
94343,22122.575907136354
94344,15395.537315965259
94345,13464.913217075453
94346,12434.546430969263
94347,42903.92237330582
94348,23178.53663819112
94349,17012.83224548837
94350,20208.067938763714
94351,32057.110977125547
94352,19996.77691689683
94353,26033.802026188125
94354,30311.6984766686
94355,24987.360202992506
94356,2879.5334902703166
94357,19476.279326080396
94358,16309.2388659605
94359,11983.11938541985
94360,20683.726623573617
94361,40296.12093437266
94362,17459.29019073747
94363,7490.557460989546
94364,16120.646729642207
94365,19104.42474021722
94366,22897.57168416894
94367,24519.924704379013
94368,30554.54172694711
94369,17052.250295136295
94370,18957.805763082273
94371,28630.705546702924
94372,25659.70921784405
94373,19095.3291047987
94374,23663.73530208662
94375,18575.415956370616
94376,11927.464131138402
94377,29278.72673732313
94378,20512.184240416173
94379,26370.978654486345
94380,28530.025521391206
94381,45035.35597421867
94382,19842.375806513573
94383,28833.15215958075
94384,41693.55227362916
94385,19051.672515055812
94386,32578.44398589657
94387,15338.876760775733
94388,40190.34220349591
94389,13842.300826178442
94390,30592.9642180735
94391,37004.37873473286
94392,20703.26709187805
94393,41520.83145554658
94394,15945.140003015142
94395,19991.8202726801
94396,26868.191451755087
94397,20400.85602175532
94398,16334.026521231626
94399,14571.007217122758
94400,17008.906464048847
94401,28248.85082995712
94402,20499.417918138643
94403,20727.449102956398
94404,15536.298989206169
94405,31215.358951852857
94406,60642.821634882035
94407,18610.179954323554
94408,22264.308397943343
94409,21241.945350745762
94410,20431.55203655254
94411,20469.642482653937
94412,30587.100930329874
94413,18363.974706042838
94414,27584.177938662666
94415,14100.30611827424
94416,37784.0983430744
94417,56878.1200224781
94418,21028.26009346631
94419,23175.982016609214
94420,10370.792818204507
94421,21749.9140183044
94422,20789.959041770908
94423,28966.82223637623
94424,20283.052541458193
94425,24291.84725398183
94426,16096.143814875079
94427,24307.255041922766
94428,10189.094252717898
94429,22656.647455526858
94430,16072.90905425696
94431,43439.985085776025
94432,19905.65364514281
94433,25190.66264682629
94434,29330.90213355328
94435,20025.224682001855
94436,18637.54210033686
94437,15144.38259406568
94438,44795.51516146308
94439,24904.35098164776
94440,22984.66750581273
94441,16242.928183615279
94442,15855.651109214949
94443,20086.931368245518
94444,24980.17222353024
94445,30538.88751351146
94446,17745.320614109252
94447,18035.370930441488
94448,27285.015212743176
94449,34248.22186441245
94450,22679.303135812785
94451,19391.316500696164
94452,16400.680271016503
94453,20147.97222203611
94454,32722.92743557111
94455,25940.87562726634
94456,18735.37199501051
94457,13353.484973324918
94458,48132.25830641771
94459,15888.941374531774
94460,18848.67128618893
94461,21754.82714228471
94462,21929.94917096069
94463,16757.901824025885
94464,18732.062553412583
94465,16949.23163968676
94466,27611.237757544426
94467,7806.006131233801
94468,32487.44255010359
94469,28795.187919726457
94470,37206.42727193136
94471,19934.032812570513
94472,21154.48710900638
94473,21113.88923824573
94474,20284.526226855043
94475,18312.4947253979
94476,21855.60038727062
94477,38835.417566467506
94478,25462.55915009693
94479,24469.6159629281
94480,26912.26311829678
94481,13398.855325150578
94482,17967.90724726971
94483,19578.836566065755
94484,14740.927640719712
94485,41036.037642594136
94486,25999.325439274227
94487,22780.925712963155
94488,25140.805093503684
94489,31815.91509151257
94490,32444.238565724234
94491,15947.714597676839
94492,15672.081410390781
94493,37935.57319061901
94494,20495.302965335493
94495,19160.96846950979
94496,22282.05313057706
94497,32435.580462773818
94498,10973.454769830341
94499,29707.764128477324
94500,20887.043578825796
94501,25758.8313165125
94502,41873.890222293194
94503,49050.00518671991
94504,4522.1807303402
94505,32005.28242833139
94506,16832.36681102025
94507,16008.000670203037
94508,13945.709069548715
94509,19555.478119147032
94510,42557.982906038356
94511,29418.617574799555
94512,19857.39550926888
94513,28367.3332849212
94514,41372.93614615523
94515,15739.103562515842
94516,19376.230131718046
94517,19489.54344981752
94518,18469.26524223845
94519,31107.709294037973
94520,16611.820324607415
94521,55210.77710441973
94522,23226.384276706187
94523,26357.482926158766
94524,15557.48189533823
94525,25767.837735682122
94526,22701.47523467708
94527,22282.399457927073
94528,19424.501024901256
94529,25736.82282574168
94530,32444.238565724234
94531,19443.86977777412
94532,25138.561103797158
94533,13581.95378369157
94534,12871.879821419103
94535,14474.049289574063
94536,15053.760079203965
94537,20184.065189444074
94538,8435.47847264668
94539,23368.446935981796
94540,27919.763359777276
94541,49897.9620296777
94542,20968.212725529283
94543,24867.174872886146
94544,31900.382757532065
94545,30335.76003007641
94546,18120.33210168703
94547,12990.197633926928
94548,17221.430877148803
94549,17718.246318403875
94550,21392.779937099556
94551,42838.894757279406
94552,24571.321461284413
94553,9598.354542632402
94554,16305.047686584167
94555,32557.7175897787
94556,45027.00628797478
94557,19090.113794395827
94558,19870.99630388973
94559,55825.97032072818
94560,44281.98230207382
94561,15074.739628758221
94562,21466.164911084918
94563,20447.32973451709
94564,30810.31487932286
94565,15718.656349828338
94566,41436.407326997636
94567,16762.610322762244
94568,18545.68466176124
94569,29185.233989493474
94570,15899.45282938045
94571,30705.64612187158
94572,30746.69220059506
94573,18785.555158292747
94574,15548.640703448496
94575,31937.510775499264
94576,4504.429703979867
94577,31003.482078916728
94578,22746.259304882038
94579,26869.413998228203
94580,10189.93312058418
94581,113057.6981311237
94582,35075.40309962558
94583,18548.24401951971
94584,16228.278406229285
94585,16136.557889514539
94586,27764.76928423908
94587,16725.844696996875
94588,29507.586675888862
94589,35641.431692550825
94590,24254.87615408083
94591,28047.736744772854
94592,33141.25959706576
94593,19073.545583239316
94594,20562.17767565934
94595,20398.776655399306
94596,14531.492467491387
94597,22017.91054891909
94598,36242.00127275749
94599,25083.694605583405
94600,24259.510341172656
94601,23155.373958014752
94602,16862.478075730938
94603,21935.901855763947
94604,33312.010548662656
94605,23370.3002018143
94606,22847.393335135894
94607,24538.891261951256
94608,23093.806062657084
94609,15734.648502071384
94610,18875.47562074415
94611,19453.955130004368
94612,11376.12395917165
94613,20410.08740133328
94614,16404.024620695833
94615,29385.21105608834
94616,16352.563940577824
94617,20101.448050074338
94618,22149.815676093585
94619,44012.419223207085
94620,39043.6649020568
94621,41241.3315845757
94622,35279.85231222789
94623,24184.069923023817
94624,10393.393718932122
94625,22454.93516360572
94626,37125.99011816953
94627,2822.5550172974413
94628,21369.47129019388
94629,25183.598819378858
94630,8008.050368202105
94631,22119.598115887584
94632,13622.664931228255
94633,21161.52083679638
94634,16070.507205023163
94635,26335.696840397377
94636,10634.928234278812
94637,27361.574620472813
94638,14727.95622465303
94639,31748.48706381973
94640,15131.39533596061
94641,18614.49678727677
94642,16762.93280088493
94643,30578.95041023545
94644,18760.70323765068
94645,14875.508314981837
94646,29446.27937527496
94647,11521.999158265093
94648,37509.37557990286
94649,11401.37229796924
94650,16974.066207960128
94651,27070.21322762076
94652,29180.162028971863
94653,22224.698582244208
94654,16232.143893391432
94655,29283.809573600785
94656,29001.42487157003
94657,14459.48771970209
94658,26145.66156131306
94659,11567.675740249404
94660,23150.12213901118
94661,19643.398895382037
94662,23606.906051371727
94663,30825.172648930486
94664,24183.213975758117
94665,30171.611401464335
94666,28460.50452071284
94667,31177.53596393173
94668,22321.700819123205
94669,26148.929235699794
94670,12505.713808219845
94671,24507.479179341146
94672,20409.64715233525
94673,45566.454741282105
94674,21942.81066553253
94675,9779.497167193229
94676,26268.957171725713
94677,20552.113116184286
94678,15721.82596792603
94679,16106.37945959392
94680,23973.535752588934
94681,32958.68510752119
94682,41054.42260481267
94683,18208.758968117138
94684,34900.01435280202
94685,24511.26266544079
94686,23633.476419925726
94687,18304.38000928729
94688,21740.15892797204
94689,48774.75992836422
94690,24777.077517621048
94691,15702.5665015304
94692,21670.32969044139
94693,29307.820231649923
94694,24560.129836614677
94695,40546.65840373599
94696,25035.08214811737
94697,24878.619525029553
94698,17230.874778772577
94699,39709.0897342074
94700,19699.597787785664
94701,20824.805669252582
94702,16855.7542795229
94703,26734.793723907835
94704,31343.619092179302
94705,48561.32415070738
94706,22880.386656090413
94707,26495.14609738231
94708,21980.721972004852
94709,21868.648582035476
94710,43646.967550330635
94711,20762.6607716885
94712,26224.61753033786
94713,11967.17349615028
94714,21624.395820555386
94715,19637.631920250515
94716,18952.24514873732
94717,22857.20990515576
94718,44714.45508807551
94719,26405.19707645964
94720,39107.67276282136
94721,28461.90588366755
94722,32855.655240333566
94723,19610.27982733329
94724,50811.964937710116
94725,19132.01251207791
94726,17766.43160983932
94727,3829.229757019811
94728,22648.644366787725
94729,16313.873858574172
94730,18140.71618904451
94731,16587.447528500987
94732,44229.8073011393
94733,19886.133039471257
94734,18571.099211310284
94735,33832.374125394635
94736,42267.22746643911
94737,19990.072394093142
94738,25916.75895888799
94739,11758.114108292264
94740,34061.03506728935
94741,28074.782615796466
94742,31150.10508650593
94743,19548.90670973749
94744,19905.71256330704
94745,35270.291058582916
94746,11398.794395108916
94747,23788.44901480867
94748,20321.606942208848
94749,46378.704215365695
94750,19773.194423887737
94751,14696.592623421979
94752,14120.433743134861
94753,30003.512335745392
94754,22685.73706939769
94755,27738.926538518186
94756,24184.069923023817
94757,22488.197546041134
94758,19187.62230698833
94759,21829.57923878778
94760,20754.31575382944
94761,20240.429784607266
94762,16406.413264111015
94763,26012.537223828094
94764,27710.518300319538
94765,31702.871514453363
94766,25236.20734214815
94767,22968.463045621203
94768,43198.078142899736
94769,47506.910014523964
94770,31370.665518189435
94771,15933.832382297809
94772,23227.21384911053
94773,23058.462728992257
94774,14091.390833656085
94775,29278.65891316632
94776,26980.12992393421
94777,11908.642001899267
94778,24364.51301758874
94779,20272.959245932423
94780,11455.900416618182
94781,20273.288140793593
94782,10241.141729193652
94783,27006.423786088708
94784,16576.32613080107
94785,14472.200320467664
94786,28989.793172004353
94787,39905.351973861725
94788,21650.22466634171
94789,22657.462400944332
94790,36874.671865965196
94791,17228.563081272405
94792,19583.013418665563
94793,21755.42922927121
94794,30618.28403031992
94795,18996.425128563813
94796,16806.227391519365
94797,25641.4938867151
94798,86019.17299581741
94799,26548.522336139602
94800,12561.886008987936
94801,18144.599767151798
94802,29687.499784492353
94803,51547.8443156419
94804,32375.067904033047
94805,26559.69601254097
94806,28070.463051481813
94807,19340.407269884567
94808,18477.844660034225
94809,28214.43862827362
94810,17305.85299882007
94811,19020.260995162997
94812,29755.902624268885
94813,21193.072974274077
94814,27132.58409440988
94815,14211.01764930459
94816,40156.428391184054
94817,23216.714311504646
94818,14466.925581024272
94819,29311.237386626006
94820,22909.68599712806
94821,49897.9620296777
94822,15618.098356995417
94823,34371.293197931496
94824,24509.015129519954
94825,36075.51540285262
94826,33190.91900632899
94827,24164.27972946691
94828,26277.495560127492
94829,24680.229201371054
94830,17893.354459240032
94831,24326.939286466113
94832,4458.372435950672
94833,16195.338980884093
94834,15173.995103479663
94835,23577.311846626577
94836,18267.569300025803
94837,30551.92536848376
94838,13360.219297046877
94839,14234.571015993413
94840,9582.457844362241
94841,25069.8203751741
94842,20389.613617933584
94843,22509.473036438554
94844,27366.739920145978
94845,16183.341026342901
94846,18567.16833452046
94847,12716.087949706942
94848,22356.794939931184
94849,30675.190947857136
94850,14042.663626984862
94851,23741.805071795046
94852,11773.692444285874
94853,19035.033351100552
94854,30881.884029362212
94855,32663.224593174473
94856,24475.86911671709
94857,18991.92174512547
94858,26841.436713608167
94859,29014.569384965784
94860,44245.04880871219
94861,16155.588667856087
94862,21934.817786947075
94863,18689.83511306833
94864,32188.893918132653
94865,15119.972175474273
94866,12406.253675911217
94867,18580.151174310056
94868,15291.07369091897
94869,33905.75887195672
94870,25094.136967366212
94871,18753.93568631067
94872,17702.715165160957
94873,28754.275276587785
94874,18336.056493888966
94875,32444.238565724234
94876,32855.655240333566
94877,17805.119966210943
94878,43375.716682643724
94879,16433.874071336253
94880,24294.759412549996
94881,10746.211473080906
94882,32204.583623458973
94883,17754.859503346805
94884,27917.04162616597
94885,27961.92680413137
94886,25548.77337329544
94887,22845.758678440474
94888,14789.025278259182
94889,21198.981418606905
94890,21426.795584718984
94891,12198.003373688245
94892,28955.102907203272
94893,21839.66974101015
94894,31204.116005992946
94895,13970.702150213196
94896,28065.309102720897
94897,44762.133168794986
94898,20119.70557897756
94899,30297.08649791434
94900,25757.20921343028
94901,18963.258955329482
94902,17346.354687375624
94903,24269.144199237395
94904,12434.946759192384
94905,19925.935746626088
94906,30173.034579330004
94907,23536.646173058703
94908,26208.614728585562
94909,22081.319125807484
94910,28503.451077030226
94911,17261.940371990066
94912,25703.610733922516
94913,19640.242093221023
94914,18284.478739131908
94915,29116.184383660984
94916,24402.388621880487
94917,19280.420765250896
94918,31924.557663716736
94919,25017.96607426848
94920,13918.327442823545
94921,29783.097700429003
94922,36510.30779720986
94923,20486.382906700437
94924,14593.81152377008
94925,18802.781902812705
94926,13872.715144907732
94927,24207.26289439455
94928,21965.0189100705
94929,28943.57631696598
94930,58293.44253735086
94931,14391.309482281758
94932,16621.99608754831
94933,23590.79645963882
94934,18216.96199747636
94935,20255.327690052174
94936,18933.312893688355
94937,16922.300264410515
94938,24177.147616939405
94939,16378.970060637545
94940,23039.193868190647
94941,11066.12247720301
94942,24939.17765820185
94943,22582.719110795966
94944,31017.930030737167
94945,54182.330746649044
94946,25839.545207226056
94947,19544.187880875514
94948,25786.105397951033
94949,22422.812884944342
94950,56644.201042711735
94951,15103.990873645804
94952,51636.18409891499
94953,20193.15162125186
94954,21416.001117039068
94955,24810.613365221747
94956,21335.33623946045
94957,20153.016604729542
94958,21831.2338382629
94959,18199.893201516716
94960,9178.785907341462
94961,30455.23946136903
94962,25052.18878646803
94963,15579.52700441502
94964,17870.571590195534
94965,17355.370866164325
94966,20016.164413140752
94967,15859.254716429674
94968,20946.655479707915
94969,47541.50477419165
94970,29491.60390450126
94971,18187.821011620876
94972,27692.45476230837
94973,16848.39250106099
94974,15778.975535604815
94975,10432.125189739649
94976,16135.860347398933
94977,23592.410715108665
94978,21648.860060107458
94979,20624.18199056975
94980,11538.43946258137
94981,21989.890382571084
94982,25835.681310988453
94983,104604.4611737148
94984,19074.697128124684
94985,12199.128610214055
94986,21754.908971320478
94987,24786.518381619608
94988,24474.354307125144
94989,11293.529318558874
94990,31365.67944499535
94991,19051.497633168536
94992,25369.473578461897
94993,22849.841594943835
94994,11978.27888452899
94995,31985.59470636358
94996,16372.202284388952
94997,26221.754060518902
94998,13320.292317062163
94999,11676.617163712199
95000,23490.310671437757
95001,16348.212397398924
95002,15173.085200695905
95003,15414.510743751649
95004,20464.541276399257
95005,16413.677382840426
95006,50380.65969629164
95007,21494.914949713435
95008,26565.768978421962
95009,39932.35512768751
95010,20613.75035078201
95011,25191.11269111645
95012,49287.916699580775
95013,26732.2785377362
95014,14278.345678748585
95015,59129.10738539452
95016,30184.9789839104
95017,24366.94070008075
95018,21816.63113239379
95019,11858.7140009096
95020,12015.256866177142
95021,24110.03866965117
95022,13858.100002726645
95023,9141.878947974266
95024,22907.389654633593
95025,31047.489716145905
95026,20724.4573944408
95027,24688.987348207585
95028,29986.53248563587
95029,5905.766501412374
95030,27119.14640970993
95031,29003.79449459431
95032,20982.704980055485
95033,26899.47849433843
95034,17518.39148811137
95035,34836.23128015406
95036,15280.698669785752
95037,32178.113210205902
95038,14912.362156014653
95039,23588.38208070794
95040,15170.717690746555
95041,32487.75846069798
95042,17734.7260462075
95043,24224.424444329787
95044,44647.71581594822
95045,22590.69688964554
95046,36741.70453811345
95047,48505.11072918407
95048,25300.133827216443
95049,21440.377089309914
95050,26184.3952930466
95051,15606.120790527313
95052,19122.176473903444
95053,45599.540069122966
95054,16564.70454545634
95055,18014.119936712028
95056,28736.002508058118
95057,19278.71986217374
95058,19939.392221392347
95059,32581.916549682246
95060,29484.069524869043
95061,21736.88738139472
95062,27561.179172877448
95063,24923.022768458963
95064,8133.6257010709305
95065,36008.42653332433
95066,22932.26211754778
95067,17335.97905357973
95068,32910.90042342767
95069,22584.04204864298
95070,19193.342261313068
95071,20775.55864747914
95072,19265.152060135708
95073,23655.444792546376
95074,26696.770025523794
95075,12966.06523946235
95076,25304.24040142296
95077,27623.24785034935
95078,20828.021843010672
95079,43497.85019540653
95080,26499.67040337265
95081,10492.615531356221
95082,16321.815999943743
95083,56921.36950289042
95084,11234.215615501125
95085,25094.984268774893
95086,19105.642749434108
95087,28390.74183467993
95088,20370.381312355912
95089,50013.91484272274
95090,21517.920593737465
95091,20245.454424691474
95092,42115.76723164918
95093,25770.242296401244
95094,87045.81441691158
95095,18397.462801894315
95096,16882.31035519485
95097,26197.443015840174
95098,26881.019394546285
95099,28403.896206260015
95100,17685.951744530874
95101,23731.148603676775
95102,33735.005625243735
95103,20026.737016793926
95104,20595.6372837942
95105,17379.21063646212
95106,17190.30816120977
95107,15835.020182572214
95108,25655.03124300537
95109,21761.97184632688
95110,24147.63559188109
95111,19490.44629174744
95112,27426.0857483182
95113,22518.037926623285
95114,24360.360986352698
95115,23280.52415906639
95116,26662.181460261814
95117,34524.81114744501
95118,15972.04097242349
95119,25336.611716456875
95120,27799.353310953007
95121,21447.095310434222
95122,13109.27335707421
95123,12708.421268327598
95124,10405.430777409276
95125,25774.590044790544
95126,40806.014804493585
95127,33695.36167076714
95128,25981.172230858687
95129,27268.321686674695
95130,11745.139381985955
95131,18603.17026790536
95132,25487.617084327307
95133,12969.226330258009
95134,60370.05088223368
95135,10176.109109130051
95136,16920.408294837525
95137,43665.62260682125
95138,18571.424542723802
95139,18373.586951697325
95140,19155.397484625675
95141,26213.899675017405
95142,30791.453181497094
95143,18392.5631919371
95144,13202.03866061187
95145,18402.160642764127
95146,19869.92102534143
95147,28014.756356945312
95148,26779.52266005102
95149,27598.565716093206
95150,30448.408357461292
95151,37954.726317546236
95152,41332.82002142994
95153,19045.924811809506
95154,25541.165113155
95155,15097.377101276403
95156,16025.06265258284
95157,27231.456856805406
95158,20912.229119202635
95159,29956.846324054983
95160,34377.817664223985
95161,44671.94676326277
95162,16603.587792035898
95163,18169.491620826437
95164,17125.356382533053
95165,14667.201339173635
95166,25061.340625191544
95167,32660.09921244573
95168,41508.569287917075
95169,16378.240726923537
95170,19365.710447734662
95171,20279.849353282098
95172,18656.62941094011
95173,23433.861281561876
95174,4596.126572520593
95175,24921.902056656007
95176,15434.574640348817
95177,38303.95352116483
95178,18716.830784270387
95179,33748.94708343419
95180,47496.16552495197
95181,13385.651371772938
95182,23611.354350936166
95183,18792.857666772652
95184,36874.671865965196
95185,22692.239073524197
95186,18495.615823335662
95187,10260.967182949327
95188,12249.865105800889
95189,27139.494512128378
95190,26730.90187186147
95191,20924.03985945416
95192,13156.384864138143
95193,18028.694298881877
95194,25676.37532918647
95195,20090.520310093423
95196,18397.462801894315
95197,31955.284014120818
95198,18758.459008744376
95199,21766.541335827136
95200,27683.946138015974
95201,12602.146661009341
95202,25831.379482696477
95203,15768.72946446781
95204,17969.536699318483
95205,9141.014682721341
95206,14232.72794885224
95207,10995.872213155746
95208,10243.071223350047
95209,19585.894321421478
95210,20853.77255174652
95211,31272.92422655208
95212,22926.349191330493
95213,14511.08943608271
95214,22778.521665389362
95215,21559.819954179464
95216,40917.517398048134
95217,20147.242931253342
95218,24102.26089399667
95219,16002.967344660563
95220,16060.385334665007
95221,13303.037859716518
95222,20151.15619413067
95223,49618.50891861077
95224,32263.365470453165
95225,16894.661909000133
95226,26656.047714130065
95227,28662.04120081101
95228,3105.567312628436
95229,19322.33656762841
95230,31193.45827284252
95231,31951.869634029114
95232,15880.86471878949
95233,17803.769633772165
95234,22435.837790262452
95235,17748.30988031038
95236,27976.10093578264
95237,14767.55863712324
95238,25831.241876888027
95239,41913.03983924883
95240,19537.407786830536
95241,20031.438909833203
95242,13913.688300608575
95243,51342.38964777919
95244,34685.9797447069
95245,44903.41704560091
95246,28491.960551414097
95247,14034.168579198235
95248,30721.929907601065
95249,20973.03469917096
95250,14811.599809867006
95251,30485.94070393009
95252,22228.46857917098
95253,30846.218083884134
95254,20293.569827040756
95255,36575.130617952025
95256,26028.897711223453
95257,14726.733864873424
95258,25802.529293091968
95259,28804.103412318753
95260,17409.166585149258
95261,28551.28415689277
95262,19081.228058937784
95263,23064.23807328646
95264,28422.767997421848
95265,17468.161504335836
95266,17297.378603762427
95267,31641.285149329433
95268,28412.414915396323
95269,11891.08766796888
95270,14441.844467432134
95271,25998.718875422663
95272,28233.704629249227
95273,20995.76559250932
95274,22926.224373696237
95275,17806.438506179977
95276,38837.808271785725
95277,51339.92581867494
95278,30655.673941166035
95279,48083.26570048565
95280,10685.333648098678
95281,16020.43799013738
95282,15786.56604488292
95283,20462.7208918605
95284,17303.018147252194
95285,24447.902988000835
95286,24885.879751829263
95287,16768.88056647065
95288,12415.483600316227
95289,15751.384407699985
95290,20553.630308112093
95291,29500.167919341922
95292,30649.428995793678
95293,31301.868056482435
95294,31914.681103207764
95295,14804.382767326191
95296,49630.204759810935
95297,21212.536617090384
95298,17262.169253946107
95299,18729.570674994102
95300,13174.225605766582
95301,18368.36103629433
95302,15251.60638906637
95303,13544.040019709239
95304,8315.587244902417
95305,19706.361197624024
95306,30446.879263484323
95307,23762.418216192742
95308,21151.256867723772
95309,19020.23891266507
95310,19804.67398266846
95311,19767.53038315349
95312,20816.062428767003
95313,38218.63846056184
95314,21576.80089112984
95315,22287.160123884943
95316,10680.110491197116
95317,25212.761247605333
95318,12418.690689242576
95319,48030.051217167296
95320,27576.21777674249
95321,21978.957163275645
95322,23942.01128413429
95323,29253.846839178994
95324,36874.671865965196
95325,20266.491253495493
95326,18117.31910004576
95327,27385.026678100527
95328,13147.372622541094
95329,26815.525586068772
95330,33985.33390922962
95331,17344.45797522355
95332,20239.142291008684
95333,25297.91564786823
95334,18937.599634681756
95335,22622.452967509867
95336,26481.28491827239
95337,25017.96607426848
95338,12316.95511876124
95339,40813.05102732406
95340,21584.707136507626
95341,27910.409148196635
95342,17870.906083640963
95343,57612.460983801
95344,22906.126390927264
95345,14301.097316176712
95346,16580.92541871648
95347,21040.910243223832
95348,13499.965175457928
95349,18508.78043708488
95350,20406.0813998125
95351,25070.886196124095
95352,17206.82694827507
95353,24884.011357503718
95354,59069.84693230028
95355,11046.46688811986
95356,53139.924410438696
95357,14686.414870580098
95358,21406.125374594038
95359,16247.751995775665
95360,31628.807152276262
95361,15065.44022264228
95362,20662.290575051327
95363,15735.625615329089
95364,12734.070475592815
95365,15375.402173614366
95366,13418.867982113212
95367,29007.972293226492
95368,20527.429364511736
95369,17743.26419066882
95370,14626.60853842165
95371,16352.564675789079
95372,14264.723062849498
95373,14846.071472311924
95374,21572.085618287238
95375,20791.256466832445
95376,19433.21389221407
95377,21728.999167005055
95378,30318.214808510136
95379,26101.916147736036
95380,20152.2958653304
95381,39550.86006526257
95382,18433.215963467694
95383,17702.672320728103
95384,1875.7720290081213
95385,13948.97969755802
95386,28310.545346672916
95387,17775.83976869519
95388,27820.842262084003
95389,21558.00511766476
95390,26212.412475838366
95391,20246.24315963084
95392,18383.943388138934
95393,19472.473723778294
95394,20024.82372554854
95395,18665.110581909474
95396,17964.477356505537
95397,26277.324777713187
95398,28885.87893151572
95399,91522.28503670057
95400,44515.840339811344
95401,13287.273851546575
95402,15280.507214942254
95403,25325.89570698755
95404,21449.190570466642
95405,17637.185899002357
95406,18781.641221694736
95407,21241.120119076382
95408,19880.60072816538
95409,25932.383264980108
95410,13712.777682761478
95411,31278.519119093035
95412,11271.89651808852
95413,12489.962192291143
95414,30152.851450285714
95415,23405.47452166455
95416,25153.864874499457
95417,26736.49027864413
95418,24360.340269594424
95419,9840.313886317943
95420,17202.80739213953
95421,23527.072144560843
95422,12999.4908507342
95423,26943.472948164166
95424,33173.48138385337
95425,15515.087159243474
95426,53638.857924051576
95427,13140.955380691075
95428,29858.521397769473
95429,20942.454108981583
95430,14673.199232948387
95431,29333.942778100787
95432,26956.016293374716
95433,26917.128800542137
95434,19687.235902241675
95435,12476.208336242757
95436,26949.436746341533
95437,23103.538927750174
95438,18888.567212667112
95439,21768.228200745205
95440,25485.064051426092
95441,16442.804352856263
95442,24955.924698470244
95443,26322.201993811585
95444,23776.5343008504
95445,30206.523031715067
95446,28472.409210529328
95447,21982.324471395477
95448,26128.197645258228
95449,24115.85670526598
95450,15156.51940093358
95451,19761.0646809056
95452,13813.103793867484
95453,49880.844316280105
95454,17649.879463705674
95455,24803.530226869112
95456,25602.53136290111
95457,18602.927818651002
95458,13982.446766101835
95459,25077.40835897657
95460,18966.93070535257
95461,36996.82004205838
95462,15135.946602405771
95463,12012.15910595864
95464,11820.878951436287
95465,17917.847884948227
95466,22657.26846113706
95467,23075.192625632415
95468,36114.70896866534
95469,19682.659037480476
95470,31967.148396259672
95471,10251.825886123645
95472,34737.31954420689
95473,9520.128004495418
95474,23874.960252676497
95475,18038.102798363525
95476,28419.949366900684
95477,23472.19265903008
95478,28300.266320489318
95479,21587.07540632759
95480,49008.19627784241
95481,21561.465435381197
95482,49029.6328831268
95483,13800.001868451673
95484,46801.52642346119
95485,18169.992044887622
95486,18364.521341186202
95487,10700.671190720415
95488,33977.97657123118
95489,27883.018224563486
95490,28077.59525506188
95491,16239.976823731688
95492,26406.959537679253
95493,29818.571174762576
95494,29001.031176170156
95495,15708.234050778814
95496,29561.11219706432
95497,18576.995954465234
95498,16774.279753474842
95499,30484.895510264985
95500,18218.291592327325
95501,19589.53841086468
95502,41063.91240904365
95503,17856.877170073316
95504,3331.509409604475
95505,19405.567425774363
95506,13957.525303780616
95507,17223.50849245414
95508,41063.91240904365
95509,32726.712159298542
95510,13767.15048929348
95511,22994.685126135566
95512,36678.0374831893
95513,29529.908452793345
95514,14923.057613371857
95515,20550.557560996018
95516,14715.52010606749
95517,20570.592276922573
95518,20346.1289671438
95519,13326.799884767299
95520,18920.259209513468
95521,24942.542325516446
95522,13582.986500466024
95523,24298.80378583179
95524,19816.010008440546
95525,19209.111160108467
95526,24096.02587025124
95527,24176.883099193434
95528,18379.68495716394
95529,44678.507693841515
95530,49025.772461393615
95531,32204.583623458973
95532,14579.965860418846
95533,27573.255633133074
95534,17404.53902402136
95535,29658.02156173383
95536,46530.156563665005
95537,19002.873267306695
95538,47960.54969252621
95539,11850.561481709326
95540,14355.57762859724
95541,13692.892425570728
95542,16487.67671146119
95543,16477.005385889835
95544,31251.72207993971
95545,17053.501204133812
95546,40711.8174451066
95547,18976.135177523964
95548,12827.401400222736
95549,18488.90543417475
95550,38122.13001021321
95551,20114.781146936446
95552,15970.940528567397
95553,29951.855453787444
95554,15931.743145171296
95555,23972.948116812313
95556,26305.920387362705
95557,14527.963774583668
95558,18522.633116136753
95559,17443.221323220314
95560,14655.126379235686
95561,19299.97574190547
95562,29266.421149980146
95563,27685.903495968927
95564,23836.465956743912
95565,24309.402361030567
95566,20734.57988855865
95567,46999.2761597308
95568,32296.635847944308
95569,29346.400044035894
95570,29995.176925104908
95571,20726.23918462047
95572,18841.760041342513
95573,23264.828256878554
95574,31565.926366064396
95575,28918.403386005208
95576,25728.625408145388
95577,17046.983759758048
95578,7508.9725576189
95579,16073.930693198161
95580,40684.96641615234
95581,9704.312870901796
95582,22600.2740900225
95583,20723.596547448484
95584,25273.405628386696
95585,22091.327942649703
95586,12083.068891115481
95587,29749.58308111877
95588,18199.280805947943
95589,27579.57511334055
95590,23142.068027032343
95591,20519.496307249112
95592,31079.553039544797
95593,18735.80336189501
95594,30471.44791936638
95595,27195.141224894982
95596,18981.277181946527
95597,44490.579700834256
95598,14199.82868436547
95599,13730.394793894533
95600,19328.498802663886
95601,15367.63638841312
95602,29843.80357299673
95603,16174.606363635357
95604,29401.89605289431
95605,19395.640559539577
95606,14512.638999335968
95607,23647.46553052341
95608,28800.45751602026
95609,34887.882517504186
95610,25244.433766259688
95611,32017.360007440846
95612,25329.06058795663
95613,13976.481250000043
95614,13226.77299256177
95615,24777.350468199777
95616,28963.09572662817
95617,42070.78399083383
95618,18754.564907754477
95619,26949.58991105388
95620,33811.450820919206
95621,16756.309270464124
95622,33521.39952124635
95623,44268.34607005709
95624,16178.965518249577
95625,29090.544170869747
95626,17249.155349661596
95627,37228.403786933275
95628,23340.011548574275
95629,33199.197079087484
95630,23717.564043385744
95631,16763.34001259494
95632,24710.472385072557
95633,17234.96275240097
95634,32557.7175897787
95635,25665.256572020382
95636,31253.265487971308
95637,10659.255653605842
95638,13003.78675352356
95639,15105.944327032796
95640,16248.843028034555
95641,25154.795386319223
95642,31019.701806864214
95643,17987.689148191967
95644,36232.279373447076
95645,21418.006747690386
95646,19070.65173170147
95647,21298.26146727212
95648,34608.87660190771
95649,25871.57450293683
95650,22057.031995618076
95651,19207.853015012748
95652,29880.817678733212
95653,5691.772083542553
95654,28577.885150589696
95655,23053.009033991362
95656,16563.56462678688
95657,26819.921829526822
95658,38492.63869080319
95659,23613.541402584244
95660,35907.23302511097
95661,27268.321686674695
95662,44645.345246587865
95663,20832.346287392553
95664,17466.915990811387
95665,55998.97978830004
95666,31586.66831202953
95667,15557.316814978236
95668,21335.543634457943
95669,28273.017586700913
95670,30575.783988263094
95671,25392.190998080896
95672,28474.457516646802
95673,13645.052889037503
95674,16105.15994284314
95675,26140.647062332566
95676,14881.001545847254
95677,13433.641398271775
95678,18383.767526987947
95679,28841.06724322711
95680,18147.926694425598
95681,13751.018150767273
95682,18212.182726058632
95683,20755.186004669667
95684,20740.090870808235
95685,22099.009611313595
95686,13900.655397863384
95687,17434.045217296934
95688,20710.89108934848
95689,22821.230741991687
95690,32383.570953014423
95691,23361.60508135027
95692,28931.23901449301
95693,18424.236816331515
95694,24954.291168878426
95695,20095.603808346626
95696,29401.6696725018
95697,26346.162757683225
95698,16827.615916192113
95699,25543.59436000104
95700,22785.523044921898
95701,26551.898733358736
95702,33561.364018586915
95703,25651.714779538193
95704,16965.193621599537
95705,25822.719265435593
95706,32486.90467552845
95707,18350.073139850076
95708,18375.310726903685
95709,42097.398466775834
95710,30277.492172399005
95711,22972.26684222962
95712,44623.617431678234
95713,27742.574340575597
95714,9119.363760215112
95715,29580.107221592956
95716,15799.493080376677
95717,9241.138229615603
95718,18356.006124990734
95719,28085.489326679006
95720,36087.04609763675
95721,23037.386878124
95722,26233.631314184124
95723,11766.245608017407
95724,21470.493468247725
95725,26151.99722321038
95726,26310.165166906463
95727,44759.35661440139
95728,14394.219760838414
95729,29205.91419398383
95730,23771.719224477903
95731,16343.451979773892
95732,11544.37587936621
95733,31271.457952185745
95734,20968.212725529283
95735,28933.563168793014
95736,16598.50787547815
95737,19480.914605603877
95738,31001.180516703815
95739,16540.031946443803
95740,24301.082039638153
95741,45680.15518130539
95742,28100.288973247483
95743,26482.045786011746
95744,19834.60644637013
95745,26469.735153220823
95746,24988.288244779716
95747,13263.01812136197
95748,17984.852623874856
95749,24883.061844685206
95750,9187.517834160275
95751,16324.628344353088
95752,33339.89512418008
95753,29155.44388662976
95754,31874.22281247873
95755,45029.61790578625
95756,19330.65028297345
95757,18555.385170163867
95758,19595.099220832933
95759,31911.306035891874
95760,15645.748378997101
95761,20027.04030810481
95762,11662.537613611239
95763,14462.902829063052
95764,23416.566504092814
95765,25835.681310988453
95766,21668.578669779934
95767,10256.343998925007
95768,41902.15400320576
95769,28326.79196832329
95770,22775.284514178467
95771,19496.75526734097
95772,26390.42347011519
95773,25913.507425156033
95774,41840.439747925295
95775,14527.26240715669
95776,52539.58927378175
95777,14355.026264078202
95778,21691.360070715407
95779,15523.003351734631
95780,28404.03885703603
95781,19178.42124624442
95782,26649.320098382137
95783,15087.827755888396
95784,23322.03743322922
95785,23561.739584137144
95786,25486.513067767668
95787,19708.40361520879
95788,16752.036398253917
95789,15449.941021622719
95790,12490.227958646732
95791,34754.59855106361
95792,34000.33707495439
95793,32517.170829582228
95794,25856.854019086462
95795,12380.916693268991
95796,16599.905570039213
95797,20331.854733363718
95798,30313.133898202435
95799,24336.405035368043
95800,12376.704633908643
95801,25046.89834758739
95802,11640.448442976658
95803,62113.65661598092
95804,35460.34463087605
95805,18397.818114087695
95806,28292.292792807715
95807,31572.398411389615
95808,26440.380032711804
95809,23088.76726580556
95810,12783.634137768073
95811,20166.9950481153
95812,24290.93647305485
95813,16411.091345453744
95814,15648.478261180235
95815,44610.38135781881
95816,18536.167722148108
95817,32444.238565724234
95818,28064.747803877555
95819,47636.79936770021
95820,39278.29592022936
95821,32312.614502468925
95822,18878.140159354058
95823,18993.014430057796
95824,16840.359214953296
95825,15398.500759792574
95826,42883.7865375678
95827,27317.258772405938
95828,12193.077732737063
95829,11074.938791353714
95830,22747.773276701493
95831,27645.21871831281
95832,14120.433743134861
95833,22392.97605872497
95834,19091.77450853417
95835,18560.13526479056
95836,16085.546329674635
95837,26165.239591140366
95838,39906.544281084556
95839,29038.57627557645
95840,13468.309490561865
95841,15642.324969782685
95842,20629.134482770278
95843,30779.991900417906
95844,19409.476775597628
95845,27945.979505754935
95846,37256.32956153906
95847,22368.375347726196
95848,22041.462056190627
95849,44933.030229658936
95850,14293.994111491646
95851,12973.136846533724
95852,39263.925328605656
95853,31074.391898051523
95854,19902.58097857397
95855,40028.946700633154
95856,24696.50431857267
95857,23281.773652464497
95858,19820.392317751186
95859,26949.58991105388
95860,15933.332586990498
95861,23424.550867367703
95862,23185.432535320066
95863,23760.40543985999
95864,24162.74466221585
95865,33959.77858520451
95866,54207.11345458232
95867,28692.697623372576
95868,6514.682047981709
95869,27809.180204804845
95870,20691.920476291874
95871,32855.86337370857
95872,23440.626729586715
95873,24475.86911671709
95874,25754.40977021066
95875,14589.14784193137
95876,30695.203760107095
95877,13581.560409778036
95878,41278.17588626918
95879,16600.221299347413
95880,39683.63678422478
95881,18823.028621871406
95882,19673.03831615028
95883,10408.472327018066
95884,22462.09987175642
95885,29292.11982637037
95886,19771.90756967927
95887,21210.390281262367
95888,20468.41793124812
95889,30739.91260796823
95890,17831.791707440847
95891,22605.982947854573
95892,16416.19670801112
95893,26543.04017203129
95894,20850.3789115739
95895,24994.012838227336
95896,16407.217489643095
95897,26224.61753033786
95898,25559.245345488675
95899,28214.54717403806
95900,20301.234739256863
95901,32663.224593174473
95902,23482.449564717255
95903,26924.272810327773
95904,23157.367633659996
95905,13311.34952588774
95906,25482.191548717885
95907,51488.90813844112
95908,29682.794850656013
95909,19743.50937040081
95910,42274.941580271094
95911,27367.235929077397
95912,31194.88647501659
95913,41602.955648735486
95914,19254.726689238672
95915,28976.628814028085
95916,34652.16145217575
95917,31787.623513257353
95918,32444.238565724234
95919,17296.99270710257
95920,19941.259584643205
95921,20206.806956022705
95922,39057.250955961776
95923,20384.96230631401
95924,32558.29976449021
95925,17901.647950438357
95926,21994.324617779923
95927,19705.2426980395
95928,18321.943480274247
95929,14349.743828759198
95930,19583.013418665563
95931,26647.300901743758
95932,29114.916455731618
95933,20061.318692017376
95934,25578.14623743159
95935,17604.611810304454
95936,33209.41567357919
95937,27867.07859747987
95938,16549.518526701337
95939,19983.896987542066
95940,15791.155435936818
95941,14849.527792409703
95942,21283.214876682796
95943,42814.563460822574
95944,18532.50156506182
95945,14271.352405281148
95946,21380.528525488575
95947,39173.85925100773
95948,21678.57714828257
95949,18284.38532248859
95950,18334.857409122964
95951,23115.693831715962
95952,35569.407441890486
95953,19420.388069004584
95954,16960.277353731304
95955,18735.37199501051
95956,21639.50903122912
95957,18519.36997753691
95958,9724.86306898453
95959,23360.499905059667
95960,30899.73018569316
95961,22581.172948374355
95962,28732.580959664945
95963,18160.786184622117
95964,33369.7667311625
95965,31772.637938011725
95966,44577.56046860261
95967,19595.700382438987
95968,15587.35120438032
95969,31634.949752559067
95970,22131.003536922224
95971,25658.722223694833
95972,44312.60526893361
95973,25835.681310988453
95974,23506.10865654792
95975,17407.505954183016
95976,32670.3281610986
95977,18358.20264119124
95978,15735.661524330668
95979,23147.611413248735
95980,17133.299749124846
95981,25406.87519571751
95982,18940.415519916383
95983,41051.55851072684
95984,31283.184049354182
95985,14655.250278537378
95986,15589.922065263323
95987,10290.450253449995
95988,16122.918366561915
95989,20932.026473849754
95990,52002.694134507765
95991,19098.282854710294
95992,26904.37235254355
95993,20419.194017749192
95994,21061.846701760995
95995,18285.031641524856
95996,25331.75028194252
95997,23436.243639689485
95998,23755.891538174976
95999,10517.492725734777
96000,17366.974900481146
96001,15949.807100593405
96002,24737.678773974832
96003,9464.682000069894
96004,13239.680966457472
96005,10492.43306130846
96006,9459.341575986253
96007,11648.450906964326
96008,9237.907363257495
96009,14922.409064799558
96010,21301.70157165513
96011,9338.842671236129
96012,12991.650526593565
96013,9414.566642937347
96014,10031.199452767765
96015,26375.852034041476
96016,19651.885357475527
96017,25110.665713166793
96018,8812.677881028541
96019,18682.69546239005
96020,16438.77426463912
96021,19037.689771754754
96022,20022.56069357143
96023,9209.446269870496
96024,18237.745567818707
96025,20751.689556981633
96026,6954.240563288205
96027,10598.35682104692
96028,23148.4827931573
96029,24338.49605105059
96030,30336.31556328595
96031,25762.14667764896
96032,20166.81224555431
96033,19742.421309562855
96034,18579.66959211364
96035,10050.437035348046
96036,17275.734414067414
96037,19150.674307367688
96038,16936.52713435383
96039,9872.198398590264
96040,8773.389839111724
96041,24710.835617039247
96042,14631.769748977213
96043,7828.152542146033
96044,17951.11755990819
96045,20067.93718491528
96046,15094.538386948763
96047,13070.297825430413
96048,10346.142367393353
96049,6268.077025116162
96050,19310.680019504114
96051,14064.39394720405
96052,5073.906574618493
96053,8313.356897106742
96054,12180.700816043565
96055,8027.928684378509
96056,22377.653403154174
96057,9818.457379411499
96058,15094.897626650541
96059,10773.17942605059
96060,7557.146877625489
96061,11553.579153952864
96062,11372.832024934905
96063,22901.59924816761
96064,10148.156289127863
96065,25178.209657703253
96066,9148.046659874057
96067,9718.04669223035
96068,12713.066219993245
96069,9705.74387501569
96070,23887.406447941532
96071,12305.428193707421
96072,7329.005817183126
96073,9032.461153364475
96074,28246.924776188538
96075,15653.637962185689
96076,4856.2383806339685
96077,13725.269847180964
96078,17813.27966051609
96079,29893.543175077673
96080,10320.200823157425
96081,7393.877945740878
96082,8464.962710741083
96083,8943.779426602607
96084,7662.424199485195
96085,7652.078195221476
96086,14977.43049555209
96087,7309.16140669651
96088,6702.614851707512
96089,11746.808567780408
96090,16495.690156922603
96091,10391.416183264637
96092,18504.23477139729
96093,10657.718934716702
96094,5302.823921846767
96095,20910.179434773447
96096,13829.694733334121
96097,27761.16726182072
96098,31394.99070746775
96099,17660.82475092797
96100,10519.074041041087
96101,12830.600965869578
96102,16824.63692469545
96103,28291.882867219807
96104,29038.774408972728
96105,12826.281832587641
96106,8924.436977130272
96107,11263.468438407006
96108,12348.047731851544
96109,9066.555679394764
96110,8963.486895703445
96111,13712.079232130522
96112,18713.42234732034
96113,12864.15333127753
96114,6356.905917521473
96115,8798.459516169498
96116,12363.223729929701
96117,22156.641751042225
96118,10480.764548481535
96119,12918.672537218477
96120,14282.282309692742
96121,20479.673864667497
96122,25151.36641083045
96123,8289.330143887039
96124,7108.722756725734
96125,15310.42952604132
96126,9210.727013870497
96127,18801.986221947038
96128,18713.335484486546
96129,15630.577784026586
96130,14808.044529690556
96131,11331.751907903326
96132,16971.386520104235
96133,18215.795006525754
96134,9276.25129193272
96135,10345.67172479741
96136,12243.201493331853
96137,12674.128141183117
96138,18621.04351351812
96139,18021.59213442644
96140,25646.703557068944
96141,11663.858336949623
96142,31234.00257175802
96143,18409.25389216043
96144,7530.4608770897175
96145,9038.723937813305
96146,18992.476397215625
96147,15902.36248398043
96148,11592.491166637727
96149,21664.444108763004
96150,23291.82738827224
96151,16336.97320831453
96152,25801.6798173626
96153,17244.665787906437
96154,17342.420531322718
96155,13759.61240153322
96156,14174.246984999467
96157,12804.64634956709
96158,11197.38522022077
96159,8273.758543821763
96160,9385.044454750212
96161,9116.98142197518
96162,7625.181628024083
96163,23224.384792225883
96164,20445.247683339734
96165,9148.035830075727
96166,12754.507104440108
96167,13424.63410883816
96168,21231.45430138866
96169,9927.236587046324
96170,9464.173933364857
96171,13021.375184850787
96172,7123.97562716963
96173,15153.460046232925
96174,26118.529043498595
96175,17236.33657630822
96176,13526.100142245845
96177,9030.748210029655
96178,13129.982616603644
96179,10501.220941559031
96180,13504.338116420278
96181,16755.979091278004
96182,24991.738547470926
96183,14870.609215705465
96184,8141.928466417225
96185,10745.350229897285
96186,10340.726715031125
96187,22609.51826696168
96188,9223.310186198516
96189,12967.479106749224
96190,19954.09562534398
96191,7677.7246886576295
96192,8550.582849978442
96193,11623.20765896531
96194,20583.63474903193
96195,14271.270191751899
96196,6217.776542272866
96197,7906.189712987937
96198,10875.356576096356
96199,22660.06530485425
96200,13371.10889522423
96201,13145.263497484302
96202,14130.672050308018
96203,8868.21465137124
96204,25604.27225868088
96205,7049.711683761743
96206,19150.36958657274
96207,15709.836339687969
96208,18638.91475201334
96209,8451.1648740079
96210,18141.956583327854
96211,10520.360138041184
96212,20629.783714378955
96213,22961.645472997323
96214,32639.369003178457
96215,16584.94104031526
96216,12968.1184141263
96217,15748.823296874109
96218,30121.792208537026
96219,20521.442435213106
96220,10296.202497843675
96221,8163.472844100303
96222,15642.662505904502
96223,8428.659636604103
96224,14316.609560703364
96225,21155.795990708164
96226,7830.442707062243
96227,26210.531616049957
96228,13464.44958296658
96229,15628.70183991159
96230,18573.22565664594
96231,10031.053804547853
96232,8732.146399627787
96233,11182.9232018391
96234,13919.59654709572
96235,16184.62791409772
96236,9209.446269870496
96237,13508.47507273224
96238,18719.92690692964
96239,10021.881550333404
96240,15644.166153195734
96241,16826.77940794806
96242,12705.355741365225
96243,14791.970406056562
96244,10377.585978464103
96245,16020.395469198691
96246,23552.230968511773
96247,20171.38014627675
96248,7952.583664520783
96249,18491.308558108158
96250,17540.789748424486
96251,11402.611550152396
96252,20798.050878787893
96253,13345.814490011751
96254,23828.8022747519
96255,9163.345980689894
96256,14501.01951176405
96257,13717.677868931472
96258,14459.0736890178
96259,11907.255156641346
96260,7520.014913587755
96261,21884.07701235516
96262,13762.144758735298
96263,13504.36007508723
96264,17700.482228319346
96265,23663.044950267125
96266,24173.277099322342
96267,22550.918441519287
96268,26220.402967222333
96269,7941.059885703701
96270,11291.387186033153
96271,8418.861567334385
96272,8459.519201523906
96273,9449.536234200954
96274,17096.59287521645
96275,11698.408751518427
96276,8234.434668693475
96277,17797.59786075955
96278,17530.566108833624
96279,10890.013796601837
96280,18057.275573170948
96281,9799.133635805543
96282,4948.4881618916
96283,10536.338259961158
96284,8324.926693673404
96285,9788.29735173374
96286,27891.023358660455
96287,20033.626924757056
96288,24236.280782778522
96289,21495.900457552692
96290,14361.29850323112
96291,15364.692104982849
96292,13635.545643969339
96293,15342.069750869343
96294,27371.40755161244
96295,23670.65376898822
96296,13021.64711928637
96297,13771.470503938888
96298,19715.927078886285
96299,9089.81269842382
96300,33457.25399134835
96301,5110.851296633497
96302,13314.933316553454
96303,12217.130320379762
96304,10534.797615972211
96305,15513.468389485712
96306,33779.322672789225
96307,11230.34100988256
96308,12310.435660491166
96309,9863.712428525305
96310,20114.366665826277
96311,19659.80273339982
96312,9772.076316996256
96313,16927.320154246907
96314,11730.667182234729
96315,15591.955579771753
96316,11672.98257674352
96317,14188.991260410992
96318,9606.84744320748
96319,10232.23370994517
96320,31051.989014443338
96321,8108.101388082997
96322,7046.874206082059
96323,8703.721811390462
96324,9698.176329026082
96325,12497.478085805815
96326,19971.70574551798
96327,7679.646748265768
96328,22195.126036184734
96329,28415.83838074378
96330,18755.299752978717
96331,14344.429254233924
96332,11683.906202815937
96333,7760.560521815853
96334,13188.858749478406
96335,22413.590962263628
96336,8493.073594848134
96337,7982.955424729154
96338,8921.300654522427
96339,7287.257723825659
96340,13616.782302471696
96341,7615.039024039026
96342,28184.74409370269
96343,9683.805603344552
96344,20053.917052121564
96345,20690.56980311953
96346,13301.51150613225
96347,10996.590702579872
96348,21092.116763740276
96349,14284.94169163748
96350,19617.40236457213
96351,7193.57739510331
96352,15507.669029480892
96353,26877.328248975642
96354,8527.474515271835
96355,11189.77972098564
96356,13844.396741595834
96357,9001.872485059599
96358,6619.5169724330235
96359,11824.874556265531
96360,11728.273560329066
96361,11689.88449881329
96362,30893.08682807004
96363,9925.989086141122
96364,13487.784257780117
96365,13871.888427936341
96366,18558.056510005503
96367,29191.881024433555
96368,21107.239930715194
96369,15193.7739668865
96370,13880.395823484487
96371,14546.928363287247
96372,7366.896193895921
96373,11111.661518574378
96374,3378.0439529921323
96375,7507.756863226159
96376,2300.810698562013
96377,8833.355590060411
96378,8875.025851436865
96379,14284.94169163748
96380,13512.472490930222
96381,20103.957987026737
96382,14505.042035230972
96383,9011.565746579658
96384,21502.97529145346
96385,12937.817338694394
96386,9396.0618734901
96387,11000.839160575582
96388,13062.49232291003
96389,22149.900110514714
96390,7744.928813664206
96391,15441.40284997206
96392,14869.760794954153
96393,24166.254473735396
96394,9462.561534063281
96395,10149.28646866359
96396,6797.364842814066
96397,17384.400649985484
96398,22781.336280090705
96399,19169.01147183126
96400,14998.055165186857
96401,13629.158682482634
96402,14371.7692634558
96403,18974.40815952186
96404,12090.982908728949
96405,10422.502967667426
96406,8636.213761616877
96407,12199.146251659642
96408,26137.34506542753
96409,13194.80921527329
96410,19119.536151269123
96411,13589.854875745828
96412,26040.785878610448
96413,12677.886791116513
96414,12818.911817183594
96415,13222.480844508535
96416,17595.429627659832
96417,24069.318279767835
96418,28760.532347922563
96419,25002.78018814141
96420,10703.217149103086
96421,10205.620491763484
96422,13321.225162368057
96423,6157.742981421822
96424,12759.25635892495
96425,12631.244309669128
96426,15913.76566368081
96427,21779.212404815768
96428,32453.281869880022
96429,11948.013371902942
96430,24400.23302878038
96431,7667.02985678152
96432,30591.96592514433
96433,10478.118629938928
96434,7944.124997912506
96435,6717.261696602104
96436,9635.14994649963
96437,21516.136973931752
96438,16780.414668804806
96439,17685.719384842047
96440,21751.025675417237
96441,9221.694413842646
96442,18801.8495527962
96443,9763.823959172067
96444,5950.093883576136
96445,22081.176790459314
96446,21338.627245794156
96447,20240.498506559965
96448,11795.484255439069
96449,10954.924962388652
96450,9601.550950857287
96451,9590.5421849205
96452,6490.9766039229935
96453,13536.076227816446
96454,10430.559139608436
96455,18700.37782401204
96456,13012.131647622673
96457,12280.608396574433
96458,17766.435580727935
96459,9777.116739898116
96460,6626.061872273651
96461,22507.71073360663
96462,19598.787925643108
96463,29521.699058185943
96464,23097.209553300137
96465,12015.445871833695
96466,27467.00148818812
96467,11917.206904232962
96468,11836.477075344903
96469,9030.770586720759
96470,10089.75960631655
96471,13647.84685627558
96472,25431.494051105332
96473,13013.932070622534
96474,30041.528513187717
96475,15559.533921476046
96476,12651.737598198923
96477,30150.796603651357
96478,11350.187687822221
96479,19541.325899711956
96480,10540.617912373787
96481,22079.9267791151
96482,17673.98557019507
96483,8890.136429934146
96484,12659.198638121947
96485,22042.268486283163
96486,32485.465861353365
96487,10953.805212657622
96488,8336.725212286006
96489,8942.334704060971
96490,9658.0052710607
96491,30782.451416907224
96492,5163.232355747181
96493,12070.996396734654
96494,11253.20548998386
96495,12178.566700833875
96496,11124.329770842693
96497,10525.283764712804
96498,34440.816503304435
96499,13948.4083305463
96500,8210.57729000069
96501,20570.12537947514
96502,7445.084578580623
96503,13206.124866851791
96504,16190.948292165049
96505,16580.367506326664
96506,12329.776431175647
96507,12163.424650006917
96508,9799.133635805543
96509,28385.32423490928
96510,14740.805975927093
96511,11294.234950145785
96512,18171.305608379225
96513,11746.051255502573
96514,10909.283681668825
96515,10491.425561094684
96516,5876.087103445349
96517,12584.725164846068
96518,13871.569424675157
96519,17933.20880480363
96520,8910.763539933314
96521,28113.214327846483
96522,30882.103703743054
96523,13024.953513888746
96524,18608.50234397278
96525,17315.18481401449
96526,20763.530670298333
96527,16154.180950739366
96528,13706.10531571492
96529,13609.913455610638
96530,19575.040490073134
96531,10784.215521245194
96532,13797.46965544999
96533,23500.117976178153
96534,13272.662065474375
96535,17078.385461271202
96536,13247.468862926946
96537,8900.362178922524
96538,10737.37008592525
96539,7714.3111563595485
96540,13728.45106192102
96541,10730.146768594635
96542,11581.156176496392
96543,14061.167323755244
96544,8418.570929454756
96545,22500.93601388382
96546,13532.288697616774
96547,10291.455595733845
96548,33470.3322218259
96549,11385.111643905237
96550,15842.377041520764
96551,8763.261840770638
96552,5848.336702191261
96553,17761.7875782868
96554,9508.872303712293
96555,12475.824918210981
96556,9351.40955220058
96557,20591.541039600597
96558,14378.01306781774
96559,12532.073277762069
96560,15289.490181360912
96561,13249.635469722305
96562,7950.67049662269
96563,7895.999524949825
96564,12942.43184659798
96565,11665.770658471085
96566,12281.168549510345
96567,10084.273387184781
96568,9271.340032200083
96569,19545.036875834037
96570,3522.897955410337
96571,24899.3217360967
96572,9451.847121806919
96573,20091.873956721418
96574,7253.577337417095
96575,27051.73664546462
96576,7445.8317269617955
96577,8646.378750794904
96578,9921.088717544038
96579,12636.138134702818
96580,25261.73251523921
96581,12889.301531567993
96582,11725.562134698668
96583,16727.653610725392
96584,14019.66562089359
96585,10116.24604233953
96586,6500.250528826714
96587,11287.064114676194
96588,23524.611670326714
96589,8730.90541484692
96590,10929.203581962816
96591,7916.555901805322
96592,15392.417259257572
96593,10034.807783775652
96594,8167.308096546934
96595,16417.88391619889
96596,12834.362054250672
96597,29037.258592146052
96598,10918.458950402897
96599,10057.171723344993
96600,9596.300661846455
96601,12509.327799779292
96602,6505.389513019691
96603,9026.913384783698
96604,15354.16090427941
96605,23249.72456404402
96606,9864.313307506414
96607,9563.808237183659
96608,9960.029640141041
96609,15088.041280462416
96610,11723.389535018914
96611,12161.276683155593
96612,13781.952186908413
96613,13084.330906821746
96614,9682.539305895376
96615,14060.686369220193
96616,14752.4958485206
96617,12913.673460112874
96618,32220.061373062064
96619,6070.788253165725
96620,22143.18135829583
96621,12151.53796707268
96622,23756.653200587654
96623,11245.212368283606
96624,13191.850606553118
96625,24906.767937046036
96626,18579.466358477894
96627,10950.144666645294
96628,13955.898112548544
96629,13936.764159882016
96630,16726.199490090727
96631,13859.124005954844
96632,9364.10243079524
96633,15638.384899747332
96634,9345.271675595752
96635,28358.720817037047
96636,11368.006018427295
96637,11011.281348215865
96638,17680.650195324637
96639,17367.1721915149
96640,7749.984747251662
96641,9250.573086107355
96642,15109.850705745741
96643,9539.985630702744
96644,12498.173697183956
96645,15042.686255651248
96646,9007.22987389875
96647,7386.591141213472
96648,5801.197391106291
96649,15363.763845974541
96650,13177.009562026595
96651,9582.915648832308
96652,20277.369498631087
96653,13295.492315988888
96654,32014.356378550365
96655,12820.927005194066
96656,10893.725185886633
96657,16412.577806120124
96658,12936.828638285602
96659,6665.697603398743
96660,18368.561621604487
96661,12481.44048923722
96662,16326.55420455675
96663,11078.325890484566
96664,13599.188986886533
96665,6577.820007960015
96666,7794.730558099541
96667,15967.83227854598
96668,13312.06033533682
96669,24057.017973190537
96670,8943.583918276774
96671,12163.301018818505
96672,21917.37880149786
96673,9407.284414612972
96674,10526.000522470356
96675,23740.16092858905
96676,6733.284158092933
96677,10829.124186588255
96678,10594.43701690518
96679,12288.268631192419
96680,8963.039324754705
96681,12462.791111440632
96682,26100.37471758044
96683,14858.634244571971
96684,5956.500131980108
96685,26741.587414359743
96686,22145.515802185484
96687,13419.12497653954
96688,9010.55615889356
96689,22533.03949882666
96690,16563.025391583622
96691,6268.152813790828
96692,13257.568045026568
96693,10140.114410127395
96694,16110.230793329527
96695,7487.71146431528
96696,10930.618915289037
96697,8733.25872729962
96698,7127.8021304710355
96699,13646.383451281466
96700,17154.628090165068
96701,11858.492520733704
96702,20273.77509135425
96703,27053.656924435934
96704,9118.15950254604
96705,12248.233555048531
96706,9294.21920793489
96707,9190.828182790476
96708,14892.63441395538
96709,13687.946215282258
96710,6266.9338415522225
96711,16029.754327922845
96712,16108.747785485586
96713,15849.981618799138
96714,11714.459764284627
96715,13621.19601389912
96716,18105.675313986736
96717,9803.393821182512
96718,26518.373918065758
96719,17622.364586177962
96720,19034.078769627868
96721,20787.183744578495
96722,18030.42521078245
96723,18642.939364966165
96724,12585.073924187263
96725,9734.571036562698
96726,6639.762022669085
96727,8146.525854712516
96728,20233.419054836777
96729,8767.702175027209
96730,12148.15497540604
96731,7664.447316229617
96732,12030.329051485978
96733,9390.363032541292
96734,6184.735756738085
96735,11904.904760010726
96736,8701.559029483935
96737,23119.270836570373
96738,12178.102041237418
96739,16336.38559331651
96740,14527.352357025373
96741,10333.6724654284
96742,7547.86068448575
96743,13246.118876261105
96744,12138.03409496701
96745,7753.654334610145
96746,8162.565280772123
96747,13972.897707166634
96748,4567.745604077791
96749,6782.588364715394
96750,4825.227431372277
96751,10315.973421923856
96752,7962.557073236273
96753,15289.490181360912
96754,20792.551753728556
96755,6396.904301626111
96756,20677.354228317792
96757,9238.279425329014
96758,13577.980188789821
96759,17119.580745303614
96760,33020.8093653501
96761,9324.834324530118
96762,11367.460596121908
96763,4448.705010853373
96764,17266.91482463692
96765,13672.385400863554
96766,22103.505507724283
96767,24297.611314719747
96768,17403.380455111055
96769,11259.596556301878
96770,9404.069207483877
96771,13032.577535601227
96772,15818.921824513975
96773,17782.87404964288
96774,22502.660398991306
96775,14413.088513735445
96776,32552.20298069442
96777,11066.530929938363
96778,13676.281095431754
96779,22978.576995804964
96780,26769.972243291468
96781,31764.37846566379
96782,20085.58385854645
96783,30072.81257606964
96784,8928.226316633472
96785,18091.937573532447
96786,8371.07876389275
96787,13592.002699123424
96788,7522.962056687056
96789,9998.927464006456
96790,6622.663520623382
96791,14442.004108328309
96792,8233.714685171459
96793,9981.354770900241
96794,13518.279898892464
96795,11756.63873255615
96796,20458.111438249496
96797,4905.738782198801
96798,30097.62677510171
96799,12087.259596979402
96800,11957.848810743519
96801,12995.136230698416
96802,15552.227985531965
96803,21490.38178077334
96804,13391.899760130882
96805,12891.86843023003
96806,26396.076351883636
96807,17647.304552859743
96808,18449.72986431174
96809,12192.771728926366
96810,1995.588555318202
96811,33203.75303280583
96812,12099.945208423796
96813,13993.414419858518
96814,22470.250809519428
96815,9952.496419980684
96816,12569.719772029035
96817,11442.021975295365
96818,12780.573959705238
96819,30050.53043535911
96820,9731.91641093404
96821,23006.845861154256
96822,12175.692418509276
96823,26261.479987667666
96824,6083.397519845369
96825,5718.231276543401
96826,13949.903192820977
96827,20374.193470086073
96828,11387.915768186265
96829,11177.250617803078
96830,13762.975458486382
96831,6112.359360494636
96832,9135.718441770667
96833,17930.687773939397
96834,13555.795916174118
96835,20267.93722684712
96836,14791.507492581715
96837,6003.003794589702
96838,24024.422195585605
96839,14838.031059765299
96840,9376.220811843223
96841,6448.4718019370375
96842,12518.283458249414
96843,6374.726231687695
96844,11068.607054426464
96845,19385.26282120347
96846,22791.31628124031
96847,12154.107356259583
96848,5152.633718421191
96849,13654.36792006374
96850,22587.99970136552
96851,8489.175915183316
96852,7745.169996067472
96853,18830.862844853644
96854,11209.081731018812
96855,11009.584944754926
96856,10608.619358638247
96857,9317.399930408781
96858,7041.83363187338
96859,7703.0974305497675
96860,24790.25200329025
96861,16870.006061490287
96862,8371.088010804695
96863,10214.826003434766
96864,9804.154093478905
96865,12919.02482823222
96866,24484.49307959569
96867,8365.654618338152
96868,19646.790122469116
96869,7920.604915927659
96870,9412.246038724103
96871,16842.502130287732
96872,13893.741654116428
96873,12302.697451257602
96874,5560.731657308927
96875,13621.175040462958
96876,25813.232202577652
96877,10057.788176566146
96878,21569.6228259772
96879,19886.186750493067
96880,19373.7842918301
96881,7380.014238181555
96882,7037.943685454757
96883,22111.95459790823
96884,16797.793490100026
96885,16107.882346518209
96886,13014.461007329732
96887,15551.380313835045
96888,9539.985630702744
96889,17440.73438002051
96890,4321.269452811851
96891,15435.592739379123
96892,26941.95701669737
96893,7451.312129877302
96894,10106.795944715368
96895,12689.37213931912
96896,11621.113696336817
96897,9440.623971031944
96898,31194.731140084517
96899,8492.82446028758
96900,14204.44868951457
96901,25240.35426392639
96902,22952.98526722689
96903,17101.331252432887
96904,5417.118426620942
96905,17615.150452074515
96906,13419.026047846046
96907,12063.349746934067
96908,12583.792481156306
96909,13518.908474273569
96910,13750.084595324242
96911,28819.748657596043
96912,11302.199435711294
96913,15760.72161725991
96914,7179.04415792643
96915,28932.229186254197
96916,13380.33517119896
96917,10769.278472815413
96918,18995.568466046978
96919,7265.540814094165
96920,18209.44579723469
96921,7684.291162877683
96922,13855.478604286682
96923,9235.575598001109
96924,26836.624684118233
96925,14279.280360018076
96926,32739.961200834146
96927,9329.537415964101
96928,22981.34368889161
96929,12458.47682979951
96930,13520.005574744626
96931,17613.883874517796
96932,29893.482170347877
96933,9772.660241280986
96934,7801.3577524289185
96935,21232.84430046291
96936,25200.17573093412
96937,11669.194613539456
96938,16040.255011333214
96939,20532.427973399273
96940,9241.317648700526
96941,8408.422777808277
96942,18701.49805381856
96943,10893.200484159053
96944,12283.462130820924
96945,10311.76700203668
96946,16146.952063122817
96947,8392.137751670074
96948,8220.051202472492
96949,18813.496421839824
96950,11949.2928079822
96951,19483.288030123684
96952,6985.909064885973
96953,19114.51406582871
96954,24599.481438879062
96955,12962.615808908948
96956,9334.773151729254
96957,21906.55088175626
96958,14680.722133886253
96959,13289.991118876544
96960,24423.658829335356
96961,22054.469633381636
96962,11462.856821994219
96963,11350.254107267467
96964,6476.551100720308
96965,9106.991497383244
96966,6179.626726357839
96967,12936.52845615616
96968,14882.901427184835
96969,8962.07010410189
96970,9833.256151709531
96971,14533.962331817382
96972,9111.756303309305
96973,16765.803236716485
96974,9189.417340392733
96975,12248.665396570343
96976,15041.304310263864
96977,21775.389875651614
96978,8880.009336543768
96979,19698.459364392726
96980,9234.161615108596
96981,8530.165284299375
96982,17638.694688390056
96983,18772.155104543792
96984,17940.95215015023
96985,14013.63192610569
96986,11400.466518169529
96987,7237.991113840287
96988,6325.173743419685
96989,13271.134094935172
96990,21843.59313364278
96991,9443.008087579812
96992,10721.352267880146
96993,16883.184056444654
96994,2346.1156179779346
96995,13299.82812137313
96996,17126.15376251528
96997,28438.564757109434
96998,13564.675811426414
96999,8432.029681711414
97000,19411.185337453182
97001,9077.104677888214
97002,17270.178647587123
97003,7519.515664083711
97004,14315.237610830314
97005,19912.815235686652
97006,11641.889436862215
97007,19920.3417293516
97008,12608.08779008205
97009,21418.071830160694
97010,14579.04801890619
97011,12362.483119773278
97012,13004.905849312478
97013,8081.225485297668
97014,5018.994318845046
97015,25511.40291160328
97016,11261.031256422804
97017,6563.825569721953
97018,13023.368634757142
97019,20118.971465065253
97020,12679.784106189472
97021,25678.27090208949
97022,20715.913176867165
97023,14357.394041107631
97024,17227.162337990107
97025,13594.971682030866
97026,12210.959652334745
97027,10294.239780384687
97028,9286.484141260991
97029,12415.804828830682
97030,7871.395954920029
97031,9525.436751000745
97032,5443.3757042046445
97033,8957.002783838649
97034,11827.715523515064
97035,8165.252745408624
97036,9377.595278922507
97037,14343.083304285665
97038,12703.379037450639
97039,19215.140587135196
97040,8444.410109933082
97041,11088.25320473442
97042,9467.113069650275
97043,13329.996057973984
97044,9570.478286480822
97045,5020.933307617692
97046,17166.57527329465
97047,10651.19740665921
97048,8706.604148947898
97049,6499.729943204934
97050,11075.359593931069
97051,7558.7525195606695
97052,11794.803410547449
97053,14227.720628249439
97054,11729.94196793144
97055,22019.78119779185
97056,22169.07999618085
97057,10406.16315615226
97058,23496.12505419871
97059,12163.156899533848
97060,14042.28942352516
97061,2812.503803093196
97062,15483.78030379698
97063,18153.72160567685
97064,4674.135247762389
97065,6652.199404724879
97066,12560.080220842467
97067,27351.810807940717
97068,18084.80262581491
97069,25203.965289638385
97070,12994.876191192447
97071,8066.466805363094
97072,13431.613046140796
97073,9652.601446645827
97074,17404.133988911766
97075,19258.192966940587
97076,17926.341991641686
97077,11812.320179729335
97078,16769.8709742007
97079,12651.936146625385
97080,21024.2160457571
97081,12221.010765410718
97082,27829.115137888482
97083,12663.339071107452
97084,9735.90129332221
97085,5405.752584157576
97086,13964.48920602083
97087,13154.55698474469
97088,16136.840468938142
97089,16627.64941500036
97090,14972.005842094239
97091,11146.711744639415
97092,9893.46089296343
97093,25759.255743585793
97094,13873.992792069826
97095,21126.534867112434
97096,12444.581046503257
97097,7531.001807475949
97098,18328.974711157025
97099,6884.706053796728
97100,8639.215236869039
97101,32149.746061089292
97102,14891.13298900886
97103,32154.433503909186
97104,8431.499587013264
97105,12946.210501672625
97106,15727.642944919493
97107,20555.426866951162
97108,17208.2022102712
97109,8083.404067030105
97110,14821.501564051687
97111,10121.456955560521
97112,13438.298143841326
97113,14233.57459673771
97114,21602.877837704622
97115,6243.782896149577
97116,7304.359177933517
97117,14945.745571657037
97118,13936.279289863716
97119,17604.21555555103
97120,13701.02685180641
97121,16676.09366307423
97122,11206.298659030768
97123,11323.58589922314
97124,8321.570468867336
97125,6765.967572060351
97126,10747.266553345724
97127,4610.370990779524
97128,6593.164740633961
97129,15745.784482900359
97130,21213.733743818953
97131,12591.133179359109
97132,5921.631943445653
97133,9700.782212568743
97134,25961.744048616623
97135,12872.835687103616
97136,10072.772525547922
97137,8135.622397451559
97138,10490.698954226413
97139,12199.850052135695
97140,12732.356262668876
97141,19793.48613693413
97142,20411.779962260593
97143,26982.827904893587
97144,10410.53627095996
97145,6644.050135042918
97146,14856.025671237227
97147,28687.591276194165
97148,21639.530169461807
97149,8697.820034362108
97150,16774.271868643675
97151,20089.257424951553
97152,22039.833728678575
97153,9437.516168433705
97154,14447.429999299398
97155,9211.862991974118
97156,8580.243488525904
97157,14562.932863808697
97158,12120.379905101943
97159,17657.687719185556
97160,29333.61368346556
97161,20672.837335694865
97162,7023.375846657541
97163,10747.210160204531
97164,20407.25643914645
97165,4459.211494700681
97166,13687.281561019412
97167,13225.5511436368
97168,8269.964411012481
97169,7854.118010914736
97170,7738.423513492645
97171,22077.771993052767
97172,12134.717238379799
97173,11967.620508684624
97174,12213.85977634411
97175,11586.116283328962
97176,19009.091834245697
97177,9316.046161839795
97178,8963.833448600615
97179,14194.957803063977
97180,30891.5542449758
97181,16787.36920679565
97182,11682.188388607296
97183,16801.867449616482
97184,6711.752300492814
97185,14534.537669243731
97186,10079.611265553174
97187,8621.287123514934
97188,21129.19479121261
97189,11707.688492581761
97190,8002.932220976433
97191,16836.611470203603
97192,10222.773043662577
97193,9417.84592779246
97194,11392.903650199472
97195,26133.997032858857
97196,14029.99090303547
97197,14494.544454591962
97198,8170.458545393289
97199,11980.221090394009
97200,7696.650435740082
97201,10566.8460749466
97202,23782.990442371894
97203,12779.246402562387
97204,28328.029171583195
97205,4740.5348503614605
97206,6475.331694423367
97207,11698.165662556388
97208,14631.621008332435
97209,6678.673339581919
97210,16297.13033222834
97211,19783.317179913298
97212,20952.854607488494
97213,23259.556658357247
97214,14170.252201924948
97215,19976.47842369728
97216,24292.76649984686
97217,18724.233592120185
97218,8926.335631317177
97219,9751.320896964564
97220,15765.271839356836
97221,9820.661365903754
97222,17751.836007015194
97223,13520.833405544776
97224,13592.081442114008
97225,17545.915861986592
97226,12713.429609938237
97227,16582.476409658775
97228,11582.34963438827
97229,11876.194110278093
97230,17989.586455788445
97231,6460.043209327552
97232,9453.267228200948
97233,31043.871860726984
97234,13575.283699209156
97235,12341.82522045603
97236,7211.979089943316
97237,8059.672403079548
97238,5032.875218498729
97239,24343.604548647
97240,12046.502860184626
97241,8215.837918497951
97242,10625.8413485363
97243,11128.009783097375
97244,27360.154043738825
97245,27880.3958997648
97246,11662.268976473031
97247,12975.285577108381
97248,12022.50587986201
97249,8806.358308096713
97250,17424.260032649
97251,15332.446178628621
97252,13906.894980980402
97253,8922.280284059589
97254,21561.703517375743
97255,8701.476405700772
97256,13195.798926628138
97257,26066.13611860878
97258,17630.438495006754
97259,15972.818760325328
97260,13229.308107895877
97261,11716.32111594214
97262,9481.28769068391
97263,11621.513264991128
97264,6836.959670058568
97265,18541.95486751322
97266,10857.584124499866
97267,20998.027040760848
97268,13589.05231092112
97269,9925.787639894746
97270,6199.441477111058
97271,6828.259169113226
97272,20986.121464620075
97273,31145.882218634724
97274,12573.160282889305
97275,6312.17333454421
97276,6813.408433037317
97277,20568.003053091372
97278,8111.750090843188
97279,13074.932383557634
97280,14756.801288318498
97281,8860.096672879192
97282,19290.303080548474
97283,26487.08587606987
97284,2896.0931325147785
97285,9831.826937920956
97286,28362.56131420954
97287,8784.230000708325
97288,8719.911302900045
97289,12754.30928659538
97290,30314.88891361869
97291,9716.953270701433
97292,12196.99557781775
97293,10067.107831553983
97294,8558.471259266917
97295,9320.400580043715
97296,6580.500790991304
97297,25690.54795484498
97298,12465.925032911591
97299,14307.194569882371
97300,8211.973557310477
97301,12987.053965234214
97302,6706.2805352930545
97303,31874.67415641443
97304,19327.610766988393
97305,12310.75763831061
97306,10216.351275691348
97307,11437.516875184845
97308,10693.307222872032
97309,7988.275794997891
97310,7708.587408236516
97311,10536.92212437563
97312,13179.626492430332
97313,17601.628159277916
97314,9766.316270866835
97315,17013.26030438817
97316,8287.4577266895
97317,11556.628443753356
97318,8078.102182276525
97319,11214.401990179354
97320,11911.312966693911
97321,16320.309843217765
97322,8040.722721611411
97323,23375.577524260276
97324,5825.159515492977
97325,9170.722566413553
97326,8375.11511319205
97327,12062.930017646046
97328,12345.425460085044
97329,6257.863997552358
97330,10235.723252445103
97331,16238.940043423063
97332,15533.008797892144
97333,17210.818847426624
97334,9042.474963790843
97335,21089.873414787366
97336,10309.785883924313
97337,10243.72306144359
97338,7496.413623905983
97339,31275.007400718852
97340,6839.160353956892
97341,14623.402471284122
97342,11764.495266509184
97343,25788.07213664761
97344,5969.504903353393
97345,26415.918058868472
97346,9331.182153547548
97347,13975.3406107379
97348,11585.774908380543
97349,6396.582390929463
97350,23007.990923380257
97351,11613.465680467398
97352,12962.297345638795
97353,10894.729664234173
97354,8474.083605408858
97355,15822.548038684827
97356,9682.82209910484
97357,6750.990695819036
97358,7768.142267045385
97359,8626.075830848722
97360,8174.6223017694965
97361,7539.893125407699
97362,14477.1156732326
97363,11080.503906227854
97364,12661.903560193838
97365,15505.752674548747
97366,13382.317301967785
97367,10770.732106552785
97368,9460.529635844105
97369,25073.7339258809
97370,19694.29947483474
97371,12580.260331926598
97372,13175.389409959687
97373,20091.48107460596
97374,14555.651858734042
97375,10956.901708985131
97376,7332.405364697139
97377,15499.089114786857
97378,21450.340129029904
97379,23674.03650560204
97380,15729.311220366946
97381,11459.429050821738
97382,15469.822406123583
97383,13530.008564446878
97384,12517.287078414121
97385,9062.409658271436
97386,16721.191801604957
97387,9563.933268279357
97388,8661.580357492556
97389,31336.056761206164
97390,28311.048603227384
97391,14579.363020569284
97392,25691.898663862077
97393,7820.350568908716
97394,13139.87087651379
97395,13434.21225597706
97396,6600.783978992174
97397,8011.124864598342
97398,11366.997486300694
97399,12819.315567144542
97400,10976.155563964388
97401,7642.110136119457
97402,9321.958541602698
97403,13585.87985475833
97404,14027.38919994217
97405,10542.52566843081
97406,6461.466118852721
97407,11595.167675747844
97408,22081.428125412553
97409,10083.886097548844
97410,10493.696614967452
97411,6518.700074660596
97412,10014.157093518317
97413,11275.345302751968
97414,30763.06621599282
97415,11471.507384166824
97416,15179.78129818347
97417,15085.794664329507
97418,19083.378360263046
97419,7356.1606507907
97420,14743.79711138006
97421,12809.920882034723
97422,13382.317301967785
97423,14612.161474840537
97424,19326.789252659855
97425,11749.430691443124
97426,8537.23301222319
97427,18801.37019413979
97428,17028.289593808306
97429,9171.726591178352
97430,13442.369344089508
97431,19162.01231356195
97432,15018.989796052589
97433,9753.641682141997
97434,21860.413432879457
97435,8266.334766274083
97436,5190.661945213431
97437,12673.76190351706
97438,9850.95172157774
97439,14875.776956460248
97440,12540.3114305961
97441,28797.337835019272
97442,6161.129280201252
97443,25766.010085121114
97444,10041.614328720016
97445,17987.989335550978
97446,24311.654710069128
97447,28346.12810519919
97448,9387.87762153818
97449,12801.516435053423
97450,8131.73341044721
97451,8884.813248398008
97452,7962.72098332038
97453,14477.648719036259
97454,15868.917709608622
97455,11503.706141397051
97456,25913.025999666337
97457,19927.68289392933
97458,15249.88527485146
97459,8193.203075396084
97460,9223.964338233453
97461,14128.27332857881
97462,17534.40914287376
97463,9805.527043135135
97464,11367.839572912588
97465,12595.965231321505
97466,10796.540763535928
97467,21542.775498887066
97468,25097.07043420837
97469,17545.341168802184
97470,14751.27094986028
97471,19273.171832324548
97472,6171.556879076646
97473,9031.968742715258
97474,12593.555142488673
97475,12140.83841537773
97476,25796.33082788958
97477,13560.227355438337
97478,13077.648135692343
97479,26718.450859942615
97480,30056.326560901074
97481,8958.743611228216
97482,8134.289077929726
97483,6386.940682288009
97484,12911.395141710336
97485,29132.260328421682
97486,13229.265258479867
97487,24906.1614838507
97488,22997.127907088743
97489,9767.592603743611
97490,7545.583312537832
97491,9636.74230699981
97492,19512.30444445545
97493,17582.838952454073
97494,16963.33689943832
97495,12344.887799749205
97496,13078.60259000167
97497,6245.462234441158
97498,10284.473619016795
97499,8069.3137692801465
97500,25364.982214811986
97501,9344.52208229169
97502,9326.78210940665
97503,16467.223102873224
97504,20532.345332164907
97505,14761.540212128937
97506,8925.988212048303
97507,8061.073030272708
97508,8822.528285876473
97509,19780.14199992914
97510,17705.34203844387
97511,12620.552396691903
97512,17583.949197723672
97513,17685.719384842047
97514,12329.776431175647
97515,15198.0777911456
97516,8807.780023045509
97517,24498.040187357605
97518,13198.360567594216
97519,19863.54997012108
97520,22829.81903464115
97521,7239.554389001032
97522,13553.673315361033
97523,18774.582866827455
97524,7123.55147326899
97525,8365.048488093495
97526,18229.578951336403
97527,4951.900016681371
97528,8474.113186817154
97529,20791.368083799545
97530,8450.50489707497
97531,29448.777539599487
97532,10327.231760821183
97533,25953.134261402185
97534,7327.259943457977
97535,31173.206060895103
97536,14793.94313492463
97537,14057.361510367113
97538,16855.592202884927
97539,7923.252576084935
97540,12547.916630664216
97541,10413.139181993638
97542,11535.465758463075
97543,10196.71516679176
97544,12510.976886778726
97545,10010.338888667433
97546,14453.963748690425
97547,8791.691432576186
97548,15737.706444174506
97549,18280.918736765798
97550,10501.583307899096
97551,21586.95556664352
97552,9196.612467116654
97553,18962.30651856427
97554,4556.6760333838765
97555,12764.433406331247
97556,13969.097000759113
97557,11073.665503976752
97558,18565.045542050164
97559,14245.35249511971
97560,5989.619927530814
97561,19610.837661274847
97562,12793.231361724176
97563,19066.203476754672
97564,15155.95413449137
97565,25140.320403879665
97566,8153.207826741653
97567,7991.082824658166
97568,15116.331766333524
97569,14097.835758960173
97570,8104.517733471708
97571,25649.431218658174
97572,10593.038279901664
97573,12311.789036962618
97574,7810.505246651431
97575,10271.699799389351
97576,11242.418137374398
97577,7709.015678871843
97578,8376.50916727292
97579,8719.91704128169
97580,24569.593208537444
97581,21342.1038981327
97582,21552.778086697137
97583,9572.54559995413
97584,7333.54992495496
97585,24981.49402871743
97586,19792.33813108731
97587,10373.179483963208
97588,8623.185231217294
97589,26099.53557373391
97590,14036.670648847436
97591,18551.043090049592
97592,18517.60756342852
97593,20737.876879046715
97594,12676.028991781925
97595,7465.041595668743
97596,22941.92257874008
97597,9846.858586095883
97598,21790.69487193247
97599,9449.637152802603
97600,18160.74590192313
97601,10536.338259961158
97602,21717.62285824203
97603,14087.696904375543
97604,10596.124276877896
97605,15784.094546823939
97606,6360.059445025448
97607,18209.58585177
97608,11102.734566155437
97609,6549.544821345108
97610,28818.566834982747
97611,16982.96864051
97612,11595.778059958218
97613,13809.325090560858
97614,8671.080052203066
97615,13269.154073760998
97616,13015.625364736237
97617,13243.118987872598
97618,8622.056988811744
97619,30947.92242361674
97620,6521.434869667817
97621,20949.17376699392
97622,19497.384864467913
97623,8729.71984286865
97624,11814.586867821796
97625,11015.709509095437
97626,6611.792635372636
97627,20867.352794516155
97628,19724.549093018857
97629,25650.549335598414
97630,18543.221725043866
97631,13916.173346356149
97632,10271.124916207264
97633,11442.77140070768
97634,13105.493662113115
97635,27079.15666830652
97636,13601.267698902271
97637,11276.83436780458
97638,7681.68309657818
97639,12270.267772282705
97640,32871.36937259771
97641,6112.064824829141
97642,17897.138003404136
97643,7729.408934599627
97644,6801.069321754817
97645,12510.976573551392
97646,15693.817177535173
97647,8013.110153481419
97648,6932.312243927478
97649,11047.647609110585
97650,16943.892646648248
97651,7868.9211491122505
97652,20394.843366907116
97653,15534.238306773274
97654,6385.488506742116
97655,15854.71281789972
97656,16223.163966060527
97657,29200.67840103
97658,11235.288778335113
97659,7043.9262066409365
97660,9239.28908889598
97661,10944.363551513163
97662,8865.809397211957
97663,18649.06199097653
97664,28900.086410243544
97665,7832.12626670805
97666,12315.866838986865
97667,11411.017957637845
97668,19834.884732470982
97669,22900.24902438672
97670,20490.49790294238
97671,12407.398534200618
97672,22690.867947375682
97673,12371.96486501527
97674,9423.790723040338
97675,9046.673072661468
97676,6885.14895242124
97677,14482.210143928127
97678,7621.640513127622
97679,11859.333709424398
97680,11879.838024661229
97681,6245.489915820348
97682,22284.948816191194
97683,13364.399105921315
97684,10058.04388825569
97685,7286.099684915775
97686,14185.16332410904
97687,10718.14885921682
97688,6745.207462222778
97689,8539.742088966601
97690,18307.75116135083
97691,17566.720424391497
97692,19705.032507770913
97693,15196.352063435557
97694,12801.923244491914
97695,11342.657926339942
97696,9100.779030488939
97697,13920.729074105408
97698,6545.057209361992
97699,6616.538435714867
97700,22346.712755866687
97701,16281.415594488682
97702,7224.687869027873
97703,12797.915317942347
97704,7589.431330977891
97705,25174.941708312854
97706,17265.441331537768
97707,6361.317316203381
97708,12818.693228626433
97709,9626.537898938463
97710,16497.901427463872
97711,9820.766910254579
97712,14724.904636936199
97713,13559.060558764279
97714,16624.050513283517
97715,8901.093633472658
97716,15017.5106783422
97717,21917.702305090184
97718,9198.531190606564
97719,23836.111302770536
97720,8063.378290312153
97721,16670.097235275545
97722,16368.7361172745
97723,7868.185062437887
97724,10262.203527280573
97725,26557.40763109027
97726,3399.45993944097
97727,8883.636412653901
97728,13480.952377494023
97729,12339.887909705318
97730,11083.302063548346
97731,17835.805634459462
97732,12956.76572555422
97733,20660.494387547606
97734,12434.317458511889
97735,12343.583320632755
97736,8493.530970561213
97737,19461.568484683106
97738,6624.574327057039
97739,11542.570180703986
97740,26687.79081195456
97741,17716.79566113021
97742,8970.84943972438
97743,13073.597329825514
97744,16930.29216403085
97745,17890.598571818038
97746,7730.591735258241
97747,6093.956984311577
97748,13329.133186008656
97749,12565.930242298362
97750,32168.992280487295
97751,6671.1252736431525
97752,6939.998750538834
97753,9800.142429783888
97754,16384.66740194736
97755,11930.229453004618
97756,11170.376738878913
97757,15162.84869188975
97758,9557.72295430165
97759,18350.44863198466
97760,16915.829588665587
97761,19586.712482130697
97762,9255.294888382585
97763,7010.557553121004
97764,13028.220430174806
97765,10748.65748873118
97766,20033.809068862716
97767,26598.48491002867
97768,18985.255518871996
97769,7919.648563308572
97770,10014.304042352132
97771,8783.11527517761
97772,16926.754770382886
97773,25575.8812163735
97774,22448.3989668115
97775,10650.592312225632
97776,13562.163949513517
97777,25674.978263799847
97778,10099.58773994447
97779,9010.508311139236
97780,27262.557626208283
97781,10081.149021144287
97782,19975.17076793763
97783,7167.062901907705
97784,19120.282836524544
97785,8463.85498077929
97786,16882.116776457762
97787,20358.36084370022
97788,9588.319879743125
97789,11644.508654051457
97790,13178.945823586986
97791,13052.6564371934
97792,17463.062555259592
97793,12272.66832565966
97794,5453.879624468707
97795,14127.168081782584
97796,10644.9014850836
97797,12837.125279044749
97798,9160.949859173796
97799,13586.330794644646
97800,9908.980890418046
97801,8703.951167851656
97802,11047.60035832695
97803,7277.556503473529
97804,18100.970765286336
97805,7018.071287605947
97806,22993.71880265069
97807,12219.576306660309
97808,13549.59368868827
97809,8861.049331538034
97810,9749.52990589981
97811,26479.753027364826
97812,30869.67472475389
97813,12671.704312600514
97814,15234.863143478418
97815,7490.766178216205
97816,15392.990098339142
97817,22683.525647218918
97818,13187.979292562293
97819,3601.8118529990193
97820,18261.62400102935
97821,14249.8795641916
97822,9886.649084627741
97823,19177.985647154506
97824,9807.195866294254
97825,17100.231262180423
97826,29829.081749012992
97827,15993.945921600003
97828,13235.48391120516
97829,22545.250078335193
97830,9430.596205109392
97831,14965.623068136683
97832,14414.789707035065
97833,21223.152659949956
97834,10344.042127996589
97835,9381.653714585824
97836,4409.007919580744
97837,13593.368597492648
97838,13718.889969481712
97839,26835.663121913687
97840,12809.677504087787
97841,16376.351788938791
97842,6408.256076737057
97843,8588.935873024371
97844,19071.79418058371
97845,9492.538872022944
97846,25120.23791747708
97847,22268.063194931216
97848,14605.867107065382
97849,8759.372695888489
97850,14476.062768732534
97851,14643.711120184074
97852,10470.915013361644
97853,8264.954977938463
97854,28876.109465470174
97855,27706.75818710659
97856,11669.828763316349
97857,9667.516770668843
97858,14397.303347446243
97859,12255.962794970012
97860,9292.701150340848
97861,6490.075701221448
97862,8988.03068170087
97863,9218.477168482617
97864,13776.92598018094
97865,14172.601497992368
97866,24947.26055934694
97867,17665.23380548537
97868,27177.98225971363
97869,13938.639525874964
97870,9644.971796499152
97871,6617.4338503682575
97872,7601.212598295716
97873,12751.088338900669
97874,12481.572177288244
97875,21458.190049975532
97876,11059.66316833235
97877,12944.1307473519
97878,13530.643405541592
97879,14922.603382138708
97880,32930.70719088393
97881,3681.9038492598206
97882,12125.495239659618
97883,11583.284183689952
97884,9718.901150154063
97885,11262.9611050533
97886,11837.3834532542
97887,11933.324975816384
97888,20101.454275395
97889,11248.990937730272
97890,12398.425714522815
97891,12187.75767859508
97892,9997.202710164776
97893,14529.59601527332
97894,7303.620656876407
97895,13549.70796688079
97896,14257.473780994833
97897,13351.224273051455
97898,11862.864806176707
97899,8740.160338677892
97900,7632.022487039897
97901,8037.011542279349
97902,20531.76785756539
97903,11393.476837273478
97904,18786.406636237905
97905,9280.845135472848
97906,18006.71590376999
97907,7494.8271796616755
97908,11944.837670202574
97909,19715.521057352726
97910,8163.051715631958
97911,11772.066361628044
97912,5515.215920844218
97913,19319.70562306304
97914,10425.224836926902
97915,15540.629204852114
97916,5868.471130132862
97917,12102.27962425511
97918,23694.31126371249
97919,8216.478042744246
97920,8706.88474247304
97921,13507.325427330128
97922,12889.528002735591
97923,12494.122059429517
97924,11941.110885154445
97925,3727.1450130567428
97926,9982.641553902544
97927,6527.655492450588
97928,7013.1900552593115
97929,19674.610238301197
97930,6865.004283251696
97931,10772.414688773826
97932,12126.19955947273
97933,24320.805058885122
97934,20649.11508360081
97935,9570.002152438663
97936,13666.880703082834
97937,8680.292654485884
97938,6335.336594920848
97939,16659.083575501638
97940,9864.44321966527
97941,10332.196038729977
97942,24853.745834450077
97943,22781.14838475034
97944,22517.044891946447
97945,9174.420766194818
97946,20192.81280578354
97947,10299.561969693214
97948,8408.396559927536
97949,9037.816176626817
97950,17986.99574565887
97951,16437.97477843978
97952,13276.571960124213
97953,7238.511223864234
97954,5774.1804835165285
97955,12075.124961688203
97956,8041.06001896363
97957,10116.9780114514
97958,21102.094876373863
97959,17860.628094871263
97960,7081.2664010954395
97961,12562.550322059964
97962,14207.8955925993
97963,6128.690126590237
97964,12527.849567060552
97965,14146.332618783677
97966,16901.643091492482
97967,15733.272307514932
97968,6942.974009228338
97969,24388.996360225792
97970,6842.394684291954
97971,51225.95418825559
97972,9065.180413272301
97973,8763.260078536316
97974,7610.863430695532
97975,7697.52593858415
97976,11975.380584745093
97977,11495.659870594242
97978,10175.433839059004
97979,11912.82626140589
97980,20061.320509743404
97981,8901.773019205817
97982,17463.30465798184
97983,11065.759353566697
97984,28201.082345753333
97985,6104.392470535348
97986,16793.56490362019
97987,11889.141122308498
97988,10392.368161665521
97989,16671.807281312827
97990,7165.461799329948
97991,8813.825660569413
97992,6897.849015462293
97993,9286.482695724337
97994,9268.129226095069
97995,13575.873534584833
97996,24175.059754798716
97997,14244.085103065701
97998,9190.592708806367
97999,10267.208833162964
98000,11320.912743132181
98001,17956.945752773267
98002,9391.25560850355
98003,20377.619525918868
98004,21905.38782820932
98005,13088.794172238066
98006,8335.503503430353
98007,14837.234242348766
98008,13770.618496423609
98009,11946.62550113696
98010,7924.733930546978
98011,8738.345227427128
98012,9518.544771542642
98013,6160.910617239276
98014,5995.541603697702
98015,7809.621187629984
98016,14228.419837454183
98017,21837.771782928245
98018,5847.016451765109
98019,9592.406944529781
98020,19061.211684722395
98021,24905.341907603328
98022,21281.505122454084
98023,32202.386910567395
98024,9754.9850048295
98025,17665.5139722496
98026,10047.203224649216
98027,1932.771722492174
98028,9088.653318804747
98029,8030.965311267808
98030,22829.51631972017
98031,14852.61110651511
98032,7780.156536298447
98033,5961.4268989557395
98034,14881.130563351537
98035,11083.7474178519
98036,12325.121020717752
98037,21158.122365586973
98038,25150.99021594819
98039,14337.899857113996
98040,9042.1761855502
98041,5953.194747174074
98042,18381.966839477256
98043,13999.526957156333
98044,8042.106358330757
98045,18073.23896499523
98046,14948.637978758448
98047,11951.06813565379
98048,15308.588155914102
98049,12648.322928385602
98050,12763.338345887447
98051,15952.507950832129
98052,6818.095069616615
98053,12003.671287796633
98054,8951.503281555224
98055,11609.681005871862
98056,25759.19011507552
98057,17564.1978634426
98058,6840.666257640155
98059,9196.606243968443
98060,11323.604768166875
98061,8480.007603530903
98062,12941.519996804249
98063,11610.256757408337
98064,7606.757806747029
98065,9137.021600673927
98066,4759.250742974589
98067,5363.856502615993
98068,13832.872186708422
98069,22631.83741365252
98070,8786.882331697858
98071,22193.493450862505
98072,7166.962773310357
98073,10715.459487798926
98074,19489.554636921384
98075,21837.771782928245
98076,6602.791030033753
98077,11244.939016133369
98078,29313.684435695966
98079,13659.557782650993
98080,7561.023626837136
98081,10074.893089527168
98082,8853.36630477394
98083,22331.930629914106
98084,12810.880750342163
98085,9839.21439305601
98086,11346.732809133118
98087,6927.617124226971
98088,27268.484192615764
98089,9008.176072719887
98090,2845.312447989781
98091,17953.03348132512
98092,8825.001841094287
98093,14271.178043359892
98094,21631.829760729976
98095,6547.0799418837405
98096,6857.3937854136275
98097,9703.351405397852
98098,11882.85151306011
98099,9997.202710164776
98100,20212.442314882024
98101,18734.201161622434
98102,10333.1417063964
98103,7287.860046504122
98104,12068.25593962284
98105,12897.335246165683
98106,6674.7959113709385
98107,8562.353841950217
98108,13393.93950596887
98109,24715.377595257116
98110,10927.995404889938
98111,7762.408359372875
98112,10952.57650857887
98113,8519.502937569909
98114,12581.864020811781
98115,11146.293510715395
98116,7441.553062006827
98117,21637.948209358805
98118,8797.52603805108
98119,13952.25310397152
98120,10788.646954107076
98121,8523.965339654866
98122,13675.32673517403
98123,15282.46430374349
98124,7154.006846944214
98125,6490.790172242647
98126,19481.72091065822
98127,10103.843521579558
98128,24325.86324277997
98129,11961.198407115571
98130,14537.629947271824
98131,11933.1892881327
98132,10900.48088868037
98133,12941.832977722133
98134,11069.497495961523
98135,11934.995046956343
98136,13865.966599107322
98137,10376.342942983056
98138,11380.627457061933
98139,21922.058159729462
98140,10101.304219436413
98141,14434.372675599872
98142,3556.437771799911
98143,10488.951400354323
98144,17918.542343656845
98145,15760.129030225915
98146,8998.37385837738
98147,8852.692598780865
98148,12913.972858878855
98149,1544.968151960688
98150,7854.784167554689
98151,6398.362509656986
98152,11750.200592180521
98153,7212.330314432145
98154,8419.31453127489
98155,6936.730785391875
98156,12048.700998034392
98157,12963.550606623096
98158,15014.996336344584
98159,6827.344742015884
98160,18564.293798227987
98161,8595.015724183657
98162,7243.923280049209
98163,9251.031845310654
98164,4809.119297260608
98165,10056.255270538308
98166,19999.19570845399
98167,15555.150075835283
98168,18756.27521574298
98169,16930.280711461855
98170,7083.998879604477
98171,18286.887303556887
98172,7840.739949747298
98173,16059.409971796144
98174,13072.648816254927
98175,11571.5840730277
98176,5843.713540813572
98177,9209.371686588654
98178,7655.513865984592
98179,20942.06513377473
98180,12907.520359388165
98181,11912.82626140589
98182,2516.3097359338976
98183,5373.927965411807
98184,5871.863902680182
98185,10544.335536625305
98186,5475.799203690841
98187,12003.671287796633
98188,12534.955465184814
98189,8949.338211118213
98190,6502.937087903511
98191,12763.159887384074
98192,12402.25006881052
98193,48304.314930528584
98194,11161.629677865702
98195,6690.014493066338
98196,10017.950441127994
98197,18774.37713416188
98198,10985.155245956374
98199,7932.095192280315
98200,10251.060653678744
98201,35212.72092990218
98202,10406.674040892824
98203,7080.501194626955
98204,9228.416003816197
98205,3934.208119833102
98206,11912.82626140589
98207,8823.01025074421
98208,16066.572817164964
98209,13534.216039617053
98210,13376.401522609223
98211,12908.513194604522
98212,6508.617415549594
98213,17597.787021817134
98214,10958.597698359368
98215,10513.54196046085
98216,9703.378746058645
98217,14479.180949500955
98218,16486.343447530347
98219,11823.8114138225
98220,21966.632782879846
98221,9720.657465336268
98222,6619.471479571716
98223,3926.486796491048
98224,20058.071833349204
98225,9188.128397360246
98226,12735.602811775829
98227,17761.772244129694
98228,7783.836526757361
98229,11357.307236575409
98230,11588.160288890147
98231,24118.369472172402
98232,9644.836061716804
98233,9337.517767086672
98234,14982.404017715293
98235,22619.07438853999
98236,20853.484065069657
98237,9590.229390617451
98238,9259.499456541032
98239,8915.015681160185
98240,7876.09286031299
98241,12651.03160518771
98242,15744.749691265124
98243,17653.708119245453
98244,6329.885759552265
98245,23840.45668548033
98246,7166.678750170157
98247,9523.469625408165
98248,7179.447650712614
98249,15320.702253272677
98250,14163.638306427954
98251,18266.63752634753
98252,8836.105792772916
98253,10216.30064955875
98254,7213.556792380964
98255,10435.739372176893
98256,12911.97882765901
98257,8778.876102782737
98258,5983.084372883619
98259,9494.436311844971
98260,9893.52956421509
98261,22694.484965958145
98262,22156.117087837712
98263,20205.520026188948
98264,11436.670739623743
98265,4864.366182731545
98266,11690.143034684264
98267,19396.830906265623
98268,10333.150250753866
98269,9139.11208843367
98270,10389.829543529257
98271,7312.003191916867
98272,13602.863437247779
98273,9197.305612878083
98274,2895.5535599099703
98275,8942.760242565282
98276,9455.155470012907
98277,3223.475676119109
98278,11387.354736040148
98279,20726.8269415465
98280,9058.438094508128
98281,20306.559408001194
98282,10474.1424599495
98283,6973.958548785464
98284,20488.51622095263
98285,20518.09621509897
98286,6231.979078984879
98287,10149.843593751079
98288,12728.914617483952
98289,26451.973898960467
98290,12404.872349046218
98291,11442.632417852152
98292,7222.4601787926
98293,8821.417868926364
98294,8322.247580031779
98295,12688.86355478354
98296,9717.855663112598
98297,9281.132891143285
98298,12039.047558051612
98299,18815.57076989067
98300,16936.96448948173
98301,31659.601318858196
98302,7496.774203173845
98303,24300.809125898064
98304,20171.516275517894
98305,13364.491662568415
98306,8542.73101545281
98307,6960.723398786396
98308,17207.819922823615
98309,8610.390449118058
98310,17093.44350764898
98311,12919.187183217125
98312,6682.278708176545
98313,7509.1925794353865
98314,10396.893208068848
98315,4855.856135594996
98316,9202.586753316038
98317,20351.51180781359
98318,10637.070708998068
98319,12560.762792568186
98320,14273.104187226056
98321,8677.69009707915
98322,31731.596803545355
98323,11136.709978849054
98324,7622.340786493639
98325,6942.985628780591
98326,51004.61650983298
98327,10952.570902952055
98328,8996.418430053693
98329,5927.907328247962
98330,6452.169798101592
98331,7551.8100698004155
98332,7969.754193798069
98333,11887.689024217232
98334,40784.70787892237
98335,8982.271676801827
98336,9175.143988308619
98337,9487.149958333659
98338,7739.015452058862
98339,7828.606808995287
98340,12357.416753545254
98341,10173.360111538672
98342,18351.498201391452
98343,12680.221380437379
98344,3578.2851287660483
98345,7913.077885888641
98346,10081.243847145979
98347,6702.116147955543
98348,14400.803143589721
98349,11557.668947568269
98350,12018.962134151654
98351,8656.195001622127
98352,10751.792648194236
98353,14918.924890242035
98354,13460.877189827215
98355,6051.00515630191
98356,10778.889839237274
98357,9723.058895613805
98358,6335.318270948235
98359,11952.978017625572
98360,6935.152896749374
98361,12921.66453074754
98362,2809.0574308754267
98363,11022.772562416681
98364,10237.087038517711
98365,9116.041433650305
98366,10464.051570910084
98367,16131.880598989854
98368,7062.088690559562
98369,8784.081421111478
98370,17894.598433125935
98371,13715.639730655697
98372,4020.5471525228645
98373,7794.4514815792345
98374,22855.67086977859
98375,20943.994954631962
98376,15760.094327235725
98377,10089.428265150065
98378,7818.6785686936455
98379,6570.3511083320545
98380,10502.924055761017
98381,19011.425813219998
98382,9952.632301642581
98383,50418.481902867476
98384,8099.971233296323
98385,15140.699789615739
98386,16372.218138366554
98387,20349.0182435332
98388,14899.253726887122
98389,6526.331899896232
98390,15282.186889324583
98391,6304.152446539539
98392,9237.974700778725
98393,7380.262962774162
98394,19693.24950197987
98395,22904.59291514848
98396,7327.477618331947
98397,20393.843641670617
98398,7655.097121220675
98399,22391.637206841915
98400,9771.524090192084
98401,8204.247425100288
98402,7127.403359848991
98403,9164.142514586385
98404,9986.75713765899
98405,19053.04609927897
98406,18402.40446429331
98407,3657.939925938994
98408,4011.799447246564
98409,7563.599006148764
98410,17732.98234290799
98411,8010.1974217399165
98412,8823.01025074421
98413,18285.079683760265
98414,7650.234673796289
98415,12212.330505498034
98416,8328.153473407678
98417,7888.193262052081
98418,6322.684144993995
98419,10420.67073030874
98420,8517.886247506221
98421,13473.912823069382
98422,7330.400367026967
98423,12966.00777177641
98424,9076.573863416354
98425,14029.796051391166
98426,8410.837280695248
98427,9139.12396020256
98428,17719.859389115838
98429,13297.827402811536
98430,10346.31218443158
98431,9425.27252972864
98432,12599.137886597893
98433,20061.51056421546
98434,11829.39358181728
98435,13453.99876439975
98436,22329.45928261435
98437,9572.356821525562
98438,7603.360409268265
98439,8891.250026762587
98440,15362.294505509375
98441,12128.928039428358
98442,21853.97168369763
98443,19208.377959844674
98444,22927.617308046574
98445,11926.849687605205
98446,9255.92699380854
98447,7064.8840432588995
98448,20069.412850075307
98449,14046.048477326865
98450,9788.506635063433
98451,8664.188141290862
98452,23342.620709475348
98453,8062.584256359809
98454,9742.902268421536
98455,12030.405739895552
98456,24424.15115799807
98457,11507.918396223104
98458,12593.67509867488
98459,9243.907007476246
98460,8946.97198597175
98461,24011.098717009176
98462,11042.1510365017
98463,22119.256158655895
98464,14311.971704758698
98465,9141.473411223511
98466,15714.839619644394
98467,7832.87548744462
98468,9286.514356538453
98469,19052.112055106965
98470,10889.302931441183
98471,19093.39180188541
98472,11263.06119384062
98473,11773.788313455092
98474,6135.789625971736
98475,7223.6616189999495
98476,8044.111925796772
98477,10116.033647940867
98478,9169.65402505356
98479,6723.0128766605285
98480,10725.731878589917
98481,5905.652797700945
98482,9631.590423059495
98483,23757.33786758848
98484,24452.14758869416
98485,9455.370256601353
98486,9727.120828034502
98487,13054.714838087106
98488,9707.473775409348
98489,11387.514695575257
98490,9813.884656043942
98491,21947.605124555284
98492,6214.532726891015
98493,14020.229348622328
98494,9119.70701075628
98495,11185.432741509352
98496,8141.375590918861
98497,15360.587642036424
98498,7750.703753693834
98499,9494.888566558267
98500,7859.284164091167
98501,9162.690557277556
98502,5562.04611306877
98503,7731.597064083389
98504,22619.07438853999
98505,22820.771657952293
98506,7418.469143178205
98507,8011.05688448304
98508,10265.793003502662
98509,6542.173190315652
98510,10895.91974352611
98511,17220.71778895911
98512,6914.017330337396
98513,17029.42293603341
98514,11558.418402668378
98515,22728.86434050946
98516,15816.108243386525
98517,20309.67209187685
98518,14272.372926765467
98519,7077.8894052493715
98520,12804.52840631671
98521,10915.516612755855
98522,10115.80755080183
98523,23529.79303652605
98524,9035.478303736047
98525,6717.935629201587
98526,14337.899857113996
98527,9798.423610745733
98528,8679.607745466903
98529,20930.678744772777
98530,8804.375123893124
98531,12642.110947478395
98532,12590.252992100597
98533,13627.154419332854
98534,10465.814418834216
98535,4503.180910613674
98536,6459.544304283555
98537,15975.34594757918
98538,8684.639533504032
98539,17808.024223182965
98540,6667.392527368401
98541,27044.92293437343
98542,9094.487605508439
98543,14854.042427296856
98544,11640.750029452744
98545,10147.003181482702
98546,7966.483162957592
98547,18449.959052912476
98548,3244.354382307668
98549,4732.190687279925
98550,12226.87208117916
98551,25844.11214486404
98552,13964.862690867716
98553,9897.240415728598
98554,2220.8502618153816
98555,19513.069412191773
98556,12469.343961117762
98557,9003.811037638276
98558,9407.690188895884
98559,10027.766951123716
98560,2414.0815844981885
98561,19636.994145525838
98562,9306.890942136764
98563,14136.682291520881
98564,7566.260343867907
98565,10580.789823306617
98566,18840.04466336606
98567,7664.240189630843
98568,7364.798052263516
98569,18987.803886047965
98570,12656.796313066206
98571,10008.205328890394
98572,31052.975311955655
98573,7531.887854389104
98574,24657.111255889402
98575,10729.926208856008
98576,8803.460412501625
98577,9416.45568778902
98578,13317.646746249051
98579,8267.82296354917
98580,6097.41484883936
98581,9284.247660064322
98582,7826.803144149262
98583,12981.789449464415
98584,21363.38426522065
98585,7458.556057175437
98586,12071.249904539363
98587,5994.865330855107
98588,7613.8548012585225
98589,20608.160798309716
98590,12805.337429309413
98591,9435.765852239698
98592,24002.56456569222
98593,10115.80755080183
98594,9937.712131620454
98595,13295.171956265423
98596,7780.581640395219
98597,5896.933878191023
98598,19685.734021172993
98599,22623.401479743257
98600,3513.082108643636
98601,10994.90654303452
98602,14050.878529673808
98603,14931.434211963086
98604,8816.695610637295
98605,26435.443858378443
98606,15111.027258075988
98607,6719.261387887051
98608,7535.07441826579
98609,14912.507255992421
98610,9751.201287682434
98611,4511.34305205814
98612,11572.732156188293
98613,6101.835187339863
98614,9085.363145655681
98615,10090.94858608101
98616,8241.255371362127
98617,9764.14678692135
98618,22198.71879472243
98619,17799.944279020674
98620,7769.096883938506
98621,8593.288610527467
98622,11661.653915740373
98623,10424.92189630111
98624,5685.245488166856
98625,6841.822867569532
98626,8217.028580308724
98627,18475.952332532495
98628,11510.879684639502
98629,15609.116437692994
98630,6087.389670934123
98631,15070.454801994596
98632,24736.797055670395
98633,8247.205739769704
98634,8809.167610068378
98635,13907.778804613556
98636,11813.304942083152
98637,10669.511995573584
98638,9450.188476896166
98639,7461.750708946227
98640,9506.411053469057
98641,21926.333094280577
98642,15779.180414800318
98643,13521.170309310968
98644,8666.453126361235
98645,21943.12894637736
98646,13045.463662810636
98647,8556.63080141563
98648,9308.555293055422
98649,9838.021723326996
98650,5566.804385017597
98651,6978.44447660207
98652,13766.7675621853
98653,7302.730516742343
98654,7498.00254193524
98655,11176.775084303197
98656,16003.530522268193
98657,9233.350140031871
98658,7209.663880543522
98659,8068.26953807447
98660,10794.254274212299
98661,9503.073909308452
98662,12877.316291228946
98663,10451.494338683931
98664,21597.866601699443
98665,12567.751359960072
98666,9107.732931331113
98667,10524.111934712872
98668,19063.962961169153
98669,9022.617540132609
98670,14069.717529495469
98671,16256.653399706318
98672,5973.609681781599
98673,9738.617279411821
98674,13268.487131185851
98675,22966.08387318557
98676,11808.871319607922
98677,26068.96228159176
98678,9538.45442804843
98679,7312.919596175342
98680,52005.205422481005
98681,10350.888218347716
98682,10689.400653218128
98683,11978.961310990235
98684,20864.7427859738
98685,10660.640006864693
98686,25207.25346642589
98687,7882.229204053937
98688,8942.487478944875
98689,11958.282559558706
98690,9149.966785593851
98691,7585.4273612701845
98692,20365.454156225005
98693,8364.742855471903
98694,14137.733420745042
98695,15638.226631956424
98696,13440.436483115089
98697,15566.982999898972
98698,11933.1892881327
98699,12200.119271528027
98700,16917.941914221083
98701,19093.39180188541
98702,9549.576563299597
98703,9067.484733167448
98704,22159.685027069976
98705,9600.50575856977
98706,18229.458618847086
98707,24022.00745243805
98708,11409.40727176359
98709,9163.39045292085
98710,9246.074483852684
98711,14809.528285398173
98712,21554.470120976843
98713,9689.247849508438
98714,10322.499010755559
98715,7603.360409268265
98716,10025.792267037568
98717,18153.429595150617
98718,14317.365179971503
98719,10552.000482733754
98720,8587.298622754142
98721,18740.805231260598
98722,4250.255930533329
98723,9035.329388854345
98724,14914.261239703681
98725,25436.905051665748
98726,12051.284498140785
98727,10722.208897128774
98728,9985.009908106395
98729,21760.805639341364
98730,13332.655964457756
98731,7864.67013951997
98732,13789.925565166031
98733,14552.837800424479
98734,6512.615120738899
98735,13890.759565385059
98736,14367.723659078645
98737,22441.789945215944
98738,12519.16040006841
98739,7339.0579620209255
98740,7330.05575429761
98741,22728.86434050946
98742,12150.14412628104
98743,10957.117554231623
98744,13696.965063737765
98745,19181.481919947288
98746,12078.36790829998
98747,9859.903077838413
98748,21548.465796811346
98749,14375.405199729648
98750,9885.097868751678
98751,25180.739950683932
98752,23739.973659066753
98753,7889.871896510101
98754,24782.27004816553
98755,8296.277533333272
98756,9920.220182538
98757,18823.49457674074
98758,14131.443530547405
98759,9143.428787880552
98760,13268.925311970357
98761,2265.629786168244
98762,6970.082230796972
98763,4870.070398042819
98764,9419.323945290515
98765,4878.303554320856
98766,17447.888274086697
98767,8408.458310813514
98768,3608.011507328494
98769,12708.087968387485
98770,25361.284290004864
98771,21976.465729451742
98772,9950.138532243414
98773,6015.126031259011
98774,11919.93696481655
98775,7740.705337355348
98776,7485.39063805488
98777,15335.548309098447
98778,18559.966620213352
98779,17356.371285551297
98780,20704.858075881104
98781,24734.589722624645
98782,9159.626277281768
98783,11781.299019492473
98784,9205.084452876476
98785,7436.239140204557
98786,1719.7858473660533
98787,10508.163586700983
98788,14079.973997194686
98789,13929.221367384911
98790,13782.908590216683
98791,11991.466424856966
98792,12171.765286140513
98793,8389.841133849219
98794,8408.458310813514
98795,13870.901584682215
98796,12230.760705273118
98797,7580.237246231083
98798,16851.984241008726
98799,3080.020472300133
98800,16417.811259204685
98801,15239.117910523268
98802,20517.27066265122
98803,10981.85111457949
98804,13644.421074357655
98805,9454.015947474347
98806,6948.301972273466
98807,9466.735868413049
98808,22126.27190865505
98809,14427.32910352358
98810,22502.821717999002
98811,29184.349792395627
98812,12311.62607270231
98813,12272.829669101924
98814,3121.723880904015
98815,10383.544715415883
98816,6727.3179183416005
98817,13304.306294957973
98818,24889.482679205277
98819,16807.561398576174
98820,19577.69276471509
98821,11503.890251514049
98822,11008.898985566891
98823,15177.206425655973
98824,7142.335506920717
98825,5630.106826277729
98826,9326.941107145847
98827,11853.56564598344
98828,22158.791188722782
98829,13693.402799711032
98830,30969.417109830258
98831,7436.239140204557
98832,19577.69276471509
98833,7172.3634105497185
98834,22742.811364018202
98835,25222.725690520325
98836,10118.429696256813
98837,6394.319397247351
98838,2289.699302429429
98839,21029.413832132544
98840,21410.99330733744
98841,9983.069622290923
98842,10017.249726234031
98843,10734.375356637544
98844,7616.823649468311
98845,18027.284135094455
98846,24394.88030828334
98847,10827.219745749311
98848,11941.89671221022
98849,8362.588718507785
98850,14083.077250374192
98851,17892.39158805227
98852,22932.123239933208
98853,24750.268077527046
98854,49662.441696677844
98855,10077.490694829077
98856,15129.947575965307
98857,26431.63214667301
98858,9917.847435150532
98859,22559.369054707164
98860,11925.184496960848
98861,20128.672547524184
98862,6981.384923165169
98863,9754.25776944097
98864,12105.567921769085
98865,24461.95529549354
98866,11978.961310990235
98867,8088.572981004701
98868,5945.765227789518
98869,12430.278291002216
98870,6903.630233352408
98871,10159.570887998376
98872,12891.747092033005
98873,8063.9044226691
98874,5875.476412345492
98875,27158.723490094235
98876,4707.146171976
98877,21771.63218108547
98878,12550.313620077804
98879,12291.778413304424
98880,8812.37851409185
98881,7225.875628522684
98882,22407.852551862423
98883,7562.796012115647
98884,8770.272470214602
98885,7751.695798097428
98886,22010.460910508085
98887,7129.284012162911
98888,10465.89623426663
98889,8326.164130559235
98890,17740.852490460224
98891,20790.248981222103
98892,14081.038117348742
98893,9078.348684313902
98894,7593.108637749801
98895,2996.594653696169
98896,6087.207359668983
98897,8107.591682068982
98898,7452.2150306518115
98899,13257.874756187834
98900,21278.72425203721
98901,10098.811879711466
98902,11616.097982105674
98903,10903.930921494883
98904,10726.875704627633
98905,13007.64553345487
98906,6813.053057825613
98907,24690.993203456248
98908,9137.498252466572
98909,21152.043785240716
98910,7542.831966210039
98911,50754.29472373612
98912,18458.69849240015
98913,6878.541563612334
98914,8390.403523205012
98915,12723.11024101763
98916,8341.850416796402
98917,24734.509862555737
98918,17426.976361093646
98919,11815.503558627279
98920,10606.332560237932
98921,14374.771407815962
98922,6945.073001773223
98923,9448.804693145386
98924,6689.977523028408
98925,14067.414552680792
98926,10149.843593751079
98927,8773.17031237522
98928,21776.648114084863
98929,9067.214052610847
98930,7408.552355464979
98931,6844.282934411976
98932,25211.357470263487
98933,10975.78736012239
98934,16286.770839107407
98935,17565.272725414034
98936,10445.531159222106
98937,6348.663091643379
98938,12876.870102254055
98939,18473.959269096955
98940,9722.320596203073
98941,14102.065640391687
98942,20868.45917293382
98943,11711.120930610561
98944,11467.715855685768
98945,5848.309610332719
98946,11900.335776212845
98947,19217.189066333867
98948,18561.747663357248
98949,12761.833886188264
98950,7254.682260627715
98951,25355.55421312138
98952,10367.488314130147
98953,6930.280925068623
98954,9119.827318029595
98955,16280.260763219796
98956,20296.768777723402
98957,7054.141356638342
98958,7554.112068446612
98959,6369.098485577879
98960,11064.597054906275
98961,9224.962444000188
98962,5102.614093487556
98963,2413.4382634158887
98964,6693.096472143694
98965,9112.676890043014
98966,12726.517788692889
98967,8932.851649394832
98968,17179.935014249528
98969,7287.718266729764
98970,10544.335536625305
98971,8231.62066462045
98972,19819.172622985872
98973,17469.181528517584
98974,11330.845666370371
98975,22766.2496262946
98976,11064.479296974818
98977,32608.878461265846
98978,18936.071707127023
98979,13158.616163817076
98980,21192.340909194532
98981,20455.487607650244
98982,12054.954982291016
98983,9924.752306415157
98984,25337.908449105704
98985,19777.759229587726
98986,9160.309275889938
98987,20020.238845490738
98988,17673.659650271344
98989,6988.347346548555
98990,9574.69907079297
98991,10137.377205169343
98992,8051.425698812433
98993,20494.741390088948
98994,9649.320148460876
98995,24638.351058290988
98996,9332.267325053634
98997,16787.702613402915
98998,7610.214066707306
98999,8880.305126841084
99000,12950.322194062763
99001,10103.843521579558
99002,10973.44239105004
99003,8059.433205973198
99004,12074.692177679406
99005,13680.26502010326
99006,27093.73040347961
99007,22737.277576503235
99008,7889.871896510101
99009,32601.63140532034
99010,8743.764758188983
99011,12592.886616826347
99012,13791.410086814261
99013,8803.202209739851
99014,27125.799174518033
99015,20732.834620681253
99016,13993.213392406808
99017,5295.655643083392
99018,10629.953546024499
99019,8998.37385837738
99020,7075.216303326965
99021,25819.354450172326
99022,11389.427131280961
99023,23926.085078078766
99024,8579.165162554551
99025,6282.323509731366
99026,15852.597407429601
99027,16306.292037671883
99028,9403.182948912923
99029,15753.45855085313
99030,8565.009674561938
99031,25268.09128418163
99032,6592.401200404567
99033,9403.182948912923
99034,12409.613975557688
99035,11941.89671221022
99036,24895.96877884201
99037,17315.51210682468
99038,21943.499126720726
99039,10534.270828659213
99040,16296.854627814657
99041,8070.663700423681
99042,9997.202710164776
99043,17737.172333252547
99044,14971.664362353908
99045,25293.682968928286
99046,7428.750043891364
99047,7061.13481337615
99048,8799.94536989349
99049,9401.015383839396
99050,10438.902546005882
99051,7163.871269954453
99052,9460.112609764015
99053,9071.273224773335
99054,21621.820123899397
99055,8812.37851409185
99056,9147.822477198428
99057,13099.779289839713
99058,26544.78644819
99059,9270.179692085423
99060,12431.934205975855
99061,14085.627801223392
99062,5896.664045296934
99063,8766.683497228967
99064,25140.679318576687
99065,10135.876693672248
99066,9748.310498303637
99067,18903.99415374143
99068,12475.78380417826
99069,7053.8615145016865
99070,8809.203352983848
99071,11782.482261971687
99072,14888.7407372188
99073,13964.319113508007
99074,8245.134941111195
99075,15217.85124981748
99076,24748.19868384947
99077,12505.458544156118
99078,25393.904381874414
99079,15789.509961702433
99080,7299.252053526075
99081,9375.974648989522
99082,12476.26048677293
99083,9491.165889579019
99084,12725.532258598316
99085,6841.360879870832
99086,8253.025068214587
99087,7830.954962715818
99088,10355.990763030739
99089,12168.412100893773
99090,6213.536599949474
99091,14816.048364204084
99092,17770.09892445402
99093,9321.219751468867
99094,24720.11798876137
99095,10277.535733717292
99096,12143.5665560839
99097,11253.98513569387
99098,20703.508410185797
99099,10358.536239812496
99100,6012.757967561589
99101,8954.466932850257
99102,10534.270828659213
99103,6237.617488482234
99104,12853.066627559136
99105,6391.8622719600135
99106,20680.355366647083
99107,13128.40164654067
99108,14145.977708627655
99109,12164.979874021328
99110,19956.516642145398
99111,7434.241151247652
99112,12019.630826102919
99113,13346.28923949349
99114,5897.744941457043
99115,10101.304219436413
99116,7045.98016863955
99117,4250.380137340234
99118,22389.29218976357
99119,13511.76947299552
99120,6151.928735401839
99121,11733.311201350403
99122,8981.452330334867
99123,8625.915239329308
99124,7821.967377307716
99125,12446.76511639734
99126,7940.763439890317
99127,4290.871631035441
99128,7301.588388419034
99129,2885.8937506296775
99130,10129.982001390568
99131,18716.558584603677
99132,7497.605491673955
99133,7352.8150979769425
99134,23116.828439065997
99135,19183.306772160027
99136,10812.27783471312
99137,5939.555168546793
99138,20726.440302444837
99139,12385.53269153714
99140,8308.531243360449
99141,21989.46420213559
99142,10942.43238028757
99143,7202.242974836016
99144,9425.409906595583
99145,28164.371443036816
99146,19005.717303375808
99147,10901.618522660941
99148,10171.139494571926
99149,8510.598760053737
99150,47917.41600600428
99151,10751.792648194236
99152,8365.034057158044
99153,17218.92112261843
99154,7223.0902165567
99155,11016.547707382357
99156,8405.117206027051
99157,10434.309735050396
99158,17597.054740342068
99159,21646.09123688133
99160,4874.4695541259825
99161,12806.693779945268
99162,10148.351560378382
99163,6504.211296848994
99164,17269.124013817607
99165,12436.772809297783
99166,7870.0786200798875
99167,7646.767953713417
99168,9221.061153269833
99169,14103.667476232866
99170,5909.9730119000305
99171,13247.398838879035
99172,9500.32830546658
99173,10653.183883181673
99174,12897.75922347739
99175,7651.767142982647
99176,12063.582271245448
99177,7228.756971527165
99178,10743.61259073635
99179,9538.659374475294
99180,10872.563301529883
99181,7336.428402783018
99182,16974.43128045998
99183,4845.902091733098
99184,12103.218753950268
99185,7401.766332769568
99186,11261.337557281968
99187,8873.666473999281
99188,4416.781887494411
99189,15404.54562372461
99190,9980.613873506732
99191,14907.810511809374
99192,21699.49146225258
99193,13244.477180462522
99194,13413.059995914085
99195,2563.6821526111835
99196,7004.496458501423
99197,8036.877640713169
99198,21988.686466992833
99199,24210.111350248015
99200,10081.243847145979
99201,29258.0825551187
99202,13597.209933113656
99203,9150.734246767244
99204,14680.88472341375
99205,19662.609663422783
99206,11523.549191802123
99207,11637.474665899916
99208,10561.980083526474
99209,18925.815112125976
99210,7056.0423010097375
99211,8454.20998241282
99212,23887.692417127408
99213,8128.3700529344305
99214,11322.642296242657
99215,11623.648735044919
99216,10237.274873105587
99217,11333.392200051789
99218,8353.994945056493
99219,12397.810252039862
99220,7981.629159960212
99221,9457.60180570915
99222,12951.300396977827
99223,9050.044241331618
99224,7391.195478351896
99225,10385.150250677323
99226,9026.002410941086
99227,9012.11653261082
99228,11629.285618564447
99229,11908.809224820998
99230,18323.636834035795
99231,17800.57922040558
99232,12049.041255735112
99233,6519.8480272233655
99234,20653.399603523583
99235,27342.937450588048
99236,8826.860443121384
99237,6888.825940569708
99238,11937.888687020804
99239,12093.666214526078
99240,20578.191742518255
99241,4794.225864097372
99242,8025.47097339277
99243,19758.50351720627
99244,9584.472560632237
99245,18128.875155547656
99246,14110.200666549577
99247,9335.642977130983
99248,8842.40996664623
99249,9281.733426551937
99250,9682.777542460777
99251,12916.939419181706
99252,20373.386776063657
99253,9266.355285875465
99254,23743.3625435731
99255,18995.346241106803
99256,20089.637094153557
99257,8745.586295097934
99258,15940.89690103522
99259,8020.744403950882
99260,16766.931461407617
99261,12594.06021428443
99262,11225.627129429247
99263,6201.525713822559
99264,19102.91548060198
99265,11900.396516271312
99266,9882.838535700406
99267,19181.34052109097
99268,10257.701422620734
99269,8790.33974664214
99270,8874.243293840924
99271,7832.87548744462
99272,13768.629959233927
99273,22638.225462610248
99274,5661.872779522273
99275,14368.080268604781
99276,11029.058064717947
99277,9454.015947474347
99278,11246.632890306168
99279,5363.18954997646
99280,22392.400320543522
99281,14331.799291390853
99282,10092.37427879212
99283,2781.979504143552
99284,7797.8981871883925
99285,24266.655394373254
99286,7570.810631027751
99287,11725.475160893291
99288,20358.557201164997
99289,17147.83438022738
99290,7851.716192714127
99291,6173.618538272108
99292,17759.107096936288
99293,11207.166593371481
99294,20181.298769704652
99295,13456.130537224619
99296,14708.42101035125
99297,6076.483605568277
99298,7432.161233559479
99299,9521.792096373443
99300,35278.830859757065
99301,7003.927250294872
99302,7757.05141124241
99303,13270.835997107755
99304,10289.863634861833
99305,6091.770604917471
99306,8540.790253795172
99307,12956.863332153136
99308,10648.209860804802
99309,12650.180475872237
99310,6007.365690683506
99311,19360.74417814339
99312,7837.10233076487
99313,7630.871290335638
99314,21130.337687797128
99315,9332.267325053634
99316,13268.018351318635
99317,21169.09032231904
99318,11071.473371295739
99319,14921.470658465363
99320,7662.111437373334
99321,10222.17909831683
99322,20156.841466434962
99323,6789.58700634451
99324,8261.450888003072
99325,11924.964877414242
99326,7518.479605005524
99327,3485.3867261547066
99328,21044.29631770115
99329,7770.069354309478
99330,6620.120829320427
99331,8163.827154498715
99332,9538.04703158394
99333,12966.55532944945
99334,12951.300396977827
99335,18886.538719788317
99336,7287.860046504122
99337,24700.086062209528
99338,8930.071495222599
99339,13446.549546197206
99340,9278.370551052296
99341,9317.14476804196
99342,23488.056490601644
99343,12058.422437198999
99344,7084.654923939528
99345,14063.216091102733
99346,13770.618496423609
99347,9787.660963500373
99348,24285.62518201704
99349,22388.388200616504
99350,16676.163285298004
99351,13369.431081387662
99352,9384.351048939769
99353,14906.171813555562
99354,7994.267496665329
99355,8835.608851030887
99356,8505.215234314415
99357,12087.086269990785
99358,6227.704006527756
99359,7565.0683104961345
99360,14294.983278924483
99361,8958.91256737547
99362,12136.167724783309
99363,10433.562920622036
99364,11989.94098621605
99365,11335.032480891648
99366,8863.273532793082
99367,15752.566817102432
99368,15542.231654501882
99369,10775.729305194254
99370,21059.136301602597
99371,13930.126923073221
99372,14097.923764679177
99373,6960.816319831485
99374,10898.379802899557
99375,11816.74885509305
99376,21917.95891773217
99377,10750.524548644553
99378,7568.734938170163
99379,24816.988118394533
99380,6095.257271506286
99381,3694.9649175717846
99382,20880.739494290763
99383,9504.74249328028
99384,8508.929937093932
99385,24920.584945605377
99386,12964.9699874764
99387,32123.88663645133
99388,11505.831022444432
99389,21469.309705543004
99390,29035.868752968137
99391,10990.997779843994
99392,10089.428265150065
99393,10977.912984649829
99394,9235.335307926172
99395,6996.5487788908695
99396,12275.07142941732
99397,10406.29165202673
99398,8543.005305795441
99399,8577.275020634414
99400,8426.60569406026
99401,25652.50618857269
99402,3170.607683488677
99403,28068.227394674872
99404,13260.499489008876
99405,13151.372160007122
99406,9797.961015008505
99407,18040.17891237965
99408,12312.644635208595
99409,8447.912135884377
99410,6898.240081842869
99411,6950.922413270897
99412,10236.267744090406
99413,7386.154815420301
99414,20185.786508114583
99415,10588.175630574133
99416,11521.650668741044
99417,10251.881343530209
99418,10886.88657167614
99419,13926.120705335616
99420,3202.2432734453882
99421,11856.887977807986
99422,19090.67816281864
99423,21539.82872993716
99424,7176.309047712067
99425,13252.978723898254
99426,10084.043172282534
99427,7558.84958704266
99428,5843.169359590763
99429,7397.017438500082
99430,11336.367831575946
99431,9156.247904330592
99432,10109.289541545051
99433,7438.601359646688
99434,14878.057197550606
99435,17867.61517119291
99436,10812.455397180387
99437,12008.698098624734
99438,7787.90813932742
99439,17816.73280484287
99440,22052.711447656093
99441,13664.778406272899
99442,7344.594079844535
99443,15438.054650094266
99444,5437.593225627072
99445,11798.278704558374
99446,17532.806709631386
99447,9200.959711822474
99448,11419.105311484822
99449,6624.689693704559
99450,6700.163902954202
99451,8068.915230373194
99452,22792.358128379714
99453,22037.573588802217
99454,20324.306801915434
99455,9422.576269368821
99456,10337.961595947943
99457,10181.645042092316
99458,8048.547357245899
99459,13567.925543770445
99460,7083.96226695682
99461,9592.406944529781
99462,10085.339904856155
99463,16106.341115985677
99464,11940.03061208289
99465,13397.737143912493
99466,9398.509847491227
99467,7438.601359646688
99468,3733.317946391658
99469,16118.969353729715
99470,9563.510131705556
99471,7143.031253530899
99472,6148.565754334814
99473,10879.931292582598
99474,11724.696032728814
99475,3831.919497693719
99476,9428.533841460812
99477,9619.962275437856
99478,11302.537147923658
99479,5945.765227789518
99480,7407.410900123716
99481,28214.639065561856
99482,17264.629722746507
99483,6966.841262601926
99484,4309.525063884061
99485,7774.445370458908
99486,8793.01687988158
99487,28070.461139898758
99488,8858.02960157243
99489,7132.94906983472
99490,7590.9025064335465
99491,20079.772299455908
99492,20372.342984707302
99493,10259.42680524209
99494,6754.980427105002
99495,6936.86476399773
99496,9464.433700168978
99497,11337.848267157204
99498,9487.994571309302
99499,6229.039809891692
99500,6193.45470104757
99501,8863.581439371628
99502,6134.528702376513
99503,12108.492111634749
99504,9576.728820503107
99505,18868.514994768764
99506,9121.46756630512
99507,19329.34702162924
99508,7178.823583867921
99509,24743.249341698724
99510,5115.550050108935
99511,9677.5260006819
99512,16917.941914221083
99513,14011.61083788331
99514,9511.571855918835
99515,10087.534273248364
99516,10876.147976918957
99517,8565.009674561938
99518,11107.27131492083
99519,6596.280388610814
99520,8119.535353188475
99521,15704.682064054514
99522,11778.258439094989
99523,10929.862340578431
99524,22362.924691431042
99525,10679.00744728524
99526,12123.592035912094
99527,13624.091726281762
99528,17043.367529782812
99529,11346.732809133118
99530,7276.8770594022535
99531,11431.415360848716
99532,6806.925254653287
99533,10175.96428407084
99534,6544.913730970701
99535,8260.074605607015
99536,18558.40969590761
99537,10946.116800275578
99538,14214.391236681542
99539,7213.059267118952
99540,11494.0732486147
99541,10208.987870574363
99542,13351.445337155032
99543,8797.44976529933
99544,20712.958376388215
99545,20242.106878006874
99546,11180.2392340553
99547,20587.68907730606
99548,21353.591078346875
99549,11124.35743928295
99550,9950.494508323607
99551,5987.446467986044
99552,26108.723206000024
99553,12314.058533350913
99554,7477.796980225252
99555,22061.7639285837
99556,8523.965339654866
99557,9835.544542779278
99558,7250.333380297771
99559,9629.666714723555
99560,7990.926869029698
99561,9478.606998261159
99562,7760.6659128277915
99563,9225.558231590647
99564,14167.860957145524
99565,13856.058565487994
99566,9639.667575294972
99567,11505.41649738648
99568,6820.277626987774
99569,26104.360243703784
99570,8206.337630289634
99571,10308.07390255947
99572,20694.240023038958
99573,9532.851470134538
99574,5490.075886573033
99575,10490.916198350329
99576,6462.915149601868
99577,16831.833522762714
99578,17991.710181098195
99579,20351.05024452643
99580,11236.117166632926
99581,8019.474949292615
99582,14910.453011863807
99583,9221.598634999058
99584,12547.911086225977
99585,18200.53027195767
99586,11870.384636901168
99587,11154.256691739793
99588,8852.692598780865
99589,6763.094205412854
99590,11916.924917693406
99591,12712.573065646096
99592,8577.260456583803
99593,10333.006318216107
99594,13310.398108411613
99595,30033.383001211434
99596,19522.730443484747
99597,10973.954483012349
99598,10136.523403985591
99599,15219.144150009104
99600,10070.923714541786
99601,21596.29115521061
99602,18377.42520681813
99603,9570.002152438663
99604,6693.480115419886
99605,13936.947048310678
99606,19118.390451871186
99607,9086.154668921528
99608,11889.141122308498
99609,7383.325390164005
99610,11247.37163323888
99611,7481.9800147741325
99612,9932.901311088199
99613,21552.094049748423
99614,13121.987224619024
99615,6157.015111349548
99616,9013.431006029145
99617,7278.362627007105
99618,14899.253726887122
99619,7401.742794895925
99620,12085.839535736251
99621,3126.224421968122
99622,6621.267548215186
99623,12981.862526374398
99624,20494.650792625544
99625,11685.496790015355
99626,25195.58035999155
99627,10967.433506056075
99628,15682.328276373997
99629,7780.4037311929715
99630,9609.782610796336
99631,20190.78751370194
99632,18649.73115728348
99633,14375.405199729648
99634,11658.69859964528
99635,10591.816461623644
99636,7606.568030149582
99637,12895.450622204839
99638,14030.923120847097
99639,8531.738100585095
99640,14228.419331092808
99641,6505.630898350726
99642,11229.416473426718
99643,17646.94949713013
99644,11900.335776212845
99645,11666.25256609792
99646,4056.3121138956017
99647,30278.27687010881
99648,16917.941914221083
99649,17110.123878714014
99650,8659.538790319688
99651,29150.208475737814
99652,16317.639374574146
99653,8751.694210679982
99654,13541.750279738873
99655,7658.711455364896
99656,7660.006999861177
99657,12710.996196203248
99658,23856.535467440874
99659,7787.614209687326
99660,12576.071671937036
99661,9224.245456165854
99662,11443.297670761038
99663,6775.9120308285665
99664,19680.7617063845
99665,22577.278747828605
99666,12034.314099865685
99667,6496.763010783993
99668,21348.479593737557
99669,20900.072967692933
99670,9258.616437722545
99671,10162.549266409993
99672,7594.379874629341
99673,19122.051211225014
99674,3054.673360668671
99675,6724.215898940873
99676,11434.337885413644
99677,5856.201588568613
99678,6657.530088335374
99679,7711.346869579311
99680,8243.52465015681
99681,13977.922901797474
99682,6951.373153555221
99683,13502.15180806751
99684,11260.453952325579
99685,14011.793570723454
99686,14088.046082747773
99687,9404.445874280551
99688,11947.450793880833
99689,11111.437418133875
99690,11468.322465576663
99691,11533.812289159452
99692,20295.847562355397
99693,7502.677504104117
99694,16086.394567721427
99695,7974.9749472294225
99696,13159.483681275377
99697,8770.272470214602
99698,11431.931120849647
99699,10827.130927335147
99700,15572.420222351648
99701,9062.605275088466
99702,7835.95484128608
99703,20659.879861007375
99704,14891.525793311448
99705,7687.912852599995
99706,21726.98301316535
99707,13115.926990527556
99708,19672.91040215997
99709,11105.574370891085
99710,13395.451721544652
99711,8403.714406873909
99712,13856.705212654007
99713,17486.480578178125
99714,15870.408913114048
99715,15712.60091824062
99716,8901.773019205817
99717,13485.104493720584
99718,21080.00614810123
99719,8067.560775600135
99720,10544.335536625305
99721,6159.9484395971085
99722,12094.138222719508
99723,12148.466491040037
99724,10077.490694829077
99725,11406.918335753298
99726,8735.629053021772
99727,12717.472177604583
99728,48723.252295923965
99729,13090.166364123754
99730,12080.730516400212
99731,12718.127078730791
99732,11144.335321402203
99733,9008.55679116872
99734,12161.529081556879
99735,14929.458858212478
99736,28509.673330729383
99737,22566.507163014827
99738,12706.823738185149
99739,8833.77261170021
99740,21417.547689756328
99741,17582.868308228204
99742,19740.3805442129
99743,6220.63211678895
99744,7903.927441219621
99745,8817.669951388225
99746,11505.56464299956
99747,8970.150471960676
99748,2376.9943506178647
99749,15165.368977843085
99750,18421.4332098218
99751,13617.662362828376
99752,7470.394319499169
99753,7476.251968095304
99754,12890.845589651615
99755,11680.469080782901
99756,6911.064478042203
99757,12605.321615785157
99758,7762.546948569275
99759,6319.8795490218745
99760,9698.087412507704
99761,16067.830045600262
99762,8514.060574165136
99763,9774.606038762136
99764,7838.083497980845
99765,9738.728188445077
99766,9814.452285899468
99767,8557.628909187686
99768,14822.400909292166
99769,12343.029591894068
99770,14914.783722821148
99771,8886.750177286192
99772,16051.102623910258
99773,12838.255797403124
99774,24376.325535343498
99775,11904.819255409113
99776,6499.622440915473
99777,6619.021211401951
99778,13357.735836757816
99779,12394.583990825595
99780,20256.634173130835
99781,3719.310009862918
99782,4864.679434767315
99783,10407.293185567129
99784,11861.142283595138
99785,9759.077188195033
99786,12553.396334606314
99787,20415.67151161256
99788,11110.696940645734
99789,8345.504145743764
99790,12394.583990825595
99791,22794.98088421359
99792,6978.062498013326
99793,15248.43865973195
99794,5675.870623089129
99795,9922.477385155495
99796,15591.780176817401
99797,6064.137487205357
99798,5905.652797700945
99799,6356.194511645274
99800,9062.726046403171
99801,11193.982865662043
99802,9213.236751535613
99803,23687.854236437775
99804,7886.759571999479
99805,11384.556909257395
99806,21383.325936870642
99807,16790.04743328409
99808,20771.06902713573
99809,18558.40969590761
99810,16926.89087381487
99811,20889.69351315752
99812,11510.879684639502
99813,8951.908022080675
99814,11826.965973614953
99815,11918.900199060043
99816,8204.259584289546
99817,21178.993554865505
99818,32952.5565137029
99819,21742.708109246392
99820,7143.076334718771
99821,17766.569719911608
99822,7140.486543489348
99823,8644.437079262407
99824,8032.708920173228
99825,8344.398206466276
99826,13998.928850217795
99827,14218.165187224842
99828,12772.37598476399
99829,6260.721902247291
99830,9523.116698394502
99831,11368.53799288315
99832,11959.118267408188
99833,12805.62900852214
99834,8655.278032780847
99835,17681.895138871718
99836,14014.141403365533
99837,19877.743689292605
99838,11695.276221191683
99839,9137.473833820108
99840,6349.365445313731
99841,10878.596035263783
99842,6923.566337075674
99843,7635.172768278456
99844,9116.567205656193
99845,17578.522271787275
99846,7827.513520933903
99847,10296.703036601844
99848,14591.921826322054
99849,7062.088690559562
99850,13507.99076450906
99851,19416.118293755804
99852,8423.352227109679
99853,10672.155804717831
99854,10459.573271999698
99855,9623.095213105054
99856,21360.298542738597
99857,7606.579691231345
99858,11987.23400077364
99859,20607.589409048345
99860,2047.5959418804955
99861,14292.804792820294
99862,6953.998464057257
99863,12966.70095915142
99864,13243.707417967269
99865,9484.9696991609
99866,22407.699505818007
99867,13336.04738834236
99868,4783.690906574928
99869,17804.514129671945
99870,11894.29775684297
99871,14343.719069066388
99872,7524.067167901646
99873,10636.558779821002
99874,11602.091383258467
99875,51153.52036182541
99876,19057.47973489454
99877,9167.942291482832
99878,13198.408918692305
99879,12774.188539679917
99880,7838.083497980845
99881,13354.681203354517
99882,18136.324389394413
99883,24232.340945675878
99884,7942.510650480935
99885,12184.869294715401
99886,10561.49866876599
99887,6843.64470220371
99888,20737.449102904277
99889,12393.605277057273
99890,7298.209094663724
99891,13454.489573188002
99892,9352.64370027892
99893,7702.956239715524
99894,24635.19610454675
99895,6782.995270058978
99896,10443.660508699852
99897,6558.763991344724
99898,11877.016407601135
99899,7765.252483275035
99900,11291.591735052854
99901,11658.16078573606
99902,11684.340143190519
99903,9888.76180058809
99904,9530.422175978272
99905,10540.905324088966
99906,15632.910253679956
99907,11600.287423380361
99908,5005.771685509159
99909,14329.21081187175
99910,9476.70434933033
99911,15249.737355870606
99912,9816.719978520165
99913,17863.875138766947
99914,7466.527579822363
99915,11118.861191036705
99916,13148.39972879888
99917,15324.984044085206
99918,2497.2822342895647
99919,7750.236134202375
99920,14161.945274421805
99921,3898.5562104549745
99922,10293.925672908881
99923,12053.887429647319
99924,10184.869069346249
99925,8914.882256339504
99926,9975.627105092639
99927,5881.7529404887255
99928,7396.609747133977
99929,13781.399780130372
99930,14490.881890987457
99931,15614.809095542038
99932,15511.855202570285
99933,2684.515790548772
99934,6601.573567320816
99935,8056.728387650588
99936,8873.217459064499
99937,13610.485475532838
99938,9515.447595061576
99939,9744.025979756056
99940,9359.750009519283
99941,9043.280761295098
99942,12598.092380024402
99943,14785.295589736474
99944,9871.644467127073
99945,12024.910548055941
99946,7487.73574506326
99947,13368.344397819546
99948,7689.63424404592
99949,10712.968781738224
99950,7480.64215853689
99951,12677.850590487946
99952,10371.755325994884
99953,12645.64693543916
99954,10240.819650147085
99955,8783.202212786375
99956,12473.867156148874
99957,15441.216669447325
99958,12670.607785065173
99959,10800.561791707129
99960,8062.24231948082
99961,13701.364412580164
99962,19044.78963250397
99963,11431.967511834351
99964,7153.505088204934
99965,10495.862286366968
99966,5395.130491884045
99967,4846.088989392762
99968,6800.4274083202545
99969,7041.282207712872
99970,9192.202188256833
99971,5744.784490323552
99972,12959.419753936685
99973,6872.069383040856
99974,9771.09941259488
99975,7118.523886064273
99976,20750.686851058887
99977,12898.490893281087
99978,14289.988245988538
99979,12580.876905562884
99980,7820.459309791362
99981,9732.94434596503
99982,11806.85053527411
99983,6379.0387292899595
99984,14686.05780618316
99985,14046.045088736792
99986,16032.122790374582
99987,8088.372690242827
99988,7183.47973730976
99989,10573.957020220067
99990,14262.624927156716
99991,14853.862583185217
99992,16502.91825150978
99993,11812.794338164806
99994,8097.479935385775
99995,9899.488534466558
99996,14884.329506640814
99997,6711.161837462417
99998,11026.94745421778
99999,8002.868598105949
100000,15581.684058188755
100001,6794.634090238555
100002,12885.745370660845
100003,2900.957345884436
100004,10848.265045942138
100005,7548.096329436325
100006,11026.245714826742
100007,10749.214122683721
100008,15386.155457736424
100009,10795.21284444387
100010,12554.68377295635
100011,10940.408073343959
100012,7872.530135308368
100013,12633.625069225141
100014,14399.967887344763
100015,10395.985332737067
100016,7855.020849619597
100017,9066.48177036378
100018,8141.090332552023
100019,8666.053451579977
100020,8025.0247837413535
100021,5004.0692054356605
100022,9346.747412617653
100023,7731.662766236571
100024,7762.54093970689
100025,11985.428092613489
100026,9601.029141558583
100027,8792.635886131082
100028,9327.457295886044
100029,14373.02256265982
100030,11920.376566963081
100031,7925.291558896499
100032,15776.684349798841
100033,10953.270191570424
100034,17420.744436267596
100035,4589.75538782503
100036,7448.660665545751
100037,6352.257879698046
100038,9398.368201563902
100039,10313.305983752824
100040,7068.188783329747
100041,10634.358327005986
100042,7776.092456078707
100043,9616.672987051632
100044,7697.53797252291
100045,10966.299980546033
100046,5535.944540137435
100047,10667.886677482102
100048,13141.750763300792
100049,9436.64226940031
100050,13664.637121797712
100051,9122.722167122096
100052,10495.862286366968
100053,12651.175234274107
100054,10974.8831025608
100055,8589.178958899733
100056,10285.379718700025
100057,12607.36538626766
100058,6175.86835512849
100059,7035.329368393048
100060,8328.878688406889
100061,10636.298908535226
100062,9391.198795043621
100063,7641.93775496103
100064,11108.09506859547
100065,11577.884643066285
100066,10187.00303869008
100067,5919.141042944149
100068,6672.92913364367
100069,15279.57447298084
100070,6430.347138190011
100071,9648.061599455297
100072,9295.053435383034
100073,14652.296060982686
100074,8884.37816243352
100075,7039.642228327986
100076,13791.354565243495
100077,6388.115502137905
100078,10669.265520497764
100079,19230.09390285612
100080,13048.95285433615
100081,7983.032328458414
100082,9863.973866618038
100083,12886.845035165177
100084,12598.707812165798
100085,11045.139680463024
100086,9356.220912082135
100087,6374.082409421842
100088,6160.166300355982
100089,6050.1304352457655
100090,16199.773189380921
100091,11344.859083445359
100092,15192.572220290143
100093,8423.323175805588
100094,15386.155457736424
100095,16695.60067476202
100096,11947.848075344238
100097,10279.875795453827
100098,10495.862286366968
100099,11206.92570343728
100100,17930.55293009616
100101,9491.085869600365
100102,7193.26189622082
100103,16032.122790374582
100104,10707.279101555856
100105,10515.313768591053
100106,11519.201158468966
100107,17184.526728068406
100108,11026.94745421778
100109,9412.443687521183
100110,7625.952610078954
100111,14819.884570263823
100112,10700.990752753398
100113,10760.842437726113
100114,12765.177394252261
100115,15740.423546011703
100116,8724.225608355162
100117,12045.693947415059
100118,13366.793786102417
100119,10355.943484279178
100120,10710.544565949476
100121,13724.521940887473
100122,6291.544623140972
100123,10495.862286366968
100124,12223.676593295075
100125,6365.038648888448
100126,8257.812433095662
100127,12746.97442051761
100128,8902.545506267219
100129,7656.818532834049
100130,11196.362373369055
100131,11816.427941736121
100132,11472.84486890687
100133,9772.191673928148
100134,8292.52513299373
100135,9881.894130889124
100136,11326.623872478143
100137,19628.37104381125
100138,11698.43177212684
100139,11698.839014421137
100140,9930.139316066916
100141,11170.710149022198
100142,11747.215421036062
100143,15386.155457736424
100144,7192.852571301395
100145,15450.751396407963
100146,9525.909448394252
100147,6035.33246912043
100148,7925.412445709529
100149,17010.679270311884
100150,6102.190953838509
100151,12504.913919991124
100152,9268.75648782302
100153,8692.007921813773
100154,7509.075605824995
100155,15444.800804466822
100156,8291.868777178588
100157,13057.870189118885
100158,11335.422738032003
100159,9738.885208903837
100160,10198.093382399098
100161,12692.955629866943
100162,13057.762088057405
100163,13981.940113447868
100164,15386.155457736424
100165,7378.197531546234
100166,15154.418791911941
100167,14556.10095782402
100168,7101.824896080877
100169,10495.862286366968
100170,13945.650783653937
100171,5281.736071866131
100172,9486.27312906431
100173,7793.410597045146
100174,16643.981461312807
100175,13871.29901140877
100176,14921.996002875667
100177,7293.482894252433
100178,9402.400583456458
100179,12846.181539424499
100180,10115.712605658971
100181,11377.388350947165
100182,13470.516378659522
100183,13601.886500624534
100184,16082.678233080633
100185,6492.87591192265
100186,9084.704938349703
100187,9152.884520626303
100188,11212.417505599296
100189,15719.433531361929
100190,15736.069388107606
100191,6416.894663636442
100192,7979.242454120322
100193,8941.086847816392
100194,2084.2542109705714
100195,7069.58971844649
100196,19044.39597389748
100197,14833.253784106499
100198,8939.769245719399
100199,10908.563213080017
100200,8195.127752371742
100201,8338.67450414809
100202,13133.827740175553
100203,6131.030960678189
100204,10131.362785060526
100205,7149.419588117433
100206,11598.999914113396
100207,14270.574915278828
100208,14204.143057504565
100209,15955.956901275276
100210,12655.042893442396
100211,11287.660157933675
100212,6762.393607806947
100213,9284.664675969118
100214,5059.2263085948925
100215,8426.099117537839
100216,8686.847162652097
100217,5367.895736228765
100218,13560.88452366253
100219,8400.463411420606
100220,5800.588517194943
100221,11156.189989106584
100222,7608.6973360953225
100223,5172.63606505333
100224,12211.783483021203
100225,7009.588550694736
100226,9749.099294224743
100227,1263.9669441599428
100228,7671.996257901745
100229,5850.853912131443
100230,9871.775337327363
100231,11378.582177158301
100232,10660.555611543692
100233,7994.4956380411695
100234,6093.493064190211
100235,9654.2044139088
100236,10008.603126822129
100237,11131.85097273123
100238,10082.219644332317
100239,11216.13517963794
100240,10337.91449702513
100241,10827.24078018708
100242,16009.22982403827
100243,7808.963624426299
100244,9565.400324738152
100245,17039.301183988733
100246,3135.3038899724997
100247,7826.784766119727
100248,12659.429612835134
100249,7732.335757588218
100250,15583.440389434321
100251,14597.899737644044
100252,8328.228245637036
100253,10552.84806478044
100254,11211.236139281827
100255,7536.342493482443
100256,17184.526728068406
100257,6320.7812182484
100258,9476.10307576626
100259,11099.041809588898
100260,18350.411135495353
100261,10035.271003191316
100262,4708.38437267253
100263,10285.921001004988
100264,10269.745457663286
100265,12401.171671700316
100266,13537.83721107995
100267,11566.827502151804
100268,3210.9498402338268
100269,7261.994149756192
100270,10915.754655566265
100271,11820.578598730006
100272,8140.212511996484
100273,9846.031992050552
100274,9101.687042027319
100275,9949.287024736524
100276,11205.31692603945
100277,7578.039122425744
100278,15455.752234399748
100279,8672.410186835474
100280,7971.989001424745
100281,8062.9991167550725
100282,8382.35067568577
100283,11343.966045752271
100284,7624.237536835502
100285,20038.642426105962
100286,6390.092085181536
100287,6861.194181588169
100288,10773.393738874054
100289,14377.097849659107
100290,4199.954633803998
100291,8126.723953214196
100292,13943.536648228843
100293,9598.583640236071
100294,14383.093729383734
100295,8562.60521222311
100296,8938.005883164164
100297,7006.700563068236
100298,11833.692669783393
100299,9502.836540161323
100300,7428.184834638653
100301,8702.750518886476
100302,14369.143668687155
100303,12723.506935337311
100304,13815.243165723974
100305,10503.457370730357
100306,10941.070074223375
100307,11777.054050602523
100308,7343.367510456077
100309,15892.394261414847
100310,14754.746345021611
100311,12486.002349078133
100312,17186.1534525441
100313,9350.057228596985
100314,10062.308542001028
100315,20360.096996478354
100316,11024.25648428308
100317,6777.332337211772
100318,14382.835576018393
100319,9955.327699600073
100320,16837.289362193264
100321,7910.846594692993
100322,11686.369208164095
100323,10495.862286366968
100324,5884.829316917074
100325,9466.48706806556
100326,10649.034374165638
100327,14000.93147597746
100328,14240.168549916532
100329,13951.177403773147
100330,10891.599980331432
100331,12812.689680688132
100332,11837.42068895038
100333,6116.204953444411
100334,10303.959772929009
100335,15576.22710142832
100336,16850.749737938215
100337,7225.765506551277
100338,7254.661372319386
100339,6052.129072373266
100340,14012.447302645582
100341,10643.631364974946
100342,6271.611357569218
100343,8554.641026236239
100344,14376.22073247994
100345,12169.083512713965
100346,6132.840747567727
100347,13914.400289725889
100348,15996.563578906755
100349,10342.99901607617
100350,6381.38053609799
100351,10090.67726158078
100352,15965.465880706419
100353,9738.885208903837
100354,8842.2722574134
100355,13761.950839423465
100356,7865.384229770686
100357,7180.792310658292
100358,11782.745868635742
100359,7300.9943298634
100360,9730.416766337205
100361,9846.643228415862
100362,7559.726262466791
100363,10434.760187370895
100364,12880.226602282895
100365,10618.777579182479
100366,10634.386907654474
100367,7830.334219712464
100368,17682.532786218944
100369,10374.607766063411
100370,9722.503025725013
100371,13194.685293933904
100372,6535.455764750056
100373,9830.566190207252
100374,10093.211063006778
100375,2187.2218762929647
100376,10727.459168421616
100377,7541.413269904792
100378,11682.174151506346
100379,11291.511453141273
100380,13383.020208700154
100381,15209.94705188831
100382,10144.653103755765
100383,11541.554195424731
100384,10365.766203725116
100385,11284.267214278865
100386,10084.896939991298
100387,13646.98463733149
100388,10552.84806478044
100389,11320.845937122194
100390,7882.59035240519
100391,6829.065930208855
100392,7503.097185047928
100393,14963.490587877131
100394,7806.6478989368925
100395,9186.098375108024
100396,11682.621399921883
100397,10966.499864770303
100398,10574.023450292227
100399,9771.655053733875
100400,9952.408536041052
100401,11374.492478518745
100402,9583.573304881736
100403,9436.64226940031
100404,12995.608544701976
100405,12583.32065816472
100406,13499.560113675358
100407,5293.022776320967
100408,6651.313139790057
100409,7208.29701964026
100410,19893.470418979054
100411,7225.132435624392
100412,11372.175142858381
100413,11530.002620779152
100414,4264.129200577979
100415,11567.206930362512
100416,10867.880146327412
100417,9226.748316989999
100418,3556.7522140304404
100419,14668.250876267795
100420,8262.658384195163
100421,10699.014878977317
100422,7592.996468183803
100423,11529.014143702567
100424,8803.194915172458
100425,9511.599859090697
100426,14405.803071322474
100427,10892.810117260331
100428,14038.68553258702
100429,12075.200500250856
100430,7707.202527512125
100431,15386.155457736424
100432,10973.72656893089
100433,9994.691141111554
100434,10346.506891177338
100435,7081.73918474101
100436,10293.298101451179
100437,10967.76092157806
100438,12777.087604467944
100439,7751.588167944737
100440,10915.943705255893
100441,5541.741589059027
100442,11116.400157818107
100443,9751.563153029969
100444,11666.611003618142
100445,5584.9273598119435
100446,12033.168907357918
100447,8913.135497293964
100448,11026.94745421778
100449,11080.909375125495
100450,12318.803475922357
100451,11023.739621239387
100452,10495.862286366968
100453,7993.951637415498
100454,7225.089108645638
100455,10568.599127044856
100456,7203.083145714519
100457,11332.847642130226
100458,8554.218364629178
100459,7272.980866144999
100460,14161.945274421805
100461,16416.044779642358
100462,10075.722424342404
100463,10078.026829141
100464,5928.321188990716
100465,11675.934763406583
100466,9383.067620127686
100467,11601.544006498616
100468,6167.6696370427935
100469,11880.189754617808
100470,5501.839090453348
100471,11931.546374353731
100472,15570.814647919417
100473,10150.25275732707
100474,10708.575953465413
100475,7169.581279641519
100476,8809.313168047911
100477,9846.643228415862
100478,16036.41977715563
100479,13265.906314006277
100480,7763.783872994972
100481,7257.731890042981
100482,8415.819382514492
100483,6344.0803487122985
100484,10368.469141036705
100485,8491.43146245362
100486,7284.226039726555
100487,18408.003198306633
100488,7865.887598685029
100489,8068.240299989593
100490,14147.428682873904
100491,7098.785356242498
100492,10722.243129372633
100493,13175.809643659966
100494,7800.564584135376
100495,7901.035589020887
100496,10562.205070273581
100497,12045.854546941844
100498,6094.6009511209895
100499,7195.770582411785
100500,7079.519553734887
100501,14999.80225890859
100502,4193.436150893719
100503,6929.739034418953
100504,9871.340431488201
100505,11129.959323977497
100506,11902.073138497486
100507,12768.551592272559
100508,10317.913055327193
100509,14755.125098062714
100510,16107.108122017016
100511,7225.089108645638
100512,7690.57921829131
100513,9170.87315932945
100514,7602.844761778762
100515,8720.39766748128
100516,6005.640686119321
100517,14825.863198468081
100518,9831.865416470617
100519,8822.135525644502
100520,14004.484548649032
100521,11072.34622062407
100522,11813.961118977837
100523,6313.777479071391
100524,10350.987925111493
100525,9429.841400679681
100526,16524.336347930508
100527,4862.020514752668
100528,7797.300498411377
100529,9777.875338036454
100530,18847.71125418598
100531,10126.23482527543
100532,12943.451285022004
100533,10654.211066884533
100534,11727.146768821314
100535,6485.710226275789
100536,8960.933153949309
100537,13790.073795525797
100538,10706.302581682292
100539,12963.00470175232
100540,7730.485080448942
100541,16910.862201009924
100542,15913.898352197708
100543,8453.78222168543
100544,14019.880699032045
100545,13014.329949414567
100546,6428.558585798223
100547,7264.938756131945
100548,15209.94705188831
100549,18261.28273037875
100550,9908.363222529719
100551,9616.266178380065
100552,12085.145121522506
100553,10648.73891684697
100554,18059.34763056476
100555,9400.878634469156
100556,4647.1516484724225
100557,14951.1515463632
100558,7245.906607312085
100559,7446.287801621495
100560,11737.89487498926
100561,13149.948208868205
100562,7178.982962756577
100563,6757.931483420153
100564,7611.718844032067
100565,12994.223391304777
100566,10380.922232267341
100567,3263.9687602900067
100568,6876.95024712908
100569,14721.498651903617
100570,8008.269711009988
100571,5721.017021383118
100572,12040.445496129134
100573,7648.840727963539
100574,9451.1338618371
100575,6848.139108794545
100576,14031.25104892331
100577,17002.656085285234
100578,11020.91109940222
100579,1704.3136385888865
100580,9133.380352327298
100581,7025.63673972842
100582,10712.265522030608
100583,10400.56368501879
100584,5663.043143750158
100585,5566.682641627211
100586,17130.518437417268
100587,1970.5908979790843
100588,10821.533375172567
100589,13517.317044968351
100590,9017.103924477326
100591,6867.683125341056
100592,10000.522177161945
100593,10675.990942201013
100594,15917.8188679952
100595,10493.465272023595
100596,16493.469071662697
100597,17013.514028707436
100598,8535.424891368935
100599,11627.73363196665
100600,15818.210434509347
100601,10495.862286366968
100602,12219.670967541617
100603,8602.336746371106
100604,6265.717058277258
100605,8243.470130226959
100606,8807.631344748763
100607,15092.309539464644
100608,12948.745086830204
100609,9041.87727455814
100610,6906.0285718236655
100611,15446.627141826402
100612,13098.244763777642
100613,15440.348692670657
100614,8982.37416542849
100615,10225.040413454491
100616,12386.703430287882
100617,10623.897639840197
100618,13898.276565188498
100619,4041.8131106297287
100620,14326.509942480297
100621,9529.690008577338
100622,7995.71817829936
100623,8051.663964011634
100624,10619.586137285143
100625,12026.70173422738
100626,19032.12723276632
100627,8957.56240132362
100628,10542.696716179078
100629,6664.50151311459
100630,5830.804158349366
100631,10932.181547170452
100632,11819.92981620798
100633,9760.853596008681
100634,9066.727861820706
100635,12952.853309073276
100636,10773.671047857759
100637,15540.61693917543
100638,11762.975685188041
100639,11329.16755967372
100640,15673.814253741308
100641,7706.457791217597
100642,15386.155457736424
100643,12461.528400878275
100644,14405.798565535326
100645,12006.099933983356
100646,7147.681274611992
100647,2221.555130614227
100648,13862.022229013513
100649,5677.850512694803
100650,8282.017319158227
100651,8368.38701767432
100652,10770.687426786673
100653,10656.3151926088
100654,13291.13184924784
100655,8798.270307930796
100656,7746.946654088479
100657,5389.594504295447
100658,13502.482690539138
100659,12878.522639156183
100660,10208.751411279798
100661,10682.66854505728
100662,9784.654767954495
100663,3760.0556122257317
100664,13023.693315112054
100665,10708.575953465413
100666,13964.103538636768
100667,15864.21284451069
100668,6896.576587771699
100669,9568.103719889476
100670,7235.444663171612
100671,9174.021553693296
100672,9930.102579424532
100673,11351.970127477935
100674,16458.898735322742
100675,12557.56838688991
100676,8084.898166717338
100677,3110.1326434319494
100678,6255.838859951986
100679,7016.288477827708
100680,14146.882759774651
100681,20673.251197613507
100682,10417.800740170178
100683,11047.367928806267
100684,7732.919604787201
100685,8551.974059122367
100686,7451.336385836829
100687,8890.554377675422
100688,8134.219991159518
100689,7038.965690017016
100690,9052.404852122287
100691,12386.489553018811
100692,8106.47970188062
100693,11431.30087832325
100694,14991.634809070445
100695,12323.179413152171
100696,10034.324192891292
100697,8049.518862368863
100698,13940.9926812938
100699,6037.889466515879
100700,9139.198020876653
100701,13370.604797479147
100702,7745.210780512707
100703,15324.606797577413
100704,12570.570633909698
100705,5883.199989977908
100706,5141.899134427852
100707,10427.90624086147
100708,11561.363069675766
100709,12152.66473211521
100710,13539.91586817749
100711,5925.115445557236
100712,17136.18983188821
100713,8200.770842273854
100714,7522.705973489104
100715,8754.317223590691
100716,9267.453585712721
100717,11003.377592327493
100718,13521.152641489489
100719,9367.111814917973
100720,15908.24159564598
100721,12665.990135490529
100722,9244.90825565629
100723,8602.01081580246
100724,11248.845595425155
100725,10601.198611618727
100726,10742.40142829825
100727,13859.399915254733
100728,10818.615079832673
100729,9594.505802501575
100730,7663.074250618686
100731,10334.637431017549
100732,8250.759680361283
100733,10703.11120162295
100734,7894.615994519617
100735,9489.341882678435
100736,15386.155457736424
100737,7741.904389927814
100738,11231.862576490377
100739,9524.877854948447
100740,10942.373801052441
100741,12264.712385393766
100742,12190.77286199167
100743,9888.968305345252
100744,7065.428949941955
100745,14849.057924751109
100746,13288.598295812819
100747,7058.05309487368
100748,17678.254770397107
100749,15908.24159564598
100750,14749.371439801775
100751,10315.589832026999
100752,7716.841115876682
100753,13923.983224665337
100754,8941.457866829818
100755,7848.549383261324
100756,17207.546985399924
100757,7452.4329529844745
100758,13180.083496347297
100759,10353.597974015756
100760,10248.539647192396
100761,9498.91720856193
100762,6337.039569906941
100763,8293.430684323619
100764,8328.499799625783
100765,12682.140562502294
100766,8058.351703473454
100767,10636.086256326977
100768,17155.192952137153
100769,10984.705590928645
100770,8683.944335813776
100771,13486.267557652027
100772,6127.646007145769
100773,9694.171350523771
100774,13105.392711074222
100775,6219.096036431516
100776,13834.004910700243
100777,9089.299923023777
100778,17167.035348638427
100779,13278.781207885568
100780,7485.141409302727
100781,14525.21229488512
100782,15833.523191562312
100783,6184.739717434936
100784,8191.022573770591
100785,7575.028178283109
100786,12091.149662590944
100787,8929.957620434612
100788,16383.014580438456
100789,17096.619644723116
100790,13103.038160381213
100791,12249.58275434988
100792,7596.162205280861
100793,6846.026340199157
100794,12969.778724779406
100795,10138.808565677691
100796,15083.053459870069
100797,15386.155457736424
100798,8597.230229788905
100799,7467.812943473448
100800,13265.385954370944
100801,10235.240152824113
100802,10732.819234215574
100803,11764.489520255767
100804,8974.732816356694
100805,8482.265315340966
100806,10685.765407299305
100807,15722.637999294124
100808,12058.736144803337
100809,12197.843321084572
100810,8033.946287089904
100811,13513.49112332423
100812,11981.14406339902
100813,12172.21442361714
100814,11166.774010797091
100815,7202.5807861500625
100816,12684.402825634277
100817,8140.212511996484
100818,11771.568137730252
100819,7249.1824858866
100820,7107.49134740559
100821,10006.233375295276
100822,11262.760169058249
100823,6273.880008657167
100824,11186.114851723592
100825,8840.603060109275
100826,14132.365677168855
100827,11981.31771296105
100828,10112.181591095838
100829,7591.857506034916
100830,7432.789156384908
100831,9939.54813880978
100832,14025.441941545065
100833,15061.678222334196
100834,15365.91901175344
100835,7118.595329165018
100836,10334.25160540927
100837,6842.96940429438
100838,3984.203155826332
100839,5204.494405545443
100840,9062.285239469596
100841,7888.0787320096515
100842,7825.615643399817
100843,7373.7587945423
100844,6269.222337030154
100845,10476.689720805774
100846,13881.364691434026
100847,10216.550980386337
100848,10962.221264130962
100849,11552.360320595508
100850,8777.296817094022
100851,10680.885102427872
100852,6643.805970524449
100853,10767.583328333903
100854,13143.543702523137
100855,2530.8958420416484
100856,10656.455974572615
100857,8006.766252254433
100858,9738.885208903837
100859,9715.803977561087
100860,10654.375420219867
100861,11258.960958102956
100862,6066.787073486005
100863,10429.487735394518
100864,9007.473918853279
100865,12685.509531188856
100866,7118.169887630365
100867,13525.307889698488
100868,7958.519685582411
100869,10353.933836303337
100870,14663.0961553882
100871,14469.540665619588
100872,9200.113831839251
100873,4866.788948348343
100874,7931.40844336975
100875,8394.645418895916
100876,13633.570032874773
100877,13531.110725156797
100878,5322.649375200034
100879,5923.310996185192
100880,13423.885502430834
100881,8823.320075340918
100882,12189.69198986092
100883,2330.9607007459726
100884,10703.597906634164
100885,7922.443015166489
100886,11054.06372266487
100887,17146.121681967554
100888,10553.379334543662
100889,9954.061091519143
100890,14549.416420614909
100891,12165.751547495223
100892,6245.145187581428
100893,15386.155457736424
100894,12384.44942086223
100895,10485.826661180488
100896,7985.473725775011
100897,10436.82113361997
100898,10570.5156621151
100899,4988.418785388628
100900,10032.001472485306
100901,9294.453006437574
100902,12234.631626192882
100903,7699.549084873335
100904,14704.920977991207
100905,9020.893739197785
100906,10939.705614624598
100907,6374.245078402815
100908,4398.829581365377
100909,6252.071433016173
100910,7459.924518206888
100911,11828.947378521205
100912,15722.637999294124
100913,5899.573125835408
100914,8122.065143362543
100915,8571.972868221408
100916,9645.19845439733
100917,10635.36440456867
100918,10118.358167382854
100919,12968.348995690925
100920,7537.75989989735
100921,10454.775786021739
100922,7111.879390047002
100923,10717.733516943375
100924,13905.129319937765
100925,5118.430826930022
100926,14069.112088136397
100927,7373.144898862397
100928,14064.69162957361
100929,7178.982962756577
100930,16199.773189380921
100931,13547.228073580845
100932,6776.854620238435
100933,10954.137465518865
100934,8016.976130953751
100935,10200.962386029563
100936,4567.35745147133
100937,10963.668744656894
100938,16073.57127153126
100939,10671.67822370412
100940,11559.343468457293
100941,8725.219679981914
100942,13967.627879476573
100943,10960.686650094016
100944,8905.700045889565
100945,9781.709758306402
100946,5616.572315532512
100947,9688.770943652991
100948,19859.072750593718
100949,9769.715335392875
100950,7841.949289250133
100951,13216.04639504348
100952,6233.644269598823
100953,7786.433326303863
100954,7280.081612089087
100955,12112.950885871458
100956,15094.333065852245
100957,12158.723218945237
100958,6618.246255493558
100959,9370.853206098845
100960,15894.581041611329
100961,10532.874449079874
100962,13330.173617936407
100963,10978.782005095221
100964,10737.598909163697
100965,2583.597600294147
100966,7998.8273537475525
100967,6130.717379514085
100968,10098.993899428167
100969,5763.402310737151
100970,11826.86274568905
100971,9761.881654642297
100972,6798.638943619169
100973,11745.763952573036
100974,12499.698751762417
100975,6062.570448437044
100976,15908.24159564598
100977,10636.298908535226
100978,9371.750510071302
100979,11052.365256996747
100980,7455.935092524793
100981,5870.578606319472
100982,14093.924005180115
100983,11760.049010065122
100984,12594.804231461692
100985,11422.393813622853
100986,14611.665136031868
100987,10274.625301950846
100988,14384.623545943337
100989,10706.177871575317
100990,12138.479006441748
100991,12885.382982575267
100992,13276.109890146741
100993,9542.660545094282
100994,11968.767140936508
100995,9297.645831378079
100996,9746.907017914942
100997,14341.265487387036
100998,8076.895846067865
100999,8613.767556268045
101000,7489.176194747007
101001,13191.647591876635
101002,9970.369275404824
101003,14422.122274204556
101004,9578.592056645068
101005,14649.613949164115
101006,13960.730678100148
101007,7915.675165624072
101008,10693.269104419367
101009,7307.876192864467
101010,10721.658304713888
101011,10653.706712841906
101012,16298.260288131078
101013,12456.178562454077
101014,7720.884516638931
101015,13964.204248099244
101016,15386.155457736424
101017,9318.313140919296
101018,8194.656089238406
101019,13158.65945312492
101020,9667.99303659677
101021,8598.946169757248
101022,10239.514792478381
101023,9768.813879592613
101024,7915.095803956495
101025,13343.25013014081
101026,13947.771540379526
101027,14424.19684446746
101028,10048.295590139132
101029,13115.885690564262
101030,7874.78786526951
101031,5566.783114027845
101032,16199.773189380921
101033,8349.231517784623
101034,10337.276587794493
101035,15758.098550557954
101036,12287.654565587101
101037,9523.764667443833
101038,9374.493075516828
101039,10707.087767152134
101040,12880.220650048519
101041,4248.549847122007
101042,12875.05087769001
101043,10960.93805723684
101044,5393.393674742313
101045,12786.711322723275
101046,6987.1524904809285
101047,14000.93147597746
101048,8478.839510304217
101049,13390.033303515676
101050,9108.837738493932
101051,12896.27849498803
101052,14014.659951665513
101053,9623.271904510253
101054,14719.768968412733
101055,12319.045337699647
101056,7464.5595711476235
101057,9299.642189959544
101058,16374.011150208395
101059,8951.840691116653
101060,7555.318637010077
101061,12394.363802121241
101062,10428.70528629928
101063,12628.666037106928
101064,13075.2185217859
101065,14626.05216970065
101066,11252.061858119554
101067,4949.112606914889
101068,13498.352475338434
101069,9397.610971950497
101070,12676.060989461539
101071,15263.324480202205
101072,3895.667344295348
101073,13053.547256271866
101074,7792.576437725913
101075,14758.03119327397
101076,8035.291464065023
101077,12593.051474323764
101078,11991.495066993157
101079,14749.568410251228
101080,7089.7347494869255
101081,8545.814283142323
101082,6261.693914542392
101083,8769.714175605211
101084,9680.792426815991
101085,5712.546825315746
101086,13324.176400705463
101087,14013.754832548504
101088,8509.840202812102
101089,7758.160490781336
101090,12528.991604488205
101091,9767.392535217632
101092,19446.542153258837
101093,6859.418737004398
101094,11157.36858326121
101095,13529.537139924701
101096,7078.932849662211
101097,9770.068125246582
101098,10627.630068729628
101099,15383.7008764028
101100,7896.959526893934
101101,9064.713596179476
101102,9252.534903036618
101103,7759.397000839591
101104,10966.12415797797
101105,9096.32845299088
101106,16377.626217411309
101107,16355.954822319454
101108,7455.17897996989
101109,11136.78959091274
101110,16768.941652099027
101111,13834.783101236675
101112,7971.739380880304
101113,11058.076993096765
101114,7453.583522256712
101115,15418.108534385043
101116,8240.896664172713
101117,9741.750035588972
101118,13083.781787394171
101119,6850.577730841002
101120,8062.2801855821035
101121,15913.898352197708
101122,13579.736460767412
101123,9722.106985349948
101124,5414.165492672236
101125,10399.865467013704
101126,7042.036616984351
101127,10691.683107044204
101128,13464.240697493995
101129,8519.127511838116
101130,9597.802730135998
101131,10740.78289478162
101132,6865.415524280164
101133,10993.400848262472
101134,11108.376784499216
101135,9722.935556494367
101136,9610.344006425985
101137,13140.297377855
101138,10928.206968657852
101139,6815.023714861506
101140,6994.3662320035655
101141,10915.22236887252
101142,15754.180176478962
101143,8581.990737389287
101144,8348.212351750859
101145,7881.614783250538
101146,10236.82929575689
101147,13915.790045237603
101148,10426.732679874445
101149,7395.825217044643
101150,9956.812613963843
101151,13150.15353690898
101152,7869.722507003238
101153,10029.515946543252
101154,8110.157522543028
101155,8885.233522076662
101156,7538.150893563381
101157,14279.304038225497
101158,7630.1318461757155
101159,7187.179283320866
101160,10958.645045629873
101161,11599.866646274553
101162,11488.26334679804
101163,8652.297617465367
101164,11372.203825252156
101165,12922.778447890127
101166,6867.1415832284165
101167,10925.4324311259
101168,9005.629340166435
101169,13990.026043046038
101170,4119.179328325392
101171,7657.295908844883
101172,6131.479733354033
101173,8838.898471912678
101174,8550.354888197688
101175,7308.167954451531
101176,11760.049010065122
101177,11727.437783725723
101178,6587.8458068560485
101179,11082.335926557236
101180,13833.921142096959
101181,5546.088785976813
101182,7952.1350482405105
101183,7989.965959293494
101184,9150.560809902294
101185,5436.234375661629
101186,8056.459848418091
101187,7086.945303518184
101188,14205.158092215544
101189,8106.047912882317
101190,7213.954007778494
101191,9414.91764994252
101192,14133.594299606311
101193,6777.870975197715
101194,15307.610330852393
101195,10344.747654803065
101196,12089.894242933873
101197,4941.171778015717
101198,6874.698135405026
101199,10495.862286366968
101200,12941.264072327094
101201,16199.436853013029
101202,10366.30808756131
101203,10326.700922616244
101204,6710.13807239439
101205,10495.862286366968
101206,7263.109270109919
101207,14130.387855182886
101208,11514.234321375088
101209,5853.153507137811
101210,8029.791219733882
101211,10234.851421991621
101212,11096.53749420854
101213,6804.074098781725
101214,7496.16695668024
101215,8698.451281675303
101216,12834.268890925168
101217,8217.649687865103
101218,10233.115983651389
101219,17028.18297974017
101220,12089.894242933873
101221,8598.946169757248
101222,13786.210479313635
101223,7123.786292174567
101224,14076.504679095995
101225,12277.903215479846
101226,6872.814832888708
101227,7926.570800232429
101228,9222.634269532455
101229,9295.0592765302
101230,11061.94471827492
101231,11155.286421905234
101232,10256.185967659467
101233,10780.082824919622
101234,16100.043811804206
101235,9921.484235623671
101236,7486.846816000027
101237,14642.09831971004
101238,9839.434627687306
101239,14059.816917736947
101240,8351.122515693041
101241,13418.16162738932
101242,13697.004690781432
101243,4440.426989273644
101244,9330.660410906787
101245,16323.209905450667
101246,7914.892523840025
101247,11038.323991300245
101248,7956.345331084013
101249,17195.92457091894
101250,8268.915765848215
101251,8207.213147879227
101252,9432.932347565758
101253,8968.675225486368
101254,11736.661939089257
101255,7969.574643158051
101256,8380.365176741772
101257,16456.798474155847
101258,9688.558407304252
101259,10258.114932739085
101260,10832.97289350752
101261,10793.997713800687
101262,9706.412195002567
101263,12691.05492738716
101264,7657.2533770952605
101265,16199.773189380921
101266,12420.057017069801
101267,9618.408747830132
101268,6267.685597408838
101269,10187.025893463828
101270,9812.599524309975
101271,9036.494911322481
101272,19377.254190050855
101273,7842.465764925668
101274,11586.638833789038
101275,7542.67151228653
101276,9409.419772863956
101277,6491.752897187136
101278,8480.08983464377
101279,11280.538458635745
101280,7738.605318631795
101281,11951.501521345212
101282,10459.380064751836
101283,7986.2168963498825
101284,10380.985538386887
101285,13554.067008035718
101286,15646.77331290983
101287,14540.234006103019
101288,6868.118928047986
101289,14334.271637088943
101290,8601.59947886894
101291,12118.995176060791
101292,10414.582578498648
101293,3606.4794662706404
101294,8083.498945587488
101295,10176.419595868074
101296,9051.770147417896
101297,8245.939035441479
101298,16537.782471360948
101299,11737.27441878082
101300,11521.28877775493
101301,15381.887125033565
101302,13322.897870235787
101303,6184.566628666563
101304,11558.420449526659
101305,12073.023539314754
101306,12309.397735914516
101307,9283.257186372459
101308,6116.460616189665
101309,8445.308188334244
101310,8694.524463603184
101311,9230.981246041842
101312,14791.563358367299
101313,8861.578214995912
101314,12175.540768110362
101315,12669.779505463199
101316,8309.115723835475
101317,11178.28753375145
101318,13424.648081129564
101319,7417.6860290834165
101320,10044.229260764458
101321,5869.87523198453
101322,10862.278821578271
101323,13923.983224665337
101324,12117.860683588184
101325,15438.886903122835
101326,7410.961959359506
101327,9912.964773282303
101328,11535.806024486901
101329,13616.7751432197
101330,7161.7205354965945
101331,7153.429865649613
101332,17239.215829714452
101333,11350.930301017412
101334,7004.4617244038545
101335,15831.101227008994
101336,9993.154519384381
101337,12859.262453286854
101338,11762.582323758212
101339,10799.286594782568
101340,5847.78660931634
101341,6792.218518144089
101342,12146.15215914383
101343,14847.803919843767
101344,7700.008754089833
101345,10888.055473284823
101346,7905.684164513358
101347,10615.356900143459
101348,10671.959536583934
101349,4467.6890262070365
101350,17033.725928699263
101351,10501.326038305959
101352,7123.457576361545
101353,5829.740017914471
101354,8322.15874293267
101355,10902.022082009555
101356,12466.674438653254
101357,13554.067008035718
101358,8924.72252183957
101359,11767.786593994399
101360,15314.162676793047
101361,13125.014141786583
101362,16199.773189380921
101363,10851.185307781483
101364,3866.781032379036
101365,6611.090630702193
101366,6938.665264900477
101367,10575.11407870788
101368,9805.006762801358
101369,5772.5381408605435
101370,10465.808870860503
101371,18222.68467414582
101372,9150.031857211596
101373,11516.80824612667
101374,7279.018023715349
101375,13017.062740487925
101376,14333.815191642336
101377,10133.495798949043
101378,10981.57882499885
101379,8683.739580689244
101380,9633.762627012331
101381,9418.614781046743
101382,7993.977512869241
101383,10918.567754210391
101384,10552.889239167822
101385,12135.80525530307
101386,9282.291477994175
101387,13618.931102314744
101388,11629.35700549333
101389,11095.39459429021
101390,5988.085114971731
101391,10686.700380246588
101392,11972.673170278445
101393,9070.692551222262
101394,12897.537644734042
101395,14376.07129077273
101396,16032.122790374582
101397,9640.252825552467
101398,6145.983624613021
101399,10342.743946893444
101400,14508.941752124709
101401,8445.521697017703
101402,6225.685541022292
101403,7741.446699521278
101404,8162.739102673571
101405,12979.215335119176
101406,12955.593212821184
101407,8538.027252202513
101408,7262.955238213505
101409,18872.77311452818
101410,5728.978531765869
101411,11901.693040539125
101412,10134.228637424867
101413,6804.898196120965
101414,13968.794148982546
101415,8890.677416920553
101416,11128.984019479769
101417,18221.849531760792
101418,7041.282207712872
101419,6041.633718123335
101420,9086.834909667205
101421,10631.3318379262
101422,12349.08909568069
101423,10353.922116842154
101424,10753.963379315212
101425,7191.214531103099
101426,10611.255571200818
101427,12768.681576363315
101428,6254.481340532453
101429,10101.114622514433
101430,7344.278749471904
101431,7548.796302286075
101432,10791.867764169421
101433,11444.66778161088
101434,15386.155457736424
101435,13822.681228305772
101436,16781.67673837733
101437,6713.265605000233
101438,16835.9391156806
101439,8093.584310174332
101440,11322.403379295267
101441,11343.074200572213
101442,12176.932550925438
101443,9128.002330740832
101444,10595.503346336134
101445,9338.934247449854
101446,14455.432449359396
101447,11153.416483073646
101448,6741.1637455046875
101449,15435.074722735186
101450,9052.623089337752
101451,13263.64979267564
101452,13970.549451240764
101453,7763.172378221919
101454,10317.070252432406
101455,9613.470073787013
101456,14418.902183151118
101457,10471.399297974487
101458,17499.296445200627
101459,10118.045570267026
101460,5478.4461853820285
101461,8406.762346407386
101462,7057.934910948595
101463,11833.692669783393
101464,11546.051403468284
101465,13766.269373824736
101466,15342.018109230068
101467,9428.195987510815
101468,13495.469340524176
101469,6266.170510772928
101470,10258.939470051413
101471,9714.97051901976
101472,5544.67190583325
101473,13554.296249975814
101474,10262.091725704851
101475,10984.540697944585
101476,10525.435596156673
101477,10091.950901532979
101478,7289.857339641313
101479,10981.188555543193
101480,5045.135139435642
101481,9938.613909422618
101482,11148.240454073823
101483,7916.724731141965
101484,6437.137076357013
101485,9135.38298113689
101486,14683.58944930257
101487,12308.258191761995
101488,13992.171601885282
101489,6997.581870335817
101490,4988.333770500923
101491,12691.4531934696
101492,11126.093615648575
101493,15847.481364073206
101494,9787.197414875824
101495,8994.135373016605
101496,5549.2575115619165
101497,6885.085313188709
101498,11529.817838165043
101499,6244.334853766617
101500,9508.154186032905
101501,20228.939989000788
101502,12362.151211107774
101503,9896.493314389169
101504,9847.190246304644
101505,13317.2216599184
101506,10531.184935815927
101507,12498.405862007647
101508,17930.02209747392
101509,17190.10974292686
101510,14979.921905572462
101511,7372.948452637674
101512,6366.615591072974
101513,6929.700817376854
101514,8926.985644985905
101515,8110.244028650497
101516,6906.0285718236655
101517,9678.770286083933
101518,8061.390491056207
101519,17947.95342320799
101520,10165.40221692902
101521,11765.119718759557
101522,15386.155457736424
101523,11643.888990243062
101524,10131.114890855886
101525,12716.23095711082
101526,13132.28967179446
101527,8961.547737248417
101528,6209.129047405914
101529,7999.4455358136165
101530,12979.00456671907
101531,14170.406330160471
101532,6601.147189567781
101533,4568.915084696477
101534,13085.472758221089
101535,5454.666344190674
101536,10142.680622913751
101537,7356.793766043863
101538,8735.112309243808
101539,14287.82657154664
101540,10851.185307781483
101541,9227.900474728127
101542,13171.067184692492
101543,14037.45408089584
101544,3678.5554240446186
101545,11323.69748746069
101546,6164.654494290338
101547,16009.22982403827
101548,12853.234117261625
101549,10675.991995581377
101550,9798.62074987578
101551,9631.946505793798
101552,7810.590602362174
101553,10197.056105712632
101554,8172.470247631985
101555,3103.8115337833715
101556,10352.355479254042
101557,14792.867216198612
101558,12771.158487838406
101559,8137.602924723052
101560,7190.87740515005
101561,10119.327338245308
101562,9567.845851688979
101563,17639.157798401688
101564,9147.370413469522
101565,10101.316106481592
101566,12514.11309977431
101567,9672.113443739989
101568,10204.246330102076
101569,13825.213401657471
101570,8372.361802688905
101571,11816.906537604093
101572,6511.7101967445915
101573,5967.116091026054
101574,12573.291354108109
101575,9812.443979250642
101576,13944.529822915
101577,10671.042903139043
101578,16533.161788746802
101579,10307.025098846847
101580,8543.175961772296
101581,6183.958473029735
101582,6019.234180455662
101583,6615.765261636082
101584,9456.54725755877
101585,10945.166794427187
101586,6818.760337573515
101587,13071.747898048228
101588,6844.383301437524
101589,9933.73698364695
101590,8921.541829904334
101591,11480.050153143016
101592,12863.593652748734
101593,10975.90480867919
101594,11902.098214637503
101595,13941.121012159001
101596,12023.24089763508
101597,10335.2025739478
101598,19913.676373413036
101599,10495.862286366968
101600,13921.413495443418
101601,10530.517696841227
101602,6390.9732941349685
101603,10945.986506489713
101604,10965.832023090568
101605,13340.490002533388
101606,12108.684190331813
101607,10067.375150355101
101608,6520.680220608954
101609,13952.414005394237
101610,11062.818744281607
101611,5524.18266660974
101612,7284.801898177944
101613,7860.620574358756
101614,7550.247118371863
101615,16009.22982403827
101616,5527.403250189083
101617,7626.115699696131
101618,6355.589705648878
101619,9329.384363869025
101620,11517.685046232458
101621,7314.376489321221
101622,9622.629451227014
101623,14746.007609936338
101624,8139.250671532243
101625,15386.155457736424
101626,9838.326409049243
101627,10352.345880281207
101628,14971.656369918019
101629,10816.70054721596
101630,4708.942021579379
101631,7244.398116540771
101632,7605.750149521582
101633,16696.119642124748
101634,10611.150854210699
101635,21918.25144249958
101636,7263.109270109919
101637,9108.786729739159
101638,8127.376177597745
101639,3442.3406476632936
101640,9860.738488570814
101641,12257.541180304821
101642,9445.50566501229
101643,5114.2469912913575
101644,8152.736486397663
101645,10859.898109429832
101646,11380.079336951025
101647,7761.734276696763
101648,12026.70173422738
101649,9733.468933993747
101650,12832.787696826244
101651,14359.99352275386
101652,15839.36964384608
101653,17521.49110412851
101654,7297.895921031634
101655,12266.692370219655
101656,7357.501687635973
101657,13238.225551488174
101658,16801.13078053224
101659,9353.731663730037
101660,10495.862286366968
101661,10335.2025739478
101662,7234.791212994875
101663,7581.24450706722
101664,11845.924644207747
101665,9089.868651382274
101666,8725.219679981914
101667,11979.01656238853
101668,8967.495767495453
101669,10564.861003228703
101670,14014.659951665513
101671,7988.965337296086
101672,11508.756232067995
101673,6850.01807646259
101674,9095.842703447675
101675,11559.013736515539
101676,8761.32333775259
101677,14124.797834567546
101678,10433.98517240159
101679,7762.05612913832
101680,10728.420680334071
101681,13952.28089130815
101682,7029.78340645706
101683,10685.765407299305
101684,10851.82265169199
101685,7475.33341496226
101686,11471.25976943308
101687,5637.97432129224
101688,9661.672997397329
101689,10406.652327582753
101690,9541.866096377558
101691,11710.2038940368
101692,8114.302512721643
101693,4955.885496723244
101694,12580.876905562884
101695,5246.083639293081
101696,8836.36748302733
101697,13189.60019370375
101698,9500.420166382304
101699,8527.32380586915
101700,10228.510493151494
101701,11701.329815013132
101702,11627.031861710695
101703,10277.93341717206
101704,12641.867424477738
101705,12022.675763646377
101706,9409.772351827847
101707,10367.001398963595
101708,10831.78173887765
101709,9149.880648983903
101710,7577.84234000482
101711,5614.912525111888
101712,9625.762689747024
101713,10859.307611271064
101714,10463.04325434206
101715,6833.010142475906
101716,9967.198802299892
101717,5518.830104169938
101718,12251.734077704057
101719,7284.437301432094
101720,8780.577849218796
101721,6903.740217482625
101722,7652.1543298737115
101723,14602.727401179134
101724,9866.27476150114
101725,13561.087287779756
101726,4846.858587777073
101727,15955.956901275276
101728,12576.921356295894
101729,10639.996478291856
101730,14329.433396150438
101731,13559.50208740753
101732,11778.543467409992
101733,6090.355623181588
101734,9980.763843015593
101735,9510.182813249068
101736,14140.860624744564
101737,12186.404791842615
101738,13095.827041814999
101739,11380.969324194562
101740,11654.751869791611
101741,14586.316937103558
101742,8243.645571755616
101743,7078.58489693439
101744,8981.548499401591
101745,11762.073519304511
101746,14230.984500933399
101747,15608.01295719857
101748,9713.121410496895
101749,6459.438900329962
101750,10211.947915800352
101751,15386.155457736424
101752,13097.359613819954
101753,8522.407111287252
101754,6906.0285718236655
101755,9785.521129411447
101756,7809.107584986684
101757,6034.643362881187
101758,12258.411387107046
101759,14675.168347059382
101760,16199.773189380921
101761,15910.077339815742
101762,12536.042074594352
101763,7017.823101735005
101764,8681.696943730374
101765,7216.122758448738
101766,11230.017463327486
101767,15661.368003526826
101768,17930.55293009616
101769,6152.595120333562
101770,2084.531705522901
101771,7260.173360476284
101772,7696.641071011972
101773,4218.3536052389145
101774,8161.693277136527
101775,7606.015383039831
101776,12095.992264546472
101777,8789.612705080637
101778,17474.481970663768
101779,10975.567208243952
101780,8612.03742222068
101781,14918.839522897995
101782,13859.891209054533
101783,11047.354165201872
101784,10185.039954155856
101785,10605.888954646614
101786,13605.977579485498
101787,6156.082743105949
101788,10170.646750492899
101789,4748.664086519792
101790,10258.270137786092
101791,11506.829320407805
101792,17948.329788291427
101793,10036.255902698538
101794,9560.403396960512
101795,8157.254744015647
101796,14895.87266499435
101797,1806.0848051830064
101798,13709.220422853708
101799,9933.505079396407
101800,11173.847449147777
101801,11530.999875223317
101802,9501.78274159551
101803,7219.772074882645
101804,11585.600450258844
101805,10583.097907822914
101806,9459.16715710755
101807,15990.066928412398
101808,5353.228616408636
101809,8665.717785476721
101810,7803.368804604136
101811,9853.58203346647
101812,9039.046686903326
101813,14019.880699032045
101814,8539.207244576004
101815,13546.230091335841
101816,9892.498906620423
101817,9718.13866003347
101818,4552.73627888816
101819,7957.077497867537
101820,5827.214614114883
101821,10467.585317427367
101822,10799.647813173688
101823,16009.22982403827
101824,13923.962084361088
101825,14975.538070658586
101826,10916.127331195996
101827,12777.087604467944
101828,7920.838127119197
101829,12171.611433502652
101830,9601.029141558583
101831,13327.43752126987
101832,6787.346823397627
101833,12647.901323084187
101834,17739.974170409885
101835,7795.482595358265
101836,9394.100986302396
101837,4135.212310969726
101838,6191.577091569792
101839,16698.148204437664
101840,7481.37136642313
101841,6029.387948628884
101842,15042.02348071379
101843,7894.487455876567
101844,10366.331734511648
101845,4755.904599875856
101846,8650.221600371411
101847,11637.068155698173
101848,8756.675931345957
101849,15386.155457736424
101850,15055.356926293573
101851,9421.668194952366
101852,14448.197395122255
101853,7642.7491895800495
101854,10989.467090127368
101855,11802.473536804377
101856,8062.567467278102
101857,10495.862286366968
101858,9304.175320216464
101859,7156.349033121191
101860,14289.456647163806
101861,9121.002563717386
101862,15094.503427131851
101863,10620.4825252942
101864,7244.618905308047
101865,10040.99031860251
101866,16036.41977715563
101867,10288.973502380373
101868,7789.769324642609
101869,11478.647525689952
101870,16641.452331631997
101871,7350.109036382121
101872,10402.993168216113
101873,13940.540087491756
101874,14205.158092215544
101875,10324.726116352393
101876,12116.204784478301
101877,15525.806227083647
101878,7867.337815340243
101879,10364.000876870907
101880,7259.681920417349
101881,9656.133709014031
101882,8305.547236567392
101883,8364.744422454472
101884,10024.850482461803
101885,8529.367233317224
101886,6844.276358332333
101887,13119.920619809838
101888,5774.694395411425
101889,7951.539934337525
101890,13547.464244004537
101891,14809.166598134905
101892,15237.904412502367
101893,12379.797746588783
101894,8934.803185252342
101895,12626.074351498883
101896,6074.900741935031
101897,4617.469223332654
101898,12551.755513953369
101899,11011.128011419083
101900,12555.3355072397
101901,13740.618979820681
101902,16354.392232595865
101903,7177.810385870124
101904,11315.522377053654
101905,15049.133420640068
101906,6631.278618924762
101907,16496.59753230549
101908,13607.582358378802
101909,9180.595193818597
101910,14021.003059480678
101911,20716.310641362452
101912,8736.636354273362
101913,9180.835866583355
101914,12025.757903613518
101915,11189.25234595093
101916,8253.479802702897
101917,10399.58565073369
101918,11747.635646709463
101919,11427.763500483312
101920,10407.614981034672
101921,6856.352476100787
101922,12924.155497414351
101923,4835.30407299465
101924,14469.691756057022
101925,6358.181362202849
101926,19982.324875357564
101927,13121.490436368016
101928,7229.750779099983
101929,11942.292821797048
101930,7905.82630904476
101931,9795.837956945466
101932,9580.102543174316
101933,12103.40533022846
101934,13308.039183327795
101935,11264.286124326276
101936,12824.221729860365
101937,13585.23837694956
101938,6031.208477154216
101939,8593.746247447469
101940,8966.709676978031
101941,6695.60603635469
101942,21881.266327350306
101943,16032.123196803246
101944,7948.492573069662
101945,9014.546753598981
101946,11305.018574652026
101947,13537.986189331375
101948,7115.4192399585245
101949,6658.524569890816
101950,12312.850422807538
101951,8592.165970998858
101952,7925.940449417891
101953,11526.25411017451
101954,14490.82066707992
101955,13617.409350446049
101956,8404.219291284107
101957,13109.584137467225
101958,9495.312278797513
101959,11744.159394512126
101960,13483.750912620377
101961,6339.693685375746
101962,9022.135113081433
101963,6777.451681448583
101964,13975.686224044372
101965,14403.758875155027
101966,10553.250546737567
101967,7074.029391705282
101968,9918.595495191334
101969,6556.1262970960015
101970,5505.221288523723
101971,6913.035054485132
101972,7716.679907513965
101973,2426.1534304973798
101974,5927.472226546074
101975,7706.448008248041
101976,8110.293617403369
101977,12066.932281612842
101978,13612.226409151255
101979,9229.920248910863
101980,9117.698109578687
101981,7024.647568499039
101982,7156.918110183543
101983,7385.871624538664
101984,10521.277291880733
101985,5719.280334987046
101986,7424.042746353155
101987,8780.531142111502
101988,15416.915025815098
101989,7419.462473712653
101990,10300.682056932643
101991,11822.560848049525
101992,9088.043973146358
101993,10133.55986873777
101994,10567.552705778906
101995,8683.736344578585
101996,14072.637351381636
101997,8025.8819308727525
101998,9893.65629729613
101999,8851.598378300123
102000,7225.292088685567
102001,10922.284015370818
102002,9178.44990264504
102003,7225.089108645638
102004,15470.757717221828
102005,7478.74752605362
102006,9304.639125295396
102007,12223.642059671523
102008,10280.661071023727
102009,9066.449900918595
102010,12959.786694102975
102011,13700.389692851719
102012,10728.617633224638
102013,9507.768709349919
102014,8412.291937120044
102015,9371.372147777493
102016,6954.63304556669
102017,10840.273728343946
102018,1523.9910754606717
102019,10495.862286366968
102020,8894.003772017915
102021,7968.446450333986
102022,10660.848995066153
102023,13515.582005518114
102024,12636.201448815995
102025,10123.794020186191
102026,9211.331094029707
102027,15494.732705710374
102028,8141.1446772869
102029,12853.437429437678
102030,6668.124590815049
102031,5913.745395223435
102032,12405.189136588178
102033,4181.8547718270665
102034,18715.07931301047
102035,8946.186107240643
102036,6136.055165671924
102037,18478.17974201196
102038,10638.558238395697
102039,7100.3129754152815
102040,11265.567747286901
102041,11172.803285692358
102042,10623.500548966114
102043,10552.071315188741
102044,10430.714088323368
102045,7505.10286765355
102046,10191.108972634156
102047,10678.170683104041
102048,8970.41848220774
102049,11705.456436076069
102050,10093.797764033632
102051,7648.7426656917805
102052,8321.16598012836
102053,7039.632195518069
102054,18895.40193523645
102055,8532.658919434838
102056,13841.699735547556
102057,7714.987535201499
102058,8811.07119929954
102059,12553.33373188332
102060,7625.84847749663
102061,9297.39866083199
102062,9977.26728427658
102063,9028.958393183993
102064,8170.120550765297
102065,10445.88802112472
102066,10943.732577522827
102067,6349.850991886131
102068,16009.22982403827
102069,10915.943705255893
102070,14728.483891388925
102071,17519.043240184037
102072,12952.435106005934
102073,10048.444934729396
102074,14543.061294884854
102075,6960.504262021996
102076,9861.277252724396
102077,10768.467144552169
102078,6937.182871620082
102079,11984.074398036431
102080,7382.598898916567
102081,8083.498945587488
102082,10637.044267848487
102083,7000.42986190856
102084,11002.685765898806
102085,14937.520051136577
102086,16036.41977715563
102087,16960.09962122335
102088,10260.378065759374
102089,9930.139316066916
102090,8948.841334805831
102091,12278.730607693824
102092,11638.883049032354
102093,14885.012070270015
102094,11184.098503671374
102095,7525.410488383057
102096,15389.98466089447
102097,10495.862286366968
102098,10194.451644942672
102099,15323.013267172531
102100,10327.616027048236
102101,8323.804368223384
102102,5703.650104401692
102103,9385.230614502882
102104,9087.628677066177
102105,10856.590531729807
102106,6458.306628170529
102107,7165.641711980359
102108,8160.838069779191
102109,9918.778538395025
102110,7908.305613773422
102111,9986.740400380042
102112,15913.898352197708
102113,15955.956901275276
102114,15446.627141826402
102115,9771.09941259488
102116,15172.634531661995
102117,16032.122790374582
102118,9874.675434214088
102119,10410.176106167377
102120,13326.404361757393
102121,8662.41830888186
102122,10939.989258763473
102123,12947.015714375468
102124,9523.764667443833
102125,12580.675658817929
102126,5864.633531833753
102127,9886.915953199421
102128,7409.910412132593
102129,10307.025098846847
102130,9624.014816171668
102131,11456.902616500407
102132,3632.0092267492237
102133,10216.758913974012
102134,15386.155457736424
102135,6257.023164645277
102136,8354.59823965582
102137,11729.53750057112
102138,12025.014438172944
102139,11800.58497787359
102140,8788.87577592151
102141,12566.55877731715
102142,11029.826421175216
102143,10489.047506632509
102144,5007.8277681407035
102145,7768.7300134839725
102146,10494.51816186012
102147,8712.044898994924
102148,7742.503162769107
102149,15401.131159270963
102150,8493.459038984001
102151,6495.63166467785
102152,10249.855345398115
102153,7834.048985730496
102154,10976.83592712946
102155,6109.530373082897
102156,7523.156828595228
102157,10730.654827448805
102158,9858.676123494979
102159,8347.709572249812
102160,9473.151695762042
102161,16199.773189380921
102162,12843.336628045758
102163,9266.496285861993
102164,7857.731886578844
102165,10271.420893737544
102166,7368.554490381136
102167,7296.47383717817
102168,6593.925571069593
102169,9642.712406415243
102170,8306.329690962506
102171,13332.831326586023
102172,13850.879008722182
102173,13241.820377121958
102174,17190.10974292686
102175,20971.439767682456
102176,5291.989082288224
102177,10855.492408215046
102178,6571.312951333594
102179,9231.015888213597
102180,6959.284553234472
102181,5244.19315768614
102182,10359.746391922345
102183,11152.814772954138
102184,11706.28830063786
102185,16362.970132111446
102186,14043.650809327946
102187,8196.565303668976
102188,13944.475071176888
102189,19425.991832188436
102190,15492.266403392201
102191,15404.495490953906
102192,11651.76002527112
102193,6816.329312907497
102194,8261.545607380369
102195,7885.341948809279
102196,8070.593560513575
102197,6641.08998721723
102198,7106.762868182363
102199,18607.955298419234
102200,9034.893136052084
102201,5383.524793228961
102202,10420.20122828305
102203,7526.038830116611
102204,7756.672190422344
102205,11365.808370470973
102206,9824.618010181754
102207,14913.110839642193
102208,10699.014878977317
102209,8324.045506428349
102210,12577.15196234815
102211,18342.05460974148
102212,14088.709521371586
102213,14230.654980655538
102214,6099.353534062199
102215,12123.1907156858
102216,8689.105356869639
102217,7732.831168178035
102218,14049.437446185539
102219,7357.966444053215
102220,13483.768753445756
102221,7013.468860271675
102222,9771.80162256377
102223,15277.597450569378
102224,15051.786470952207
102225,13940.736805263981
102226,7633.638256142153
102227,6450.9604805316985
102228,10257.719529186468
102229,13898.483845567931
102230,10923.064980004723
102231,10240.902547799402
102232,9622.345360007168
102233,6048.634619936286
102234,10143.37022727515
102235,7381.834171332934
102236,7732.87577679495
102237,8686.376261461848
102238,16763.121583277487
102239,13346.312067251552
102240,9647.810210981219
102241,7932.674816804561
102242,10318.043841728568
102243,6291.618425163152
102244,9711.032917662547
102245,11269.895261704138
102246,8728.657951147958
102247,9734.072428405709
102248,11754.778802377949
102249,9918.065894708636
102250,7581.934579383178
102251,15985.658837468953
102252,6712.684319015651
102253,9226.515476915001
102254,9830.121493535831
102255,6785.189273703383
102256,9718.540715635254
102257,9624.272543594734
102258,14699.22143775907
102259,4119.179328325392
102260,10448.759333567286
102261,7024.414662261276
102262,13660.32570205552
102263,10251.467356258148
102264,11575.82103057049
102265,15386.155457736424
102266,6853.052028906279
102267,7762.646378653454
102268,13853.581119914375
102269,8184.026747668726
102270,9086.469124953557
102271,8899.435908050138
102272,10605.078574346117
102273,2462.1320007242853
102274,6108.7293717704715
102275,10203.743323495402
102276,10448.759333567286
102277,5456.968518945212
102278,8900.358019275209
102279,10251.460345589732
102280,10850.293710392463
102281,7260.739439860997
102282,16036.41977715563
102283,8530.922845562174
102284,5579.864476907022
102285,9648.057942092211
102286,9907.712737829204
102287,9715.520744081372
102288,7785.481377631928
102289,9397.73652886996
102290,11214.102449704427
102291,8198.938288847943
102292,17120.208203097434
102293,16036.41977715563
102294,15386.155457736424
102295,9472.591327745367
102296,15668.449857187885
102297,10029.935836847393
102298,3891.473246342753
102299,11975.996146145024
102300,17305.07594853421
102301,9700.320017444617
102302,12542.581130707458
102303,9803.701930806272
102304,13398.798587139785
102305,7113.043592882362
102306,14516.004696698781
102307,8263.078260768454
102308,9544.801006900338
102309,10927.148469723694
102310,6652.655019462036
102311,7885.391321976458
102312,10384.14902803918
102313,5871.380566639433
102314,8058.630386605261
102315,7925.876977840461
102316,6276.897448416181
102317,7758.515562276743
102318,12282.182758473891
102319,14432.551931293377
102320,9633.423862470378
102321,15668.449857187885
102322,7697.630827380269
102323,7591.541668776435
102324,14255.010814152693
102325,8062.633098500066
102326,10199.436996689341
102327,18107.84139026091
102328,10442.10830259179
102329,9390.197304107638
102330,9363.861284704924
102331,13008.383730936439
102332,9893.677570157493
102333,8436.22989740764
102334,8705.827095891456
102335,8635.207526749111
102336,13644.999630390477
102337,10392.98258579143
102338,7481.827853722053
102339,12636.755934857107
102340,9836.027896435005
102341,7749.527175190149
102342,7956.610880904078
102343,7022.135301151247
102344,17930.55293009616
102345,5823.4452484797475
102346,12748.37009034474
102347,13311.01523662078
102348,6415.0480851822485
102349,11071.216216901574
102350,19924.459174545413
102351,8630.73553986166
102352,7668.13694740195
102353,6839.2780574907
102354,13433.80150437099
102355,12981.914413697832
102356,8941.486910552538
102357,2354.3516979555993
102358,6592.580928144063
102359,10220.738197225182
102360,7422.512365958789
102361,9801.536513193121
102362,10580.311619580265
102363,7553.69218403494
102364,8658.042229263841
102365,9653.464685551577
102366,9338.90814927514
102367,10665.83853907485
102368,9419.154951861856
102369,12622.74892703292
102370,8219.462460717885
102371,8103.498902224322
102372,7759.174016311392
102373,3881.593746928108
102374,4547.420498770627
102375,11168.569623618876
102376,13099.305636020605
102377,15058.532969830665
102378,11372.519504252437
102379,3933.035273578008
102380,10899.63178084912
102381,9514.71426889153
102382,10922.345942226397
102383,12883.380718495
102384,9502.71177677291
102385,16407.277791887835
102386,12460.890882360525
102387,15873.467860460712
102388,10074.248662379317
102389,12559.199561863154
102390,7031.438034829887
102391,11506.822445001808
102392,10490.575218436876
102393,10586.930267945958
102394,3645.007309807712
102395,7847.766515920531
102396,8995.902416182787
102397,12509.867912642778
102398,11304.0866037788
102399,7084.896557298101
102400,3952.9887244526926
102401,9527.98457936349
102402,14993.913909571971
102403,11801.257150351012
102404,11703.700476141057
102405,10385.880522112442
102406,4665.69806685934
102407,9397.808716734358
102408,6118.776952756622
102409,12100.65347670853
102410,6868.6784345337965
102411,19116.213561308046
102412,16375.580268026937
102413,9956.798348596049
102414,14422.089019053437
102415,13091.369966362667
102416,13996.79876601072
102417,10654.350847647103
102418,7733.657274469211
102419,11532.538606431208
102420,6309.612216246807
102421,12044.354941734264
102422,11056.05378888715
102423,6607.003498364075
102424,10176.494201569203
102425,11379.993158299105
102426,11062.91120377536
102427,9077.518331026693
102428,8657.855992976227
102429,4637.393360241496
102430,6413.284432256438
102431,6608.280452597685
102432,9786.774102995423
102433,10674.578446797728
102434,17499.296445200627
102435,7279.478715293578
102436,10311.525815254001
102437,11159.232603203904
102438,11025.305030932033
102439,6636.3150321893
102440,8004.036810343412
102441,13513.49112332423
102442,10299.977905453748
102443,8850.549591319676
102444,7932.026347413217
102445,6533.112165859017
102446,11560.57642950999
102447,3949.038501938373
102448,10152.152997152962
102449,9866.371660454664
102450,9583.200164808206
102451,6955.3939489887225
102452,11897.515887444382
102453,8199.961745034969
102454,14468.304212979394
102455,15628.830017023975
102456,5807.269424156675
102457,7242.015639238914
102458,9806.82616633799
102459,7224.650999773577
102460,14143.691777052518
102461,14906.262485111261
102462,13194.244709820076
102463,8309.623902977828
102464,7303.966634417659
102465,6220.486813608851
102466,6099.914416288951
102467,9512.13745363293
102468,11877.116315768993
102469,7265.256152896233
102470,12329.854328103298
102471,14945.200535560414
102472,15842.25940297451
102473,13700.389692851719
102474,10555.80891373149
102475,13353.735863516096
102476,9600.963247494676
102477,7841.973267150563
102478,8087.119611426164
102479,15386.155457736424
102480,10274.463216028988
102481,11026.94745421778
102482,11700.661181157355
102483,15386.155457736424
102484,13273.264433951681
102485,12891.227698514547
102486,14909.013968850226
102487,8146.012858229758
102488,7004.293446191236
102489,5753.781006340566
102490,9722.063421811454
102491,11615.47051839081
102492,6271.173884918409
102493,7587.745372583433
102494,8035.020469054298
102495,13778.543567638919
102496,7571.088847574136
102497,7249.742728682136
102498,8118.482347732433
102499,11592.068513367056
102500,13848.933532269484
102501,10276.550443083717
102502,7415.361581318188
102503,10889.584573405205
102504,4081.65006638137
102505,11422.466980480107
102506,6608.686759161011
102507,8084.577393848004
102508,6609.74392226104
102509,10107.265401099265
102510,6029.378849612074
102511,8551.394711713032
102512,10046.536111425143
102513,17405.254577082767
102514,11457.331581641805
102515,8672.15072945259
102516,13986.702830740252
102517,12452.460942648637
102518,11386.710920913776
102519,1941.5166556609092
102520,12725.72440873405
102521,8573.727382395931
102522,7773.1062678554335
102523,5439.143052612384
102524,9154.422148455138
102525,7672.631398953065
102526,6120.467459122548
102527,8450.359976330905
102528,7032.192207799729
102529,4685.012382876455
102530,11235.382055617201
102531,10120.676918135794
102532,9272.696002317713
102533,7179.051504070668
102534,8507.395842859058
102535,15955.956901275276
102536,5431.887898759128
102537,13201.643493418755
102538,7060.148969204057
102539,6349.466647511884
102540,11120.000937365701
102541,13458.980588622982
102542,10761.219329319993
102543,12994.75775579255
102544,14507.828857487895
102545,14183.156568403423
102546,7958.025126196819
102547,7560.787592585552
102548,15521.841949262498
102549,10951.692019471488
102550,15053.624676341817
102551,13441.3194145416
102552,8218.713318563294
102553,10311.176334641446
102554,12116.943976694678
102555,10712.265522030608
102556,6172.023622496832
102557,11245.881979836147
102558,14513.698672096249
102559,10191.981103996268
102560,17147.01269593633
102561,13847.356686361423
102562,4014.7725274958852
102563,6942.6770829434445
102564,8951.557935232784
102565,12382.147233083175
102566,9660.758083229997
102567,14125.031524118202
102568,8413.366641297656
102569,11427.21352997795
102570,8114.449180597807
102571,5018.409908708846
102572,3649.910485439371
102573,12595.73190105409
102574,9084.704938349703
102575,16810.402745311287
102576,8878.981483056195
102577,10833.13735059105
102578,15510.64844829244
102579,14669.833435860668
102580,4266.812000057024
102581,11429.872859565234
102582,12378.09065502795
102583,10718.651796965456
102584,7672.592913237461
102585,10237.84777987128
102586,9371.749260595265
102587,13623.508624058859
102588,10763.331918264956
102589,14079.541211084386
102590,9529.690008577338
102591,11091.542656825382
102592,17114.635065147642
102593,11019.219585647801
102594,8333.329426425124
102595,10119.357633978274
102596,6103.377907444164
102597,8006.0688466353795
102598,9583.683438832111
102599,15002.945445165293
102600,15006.563376774486
102601,9260.914908289216
102602,10401.24689247706
102603,10464.584351358668
102604,2747.4098525494037
102605,10833.9479183475
102606,15552.606892217183
102607,7346.032271177329
102608,9283.257186372459
102609,7242.015639238914
102610,7882.766549958268
102611,14351.139378085181
102612,12977.175865128374
102613,10301.884823597458
102614,10094.110493020267
102615,7450.3339975126755
102616,12347.423925765108
102617,6947.454719340499
102618,14463.267777237823
102619,12849.659636255723
102620,9698.872891394492
102621,2464.8816126472007
102622,8265.173473873925
102623,14711.0246208474
102624,11597.205647872646
102625,14888.030375084309
102626,6962.834316376807
102627,7289.58804944376
102628,5039.413712302794
102629,14485.442205456091
102630,15927.280185604212
102631,16704.059170794462
102632,7487.119639066628
102633,22545.05758771348
102634,8788.187622012527
102635,16497.599935736333
102636,1838.0673155055833
102637,16805.1719822469
102638,6874.081708814098
102639,8973.395356974666
102640,16036.41977715563
102641,13768.369684832454
102642,11936.973776388924
102643,10108.257545233853
102644,15614.17145781958
102645,9341.832967253145
102646,7992.395363236648
102647,17502.01271862945
102648,8261.677737188684
102649,12720.67358208457
102650,10115.243671815599
102651,11442.165676526938
102652,14367.167456115876
102653,7809.299296768793
102654,7030.8190449820195
102655,8108.9406316997965
102656,10610.640998991665
102657,20204.95510562387
102658,8046.457463803821
102659,7460.301630474333
102660,7292.509949598183
102661,10226.788349486724
102662,7742.895194095151
102663,11579.418903602154
102664,6577.910343831792
102665,9772.191673928148
102666,11538.59967853566
102667,14514.55176363448
102668,12068.808215094508
102669,2828.0601518775907
102670,9835.05390847675
102671,11792.79571072644
102672,16606.551054900865
102673,10207.855356617536
102674,12683.962693527385
102675,6417.528381846022
102676,11467.742989341592
102677,6601.147189567781
102678,10166.029492964095
102679,10975.567208243952
102680,9299.19778793956
102681,9682.179522087075
102682,12139.274188756553
102683,5352.608385830658
102684,6811.468196179803
102685,9739.106201606784
102686,10723.334458809093
102687,13581.031509907785
102688,15209.94705188831
102689,18043.31544942963
102690,9295.216724838503
102691,6373.976428452764
102692,11757.920079912688
102693,10083.180409508355
102694,7638.0741881258655
102695,9267.918910504843
102696,10597.553321730733
102697,12254.311761856678
102698,12812.325364467411
102699,4412.830203256866
102700,10821.826992944634
102701,11052.612022960933
102702,12405.999262959187
102703,10783.454613442073
102704,8876.090714046944
102705,7701.431886107314
102706,10735.017824651579
102707,12886.587746872738
102708,8311.927190655319
102709,10888.605965606894
102710,15324.984044085206
102711,10615.498836961355
102712,11166.712618503825
102713,4485.767487359275
102714,10495.862286366968
102715,11330.225162379522
102716,10343.773547268025
102717,9863.253422393085
102718,6911.38168278255
102719,14825.106613440423
102720,8094.010011049139
102721,6874.1491581770915
102722,13401.71150071282
102723,8853.861827559289
102724,5919.523888756648
102725,7951.253628504966
102726,9991.375470636598
102727,7651.033133893621
102728,11666.358435504917
102729,9522.448817134833
102730,5184.446549232711
102731,4033.247907854643
102732,17135.842650612816
102733,13945.650783653937
102734,17305.07594853421
102735,15812.690120826908
102736,9175.955243578013
102737,9665.615073275236
102738,12535.160355947304
102739,10134.291554288782
102740,7648.908044034142
102741,14834.596945073903
102742,14000.93147597746
102743,18263.225605673386
102744,14311.61639373998
102745,7546.0220362233495
102746,10191.79480877152
102747,12674.139653069244
102748,7621.325259171301
102749,10403.97669796552
102750,14530.08124367471
102751,8028.781936235037
102752,13328.71907312897
102753,11645.492978331424
102754,9666.925468486768
102755,12800.170735512529
102756,5591.853371126532
102757,5532.374610600961
102758,6449.630133488124
102759,4852.069110209177
102760,10761.743021116574
102761,9981.86871396588
102762,11712.334308938867
102763,8383.449384125968
102764,8511.366521258682
102765,7079.107671617484
102766,10880.871926556658
102767,14475.560863078446
102768,10601.912731955606
102769,9452.908610689386
102770,9804.063595557198
102771,12893.049573069065
102772,11754.07459800517
102773,15386.155457736424
102774,11889.003942085006
102775,13501.334642648808
102776,13013.395807931447
102777,9618.094387010806
102778,8139.156135682856
102779,16009.22982403827
102780,11789.360895799446
102781,17156.296548636936
102782,11203.324560546176
102783,12300.174935899964
102784,9915.569940056068
102785,7214.4943465221995
102786,14503.359659644631
102787,10404.017515824999
102788,14086.521201173871
102789,9771.805482371314
102790,10034.60497901026
102791,6844.187792932396
102792,14648.185754530907
102793,9705.733660355363
102794,9926.717477650336
102795,10495.862286366968
102796,10207.688279560083
102797,6793.905891580075
102798,10366.934001587664
102799,12421.253261195245
102800,15291.294910846618
102801,13813.43238180947
102802,9438.91762784821
102803,10301.048324062804
102804,7962.450913325441
102805,6549.907457244413
102806,8172.192567396157
102807,10063.248713581574
102808,7295.298769789583
102809,6032.659326210705
102810,7178.518665299037
102811,8614.461276952541
102812,6499.590583522362
102813,8199.983249373743
102814,9225.989595664485
102815,6696.498011553087
102816,9156.2374078526
102817,12647.285612287114
102818,10073.310400131822
102819,20351.41409791944
102820,11404.035756884314
102821,12226.971980475351
102822,11969.03615697479
102823,14029.961749939468
102824,10698.103199471372
102825,7898.900777539492
102826,10057.139176255168
102827,8978.261861472647
102828,10208.279642768124
102829,8223.564430964461
102830,12024.267534566934
102831,7407.6516419056525
102832,10316.329407067977
102833,8217.949319322603
102834,8095.629697094117
102835,6609.74392226104
102836,6416.831098353806
102837,10523.77425277408
102838,12906.189112144786
102839,9962.470872820906
102840,6797.4945840479195
102841,4502.723975403316
102842,11852.592542827639
102843,8954.05732873819
102844,15223.657998078002
102845,13882.136025160438
102846,10631.617188072601
102847,12016.18966662245
102848,8658.042229263841
102849,5903.174223459943
102850,15996.563578906755
102851,11943.294958114528
102852,14454.656725907138
102853,13900.243570120118
102854,11490.78383431575
102855,12134.157146073127
102856,8336.00824500758
102857,5992.610525441119
102858,11069.85899872016
102859,19869.30866652369
102860,5408.259575627225
102861,14000.694918898384
102862,10955.255585687368
102863,11681.273831425526
102864,10468.848070446713
102865,13719.897734927026
102866,10492.790991726733
102867,7835.943677061829
102868,10497.545342008292
102869,17088.668111216066
102870,11149.684208856797
102871,16497.906895658864
102872,10336.450950502247
102873,9061.648971177663
102874,10635.809798120728
102875,19855.742601191618
102876,10777.819069065148
102877,14589.634447925931
102878,13405.070836568702
102879,12049.296781692019
102880,9491.812303535575
102881,13901.09956562144
102882,13462.672335251093
102883,8842.946183761867
102884,10394.585816266619
102885,7894.55356203761
102886,8413.366641297656
102887,9951.095344081023
102888,12318.254904517658
102889,12798.059202586066
102890,8659.942750699975
102891,10495.862286366968
102892,9631.868856322006
102893,6585.403078774518
102894,7445.081483956355
102895,5383.314931988691
102896,11488.410723009049
102897,10563.228931058144
102898,11224.778291485283
102899,4536.408255597164
102900,8675.321962606982
102901,13486.267557652027
102902,8221.2850457728
102903,10426.505332801555
102904,11533.65233145146
102905,11268.337285153382
102906,12018.976643902233
102907,11412.8928511371
102908,11553.528253311159
102909,11125.557528116273
102910,8010.162789129266
102911,15016.951932339789
102912,11500.486503807031
102913,10327.367753113562
102914,2168.0943291592166
102915,11762.789768515522
102916,10391.774130484759
102917,6756.128189102772
102918,7988.793359247295
102919,6005.62605477038
102920,9358.253584507387
102921,8545.459802989708
102922,7338.746451361589
102923,12884.598310775993
102924,8259.45954844223
102925,7468.818229249368
102926,12773.67736149887
102927,14506.692166604342
102928,11187.563594957806
102929,7170.851002385201
102930,14020.941522994759
102931,9510.81650152911
102932,9721.993503888485
102933,7716.101374913086
102934,9856.871903678139
102935,7049.059868022809
102936,9668.32110150583
102937,10836.021373834772
102938,13786.210479313635
102939,10498.723155769554
102940,14937.250650029058
102941,12852.420819565099
102942,8797.722806927879
102943,13510.037080057107
102944,7126.3178634983715
102945,10433.524311499803
102946,13176.653836087984
102947,11165.83070862338
102948,9663.204657238684
102949,10309.812817896352
102950,11035.664081952684
102951,12182.473906465635
102952,10666.773777160612
102953,9285.360511246065
102954,9114.02518273581
102955,10789.973607316
102956,10718.289285901043
102957,13084.372243343798
102958,15080.814719968139
102959,8259.230870849744
102960,7297.170188696945
102961,3430.7792317818657
102962,12179.651139840502
102963,11615.431893873563
102964,10492.790991726733
102965,10179.578432528999
102966,13532.85486330183
102967,15505.07229223696
102968,14380.115588671462
102969,11522.089682312071
102970,12959.297348006095
102971,7818.629561141819
102972,10408.199377161167
102973,9358.88188585875
102974,12538.74002629105
102975,10370.304009822526
102976,8199.487460378987
102977,7921.579585946562
102978,5382.776992922603
102979,6004.025368310914
102980,9612.074532933524
102981,4907.165018659863
102982,10257.578202439561
102983,17166.577566622644
102984,12998.632568812462
102985,11197.12696634207
102986,19877.97064153559
102987,7231.665504532215
102988,12326.91973697136
102989,10360.875434449672
102990,3603.9942798099237
102991,12125.049492057497
102992,5790.037443784299
102993,11924.550724612182
102994,6216.462705292333
102995,6638.237418914348
102996,9551.51141413667
102997,9293.162910253339
102998,11246.63320026233
102999,5036.754996564054
103000,13147.879493728784
103001,6852.816566859296
103002,18222.68467414582
103003,11995.029497641499
103004,11828.163895717611
103005,9878.059920810309
103006,14008.006831790794
103007,10516.241073087893
103008,11380.477693627785
103009,6488.109435230601
103010,4479.324811955917
103011,3191.3612854290895
103012,14975.785962803546
103013,7308.712823769781
103014,9861.947568979336
103015,6458.750256981584
103016,9834.550344095449
103017,4296.794332066545
103018,15386.155457736424
103019,6651.304189265279
103020,9413.60375004473
103021,14547.691044470768
103022,13536.145761562086
103023,6092.627838478016
103024,10541.987431335052
103025,9766.618418981985
103026,11721.508515665699
103027,14674.956150722419
103028,11491.735235943632
103029,13690.89512736921
103030,7256.7440760080735
103031,10220.483249583227
103032,10444.011100422265
103033,6851.53202318274
103034,7985.96651175139
103035,11017.53393931569
103036,7977.1334174847
103037,16032.122790374582
103038,15386.155457736424
103039,12324.912778444423
103040,6934.3273050795
103041,11237.272146301297
103042,15092.1046782371
103043,9991.195314736118
103044,7818.629561141819
103045,14880.876540266374
103046,13201.56158786798
103047,5213.558220174601
103048,8203.447053322036
103049,15466.645255743568
103050,18605.34795580746
103051,5392.88171114776
103052,15892.394261414847
103053,8589.91877407262
103054,10965.135774162452
103055,10045.052530342771
103056,11666.210125960373
103057,13242.50809742894
103058,12640.972855080181
103059,8277.824174392776
103060,3968.9889497766967
103061,17930.55293009616
103062,7249.375973002988
103063,8224.446025957792
103064,4781.429153044153
103065,9804.56524747355
103066,10042.130275274589
103067,15246.45390877711
103068,6608.376313984686
103069,6639.336511197951
103070,9393.61834669824
103071,8376.49662870309
103072,18218.163459576528
103073,8117.050047287656
103074,11233.64797378088
103075,8617.943153731328
103076,12019.060487752986
103077,4589.969741870881
103078,15955.956901275276
103079,17650.613652334756
103080,7859.004678695425
103081,4030.9891732398028
103082,7385.892046555447
103083,7289.235767534616
103084,10611.780589638247
103085,11596.30326472962
103086,7584.387180776542
103087,5213.275252708299
103088,13711.911425428727
103089,5888.898397192682
103090,9876.622689783215
103091,6888.074375929516
103092,10764.480058872965
103093,13720.685998650311
103094,8559.36586002318
103095,10044.131255926166
103096,8164.898041991221
103097,9049.031197002554
103098,8161.264102499586
103099,9565.101593829419
103100,9406.811238583201
103101,12922.105819234457
103102,8410.596131227192
103103,14019.880699032045
103104,7064.76245356088
103105,15515.806697051394
103106,14592.63278341318
103107,10358.700373858239
103108,18476.32119355999
103109,7022.335277765558
103110,12770.15384039895
103111,9045.587707789251
103112,9144.109336473723
103113,4902.31173394911
103114,9549.018905807312
103115,7433.704923554977
103116,4808.648067802976
103117,9307.951366458548
103118,3739.3113019764173
103119,7841.91462381908
103120,7970.028272105408
103121,6918.256573013302
103122,6794.199049262169
103123,10379.525508914463
103124,12994.223391304777
103125,12022.93009880643
103126,7365.228019373318
103127,14247.805898921704
103128,11144.232979730814
103129,8124.679783778779
103130,9830.03371477842
103131,10186.087883024642
103132,15338.701078150645
103133,10460.0743832454
103134,11087.607521371026
103135,14161.945274421805
103136,9278.19178232894
103137,8213.629852481412
103138,11400.410274837246
103139,8002.431887439118
103140,4961.971394640086
103141,9629.84132087912
103142,10548.906928303117
103143,6885.486566845235
103144,7932.916749225141
103145,11013.64626969787
103146,8506.990581581622
103147,7174.329559919596
103148,13846.37275820653
103149,15386.155457736424
103150,11673.336781588407
103151,12290.364744513447
103152,6760.544171537583
103153,9565.034766888153
103154,10304.797117220776
103155,7455.366816710969
103156,8136.934700062308
103157,18077.474807690513
103158,8274.384968874776
103159,15713.212549371376
103160,14634.198212936964
103161,13547.464244004537
103162,8730.677497341325
103163,9647.54443771134
103164,8977.34178592603
103165,7106.246737862304
103166,9024.050261699178
103167,16347.628768454706
103168,11674.264499152261
103169,10495.862286366968
103170,12349.002829026276
103171,8786.550236578385
103172,11005.76850250715
103173,12840.262479442812
103174,9559.404477408654
103175,11349.573084574193
103176,11900.728526282603
103177,11118.493398821645
103178,8365.720755685239
103179,8383.327458332475
103180,3236.336927460098
103181,10724.546458102008
103182,14791.156708750621
103183,8181.497287156472
103184,9527.541809530574
103185,10472.292206006532
103186,9846.643228415862
103187,9872.890226364032
103188,10287.998903527485
103189,7905.383762128666
103190,11617.821704459211
103191,7101.90871306004
103192,13975.271198087203
103193,9854.769446243656
103194,11570.447679507419
103195,11900.441226022944
103196,10768.13902125758
103197,9063.034789705292
103198,6605.461395196809
103199,6636.753934736953
103200,10604.683141758338
103201,11489.573370900362
103202,7428.247541204679
103203,9582.070577751078
103204,6652.487473741691
103205,17262.49262786059
103206,15803.53036470716
103207,12294.556004509173
103208,6344.262667257344
103209,9894.203091230223
103210,7524.596155160732
103211,5433.284784624878
103212,9775.365029557503
103213,12880.492103356732
103214,9591.970129095705
103215,12528.395935856222
103216,7350.109036382121
103217,8290.367315750565
103218,12264.712385393766
103219,18518.40258313257
103220,10954.805108292934
103221,12118.921329534767
103222,8096.56244879767
103223,12085.011516416293
103224,7429.94611307902
103225,7078.908377828712
103226,13482.53714219156
103227,3903.7808043120635
103228,11330.482369656596
103229,15075.195245563473
103230,6872.2102356927235
103231,11381.52894621474
103232,10277.61667768384
103233,14166.708812665045
103234,7429.788155336832
103235,3476.832873998913
103236,15386.155457736424
103237,13435.92224928885
103238,10118.98334482493
103239,13639.671218752374
103240,7633.088859756535
103241,9662.097995258306
103242,10993.365492050169
103243,7092.177549766484
103244,16024.049057261875
103245,7452.982184755905
103246,10339.50270990831
103247,13381.723634225093
103248,6860.198568757303
103249,9478.259591804672
103250,8199.611286490526
103251,13429.467965008937
103252,9303.968476963964
103253,6809.193749128396
103254,11486.29747610506
103255,9784.958420845946
103256,11649.986338345732
103257,7115.805195105933
103258,13096.729013363707
103259,8475.28685168587
103260,8074.541704051595
103261,9889.584483277475
103262,13483.898916462975
103263,8294.369891648075
103264,15386.155457736424
103265,9802.955648939405
103266,17005.951536473014
103267,6134.6371776316155
103268,10053.859894595224
103269,16679.231989021973
103270,12171.774863098186
103271,3980.715732335579
103272,7428.464204511087
103273,9887.199184990552
103274,6930.272545276066
103275,11033.215088037321
103276,9333.611015453529
103277,12233.371387291265
103278,9840.33680665843
103279,12221.182056400203
103280,8272.469855331045
103281,7988.5774753883115
103282,12714.385964820274
103283,11026.94745421778
103284,8698.587837035007
103285,11074.91175274183
103286,11098.414176004484
103287,6602.317573029721
103288,7818.980972190781
103289,11980.149637944933
103290,11852.146612769197
103291,10277.361747010234
103292,10374.095098751739
103293,13549.998332027255
103294,19041.989374501332
103295,10495.862286366968
103296,2727.709431639523
103297,6234.243499206562
103298,7858.072520420614
103299,10203.257852180875
103300,7711.491389931464
103301,9640.939767645621
103302,12094.572074545847
103303,17203.158010058854
103304,8155.331816079589
103305,8218.720690299437
103306,15386.155457736424
103307,4929.864397666557
103308,6868.753961845024
103309,7525.903944980273
103310,15431.691524734788
103311,4746.296081059109
103312,6962.5032785552685
103313,10556.250478803002
103314,9762.618786195193
103315,5341.661107713213
103316,11175.636590752132
103317,10220.551918092815
103318,10366.934001587664
103319,13486.943243705706
103320,6139.931785848032
103321,15908.24159564598
103322,10926.09112762228
103323,9078.756907192
103324,9520.431843066195
103325,7116.729739875768
103326,11999.593176699003
103327,7504.222350904883
103328,10271.34714386506
103329,10834.136139807335
103330,10353.055475690404
103331,12911.603968198233
103332,11959.107455450607
103333,13577.62982291947
103334,12492.134602819202
103335,14480.801392655581
103336,11043.168378509408
103337,8417.901967534839
103338,9128.949785694382
103339,6231.198072526244
103340,15646.225835106854
103341,6459.606247272606
103342,9931.42109715697
103343,9797.84775914639
103344,9561.184462452427
103345,10521.1141749753
103346,11069.56291686518
103347,14525.908973448099
103348,13757.934277979393
103349,9898.477618151479
103350,7412.475492704111
103351,10308.578621199515
103352,8454.946121621178
103353,5570.422983770131
103354,9882.37402245436
103355,7566.268675626854
103356,10224.544746532269
103357,7238.38567611195
103358,13504.909178829037
103359,9191.883289007757
103360,4304.517039099845
103361,13126.625004414956
103362,6955.258066811138
103363,10425.24137429021
103364,11643.001136088427
103365,11835.705592220986
103366,14133.819663290045
103367,15752.99681800623
103368,12214.209000759209
103369,9036.480560090526
103370,12187.017297498127
103371,10201.802686482275
103372,11967.654102836817
103373,18222.68467414582
103374,16837.289362193264
103375,7324.165798831026
103376,6070.322633730129
103377,7641.947151246035
103378,8360.69366091549
103379,9759.200976490738
103380,7118.523886064273
103381,10365.634944904292
103382,9723.320229824052
103383,8070.181145837142
103384,11075.797109861029
103385,17306.724191326743
103386,7238.38567611195
103387,15999.36122382372
103388,9807.167899856882
103389,9198.181861819232
103390,12403.856572807435
103391,9088.781809142612
103392,9231.30724428063
103393,12492.012473820252
103394,14265.939144902162
103395,11319.56204072799
103396,10288.469177667805
103397,6971.051080793403
103398,1611.8413185480129
103399,8747.605079317138
103400,6867.1415832284165
103401,14246.130996239628
103402,9355.121111898354
103403,8541.802657191398
103404,7814.4113435757245
103405,12848.771952401823
103406,10755.050668889222
103407,14971.656369918019
103408,6212.901641865696
103409,10701.098094537438
103410,11128.01830803485
103411,7327.998295392487
103412,11578.285269862587
103413,7903.532263516319
103414,12326.997767852557
103415,8237.62412859346
103416,12032.648929751234
103417,6048.727897295267
103418,11640.184385173412
103419,7194.264263016817
103420,9070.090446312593
103421,10991.864547959962
103422,8206.839659452755
103423,15446.371606223598
103424,14236.254307415003
103425,8243.645571755616
103426,4727.860773960659
103427,7590.5421500086395
103428,7742.064994910097
103429,15386.155457736424
103430,13337.640604872347
103431,9809.586583737055
103432,9485.749987937077
103433,10503.493108128077
103434,6501.222583607104
103435,8072.163102187621
103436,6180.497501366177
103437,7734.032402793922
103438,11422.393813622853
103439,14036.573779182594
103440,9519.2376917334
103441,11998.43350701631
103442,7004.4617244038545
103443,10230.62970464151
103444,7366.79790886569
103445,17154.027719198046
103446,10674.132646600274
103447,7905.256533923789
103448,13437.901387355483
103449,4618.1142242977
103450,10713.426806183845
103451,14518.456704725319
103452,10714.562006407334
103453,11344.095350900874
103454,15892.394261414847
103455,9488.443868177465
103456,9355.18932690814
103457,18811.28132558245
103458,8115.103446733485
103459,10019.148755380482
103460,7379.2096181560655
103461,12960.367281031364
103462,6907.160213702813
103463,10495.862286366968
103464,10716.36145193283
103465,9572.312439812966
103466,14000.93147597746
103467,11538.296481503707
103468,11112.033456679625
103469,10381.711054337877
103470,11471.015071636599
103471,10583.604861573984
103472,7597.027778711067
103473,7226.535872153503
103474,8396.327429383806
103475,12734.676739567794
103476,12539.474247416285
103477,13547.228073580845
103478,14803.930567139209
103479,19230.09390285612
103480,18760.665495853125
103481,8957.56240132362
103482,9515.447595061576
103483,10676.601637900698
103484,9056.434595313358
103485,8958.20975793874
103486,7996.387819892499
103487,14023.495830330636
103488,10831.25216391123
103489,6580.321687016227
103490,12794.821787283065
103491,9816.595140399684
103492,8855.644820853802
103493,13438.548005899791
103494,14154.164186603986
103495,15657.164699152161
103496,10759.412170838508
103497,11149.65001096333
103498,14415.136829865067
103499,11128.896335093308
103500,10522.249116264084
103501,10343.60455826909
103502,8215.40238986485
103503,12492.012473820252
103504,15064.278542484963
103505,4263.474910678696
103506,7645.102026746088
103507,12103.427151388258
103508,15444.800804466822
103509,12318.605582830773
103510,10114.954491202234
103511,12940.568763686555
103512,5579.421303780566
103513,8237.240366748209
103514,9955.718406627062
103515,11425.58423284233
103516,11396.19415503714
103517,7246.190455877639
103518,8325.095352670396
103519,7714.391955072976
103520,5359.4469932116635
103521,15229.53022599372
103522,17246.560878210825
103523,12756.682427997235
103524,8333.800871576988
103525,5782.94789503829
103526,6804.73017510833
103527,10559.980132979905
103528,4674.85710094861
103529,9983.19543742287
103530,13605.266201100296
103531,10615.356900143459
103532,11511.815177800387
103533,7587.21949828116
103534,11424.961364541135
103535,7672.954124072237
103536,11058.595959801967
103537,14564.758718227766
103538,12492.631722788505
103539,14402.531991470869
103540,6850.577730841002
103541,7513.694830249787
103542,10321.315547604694
103543,14358.402500413276
103544,7225.728750397633
103545,12266.692370219655
103546,13771.800746125426
103547,15581.684058188755
103548,8236.149863010074
103549,7054.1103622782875
103550,12186.457162745379
103551,11802.07979703962
103552,11213.650750784893
103553,18402.113711474456
103554,8089.918794816651
103555,10905.028989180813
103556,10397.510572314068
103557,12687.23873080605
103558,8177.970981129792
103559,7429.788155336832
103560,6386.534638932672
103561,10662.986020659806
103562,16103.979316599687
103563,12777.63056798497
103564,12527.673091407087
103565,3385.721296428554
103566,2321.3129617073387
103567,13994.50069176177
103568,13511.249166139336
103569,14403.262222101861
103570,7588.552176830594
103571,7849.721993201243
103572,6345.196244332749
103573,8920.097458911388
103574,14124.618369090971
103575,5469.8617573648535
103576,16032.122790374582
103577,12798.684712862258
103578,4569.054437738318
103579,5786.807979883298
103580,14861.751326142801
103581,11168.600979464341
103582,9996.557249488225
103583,16707.43644551543
103584,10227.43826616334
103585,8751.594513351132
103586,15908.24159564598
103587,6425.126951259421
103588,8215.939769160834
103589,10735.477990023373
103590,10459.579190244398
103591,7107.131451963013
103592,6087.733146449671
103593,10170.013168243948
103594,10627.630068729628
103595,4254.7721349982985
103596,13400.838823126487
103597,10239.681933015334
103598,13030.777882915998
103599,9327.59094146805
103600,15091.145615749096
103601,4431.5245570984
103602,11432.264423817896
103603,15126.94245533501
103604,6646.427611381307
103605,6143.881789070157
103606,11501.632636408975
103607,7021.661512644495
103608,9884.621581898467
103609,12473.95193889192
103610,11988.732811811495
103611,13550.358917924073
103612,2099.0488097018583
103613,12880.220650048519
103614,11089.75681151985
103615,10490.573149697913
103616,6094.052299887354
103617,11026.94745421778
103618,14000.93147597746
103619,15262.636037507704
103620,13053.918794189998
103621,8864.359161742863
103622,9784.375277696065
103623,10278.365612534468
103624,7928.220414545144
103625,14503.694878217115
103626,10971.123491952709
103627,10787.773883235677
103628,13919.076292819882
103629,21600.436292478767
103630,7596.613580785684
103631,2342.885744311947
103632,13975.88679051708
103633,7977.207269865949
103634,9460.230630923434
103635,10555.294786609273
103636,2885.2392824613394
103637,15386.155457736424
103638,9576.37899305513
103639,17181.114506134214
103640,5380.30038358093
103641,12106.803331010069
103642,8042.143180148944
103643,9736.629724466264
103644,9969.035070582835
103645,11309.301492380928
103646,7288.086439622176
103647,9918.11002659505
103648,9232.586029065555
103649,11600.900754009883
103650,11781.236579573339
103651,18245.84534645387
103652,9222.481563890802
103653,11372.982619058295
103654,13918.864457070866
103655,9286.142660874702
103656,10703.046409008077
103657,11750.778819569297
103658,6165.102255301924
103659,11540.817968957317
103660,9519.08553505783
103661,13387.516785914231
103662,11425.364748940032
103663,7053.982516649244
103664,11243.109111047752
103665,13084.924027358678
103666,7774.5529778039045
103667,7344.76423807058
103668,5951.130924957146
103669,14479.184914122407
103670,15634.909200035676
103671,6879.977010857959
103672,10690.35970372811
103673,8297.609150064054
103674,7327.3596001568685
103675,15315.812104342443
103676,9044.274080875706
103677,7324.847057353495
103678,5481.130010379939
103679,8933.634787245042
103680,7901.1834586794
103681,13009.625616520967
103682,10699.014878977317
103683,11560.072252181433
103684,11488.45479867179
103685,8233.943490705647
103686,7773.1062678554335
103687,7811.520104855121
103688,19970.608426341034
103689,16044.941093594021
103690,8104.4544438650555
103691,7035.74079612671
103692,6644.0460430818475
103693,9189.961571140537
103694,16009.22982403827
103695,12183.259844941193
103696,11392.788208163403
103697,7193.845752862858
103698,6920.585079274711
103699,12178.641354714497
103700,16640.602469686568
103701,15363.829087294014
103702,6887.98918196355
103703,13504.909178829037
103704,14581.538215285656
103705,17407.300656950985
103706,4307.173307739713
103707,8548.441715299936
103708,9974.709225201057
103709,11755.544527493994
103710,10292.949357977432
103711,9450.283765082018
103712,13483.768753445756
103713,8993.21077017334
103714,11156.231989247364
103715,10500.577778261762
103716,11721.22881538721
103717,15633.666137154421
103718,13876.010990811763
103719,11378.748673851056
103720,10317.821952759788
103721,9640.670850472718
103722,12727.857826335123
103723,10050.819706629216
103724,8264.29258050893
103725,15053.624676341817
103726,9610.344006425985
103727,9575.219942152256
103728,9952.2453704647
103729,15757.284286083015
103730,11203.234209077486
103731,13483.750912620377
103732,14215.312098363196
103733,10283.522878911812
103734,6600.172216009377
103735,17039.039935946184
103736,8924.755467488712
103737,13439.424629193933
103738,13848.461109149352
103739,16610.67813543851
103740,11027.049139681134
103741,11543.115925548978
103742,7512.710392081081
103743,4964.309862597808
103744,9692.409405635
103745,11524.168602013136
103746,5913.666884732745
103747,5113.036681922362
103748,7794.280282750596
103749,10982.40843919882
103750,11128.896335093308
103751,12036.701450843468
103752,16367.601229060501
103753,7144.745698769352
103754,11058.076993096765
103755,10155.873450015937
103756,7900.96061456953
103757,15144.16434759116
103758,8930.728922848124
103759,7105.699840650067
103760,10900.330012036733
103761,7531.588572109289
103762,7228.334260718354
103763,11129.330259627786
103764,16670.948555826104
103765,10241.858314452393
103766,8107.083140581253
103767,12842.259113856046
103768,12656.394335607198
103769,10882.356917070878
103770,7885.803186848545
103771,12977.175865128374
103772,11929.359214284557
103773,7430.697942940246
103774,14935.539747279878
103775,7269.13059429592
103776,8249.007086532069
103777,14000.93147597746
103778,6688.4380788507715
103779,6857.609233271098
103780,20274.898969428607
103781,7300.842946819745
103782,8141.892018748281
103783,10326.303354929454
103784,12113.719292824851
103785,5502.087047309484
103786,11026.94745421778
103787,7164.558397267654
103788,11325.890921393478
103789,10525.790312971392
103790,8024.534075806419
103791,9977.183734505354
103792,17124.686131241913
103793,11038.764604229767
103794,13943.706919045311
103795,9668.581284793006
103796,12742.184896922075
103797,2032.8372028443218
103798,11977.014254695485
103799,6116.204953444411
103800,11611.940137656444
103801,10495.862286366968
103802,9951.815031040273
103803,10283.28399272294
103804,8813.181979927898
103805,7160.456762186403
103806,10338.454394889106
103807,11126.593378561749
103808,9761.50229749014
103809,12771.288478437733
103810,14432.815800161214
103811,10358.10581894866
103812,5490.94212418154
103813,5488.0317441748275
103814,12136.428208872407
103815,8572.290111702172
103816,7816.582559838511
103817,10836.407544926018
103818,2098.8905574260907
103819,4431.840289841066
103820,5519.425937011883
103821,6772.301649946068
103822,10397.497534657765
103823,7205.957467691888
103824,11743.886791538102
103825,9223.992916173715
103826,6242.122573611614
103827,11548.382858720614
103828,8476.702320068942
103829,19167.73917505114
103830,11608.74581231545
103831,11229.146056074746
103832,11158.510875165906
103833,6424.305234629901
103834,10991.864547959962
103835,7664.487426799267
103836,14040.735736866924
103837,20274.898969428607
103838,10277.263224535227
103839,9541.6720022568
103840,11543.593859269467
103841,7541.8541740450255
103842,13703.178272681855
103843,8310.007445276202
103844,9730.712633624891
103845,14978.785561958543
103846,11227.605828745229
103847,10245.239164500157
103848,10464.099729533935
103849,11543.849522607135
103850,12910.131459431694
103851,7932.9957031059375
103852,8266.73251691754
103853,5715.03147508012
103854,13818.689192649808
103855,13272.768739129653
103856,6554.7458487455515
103857,8788.787712854659
103858,11984.253325596237
103859,5111.501003866986
103860,10013.722327501631
103861,15053.624676341817
103862,12177.761367508945
103863,12523.910589052151
103864,8442.996984944637
103865,10390.378582080943
103866,6629.289326216537
103867,10495.862286366968
103868,7076.2974744144585
103869,8154.053577871601
103870,10347.300528624035
103871,7113.734750755018
103872,7947.80171632414
103873,7361.682622831396
103874,6138.991645177873
103875,10495.862286366968
103876,14808.288068818354
103877,13552.152319249124
103878,8729.263090333709
103879,9827.022617300734
103880,9773.461321928995
103881,14951.785653876774
103882,7809.607223611031
103883,11993.0298562544
103884,10664.594228235377
103885,11367.364914220288
103886,9831.77386647174
103887,10339.974842316795
103888,7898.470950482784
103889,10594.893270105193
103890,13035.18811085836
103891,11280.267635757673
103892,16622.667918267427
103893,5050.99564016608
103894,11989.015893382079
103895,8600.484027142094
103896,3288.764908728916
103897,16302.545546404526
103898,11867.984122489817
103899,9903.677724773603
103900,7436.262378426603
103901,13836.723041565074
103902,10582.084605641694
103903,10700.176594760585
103904,11172.803285692358
103905,9407.665349762183
103906,6760.6880121369495
103907,11184.00119115543
103908,8111.853859070316
103909,14487.683805278577
103910,11540.661306682483
103911,8747.832389569268
103912,15888.731708800746
103913,19883.71737081474
103914,9640.362569268504
103915,8022.820563567464
103916,15089.44443826913
103917,6576.395348428237
103918,12404.823933631222
103919,10457.696458302567
103920,7564.2424407939625
103921,7741.617628329951
103922,16866.702432487717
103923,4879.80069289792
103924,10335.47309961388
103925,9954.427646058346
103926,6034.643362881187
103927,11093.024081592885
103928,9522.66528164559
103929,10240.298955398426
103930,7064.5612147265565
103931,10745.377392398528
103932,7711.797466227491
103933,7923.524634919419
103934,10682.997964108497
103935,11327.371932743883
103936,10953.91678628021
103937,2372.7570898246136
103938,10450.489615113958
103939,7863.294365762965
103940,11082.343135792116
103941,17292.487005351813
103942,11580.228223528695
103943,7786.433326303863
103944,7775.936146587836
103945,6604.113788392739
103946,8216.230587936778
103947,15849.064523114872
103948,11196.197344800361
103949,11078.740996823726
103950,7806.613331457001
103951,7765.407592136892
103952,13695.90388817854
103953,11549.433293136548
103954,9403.211689180136
103955,8378.252136799825
103956,12331.625036248872
103957,7486.927516320008
103958,10394.941563673903
103959,7437.053010557096
103960,11160.245016825613
103961,11921.490816199808
103962,11100.455202739413
103963,13157.1264314714
103964,9098.380177813184
103965,6066.683795297674
103966,15671.40523212229
103967,8309.058084387294
103968,11344.405868888336
103969,9617.254449943292
103970,6027.125450063159
103971,11296.306275753996
103972,9694.970357886317
103973,6348.526290118774
103974,6320.379665534483
103975,10392.929973209893
103976,10683.00296276678
103977,13722.181074072565
103978,11193.410480819404
103979,13555.76143164619
103980,13055.043197026751
103981,9641.011239690746
103982,8708.533659149338
103983,14564.585273920844
103984,7032.043700714007
103985,8606.816052785643
103986,12862.717708866989
103987,1986.76340076184
103988,4701.617136768639
103989,8810.647673783827
103990,10528.626165206037
103991,7792.840899064976
103992,13939.83892872173
103993,24445.846303993734
103994,14373.380649745017
103995,9646.36037675446
103996,19051.16428668107
103997,25002.063002293376
103998,30260.987479341242
103999,22899.96940415661
104000,10627.74687247263
104001,19547.410603921977
104002,27023.797462427283
104003,9338.239776506165
104004,10460.535064979449
104005,19347.059023078808
104006,12594.003393626876
104007,20024.769606014266
104008,20139.213657281085
104009,9532.60802371703
104010,9434.553425392969
104011,13985.945005757498
104012,19187.363529577982
104013,21231.679914501467
104014,17787.142737007933
104015,13812.273610874478
104016,9878.830559889526
104017,29017.766111384444
104018,44894.277749591354
104019,10838.059323858997
104020,22190.857888632057
104021,27978.09208775114
104022,22548.969909902036
104023,12579.343805916178
104024,30104.053792624694
104025,7525.824337093575
104026,10006.306453711628
104027,18644.67714914656
104028,23869.767745856807
104029,17210.526457471864
104030,14764.649892491288
104031,19528.209969911295
104032,20401.93791035358
104033,14219.854846432227
104034,27827.090135824103
104035,20562.29264015943
104036,12260.139095559103
104037,14998.746277023787
104038,9292.854314966376
104039,6204.081408183961
104040,10567.16526058166
104041,11676.511492487156
104042,22532.19737675266
104043,15086.77170296389
104044,19730.617105059555
104045,20265.054160358904
104046,22838.579418725927
104047,27436.62392412424
104048,13131.45849230492
104049,18203.510187275006
104050,9077.911587530669
104051,8614.132646302256
104052,16297.597325962231
104053,11252.446898704515
104054,30811.35285196843
104055,14089.176242457372
104056,17713.35001302834
104057,9659.283138901359
104058,21551.383670422343
104059,12723.464137693109
104060,37920.86452544593
104061,13095.803190777346
104062,9189.378737053697
104063,9000.757276382426
104064,21232.768429415122
104065,25795.89954900867
104066,20532.895516346554
104067,11697.85413938364
104068,13347.908593357906
104069,10828.4299004001
104070,8467.21637813566
104071,22257.501538346463
104072,21751.258335594444
104073,11463.647411837705
104074,17401.381097254907
104075,13880.702447189766
104076,18555.608507963203
104077,7177.5279742139965
104078,17570.411633090305
104079,14450.806991305672
104080,5012.650931845147
104081,9874.915586837575
104082,8945.237007738886
104083,28114.249804255214
104084,16947.478921926824
104085,12843.84798214497
104086,19056.27884360165
104087,9616.421998316557
104088,14329.903068409472
104089,21017.92830009839
104090,11798.65945375029
104091,10913.977805937411
104092,31942.13220869797
104093,20010.22371323799
104094,6461.5628360774635
104095,16706.78705464419
104096,15718.770391950056
104097,14306.429197402196
104098,8490.162598252024
104099,20194.27080089017
104100,19782.34530983034
104101,12918.72022479987
104102,10304.923085642602
104103,23199.257872482518
104104,30380.8299912691
104105,8654.533732216236
104106,28232.70831761992
104107,13376.032978991674
104108,10464.418577139812
104109,6024.82777146865
104110,15493.135970092917
104111,19294.450644818702
104112,15180.024699637981
104113,14017.668525886862
104114,17659.179964921226
104115,9795.926140166792
104116,20912.907729554787
104117,10974.741083489516
104118,17508.44305103165
104119,12035.046904999905
104120,9067.688309641318
104121,15617.83243107206
104122,5658.71585398684
104123,25057.454090113857
104124,12211.788337797192
104125,11879.599463098959
104126,30136.26912256287
104127,18224.08549771592
104128,20654.33941919809
104129,9287.50223930809
104130,6721.620700149379
104131,10457.921719392807
104132,15521.808490741476
104133,24721.410013019537
104134,10642.220864978746
104135,9908.584405079844
104136,19189.47478997431
104137,6398.0344798776005
104138,19811.99440225011
104139,10244.250283629559
104140,8599.097332899959
104141,17541.98168204414
104142,26330.330760472578
104143,22542.99130015985
104144,31152.591493737553
104145,11953.370802048543
104146,12961.052848738063
104147,32397.62007494666
104148,15568.950106642675
104149,12870.17769966511
104150,19088.132117669345
104151,10118.224566912691
104152,16336.688452667864
104153,11229.813324320885
104154,3702.4839862377676
104155,12686.754019862252
104156,10471.864198061294
104157,42938.503058638664
104158,9998.880374551316
104159,9303.927662515514
104160,11505.10242854137
104161,23726.185395193635
104162,9373.23373388191
104163,10018.27692055307
104164,8821.971221327232
104165,16996.317882424526
104166,19008.081455166513
104167,13484.609805329143
104168,27304.969099861
104169,29817.946399852583
104170,9083.650611838288
104171,10308.992041819165
104172,21731.17609644961
104173,17331.716859822493
104174,24887.626692987316
104175,29670.90545999294
104176,11268.150184023625
104177,7853.591699784748
104178,14428.922912105521
104179,19642.530010381663
104180,30500.660778184294
104181,20395.81518894135
104182,44146.5164081598
104183,13429.540299142576
104184,30104.053886186794
104185,12630.056922553038
104186,15593.465743129645
104187,21102.17654090791
104188,9708.577207237542
104189,14734.276483861851
104190,29693.274336590308
104191,18990.51421751237
104192,9722.699761156835
104193,9247.878414367342
104194,24281.452785227175
104195,7729.552272553617
104196,12777.297239681424
104197,10654.587585769063
104198,7701.818716469014
104199,10818.936305982837
104200,24518.913290724588
104201,11919.51231733571
104202,22141.042975188084
104203,16281.443649985986
104204,17407.23110212561
104205,8765.08056331524
104206,24643.538731471395
104207,14815.09724636561
104208,17791.092772396216
104209,18294.704353012177
104210,17293.09122733576
104211,15907.133144432257
104212,19475.275179998738
104213,10275.305024344987
104214,19902.738689492824
104215,25010.117364630747
104216,14743.767227210346
104217,15057.442542121562
104218,16260.885626080542
104219,13032.481945895284
104220,7798.446780715178
104221,9855.501367622304
104222,19939.389964304137
104223,11240.420656784083
104224,15600.01319550311
104225,27819.38182757951
104226,6495.591363139142
104227,24096.685124066837
104228,13338.50624447062
104229,27130.15751327899
104230,24943.39296317422
104231,11639.224523777722
104232,25600.118060239292
104233,20275.766490761576
104234,8118.932339282772
104235,23644.355001237425
104236,9776.214671238997
104237,29731.123001986045
104238,8926.169852263802
104239,8879.567524363367
104240,17925.218034620422
104241,33344.956500286666
104242,7443.3101302627665
104243,19787.515229080527
104244,12112.538440103628
104245,22447.537981937534
104246,17892.626931763458
104247,23462.80570884321
104248,21827.995993176508
104249,15678.262916723175
104250,14503.063494021419
104251,21534.204263437972
104252,11752.17585808337
104253,46985.653109541876
104254,21699.848236577745
104255,23212.96232283405
104256,21368.586291021864
104257,14896.882386604868
104258,5029.4744118998615
104259,17690.510873436324
104260,9166.54938975443
104261,10521.888485441017
104262,25794.774530188537
104263,3029.111049167693
104264,16118.241778299083
104265,16714.000102208287
104266,19590.53947443343
104267,12938.218111927845
104268,9852.54787095213
104269,20158.923036876087
104270,17107.046905653213
104271,10472.474646364259
104272,16905.34679357458
104273,10558.956109782213
104274,10041.934723366057
104275,19104.217239676625
104276,12406.930264661958
104277,13477.32250312871
104278,11149.37828935052
104279,19222.6681747661
104280,20892.652022510596
104281,8545.728947568534
104282,9799.538990143279
104283,20753.641328747515
104284,15391.79424702236
104285,6185.432949188243
104286,42497.99785931247
104287,11983.621021487106
104288,18015.994756543016
104289,20567.438878062596
104290,18502.194418778054
104291,23251.375707186875
104292,19671.764301263218
104293,20750.083919026332
104294,38765.17411439739
104295,8849.544839156462
104296,25699.881249791302
104297,17503.451984860178
104298,17665.724737596447
104299,19163.22841449904
104300,13529.239031972376
104301,11481.932749615655
104302,9871.305292651134
104303,31400.020060632527
104304,10936.688533726878
104305,19669.057731143213
104306,10264.572470389106
104307,27643.89945401369
104308,26102.803271762703
104309,16613.793379559123
104310,7238.741067917705
104311,26732.18739747271
104312,9231.271188012317
104313,11550.066556526272
104314,12663.81112814013
104315,23107.97310342055
104316,7386.810207003682
104317,13139.437821448955
104318,9362.895448746058
104319,15402.110400417225
104320,11973.288433253927
104321,51129.77156414586
104322,16823.23966766169
104323,14649.241487824296
104324,16174.678409814127
104325,13589.377726241548
104326,27350.002243385923
104327,19476.19072721089
104328,29606.333246445116
104329,7619.371102059068
104330,12597.490280295911
104331,21827.51060851014
104332,22190.617852513067
104333,4699.2655239478445
104334,17417.36080447286
104335,13001.807400900705
104336,12845.117856331137
104337,12802.058696298798
104338,17537.818476400036
104339,23043.761839486757
104340,12791.778083809375
104341,16393.559530407987
104342,14347.202199496453
104343,8727.478543270396
104344,30910.33384984337
104345,21077.276068831703
104346,12106.939479299568
104347,17844.13833835903
104348,12503.996283252387
104349,14222.198069451199
104350,19786.5983669055
104351,24210.556871366396
104352,8725.200142323809
104353,26626.639375158364
104354,8301.694552631672
104355,19998.55416841259
104356,12536.692218791044
104357,15620.577335986813
104358,27199.953908411142
104359,19401.45360821476
104360,15606.378322289162
104361,44490.08558229798
104362,24559.09468468352
104363,9667.030921402738
104364,7879.150856982016
104365,21720.91096997424
104366,20112.026876871132
104367,11930.812305801175
104368,23134.73227075413
104369,19814.20690466131
104370,8242.446951758433
104371,20167.400591643272
104372,7909.710287539922
104373,11393.745300834325
104374,9514.9564620689
104375,29627.14124758632
104376,20131.264921685826
104377,16417.2806810323
104378,16733.096671135398
104379,25615.2451638248
104380,9792.70507854219
104381,21296.089729935877
104382,20079.728840126052
104383,19227.962433898618
104384,22749.76689615519
104385,8676.75433452349
104386,29476.76913883695
104387,18008.97146509556
104388,10622.344463120859
104389,14737.405030652651
104390,14666.845880735867
104391,15996.915101287399
104392,10045.371287331587
104393,13148.425317401176
104394,23288.096412688843
104395,14935.779789206537
104396,22627.66757378587
104397,21684.907856386813
104398,50496.64313413945
104399,18821.33948273285
104400,30115.48729682534
104401,7214.812346113107
104402,19317.454869827845
104403,17346.83414130817
104404,20545.289696178923
104405,22293.55476977542
104406,15166.430552420292
104407,21039.45046937267
104408,13276.650450129582
104409,25726.100102616878
104410,19790.53801840585
104411,17661.692360064066
104412,4752.60335550511
104413,11146.882608492417
104414,21696.827112632287
104415,16361.118426867304
104416,17771.647749378975
104417,11740.58660065104
104418,15304.657466575705
104419,20429.517056481465
104420,27839.763388487856
104421,5306.092868600518
104422,21212.40986109107
104423,15497.143213328505
104424,28825.8473506993
104425,15506.390026560246
104426,18608.695245427763
104427,14351.152800951177
104428,23270.844387680685
104429,13808.9427151262
104430,17702.996361786834
104431,21352.796593231273
104432,23106.99029433511
104433,14845.193460377133
104434,19052.07731033378
104435,10084.744822273196
104436,9923.984055925259
104437,16397.77458671804
104438,13279.39074333936
104439,17136.061969929913
104440,12368.617126568475
104441,7472.066242436235
104442,11513.021363699389
104443,12120.856151930855
104444,14650.304588396499
104445,8353.079802696075
104446,32182.945731986965
104447,19719.18533064719
104448,7085.503019903229
104449,17497.272450168686
104450,22614.95939253827
104451,31966.613956771365
104452,24896.54860924489
104453,18742.238901121225
104454,12225.14959842307
104455,13053.8820844678
104456,8725.957356752617
104457,11172.831119205717
104458,7445.034455014465
104459,14894.88888394113
104460,16118.358298756473
104461,20024.35331594557
104462,6502.948486028731
104463,12560.946511684386
104464,12785.3452252867
104465,11692.105882022777
104466,12654.296318627841
104467,11675.739252476355
104468,28875.144091149556
104469,13599.093717756692
104470,10200.523794694767
104471,10924.687875060486
104472,29588.73511911967
104473,26218.184726397165
104474,30910.035222802475
104475,16994.68039708335
104476,12530.417794340425
104477,27964.680016907416
104478,7540.092176305222
104479,7369.607003386743
104480,11025.458202655534
104481,6686.853419377587
104482,18577.960085024417
104483,23101.440481821402
104484,12877.804017163915
104485,20163.791137225657
104486,22764.575813575164
104487,27050.89214914494
104488,17582.477734057906
104489,11207.347361557198
104490,8793.064244759333
104491,21495.45203910997
104492,11425.707470879548
104493,20770.687015904008
104494,30441.596942839184
104495,10607.301636667717
104496,18189.191789806348
104497,25059.99197557541
104498,23199.60522014379
104499,31117.57080484295
104500,14671.428948042501
104501,25282.75761545293
104502,10985.214691646954
104503,28717.23466146322
104504,11116.655364121425
104505,29883.38476642625
104506,20623.987192396005
104507,26689.838344356085
104508,9234.60927605328
104509,14288.212151262413
104510,9647.685963980339
104511,20488.79938175817
104512,14223.264818294263
104513,12529.804935308213
104514,18663.255767642546
104515,9645.753459794301
104516,12719.942178140534
104517,8073.376158299395
104518,13352.577800487823
104519,17353.40427362359
104520,9359.47826275036
104521,9520.432527166076
104522,17353.833159875598
104523,10873.9387478079
104524,12298.074870086366
104525,7331.764379041517
104526,17208.777494142316
104527,21822.534633751544
104528,6647.589627263538
104529,20097.21614561781
104530,15653.433939139974
104531,12360.997368077558
104532,9142.837708285324
104533,11932.276206076232
104534,10296.26081700373
104535,8206.09646691638
104536,19829.191673733567
104537,10588.382755629487
104538,9212.875503069412
104539,18707.092376128967
104540,13490.566352344153
104541,10615.947833083635
104542,14337.877219149706
104543,21332.087910732043
104544,13328.083466985492
104545,9602.664703282435
104546,23830.763394805563
104547,9743.356390547347
104548,6380.045696049406
104549,14640.113667914891
104550,13318.730533947757
104551,18607.292134300493
104552,6762.909405972002
104553,20432.80872277512
104554,12280.89841976829
104555,12863.130685006288
104556,15389.513279258508
104557,9625.597073172343
104558,20484.257430425878
104559,25704.32282345723
104560,22398.55390319993
104561,7911.724536576041
104562,14803.966121361722
104563,11462.057140969133
104564,12942.01351424914
104565,7651.8320839970875
104566,8089.572758911197
104567,20289.724283726824
104568,18995.77524164198
104569,4637.157560371843
104570,12798.664631402415
104571,9298.358121037623
104572,4871.2379332533565
104573,10558.354632876248
104574,15644.897068694123
104575,15561.439094421372
104576,13376.265270480726
104577,9449.329858326024
104578,17105.370501833157
104579,9650.71516510121
104580,5708.153315918026
104581,9669.708455165648
104582,9952.210892760471
104583,19809.99168230406
104584,12623.846474656564
104585,23589.415038707884
104586,16704.292669541028
104587,16053.827782809245
104588,14827.45237212335
104589,29974.168048918116
104590,21307.617155708354
104591,5527.177688921152
104592,12441.6369352301
104593,18084.42611263265
104594,8840.240699618631
104595,10771.684950258938
104596,14919.96482501704
104597,32619.204811395404
104598,8701.218609349096
104599,12158.631694062202
104600,17729.643980946417
104601,9203.538457692892
104602,11927.576716021893
104603,13218.07344964124
104604,24804.7786724673
104605,18800.746542105837
104606,19096.103957094303
104607,13010.930301913973
104608,16160.832574631526
104609,6662.852269782587
104610,19242.52395645973
104611,13204.10394263622
104612,22587.20492911099
104613,15606.759425143264
104614,15224.691797290949
104615,23952.755479107196
104616,10222.177447574713
104617,7326.086297811013
104618,22553.95405012052
104619,13988.85730905998
104620,33676.54233690499
104621,19248.701425760188
104622,7292.026207308587
104623,16382.925474012958
104624,19425.28347319105
104625,13143.821535639292
104626,10740.12185311665
104627,26153.756489957537
104628,14765.516687280413
104629,19437.832832849894
104630,12805.680350393715
104631,12578.810286211674
104632,24612.13827823946
104633,19313.84914632721
104634,23028.9919087675
104635,20393.831516909402
104636,14743.261461696953
104637,17149.136493357986
104638,10349.270610190806
104639,19887.28389099416
104640,7479.66214790992
104641,9522.223145443646
104642,32027.187227586877
104643,12759.859115880246
104644,25868.416185051774
104645,21800.276708872236
104646,12949.261816987968
104647,16509.76766401563
104648,16360.250644921221
104649,6671.484159876704
104650,8936.898103412239
104651,9528.174951402209
104652,7329.455104403822
104653,18766.0651613464
104654,24191.51587320514
104655,20963.234583313046
104656,32377.502482029173
104657,16613.153972295928
104658,20815.23974876492
104659,19559.070634380863
104660,12163.716421134086
104661,13311.241340094655
104662,17852.353789960598
104663,14337.419000581162
104664,9419.715940911652
104665,17177.402992032054
104666,9598.762491793197
104667,19878.789945166507
104668,25906.491734955016
104669,18805.58959306657
104670,25126.066913740415
104671,15854.022277760967
104672,13242.638969843107
104673,18617.534364616862
104674,24966.735121527894
104675,12348.662203765949
104676,15366.578669235112
104677,17878.574351267216
104678,11610.11228204498
104679,8603.995346222167
104680,5518.219752997491
104681,22581.362089063718
104682,20426.589260046636
104683,11574.098501872315
104684,22597.98085533682
104685,17089.991826552032
104686,11877.961535825181
104687,20433.475233854053
104688,8674.108395188538
104689,29724.90651801863
104690,12155.30015334262
104691,22708.271318902804
104692,25353.66091198063
104693,30172.25604068587
104694,9214.938003854682
104695,14700.574653333864
104696,11944.795756583724
104697,10588.670521350812
104698,13660.025788357087
104699,20968.5635434935
104700,26016.72750037118
104701,16895.24609403755
104702,21613.030947591444
104703,13788.314067313733
104704,26297.326715832885
104705,17573.84719645798
104706,16218.410560300028
104707,26885.153998132635
104708,11183.07035163731
104709,24743.14884417894
104710,25137.92705626964
104711,12978.062140362763
104712,12309.087766738454
104713,19436.437405888122
104714,9519.428148476423
104715,27381.4401107235
104716,25464.81632519103
104717,17680.924882820607
104718,21967.590339516708
104719,10360.952009231309
104720,14093.137160452916
104721,8940.632241710517
104722,19386.307945889817
104723,14675.791568389926
104724,7039.911764409916
104725,25742.772261742153
104726,11004.806476662558
104727,25127.83367095966
104728,16738.502398521534
104729,15228.986118507395
104730,15808.078670332165
104731,20938.06687405085
104732,16081.649362693617
104733,11212.248113406078
104734,9875.36777076194
104735,12198.660086670701
104736,14595.120709437017
104737,18796.479298186718
104738,16884.281950708573
104739,13699.42011106273
104740,14888.5253446812
104741,7055.814155471372
104742,21558.33688851434
104743,7736.651668299562
104744,14889.39954993116
104745,9775.2173902868
104746,23642.858481464682
104747,15402.437420884798
104748,10806.74001866662
104749,8365.05115178712
104750,10501.867426149245
104751,14105.147432656202
104752,17868.213519893136
104753,26114.00707173445
104754,11198.383557950741
104755,15707.665862253758
104756,10438.89207551607
104757,12474.925595427834
104758,6588.214665319646
104759,11829.479428346047
104760,6949.690942051379
104761,10506.659312208854
104762,29877.54546584478
104763,10877.259981157827
104764,16758.47488757352
104765,12504.966410836323
104766,17261.1452891466
104767,10496.89682098514
104768,10669.695705441361
104769,12633.046744496281
104770,28801.318764560012
104771,9699.66897508747
104772,24373.252091369308
104773,18549.78287078739
104774,7490.6259015082205
104775,13774.613467385056
104776,8487.214402341035
104777,11929.856551233244
104778,4121.767890605732
104779,12119.887817792927
104780,18048.13520476697
104781,27708.429126181898
104782,9832.104294904573
104783,7430.907568632736
104784,24708.515186339235
104785,12816.766134316884
104786,28244.83698952135
104787,10211.05523717008
104788,20429.289039319126
104789,21205.210678308427
104790,10143.597836110495
104791,21519.343385069267
104792,9035.698643042111
104793,36375.265058236895
104794,18092.686824424618
104795,14795.101214312312
104796,10001.127832229153
104797,6401.15849308664
104798,19496.204028725475
104799,9149.496021753552
104800,16351.749903771968
104801,21944.994645854385
104802,25066.653161093665
104803,23100.219615297254
104804,9788.854260171596
104805,23762.15822891485
104806,10953.89617112445
104807,15851.256879667651
104808,11164.133092100095
104809,9822.487032305584
104810,36926.15995519769
104811,22821.98630774406
104812,10462.948222605344
104813,21017.67658550336
104814,16406.524995010193
104815,17233.812543306933
104816,20888.878021604847
104817,9045.969175085289
104818,23158.580847021676
104819,31954.899407368724
104820,8452.098387999898
104821,11072.884486658988
104822,24682.887571850122
104823,24578.268839679666
104824,7163.39226949786
104825,8970.110296133023
104826,13521.76442724644
104827,21316.454902923997
104828,15104.001050227589
104829,28198.657338770827
104830,13646.772667312624
104831,27999.420514862588
104832,7257.979542845454
104833,18558.104492299753
104834,11955.605931040434
104835,3761.9691459089163
104836,26466.553384678566
104837,12676.839094391815
104838,7578.437513169477
104839,27809.322511926614
104840,16260.349752690876
104841,7300.574092493692
104842,25667.788160423384
104843,9332.272127642993
104844,18547.37210266253
104845,11469.479296387617
104846,9045.814599631161
104847,19221.457456587086
104848,20594.326596725263
104849,20170.68157180158
104850,16044.832319354895
104851,24377.24114073805
104852,22474.610044161127
104853,6916.431711110194
104854,10183.030030782795
104855,5750.670838764726
104856,15473.30192553792
104857,16179.966306217493
104858,12033.122309774313
104859,11193.184517105186
104860,18883.460793391867
104861,17749.969186485705
104862,11618.87995667133
104863,20808.589735320507
104864,11876.486005489001
104865,11431.970677889074
104866,17548.493161622813
104867,13809.0384812313
104868,18637.05979743516
104869,13740.15867343662
104870,11947.982044889388
104871,21212.40986109107
104872,15732.135652173672
104873,21683.409424512316
104874,10631.556245053449
104875,20123.719011668178
104876,16976.038068295897
104877,10319.983111814227
104878,11206.23259541568
104879,20595.86243093045
104880,15414.914483022378
104881,20940.740680059724
104882,6318.923728628698
104883,17556.86125194336
104884,32494.49040275275
104885,12753.017720462045
104886,23362.803427770858
104887,9040.081785712695
104888,20487.5333576098
104889,7143.963632641213
104890,25336.81831484404
104891,25767.65291195655
104892,9212.076959465085
104893,10101.57424767906
104894,12716.191749418484
104895,13393.755908455865
104896,23787.976354459177
104897,8108.685842474738
104898,15714.196170007423
104899,28926.298371541776
104900,9176.726808714986
104901,15730.53631883692
104902,40390.232549900946
104903,14843.614100500336
104904,11957.753289079727
104905,20507.680074256958
104906,16488.180210771956
104907,10962.471142314133
104908,24796.52850505775
104909,19630.55219953299
104910,12681.16008857781
104911,20041.81546645669
104912,17429.335349771714
104913,11877.875478908001
104914,15976.774774699845
104915,18452.018174365814
104916,10820.907706571268
104917,8870.743299321683
104918,9926.723514194431
104919,3828.303436516173
104920,22200.565274726894
104921,14872.259829036944
104922,23690.69449703226
104923,9683.679723104466
104924,22867.41078631797
104925,8172.929564143389
104926,8758.235861814363
104927,13401.098130782933
104928,6835.907435040391
104929,15193.593227628224
104930,18791.323952560862
104931,17930.627841093108
104932,6461.456616401616
104933,14918.801330696519
104934,15782.280643510936
104935,7165.963360006308
104936,7539.295515313535
104937,7118.412839734571
104938,17122.688725113097
104939,7544.138735207636
104940,20209.62242037413
104941,10209.153607123022
104942,11940.291330995755
104943,20196.532997120656
104944,23744.692850405692
104945,20898.636404389228
104946,12423.32658782733
104947,10450.558817436526
104948,17670.45103616015
104949,22077.77987642593
104950,8154.571954722523
104951,13561.83948329047
104952,12181.983209574963
104953,12995.917958445958
104954,9296.761781491094
104955,11438.400170540675
104956,23243.219260890135
104957,42538.62706592913
104958,15638.74176811324
104959,16612.118972525048
104960,11601.315914399245
104961,13227.398816183813
104962,26639.15856629701
104963,15680.674428568915
104964,3353.835953491945
104965,17984.574406809046
104966,19516.3231181815
104967,16406.374032878924
104968,17160.839545379382
104969,20359.53300090016
104970,20133.244357730346
104971,9917.696615472767
104972,14485.906499982035
104973,20212.65256714748
104974,14489.92695848268
104975,26844.851158790912
104976,16070.321629186808
104977,20921.379557187167
104978,2918.884223179412
104979,9252.362362734744
104980,22845.2750306209
104981,43586.226084167436
104982,20366.59663718267
104983,13415.992301314556
104984,7247.96641378457
104985,10545.757329803717
104986,14189.560167448795
104987,14219.357543958231
104988,13310.326945976927
104989,12206.57079802922
104990,20980.88834194964
104991,9746.593858170161
104992,21655.763639083303
104993,20824.501673751554
104994,14630.541310767992
104995,14473.486500801911
104996,14644.718852284366
104997,13637.454954669704
104998,44686.568220777044
104999,24877.93024413633
105000,8577.975405228946
105001,7144.490114065714
105002,9949.79191330183
105003,27857.561748235556
105004,24437.980823899845
105005,18038.663266342803
105006,9126.323681299878
105007,11549.98807665599
105008,10735.871604233138
105009,19535.844101463685
105010,17190.82924709396
105011,7446.001729946812
105012,10146.42731839936
105013,9294.003734067634
105014,22632.57708697806
105015,23806.056401361664
105016,17914.449817880773
105017,9689.278176697471
105018,9482.865487087709
105019,21020.49062877813
105020,18632.66314493103
105021,21324.476930803015
105022,19047.44866535178
105023,15992.187933589345
105024,21290.68964478943
105025,16124.146865286873
105026,23365.062250849758
105027,19685.21345403015
105028,13443.586050325912
105029,17813.853576141424
105030,16239.987194594762
105031,22271.3233851067
105032,17608.921376052927
105033,7646.247628230573
105034,20274.391882405365
105035,6056.810731559901
105036,13242.550109021073
105037,20443.87451159046
105038,19313.399306383668
105039,20846.063859162357
105040,9079.426264575668
105041,12287.432625365074
105042,20805.028060761502
105043,9580.305874860194
105044,9515.670588476094
105045,9920.73736832622
105046,13189.321085837943
105047,20906.713115701124
105048,6369.814350770465
105049,9997.820502356972
105050,23320.05179871083
105051,19630.097338286243
105052,18371.622439689083
105053,28011.84978585484
105054,23312.750735740763
105055,20819.783255531613
105056,30521.20507860115
105057,13575.66199772304
105058,8500.283136731545
105059,15955.462485565806
105060,19898.029441603096
105061,43696.64859148026
105062,16505.94354175889
105063,8787.339689708804
105064,10116.835948859141
105065,13049.73702018488
105066,9768.625780768343
105067,21578.18862887829
105068,10175.099568811549
105069,21744.640748194393
105070,9230.662982631677
105071,23324.821514741612
105072,28959.886821390508
105073,15367.495344874616
105074,17109.105021486765
105075,16967.146327514554
105076,11671.36359530431
105077,14989.14981148968
105078,16205.281186852735
105079,7472.043706277196
105080,6944.001648961277
105081,9983.476598715342
105082,11767.788001437388
105083,14588.268669078128
105084,23462.610413005226
105085,24390.96538229654
105086,10820.146970247833
105087,21383.55647127977
105088,8252.752438449024
105089,16293.973479501688
105090,9406.247336867791
105091,20229.58230879677
105092,4907.582878864737
105093,7736.0054512852485
105094,15515.487357631879
105095,14488.727653451726
105096,29783.109346537538
105097,13476.505989458185
105098,27423.05285967925
105099,8792.335788025572
105100,30885.788504508586
105101,43927.17981268586
105102,29902.520369342623
105103,18144.736627873874
105104,7375.077405719765
105105,31690.383709991696
105106,9491.736647954576
105107,20921.7906188095
105108,11604.437859807538
105109,25374.08177283531
105110,18963.82368624322
105111,24493.12938298913
105112,10989.148187932497
105113,13549.097647141714
105114,10305.085585420187
105115,30507.914127304415
105116,8803.006083886206
105117,11439.948217253917
105118,10347.846363587678
105119,18985.49983558906
105120,28350.988458001273
105121,9205.956129638796
105122,9959.635742097891
105123,12711.231114901515
105124,9120.877742695084
105125,23260.092250312093
105126,8147.281923664459
105127,18043.63760796577
105128,16910.358917210677
105129,15303.2878159105
105130,15656.749914911377
105131,19941.259714426782
105132,31584.562425373835
105133,10814.669952111868
105134,12148.688047578276
105135,21154.150963332664
105136,54792.37634279765
105137,3284.159478836533
105138,16100.596817476971
105139,24555.323444874273
105140,28875.768507666977
105141,15144.046334094652
105142,12224.421394083902
105143,15255.78608030652
105144,24241.654449656282
105145,18026.495521486864
105146,11086.140793055212
105147,23010.811879141842
105148,5557.625220685625
105149,13966.504463422847
105150,13616.787226375818
105151,18666.532937008902
105152,17388.82505649694
105153,13830.455354759082
105154,13204.091887178669
105155,16900.332094019264
105156,19639.12312994772
105157,19224.63277420389
105158,8743.364299953886
105159,19897.717244800042
105160,30230.001718126692
105161,20531.84775502037
105162,17020.10487547295
105163,13824.924796406951
105164,30917.577982540308
105165,17545.382954714354
105166,9886.389064214874
105167,10237.156425582565
105168,13392.112178625366
105169,13345.518527693359
105170,25896.11592028788
105171,8409.09010091699
105172,10403.24741073905
105173,13275.303074143925
105174,14912.468271814307
105175,26289.588330021
105176,13319.99450850703
105177,27342.385057484462
105178,17945.0936334564
105179,24541.52161727669
105180,14325.422454331248
105181,9096.501601306732
105182,7873.273237654811
105183,12728.783564081805
105184,26466.7358551775
105185,8640.527554600878
105186,10597.87475340989
105187,31441.12723565812
105188,16189.157051812985
105189,3959.76967029048
105190,8710.386027279881
105191,13896.91678961992
105192,19727.193227319596
105193,18660.507745604507
105194,20229.99542481749
105195,9984.592504614484
105196,9999.069507777336
105197,40463.22075280832
105198,16798.990686121328
105199,24290.28216819007
105200,6997.705496268306
105201,14517.069438425806
105202,8811.740432133238
105203,24143.78843352231
105204,10498.94482643609
105205,24044.779244166966
105206,20801.602946480994
105207,25342.355436698912
105208,19717.069338317644
105209,12264.52000535175
105210,12456.744752837165
105211,9201.879409064923
105212,20245.215725216
105213,9566.162369834517
105214,14301.878200587396
105215,12390.375955010084
105216,9062.074139478822
105217,32878.22811833414
105218,23728.64644756449
105219,17869.13931270887
105220,11809.690479353787
105221,11924.021669643462
105222,5162.7042667307105
105223,10640.401849465157
105224,8617.30579369205
105225,16406.100775831168
105226,15918.85563229892
105227,19278.538113292954
105228,21004.358908662914
105229,22082.390591297033
105230,23722.035612614236
105231,14159.103282911037
105232,8320.576717203281
105233,12327.539760935655
105234,22900.193066417876
105235,14175.19197543323
105236,8212.700520780341
105237,12947.877337640391
105238,20741.41400157466
105239,12637.440271398482
105240,17482.5748114907
105241,16112.769854630018
105242,27443.852321903403
105243,17991.431354161625
105244,22384.93276383313
105245,10846.724422691897
105246,8717.914131071544
105247,14332.763743341888
105248,12992.571844578286
105249,20024.818713707886
105250,20881.857265832215
105251,21765.213238040433
105252,11859.595747886366
105253,21810.940488031483
105254,11915.454610953202
105255,9571.251080696504
105256,18540.059411765218
105257,10516.552358969313
105258,7602.992570640432
105259,7360.780996727073
105260,11719.640291397016
105261,21478.45570991144
105262,18910.920784098354
105263,9909.110454449397
105264,12739.526621307457
105265,14853.749208745205
105266,13043.555860737426
105267,27598.203023261434
105268,16314.959876923514
105269,28926.94989620284
105270,20799.409963701077
105271,5755.955490912995
105272,14716.163343387407
105273,14361.891700467586
105274,4630.030842264172
105275,10881.40770374209
105276,19889.589272331268
105277,9395.86975917855
105278,20929.332240447682
105279,18897.56304772452
105280,10125.753487177222
105281,29648.45218282286
105282,15182.085811443021
105283,14226.452779448262
105284,9321.812725291085
105285,23664.81549444033
105286,13588.936373103308
105287,15378.961756295372
105288,9453.58764656375
105289,28167.650099121714
105290,10520.12834229164
105291,42666.59458107984
105292,17698.383152178125
105293,9145.866834098138
105294,23420.376458034913
105295,26591.28372770783
105296,24018.8239409211
105297,19113.333488482527
105298,13817.388460625454
105299,10060.115280518961
105300,15746.958209155064
105301,11125.705324080385
105302,16731.58048178108
105303,7998.268240189782
105304,6534.033633254125
105305,35548.58543771741
105306,12712.383639052636
105307,11977.721634068892
105308,18371.117709045313
105309,19951.56910976957
105310,15700.994064979286
105311,8914.455314025601
105312,18226.04625772186
105313,19637.46343303351
105314,26718.28908568741
105315,31353.360882315643
105316,23360.208852215856
105317,17182.296142634652
105318,19944.0013411869
105319,13804.336638030778
105320,15849.67967600484
105321,10085.986745521343
105322,18771.335901413873
105323,11209.740106542034
105324,20456.496952587702
105325,8575.527854550686
105326,30170.513612819876
105327,25242.102963071862
105328,12652.637866252686
105329,7415.9240218432005
105330,19292.283214982897
105331,20529.5602468494
105332,17845.193657418935
105333,13334.122965041794
105334,14824.671206297851
105335,22525.907861659733
105336,28531.171439877424
105337,12616.89723215966
105338,21569.59889155624
105339,9864.377824571224
105340,20397.917631515626
105341,6921.877902882144
105342,27924.579626196075
105343,11860.891191753522
105344,10415.318359828974
105345,14801.012814708907
105346,23219.201828268786
105347,17167.613228960345
105348,12243.846957755173
105349,10428.40373865031
105350,17830.991575739205
105351,14332.689827131855
105352,10545.394232857754
105353,24788.617297268658
105354,12754.717327381086
105355,6466.815534189897
105356,19023.409778072568
105357,11564.49976561916
105358,14815.490394860388
105359,8713.153324784413
105360,6552.590164224957
105361,9501.859768286437
105362,30799.7218041669
105363,10492.21717025926
105364,18533.82061384281
105365,24928.021232253173
105366,20028.88968592511
105367,10675.682742552935
105368,23887.870430105355
105369,18407.175932612798
105370,14716.007242876845
105371,13079.21675311342
105372,10009.08007499134
105373,25634.490704207237
105374,9226.379900287395
105375,12784.646682783501
105376,17515.347908932825
105377,10424.585260025084
105378,20066.316236734972
105379,6734.78744471911
105380,8631.257704694066
105381,20888.60992780891
105382,12956.109781921801
105383,20584.362350351505
105384,5994.637197341034
105385,15442.957054084722
105386,9376.669810852314
105387,13258.899075234089
105388,15558.902132229146
105389,21722.455457876444
105390,11883.14593425655
105391,19822.577599170716
105392,19146.487816125347
105393,11219.96811521666
105394,20960.3645147266
105395,18820.44188258032
105396,21687.88525085199
105397,11817.88261432322
105398,22047.80633860415
105399,13742.250400268296
105400,10410.42405281047
105401,8101.236664505708
105402,9722.45313904863
105403,14131.436880874195
105404,20108.031884463595
105405,16907.937541928084
105406,13350.93877813616
105407,14303.134958525992
105408,18554.474902906906
105409,11482.973376648586
105410,18984.17420765915
105411,9375.366473701099
105412,10568.551611455334
105413,15229.009714772761
105414,11401.328223937991
105415,27341.42978361157
105416,10936.670686062003
105417,19348.461792301998
105418,10109.745048375198
105419,9990.061951541913
105420,13226.637848895585
105421,17469.804266243842
105422,30027.918923096437
105423,10970.166744385835
105424,17089.323098445322
105425,10197.385948453673
105426,22151.674999459774
105427,12830.552862131704
105428,12719.417360966943
105429,39335.09349367038
105430,8073.375700429459
105431,16122.107324910814
105432,20310.84784126361
105433,16475.259336855266
105434,10423.547585845228
105435,12064.123095575664
105436,7479.256389875187
105437,24215.040972604842
105438,27907.423324577976
105439,16531.199153980204
105440,11869.133617876829
105441,10554.456586080865
105442,18408.241152118982
105443,31826.940774162915
105444,18817.161022051492
105445,15831.310629142823
105446,15660.298984029294
105447,9694.228318138017
105448,25083.654227528565
105449,16116.797204313832
105450,19999.155493036662
105451,12380.303544789811
105452,14130.3865085043
105453,15513.575358849994
105454,18838.685685206652
105455,12318.930694875111
105456,12703.716055463401
105457,12343.698232729077
105458,6013.712370140786
105459,7686.078021397772
105460,21266.85427968185
105461,19993.430684453862
105462,29828.70782751366
105463,21061.344307581672
105464,19236.616154818723
105465,20360.528293417534
105466,25729.198041365937
105467,18608.77523914608
105468,25395.409254381448
105469,7696.477106827982
105470,8301.138083919976
105471,12455.708582173815
105472,27516.632683153523
105473,10032.392467029435
105474,8056.60798368108
105475,13327.727487025286
105476,9690.973118144428
105477,14040.102512165922
105478,22546.683203070053
105479,18926.27157295751
105480,18666.26176201525
105481,10137.496663673846
105482,8483.296209652844
105483,10910.035183838978
105484,12171.605589779112
105485,11269.734090922748
105486,14300.892396189953
105487,18013.383847544595
105488,17065.805445276645
105489,18041.50548907532
105490,11761.880036840586
105491,23209.87610150071
105492,14803.966121361722
105493,8438.53417620054
105494,12680.927029657418
105495,15659.900043679523
105496,12412.177384032088
105497,24581.972197877447
105498,14020.305057275105
105499,7404.869259770751
105500,11367.798231626335
105501,12779.773073111228
105502,22806.09995385578
105503,14959.452942558175
105504,8867.723022483366
105505,8237.40717802013
105506,14461.82344299736
105507,20902.571761888998
105508,15185.829477926696
105509,7352.827160514774
105510,10065.796745376158
105511,19412.51837704316
105512,12935.530040582971
105513,9458.549160156826
105514,15537.615844619182
105515,36301.941668382424
105516,9527.232237861745
105517,13097.930520280343
105518,10124.973475688723
105519,10606.582684803574
105520,29813.54036798551
105521,22623.180706190236
105522,17118.588711863686
105523,6399.20379925288
105524,29710.014939632783
105525,22025.799248202995
105526,20260.941909045603
105527,12396.824748624847
105528,9771.540340970216
105529,25646.017454125464
105530,20555.119526129256
105531,14583.996592416917
105532,27011.654743526615
105533,30664.65792482154
105534,8134.3489717126295
105535,8347.911686757043
105536,8081.704475241338
105537,12607.433095076962
105538,15325.020705637295
105539,11879.091217314266
105540,17879.480696552666
105541,16090.063420127242
105542,15309.56589760552
105543,11885.968335854663
105544,21330.27471126302
105545,8961.221010841075
105546,16070.205114554015
105547,13102.491499851107
105548,19013.393958337598
105549,19632.711569088653
105550,20277.22004389831
105551,10880.074313699499
105552,12089.653968083194
105553,9826.787852208237
105554,11333.597367501909
105555,32032.423252675377
105556,29552.48718237985
105557,10159.358503795285
105558,19380.487034518523
105559,43112.367417117974
105560,9624.345567911276
105561,20341.457799200514
105562,15621.969802006313
105563,17312.40640859398
105564,9727.015149078978
105565,10805.281847975506
105566,13242.900147000028
105567,16693.54416170399
105568,17219.75479424791
105569,15199.043543387419
105570,7355.7950791350995
105571,12107.376514675776
105572,11690.652044223552
105573,31737.26459241499
105574,23873.032759056503
105575,13852.777330935824
105576,9302.585537444658
105577,22999.479815149927
105578,8180.533385280091
105579,25816.633644507725
105580,13638.915831869139
105581,8010.78308084984
105582,16793.822583023768
105583,10347.846363587678
105584,11028.129998645618
105585,19146.195284852525
105586,8083.211738271261
105587,16464.26413920958
105588,10566.755306097732
105589,20517.840605537862
105590,18701.622042831288
105591,22851.062981722836
105592,12201.871550681262
105593,17234.27179446607
105594,19883.431522781084
105595,20872.320519993063
105596,16768.408544757618
105597,10461.948672886976
105598,17543.383589982084
105599,11226.196894584311
105600,18474.23193379002
105601,10795.693364794211
105602,14619.62156024942
105603,14891.189709116721
105604,12192.741220454496
105605,9920.813816612907
105606,19140.71285957869
105607,19420.112184228063
105608,18413.620587627913
105609,7277.56660645019
105610,20339.448189204784
105611,10776.470232231839
105612,7485.848489276274
105613,18866.576487091435
105614,17675.750848085692
105615,17857.300508766264
105616,11990.79511557507
105617,23151.60287280367
105618,35249.0188463587
105619,9125.029276652633
105620,9468.949345216484
105621,23231.078078142942
105622,11214.823237345723
105623,13076.102175447497
105624,24689.80468683931
105625,42604.18252075974
105626,15961.52456005195
105627,20110.310846843124
105628,23358.018806985674
105629,26481.960383673726
105630,18078.60527824762
105631,10523.712431456426
105632,22470.8399621932
105633,20642.73897939743
105634,9023.350565939427
105635,7988.007639722132
105636,23925.49702867022
105637,19871.884848889735
105638,9529.681603642239
105639,14717.966564134213
105640,15022.21170013944
105641,9845.441618351882
105642,20504.718159240303
105643,37617.907006914815
105644,13904.645731608784
105645,10391.784913114994
105646,11406.138306208664
105647,17939.921942261888
105648,7008.4306007140385
105649,11118.346788431942
105650,13172.157903198298
105651,18935.058692117724
105652,14230.041640194573
105653,19040.555417034164
105654,19618.929750352156
105655,24039.333392262528
105656,20127.32758067925
105657,25757.623556399114
105658,9521.898238861006
105659,11482.983039241111
105660,17854.627887558963
105661,12247.138054342877
105662,13402.839142746998
105663,18698.981206304492
105664,22335.747450353327
105665,24581.584014063752
105666,9751.344318327438
105667,28255.769486879984
105668,12685.171453850504
105669,14839.038801716053
105670,27089.163145874696
105671,9859.627026241977
105672,9793.235520669368
105673,13682.793889719442
105674,9915.264140922933
105675,21632.2759868409
105676,16270.773950332603
105677,7594.93773244049
105678,2631.317677174818
105679,7627.374077960994
105680,8441.141640425192
105681,24783.603293477867
105682,29767.091990745157
105683,14174.523165626513
105684,23333.270700557136
105685,23563.12825028281
105686,9393.111855604635
105687,16788.0453509173
105688,27563.3546009284
105689,26689.194841466226
105690,25394.637831517382
105691,16290.123913556316
105692,29636.229680816337
105693,9296.322191613997
105694,31203.981308876864
105695,7605.256066364681
105696,11978.257518726046
105697,14632.24408404444
105698,15056.375083140887
105699,9665.324602170453
105700,7646.70671055756
105701,26721.36687944574
105702,20824.15133620814
105703,13136.5119601588
105704,16064.1565216473
105705,12782.80960362972
105706,32290.820605015982
105707,13723.16780955085
105708,29059.284814139963
105709,17205.556345427347
105710,6553.813943545426
105711,16354.612722429742
105712,28333.094546660966
105713,7324.8550774891
105714,5171.229384258844
105715,9654.994280591569
105716,14302.813913538792
105717,16556.42127899292
105718,8454.888065230694
105719,18504.86537262094
105720,12870.422619781533
105721,21942.257879963287
105722,19136.82557303924
105723,12515.978260136828
105724,22420.225690679945
105725,11086.081572587647
105726,9818.932669435359
105727,34361.53239210984
105728,16182.160921794657
105729,8077.6551874989345
105730,12568.331973969242
105731,21339.18221919595
105732,26581.75909898296
105733,12515.172167340717
105734,15796.99044535232
105735,14631.458725419909
105736,14787.084974088775
105737,14903.056943319612
105738,13065.422519761838
105739,13078.079094331302
105740,10592.20070052793
105741,19762.973403747903
105742,15677.10256955603
105743,11875.037054709308
105744,7445.988258687838
105745,17072.95976834671
105746,10519.138486902883
105747,18072.341512916908
105748,12974.836011993926
105749,15274.218543000054
105750,11191.332916359337
105751,11729.345695027267
105752,17548.91865034552
105753,21806.05564088726
105754,8865.297952604462
105755,18465.049187395503
105756,24990.55193635758
105757,21652.698426583236
105758,9897.77738341114
105759,12579.582856242703
105760,10110.998295971744
105761,16617.371924578678
105762,16847.989030010503
105763,14343.692113798743
105764,12142.944398095138
105765,14772.11056322984
105766,12131.931363734628
105767,13098.581365046888
105768,9683.517460448427
105769,7667.687413697895
105770,11117.857318688524
105771,20325.507710762875
105772,8924.784324560986
105773,25795.838319913353
105774,11613.801051430211
105775,17576.948967005475
105776,17973.765865902948
105777,14985.344894806305
105778,21177.766865694815
105779,13652.033301312607
105780,25032.82196014608
105781,16949.544176971707
105782,11421.308405120852
105783,12463.656860311377
105784,24496.18431425374
105785,42124.85352547416
105786,15587.306097358902
105787,12239.780414181025
105788,16173.169141151686
105789,26620.871926673157
105790,17741.586499813762
105791,20019.265596905258
105792,25867.190038451932
105793,22725.70325651597
105794,10437.768646079927
105795,6580.437022939601
105796,16081.721872664064
105797,20551.162592465465
105798,11370.202110384264
105799,11675.340799270818
105800,10587.493410768471
105801,13246.234434383558
105802,11834.312079215306
105803,9403.140308912434
105804,14807.059966933999
105805,19758.703650782223
105806,10265.334106877775
105807,21591.644654188538
105808,12898.064383743893
105809,9181.931455431957
105810,11847.391674418983
105811,9482.632088721068
105812,20854.804246359086
105813,13390.58185520788
105814,21923.85352647821
105815,30793.815579150658
105816,20870.83113123013
105817,12282.330645200798
105818,7468.2758706306895
105819,15515.68947660581
105820,15598.896058036087
105821,19500.838246398584
105822,10961.077185111084
105823,7254.073466713678
105824,13507.627878873527
105825,9984.697278955777
105826,12258.314206581226
105827,19443.98812403362
105828,20088.941540601132
105829,16767.81634680846
105830,22219.9206870149
105831,17721.608580080898
105832,20018.674791915637
105833,10048.641849410044
105834,10987.778322917617
105835,14868.535178655013
105836,20275.12548075903
105837,21054.384938062532
105838,7105.075106126216
105839,22109.47845069894
105840,19703.27091260497
105841,26277.218227848974
105842,23136.568670264085
105843,24724.621944729886
105844,18995.699270163637
105845,7670.7393813677645
105846,27845.761455987697
105847,12903.073767605048
105848,9622.013743261059
105849,22252.41701586465
105850,13246.919380985559
105851,22189.342266461335
105852,20795.4663814925
105853,7186.554413644233
105854,13247.398570399877
105855,14317.510713788572
105856,16801.16443837625
105857,19989.726237704694
105858,11987.943333724805
105859,21148.823297324416
105860,5197.663157471757
105861,13652.620561735172
105862,2264.030978664112
105863,8183.090268636496
105864,22630.65264342056
105865,20608.46202703881
105866,39833.60058365263
105867,19586.092718432126
105868,14985.3561455303
105869,13362.05650472255
105870,25552.55202051963
105871,15242.204798320257
105872,20720.83285982712
105873,18947.19645084628
105874,11358.28176599911
105875,6991.06531051481
105876,8581.11798606749
105877,9958.566144151455
105878,12711.040507678155
105879,10657.408728536699
105880,31733.8452202208
105881,17277.207755139636
105882,9864.130857622797
105883,10630.25833073941
105884,22630.368334034687
105885,20744.774457025465
105886,26516.91618460682
105887,23106.458872752657
105888,21910.749882643035
105889,12800.685102551906
105890,10110.128748543133
105891,21317.051652816484
105892,11221.829513207387
105893,20210.581778443662
105894,16353.13877093146
105895,29536.484712358935
105896,17958.149257406687
105897,10946.14964745151
105898,10043.60133862503
105899,15447.552982141802
105900,15207.707024547466
105901,20689.806836845957
105902,4978.394196680471
105903,13413.001575186021
105904,20152.685853954405
105905,10998.314310711054
105906,8649.041384389075
105907,15097.417319216034
105908,22832.644162057033
105909,30147.68093129736
105910,11076.03489964491
105911,9154.258363556604
105912,7764.179531130936
105913,38249.031517500676
105914,26398.900131419832
105915,8848.990423380332
105916,11123.927304005254
105917,10006.59506989825
105918,23542.26881659982
105919,32137.044615056962
105920,17748.108965722156
105921,15477.6430154407
105922,27253.6870833079
105923,7542.876029709535
105924,14703.986388784018
105925,27655.555885436926
105926,6258.482973978994
105927,4509.612097610839
105928,16022.433785835376
105929,11900.064066604142
105930,11839.365933933117
105931,21351.31330054514
105932,14249.523047963274
105933,16818.967006218394
105934,9386.964352697152
105935,20298.83688102635
105936,15451.043057882676
105937,11819.911074927497
105938,10981.201714742894
105939,15128.350477781643
105940,9654.72711722151
105941,11029.21621003297
105942,12465.963570189859
105943,10371.094657173784
105944,13758.810493116356
105945,7723.65504989299
105946,22477.32924543355
105947,22956.837270933098
105948,9246.156832921683
105949,12125.782577102773
105950,9516.354864078921
105951,10236.768822707583
105952,12327.757934295812
105953,11848.468768092362
105954,16699.385491354344
105955,10119.421773278713
105956,10924.687875060486
105957,21034.391683333022
105958,20347.49996787068
105959,6644.2867258648885
105960,20291.72763988733
105961,21255.87976004532
105962,12252.42198054963
105963,11828.166494827823
105964,16584.667976539324
105965,9969.38693577643
105966,13353.363693196581
105967,7833.888533607902
105968,12713.593153625203
105969,26831.91960419086
105970,52046.15020750835
105971,17062.344840378417
105972,10649.872196134454
105973,8599.30033494324
105974,12307.87009512679
105975,14633.113686027904
105976,20221.314118414957
105977,15553.798061485568
105978,9644.190420145223
105979,10676.782255598413
105980,9750.799083745389
105981,10256.939488385995
105982,18174.4548135867
105983,16960.692013735264
105984,15124.7198540132
105985,20729.99361142947
105986,14924.583718765798
105987,20951.858029161358
105988,9298.005684689948
105989,19726.34769472234
105990,23632.323333940727
105991,7229.436670771399
105992,14533.73485587988
105993,22621.141644985393
105994,24372.20738246944
105995,26271.623551192723
105996,9959.55153275739
105997,12015.722040847859
105998,17078.8537337717
105999,8280.066823901168
106000,26118.830411175753
106001,19989.043371719814
106002,13698.42568902448
106003,12825.588352863959
106004,19001.783656449443
106005,31658.248821990706
106006,26994.137540590717
106007,26910.101990320956
106008,14286.421340776886
106009,14160.251219990965
106010,22406.780746468266
106011,26945.76747467477
106012,20954.020492809643
106013,12268.459378234827
106014,14773.439633285701
106015,9469.339576844954
106016,22672.009280630664
106017,27293.147608326526
106018,8138.812721214392
106019,24912.477830082065
106020,12282.6310354582
106021,33080.323519466576
106022,10967.193553982816
106023,10933.748366445565
106024,24831.58024207506
106025,15680.674428568915
106026,14971.587055469316
106027,16768.614041958008
106028,21687.60509176849
106029,15535.649200796754
106030,24348.54474952245
106031,16552.36234202377
106032,16703.961091889283
106033,20193.473442490787
106034,8793.392773965008
106035,9736.413048131255
106036,18866.473422168754
106037,11167.40190951676
106038,20274.101898236615
106039,13114.848741534075
106040,16553.881547953213
106041,31461.874805332045
106042,19638.90659928732
106043,9249.302109373377
106044,11799.716671233842
106045,24949.660937920366
106046,13854.892137417102
106047,17371.579451749123
106048,25923.421441321287
106049,21365.028500603796
106050,14269.737744220856
106051,11249.081926901885
106052,21365.85357416373
106053,10013.470705932867
106054,13085.140126795008
106055,7226.195782551321
106056,6569.842229786553
106057,9525.6058074355
106058,29627.717025235786
106059,22050.152341562272
106060,10877.498359155254
106061,41757.063200741
106062,8424.033409205786
106063,15263.689541150563
106064,7458.797065889405
106065,31561.44959627408
106066,29962.26459459878
106067,19618.90988689875
106068,15571.519002521713
106069,22270.735513304906
106070,8832.79118409465
106071,10832.81792908628
106072,14472.185642764462
106073,14337.500759236566
106074,16671.428904640587
106075,21153.791345120862
106076,14184.333822935996
106077,18894.790058577564
106078,17999.855454252523
106079,40914.306457939245
106080,6231.768027580779
106081,17623.33261082117
106082,10482.095377339336
106083,30779.010156553846
106084,7748.980116462244
106085,8317.416708830331
106086,18772.931077413105
106087,16064.1565216473
106088,22591.01164576429
106089,7666.791404734015
106090,14431.671655813187
106091,13214.820497103847
106092,9804.453028567725
106093,18134.70882282018
106094,19525.09608671624
106095,11724.113515984072
106096,9910.926421673383
106097,21110.63125235996
106098,12262.494000564833
106099,25410.276868462373
106100,21875.086200757
106101,18931.2257815177
106102,9013.939949387795
106103,19741.930370304482
106104,32093.55019659511
106105,12328.520984928746
106106,16157.089573148285
106107,20743.190465753272
106108,8514.378880399221
106109,11863.283425038795
106110,16299.727340903697
106111,17872.881957855832
106112,33288.97644034384
106113,29971.575029516785
106114,28219.123066638524
106115,19230.08689621376
106116,10210.026060078679
106117,4506.204148371537
106118,25154.680319017985
106119,19822.70163679017
106120,15140.218064594834
106121,6491.368692596239
106122,18994.70877838502
106123,18616.22202164999
106124,8056.957107369736
106125,16630.510449712783
106126,17307.501714037142
106127,15862.818500866328
106128,29631.532635344134
106129,12757.416009530041
106130,17563.967294709662
106131,18688.345291789086
106132,8966.051112992118
106133,27808.56514608749
106134,25753.21278032378
106135,15021.157902544133
106136,20083.580340188313
106137,21803.0144791304
106138,16299.312974408576
106139,17161.24124388387
106140,11159.911731351443
106141,9329.436381472788
106142,22517.329193910704
106143,11782.511515979877
106144,8551.287872636856
106145,9924.052291383365
106146,27107.474508883
106147,9896.848763950782
106148,17767.23382335099
106149,13108.737153372133
106150,16178.980353544717
106151,19235.538776178448
106152,17702.255409168596
106153,13204.256525556108
106154,10070.21644241397
106155,13750.237917875025
106156,28388.442024598175
106157,13788.363351065675
106158,16804.13220379911
106159,18855.03814225573
106160,18937.0309691705
106161,9950.349447988165
106162,22099.7616598249
106163,17733.080944024634
106164,22180.86171703699
106165,6370.756615862205
106166,20608.921439490347
106167,25949.98912205866
106168,18464.460585511468
106169,11593.631621416436
106170,10030.756704059868
106171,30887.742246896854
106172,22456.939263578122
106173,6570.217913694093
106174,23313.44202704757
106175,8692.53397738572
106176,20943.838762378447
106177,27628.23805045098
106178,13649.35735779069
106179,7071.177707599246
106180,20336.92020523205
106181,14736.186551361443
106182,13129.436336059154
106183,24989.63317684959
106184,10889.268067188288
106185,24515.60975872068
106186,12399.412281183793
106187,10584.082195018224
106188,22384.43166949525
106189,14162.367339087605
106190,19744.68763167352
106191,11072.15922973285
106192,10040.879575357852
106193,10107.067166214763
106194,42241.266855454734
106195,10444.90156250236
106196,3036.5815777739845
106197,17628.972388687966
106198,7551.076054087299
106199,9570.682604234536
106200,6119.954828556244
106201,22743.399251659357
106202,17803.39320648435
106203,29640.309781597465
106204,21447.89512751887
106205,8137.29008144788
106206,26538.55143152218
106207,10651.280251187305
106208,22744.190515673323
106209,17675.88389303313
106210,29344.782562477365
106211,16538.949273473067
106212,25614.349415419063
106213,20098.31314098071
106214,29135.247313744363
106215,22271.666821041348
106216,8897.590295895825
106217,13670.186552028488
106218,10129.009800419872
106219,13758.234108519133
106220,9440.19413604891
106221,20729.4569236946
106222,5619.05085766525
106223,11824.440606485163
106224,17916.757502045682
106225,15624.973424628935
106226,10112.090298673136
106227,25081.591814345375
106228,12920.603700921542
106229,8968.47743111009
106230,15451.709185681666
106231,20222.47230948622
106232,14743.767227210346
106233,14859.894589364858
106234,18049.76220482789
106235,22539.862104381235
106236,16214.362091802965
106237,9529.70670066405
106238,30940.365878245113
106239,12069.610349866378
106240,11255.929557088897
106241,18011.544355998427
106242,17695.116693033873
106243,9118.623015001891
106244,27317.933530158058
106245,15025.208278281612
106246,5909.709865316814
106247,11688.335238770387
106248,9768.420107970966
106249,13684.257607211825
106250,9166.230775705659
106251,20549.82666778195
106252,9102.438720953323
106253,17994.017734324807
106254,20880.143842194793
106255,11968.375230521466
106256,8793.694396279525
106257,30255.379351117346
106258,19958.15040552109
106259,33728.55640087748
106260,16116.862223150107
106261,13436.930652083835
106262,15883.610222388053
106263,7481.633436636564
106264,9147.513754350568
106265,3581.090779740562
106266,17177.302571150638
106267,13673.575424369721
106268,32194.490813050696
106269,8642.422718617481
106270,16763.02279863199
106271,6241.916086104639
106272,29037.376091835533
106273,22430.765689637476
106274,7926.312392042743
106275,11383.61079217594
106276,13688.08008286227
106277,13315.685591649148
106278,25035.739824081047
106279,12019.844576520827
106280,20769.61050140157
106281,19609.121826991533
106282,9625.740339805925
106283,44070.331470904486
106284,13318.313905595249
106285,11653.583018766447
106286,16899.54510657178
106287,10193.085413116973
106288,16490.74038898665
106289,11262.612576312784
106290,12899.570680852732
106291,27643.27041628623
106292,25309.578592273705
106293,25161.647474561152
106294,27350.593252223265
106295,26079.414643282256
106296,14871.806726270708
106297,19009.2237101192
106298,12230.802717969533
106299,13521.076349050863
106300,27911.503458068426
106301,12506.682930424
106302,25038.847712519924
106303,9630.572425855893
106304,11305.421516245233
106305,19918.377774265726
106306,12641.87550360763
106307,11510.470665436726
106308,14951.822790393724
106309,9173.369223724492
106310,16691.244644818376
106311,25407.66621953243
106312,23582.09865498684
106313,20424.411550505934
106314,21483.44357248962
106315,10342.040410024749
106316,7607.366707434545
106317,10325.930399723304
106318,14857.536460764824
106319,45093.2317813061
106320,6230.894332363414
106321,27426.04900766251
106322,28062.01569985867
106323,12034.840461074109
106324,21441.83158440594
106325,20281.936477183794
106326,11512.973845526029
106327,9334.221847074401
106328,45654.97025907213
106329,13105.617918772832
106330,9243.69310350847
106331,31180.313612478843
106332,21489.41125765198
106333,21405.264162484542
106334,9575.836651838952
106335,5910.263482540956
106336,25591.286565150556
106337,21267.63734665427
106338,11589.698896747446
106339,11693.085294865521
106340,17206.102415574052
106341,12602.807644907862
106342,11165.387505790828
106343,29727.26937134822
106344,13061.579434286323
106345,9896.818693198196
106346,12777.121646471072
106347,13367.590111220821
106348,21090.889704680638
106349,10207.79818556674
106350,27173.552691129393
106351,20879.674752219442
106352,21176.911777125595
106353,15071.76856478616
106354,23999.18789346687
106355,20488.402920933713
106356,9593.235919251187
106357,9560.60802436895
106358,12757.119497705715
106359,20669.527950222975
106360,30779.61989473776
106361,26947.08401280201
106362,14619.205511533593
106363,8450.883361972506
106364,9533.688639236503
106365,36447.998275953694
106366,18741.591238878722
106367,23984.711124784222
106368,11532.152074634203
106369,21468.73295530245
106370,10621.5186029344
106371,9150.435794334924
106372,12404.300791408345
106373,20138.654052898823
106374,44980.43296985194
106375,22684.854630073358
106376,7665.910748276275
106377,13394.932158637564
106378,14233.629257689086
106379,21522.07982019373
106380,12931.866793727382
106381,8617.882711628987
106382,8555.868715719822
106383,20778.767167568654
106384,4036.6287968190913
106385,12175.677351748946
106386,25718.45795626626
106387,27257.375297626793
106388,24824.78882385873
106389,22160.322330059436
106390,10668.069706273836
106391,10434.082771103285
106392,19685.769675251315
106393,21213.68276098078
106394,20134.220468999814
106395,29901.909812062826
106396,18509.450515459306
106397,6315.114061084438
106398,24376.864938141716
106399,12286.7644845214
106400,23965.928218540237
106401,19755.835416732116
106402,12196.1912241678
106403,24979.846974356828
106404,10519.13790863458
106405,12380.000082908344
106406,18310.17824027205
106407,18998.133275175824
106408,12009.026375082447
106409,22838.259146156848
106410,9986.214492847506
106411,15636.343866990774
106412,19134.934386292658
106413,20340.56648849655
106414,25325.89203152857
106415,7466.959485701249
106416,18796.439505861483
106417,10772.855027269177
106418,18897.28820909395
106419,20259.7616168888
106420,8608.286599674724
106421,14522.842579909942
106422,9200.726355572671
106423,7801.328199530915
106424,17258.8411770782
106425,12316.955630583716
106426,33770.60827449732
106427,12763.115713206746
106428,11552.438868402534
106429,8860.49541006766
106430,14657.253171327318
106431,15683.79077135585
106432,26817.151378940383
106433,8718.81778165971
106434,33886.265755695356
106435,15427.202532337838
106436,18273.002543586488
106437,13469.34463337744
106438,22106.385499466574
106439,17945.211565219295
106440,19318.225816308266
106441,12406.320673216902
106442,20394.61743352443
106443,20970.719868015753
106444,16982.101371349127
106445,18762.224376670903
106446,21367.67586392108
106447,20087.96860763029
106448,18003.469878746753
106449,21752.632100045073
106450,43956.75645608224
106451,9891.374574733793
106452,9128.468717809912
106453,20025.100274184046
106454,25510.0306068828
106455,24073.634399189854
106456,7837.622316879977
106457,11821.57910784707
106458,10951.921590915475
106459,21951.811801635726
106460,26454.48356012216
106461,12334.612251964658
106462,23580.691404468325
106463,10431.062757145863
106464,10402.999491452942
106465,43932.87600905299
106466,11132.278990702769
106467,8126.022479366961
106468,9356.909075288877
106469,15774.968354877945
106470,10488.007121414246
106471,11555.047214328473
106472,12860.52789341179
106473,11367.620753499821
106474,14055.910375913969
106475,25422.604458250265
106476,24377.868685264963
106477,8427.075676795832
106478,13593.74607151332
106479,19766.959543574274
106480,15280.63310284068
106481,9397.822809683044
106482,27203.93478957336
106483,8801.267095765434
106484,13358.23075499859
106485,12137.285510360547
106486,19013.83597720118
106487,25777.66183372093
106488,12746.471046020451
106489,9152.100931975296
106490,24301.129765177393
106491,20500.800109924123
106492,10709.228625227188
106493,31529.095857805823
106494,12045.580208131643
106495,12067.721633689174
106496,5394.103402399934
106497,9895.642925234806
106498,13678.556807424839
106499,15929.72256940213
106500,31238.159819512603
106501,9608.714395490419
106502,20695.564725917062
106503,13446.082394518171
106504,26954.41253062219
106505,20706.016266769064
106506,10292.739424996735
106507,9479.391369173556
106508,15127.3568988964
106509,27268.915668861835
106510,27640.066095580343
106511,17453.416632802142
106512,20132.769211202347
106513,10195.76737934901
106514,29695.381430249305
106515,12694.384438118288
106516,15610.782756027502
106517,17558.754749793923
106518,31184.819142554756
106519,12176.122587819353
106520,8334.802002211527
106521,22458.958498726868
106522,21930.65877667921
106523,16013.175584348783
106524,7967.372319793984
106525,9588.729674695169
106526,10317.64240375557
106527,17023.75278591152
106528,9637.715131203238
106529,12525.010020258542
106530,18491.017838974767
106531,11765.907082405003
106532,12819.49834729726
106533,13574.258538703358
106534,8449.077264136373
106535,17484.311842036557
106536,17421.037641796087
106537,19813.350221737357
106538,15033.76345434403
106539,27786.808178080177
106540,12504.889285136082
106541,11900.112193399387
106542,21448.826812618383
106543,16571.538036415008
106544,7515.91732456034
106545,30146.771770730535
106546,20339.44294958846
106547,32110.541528948255
106548,9113.280301123415
106549,11329.152733565945
106550,14749.227522077708
106551,11907.891672401453
106552,18493.688722176674
106553,8723.699362153373
106554,13761.987565878675
106555,13155.704942556677
106556,22531.256209106272
106557,17958.800038426623
106558,7607.481655433049
106559,14844.493562743479
106560,25891.67740006013
106561,17632.11054554424
106562,9309.51802047096
106563,7342.839029733196
106564,20838.10038220354
106565,12844.761676327846
106566,42980.31027966252
106567,8147.668934685087
106568,14196.238938642384
106569,10962.955728554436
106570,32198.604259225922
106571,16466.845620395805
106572,20322.20173550321
106573,39602.82480278569
106574,16842.28581150477
106575,9298.717040169875
106576,22396.710057735065
106577,25381.72590143569
106578,11894.293126319273
106579,16044.246358229311
106580,12948.954635409873
106581,23800.050705624424
106582,11580.013501330663
106583,25753.21278032378
106584,22108.284501354115
106585,23187.508693337768
106586,10196.549348517372
106587,27874.997964630827
106588,8799.94372228312
106589,24288.90305915054
106590,14696.79986888316
106591,30504.54544900118
106592,7265.688836108059
106593,16263.349889136201
106594,5760.811903344154
106595,18548.776111995176
106596,12936.22624679548
106597,7334.861039554458
106598,11482.516731456319
106599,8876.457934110393
106600,8191.48625798924
106601,18791.294466666503
106602,33572.76766859884
106603,29445.463147863124
106604,24973.502525788204
106605,17297.969478083927
106606,9532.594960714387
106607,18713.728718071456
106608,6903.219276105713
106609,10942.166489382877
106610,18768.883123348536
106611,33127.841759734365
106612,24303.10122067709
106613,10627.122212098839
106614,8518.839165419486
106615,12858.538761006754
106616,10576.531760858692
106617,7674.272928540265
106618,11040.734543056287
106619,9518.341829762478
106620,9392.943233813876
106621,16059.882580677346
106622,20183.189015254615
106623,22050.11279636149
106624,19099.52556766437
106625,25333.548512930258
106626,10513.36722654175
106627,41599.59653177032
106628,22047.109429660442
106629,13213.622570859645
106630,20433.791037315128
106631,26709.258914035905
106632,11728.210953382306
106633,13311.291819261967
106634,12672.857052394202
106635,20836.69096639534
106636,17389.483967701275
106637,44185.47205421749
106638,15218.335042603683
106639,18231.409798474313
106640,7226.621089882481
106641,17959.552089314002
106642,12832.391726368245
106643,15754.960551151768
106644,17782.336826875584
106645,20288.491350409997
106646,16008.174185072323
106647,10867.733558097074
106648,16797.050565885245
106649,12780.83943759074
106650,9271.629287100683
106651,12068.010086901682
106652,17395.863009469416
106653,9188.61185430741
106654,18756.334462689265
106655,11245.857637364225
106656,13915.796965581627
106657,20856.365448278266
106658,25177.48725124912
106659,12023.869443437958
106660,30893.671974088043
106661,12888.804707700054
106662,21621.95140638559
106663,9945.317417147304
106664,17024.62439105059
106665,14887.018460133435
106666,7740.450558547466
106667,12937.760927131943
106668,29309.458066604824
106669,21841.70607163765
106670,14334.091515527314
106671,39575.1530174913
106672,24873.801315277404
106673,5568.767446787624
106674,18322.4855763487
106675,21591.694191474606
106676,17606.27917639472
106677,14201.840639027723
106678,15753.549352032267
106679,20031.21013833977
106680,15911.330013008366
106681,13117.223945972586
106682,16588.33016733262
106683,7890.023754360412
106684,17739.87631002452
106685,11406.553549273396
106686,9908.644961862728
106687,17421.110189190338
106688,9919.451966458815
106689,20427.450853980987
106690,12950.517964936818
106691,22119.746534850055
106692,8841.428865597587
106693,23676.77606176958
106694,31074.732560539684
106695,12087.602507630849
106696,12940.967152784991
106697,26242.3952743394
106698,21669.631290461664
106699,14283.943686824747
106700,12606.222072485927
106701,12709.241753929682
106702,6349.829653539888
106703,8567.605621928478
106704,22170.57210977435
106705,13775.006847660125
106706,9240.132555992768
106707,15565.598863154259
106708,12046.752740346497
106709,14539.3692055404
106710,22532.450923265373
106711,22723.819916687145
106712,10100.921806353406
106713,17321.20930911711
106714,20366.86299866349
106715,17676.828305535648
106716,14706.702234828848
106717,9674.589427942834
106718,11818.932693148508
106719,12527.027246888812
106720,9515.17167673986
106721,8228.640242102858
106722,10047.728556797414
106723,6410.346979003171
106724,12048.63132174377
106725,10482.146071472269
106726,13683.213899306347
106727,6011.24516371335
106728,12920.532266941438
106729,13141.940301151417
106730,17623.51817127469
106731,20723.211565347166
106732,19950.882451580776
106733,20453.523684161202
106734,22361.65165056775
106735,10100.212723031917
106736,19845.343252441824
106737,21101.57177921366
106738,9136.979323873791
106739,20303.127620501793
106740,11320.675327756644
106741,18032.710754225598
106742,17905.724223291647
106743,25471.480989759748
106744,19684.3400208412
106745,8607.694801520756
106746,45774.96282130358
106747,25221.105845277154
106748,19815.149612980647
106749,15105.686197729023
106750,10224.151938739626
106751,22992.97747267296
106752,23028.17242386802
106753,17683.78761710401
106754,39315.11134481225
106755,29246.74815147901
106756,10415.353734028777
106757,33024.60502016422
106758,3475.011840541897
106759,10336.382877828693
106760,29734.599057793515
106761,5791.609824263839
106762,2337.1650141426626
106763,25938.30890284107
106764,26536.46401641899
106765,18358.30219991559
106766,10508.691828124518
106767,19356.177790746355
106768,9313.701822924373
106769,15109.916761823324
106770,21370.91390626574
106771,19088.441326167616
106772,32083.993443337073
106773,14403.575633185748
106774,18125.382894082173
106775,9398.090864597672
106776,16927.48656619827
106777,22069.55055965928
106778,14163.179373841733
106779,10276.61376121469
106780,18606.402481578385
106781,11048.000440765449
106782,21662.829183476486
106783,12035.874637295501
106784,10608.017058820667
106785,16359.341182653832
106786,10014.062850842014
106787,32010.80235849797
106788,20918.400332048568
106789,16518.084555255766
106790,31775.591188831506
106791,24944.915362221287
106792,16709.36496066424
106793,13361.69274590545
106794,19217.1293603547
106795,11533.44210062729
106796,18416.843499444407
106797,30124.11610284364
106798,15343.507720886284
106799,14624.702830272894
106800,10126.085015541064
106801,16914.840237794622
106802,20635.546019388425
106803,24862.519813399467
106804,11286.807887047917
106805,14579.68779813398
106806,13579.499332324718
106807,5644.169359365133
106808,14822.067840115287
106809,6931.6372747945015
106810,9970.875691625866
106811,11785.185629813503
106812,35350.04716405229
106813,9781.917422516277
106814,11081.244927902628
106815,18399.41793803486
106816,26730.594180212007
106817,10339.334990123869
106818,8397.864742059393
106819,10171.88300722424
106820,9648.351553275037
106821,14155.992875122354
106822,13800.047125907053
106823,9607.732279153968
106824,19240.660473746397
106825,16041.29371837191
106826,31060.096573260096
106827,12283.664849992301
106828,17853.711943145223
106829,12465.796453549636
106830,12998.122212170605
106831,15945.656235591337
106832,10675.894511072987
106833,8903.62191912132
106834,8279.106145423366
106835,7078.3478052845785
106836,21089.003742072822
106837,12935.453132278288
106838,30966.51900232199
106839,12665.133685159166
106840,22627.68663429166
106841,15194.2458466181
106842,4151.049997473504
106843,12388.867235506159
106844,13739.801244344715
106845,13688.64256012183
106846,22112.215630215418
106847,10980.030235921799
106848,25465.280671707198
106849,20886.142051854815
106850,11718.889678185733
106851,11808.352653080346
106852,9496.249180392877
106853,29130.76471199115
106854,9366.491798853625
106855,14909.119302245594
106856,12864.347048794987
106857,10297.377982980755
106858,16587.64339277515
106859,11853.995786961166
106860,14638.285260301738
106861,21746.686147116383
106862,25408.491269941373
106863,19819.775573382984
106864,19976.2340300229
106865,17567.69168397086
106866,9160.183416425487
106867,12245.691664636122
106868,9498.164526130984
106869,9403.022269172863
106870,9976.45286305334
106871,13268.802562862065
106872,24935.062302088987
106873,16889.848343878108
106874,20704.739304601255
106875,12242.501667639764
106876,20064.862207530907
106877,5204.731593397584
106878,7024.963273247786
106879,16948.23118091827
106880,18737.04434084902
106881,9716.779481287733
106882,19330.4228724431
106883,20120.497929528192
106884,6922.763549021668
106885,8998.926127321833
106886,24323.787638512815
106887,10654.153644249358
106888,9509.776453800334
106889,7041.414383550142
106890,30932.875015126257
106891,10362.308027139996
106892,20518.846426630575
106893,17214.94331761326
106894,5568.424214876867
106895,22072.50973784837
106896,22025.359940331433
106897,17575.40546299244
106898,9693.927708904614
106899,19041.43532242584
106900,17048.104555986072
106901,18894.963192416428
106902,10411.135875638001
106903,5444.090029933478
106904,12256.400950387213
106905,20896.891610689472
106906,9633.74191432022
106907,17864.155294253505
106908,10169.392939312853
106909,22821.29543668249
106910,18649.186504047284
106911,12771.3086602305
106912,14750.02114907438
106913,28478.286419301796
106914,15411.635183862723
106915,14780.145966264176
106916,31396.547899190842
106917,14542.468089489785
106918,18569.011374693957
106919,24729.736233668133
106920,12781.2012089686
106921,29474.901014296338
106922,9106.080644719272
106923,17198.826514135108
106924,29558.77380167305
106925,21798.24658150035
106926,9628.217406880885
106927,6430.09969528919
106928,11560.631015439749
106929,9464.503817839975
106930,20306.203927784598
106931,10456.005694700481
106932,11051.514005135039
106933,22145.814361040295
106934,7322.182755830468
106935,12231.6122992559
106936,15165.565996047259
106937,19258.322181266674
106938,23327.3107390268
106939,14173.617520505912
106940,17431.993852709493
106941,17492.468460990593
106942,9682.874825611128
106943,10863.344038323854
106944,18372.984664026404
106945,17738.259383476565
106946,11672.944531566527
106947,22895.694559256288
106948,9961.184568576224
106949,20315.430723016227
106950,10744.503368856009
106951,18099.803920755632
106952,12677.920189172713
106953,16653.645254780506
106954,20806.096891427616
106955,10419.403692393253
106956,22636.687728370576
106957,13465.300139696667
106958,27140.636462251325
106959,10386.62682907439
106960,6725.775306819717
106961,25582.612518124693
106962,16161.68947603467
106963,10294.429823270953
106964,15542.882667088135
106965,12578.598803109275
106966,43956.83899342958
106967,20488.017963030426
106968,20022.442678854288
106969,14727.998022819664
106970,10131.58218056776
106971,9713.939841999088
106972,19377.193736442125
106973,10316.323081910547
106974,20388.749887615195
106975,10006.261864908682
106976,9624.16997865821
106977,13124.169858427007
106978,29193.040513779786
106979,5773.2402809586665
106980,7152.124962817923
106981,29612.38749309398
106982,8801.372195881288
106983,15943.320963379703
106984,22859.330170386245
106985,20406.21785831528
106986,15891.68406455694
106987,17858.193538975276
106988,9943.466614262428
106989,10683.84440409273
106990,9116.877854213526
106991,15475.333759382522
106992,26972.48654193024
106993,15903.389835691552
106994,7718.926261904478
106995,44595.66392316075
106996,11893.100089457215
106997,19849.269460991894
106998,9757.615263539534
106999,12921.026932146233
107000,14760.747321178438
107001,27451.856990833887
107002,6432.824994897107
107003,39498.016400715416
107004,14370.782975577196
107005,9472.807932717338
107006,11632.6747061518
107007,12552.495080237997
107008,11774.588810559697
107009,9485.696460105168
107010,47463.05273157949
107011,9091.734433806807
107012,10000.375601110785
107013,8590.186122546316
107014,9954.147979684058
107015,17887.245851321535
107016,14852.221924326836
107017,9244.920319136923
107018,32120.556021396813
107019,16746.380779835392
107020,10044.957861693994
107021,9731.926955222787
107022,6860.526173021186
107023,7695.828141868207
107024,19132.760241250173
107025,8262.857149028352
107026,45069.51737189663
107027,11973.015867140351
107028,20707.504235166827
107029,17517.46747501586
107030,16360.198164969775
107031,13199.944782291206
107032,22396.460902589857
107033,16780.819169135822
107034,11637.801732229344
107035,27168.34804115926
107036,17907.93332270774
107037,41121.16512002064
107038,13506.798245913013
107039,11055.81665801667
107040,27746.224631521392
107041,17445.34656749986
107042,21414.462657593485
107043,14508.123345303457
107044,13883.656997651122
107045,7126.412026552257
107046,13168.149531801804
107047,26232.761354013524
107048,26295.4151984684
107049,8067.826640968841
107050,19977.45245057251
107051,17577.21583470035
107052,29319.141801428257
107053,4523.943662318694
107054,19378.44275171798
107055,22476.553076089727
107056,23572.682898679068
107057,14927.415416844939
107058,17500.56726251236
107059,14142.166585178202
107060,9691.1569014353
107061,10966.143512517832
107062,9076.346852731995
107063,16384.620722452233
107064,20013.627756714835
107065,24641.72508925829
107066,30012.151360407646
107067,29489.972200854725
107068,20762.568942262307
107069,9835.680345255329
107070,24605.5845933399
107071,13642.373157725835
107072,9142.366724857504
107073,10929.807875029453
107074,32278.242715244978
107075,21308.83703371438
107076,21365.028500603796
107077,8770.489910831107
107078,25008.71597408258
107079,25704.621857338418
107080,10002.10304924636
107081,7071.328348180285
107082,26200.506935022186
107083,12033.557879099133
107084,19760.716876251907
107085,16246.438465054956
107086,13485.843042094672
107087,10762.094607584575
107088,14748.272970298825
107089,27396.60903710888
107090,30544.736084233096
107091,19639.5981440072
107092,15613.22797079117
107093,20489.937421287323
107094,28074.74329163066
107095,23368.07639379043
107096,9770.086990838645
107097,10523.268772252139
107098,16043.647142041886
107099,23485.435033801612
107100,18912.180523774205
107101,12354.554578161273
107102,10439.886062748052
107103,13704.052656616372
107104,13288.506567503706
107105,14457.26259825006
107106,20765.264408785406
107107,8653.753516240266
107108,30680.608113719954
107109,26804.356616010315
107110,12282.160108001828
107111,22712.690364307586
107112,13349.156684133352
107113,10031.431213512862
107114,17532.462191409908
107115,30680.608113719954
107116,16804.602881919123
107117,23377.022409325884
107118,28031.678317805232
107119,9920.470052689001
107120,13690.223845095581
107121,28642.13419510607
107122,12164.49244289077
107123,15613.765418851848
107124,17188.008482876838
107125,10810.666506889278
107126,17541.676772738672
107127,12200.281571937227
107128,19306.212749076338
107129,11183.201466591769
107130,13822.418393051403
107131,22250.63316977404
107132,18296.538308674837
107133,17921.937096634392
107134,9674.718156045778
107135,9127.627495710552
107136,10409.10582200566
107137,32719.699145617105
107138,30392.09539750729
107139,20483.094419239605
107140,14587.199368094549
107141,6557.216725943953
107142,6073.461242550794
107143,18038.231081046604
107144,21002.899361291555
107145,14970.776205453021
107146,20404.872458667873
107147,14274.474368726687
107148,20717.421605773445
107149,19939.016468819762
107150,18537.28211683164
107151,12050.718741210327
107152,13100.08916816295
107153,30892.514275851714
107154,21490.344672230272
107155,22349.472587875985
107156,19758.46359284637
107157,10715.439311985903
107158,22201.798292914125
107159,13740.867616791616
107160,10090.140486086073
107161,3691.4475179440055
107162,13436.762934058173
107163,13556.020344426086
107164,7862.091334258352
107165,22600.352780051864
107166,31948.94225041368
107167,10223.49176451625
107168,50186.511853728196
107169,17507.591391375005
107170,24949.990325231694
107171,19607.25465211549
107172,9862.718046282893
107173,20866.179113242426
107174,6927.385260302119
107175,24402.827034117003
107176,12148.672722944777
107177,17252.02392340922
107178,9464.818393304047
107179,17691.30048120783
107180,28144.23067282723
107181,30749.13408803701
107182,44093.63805942188
107183,16917.469170141318
107184,16483.149597692503
107185,14171.13820206618
107186,16789.97127232586
107187,21144.27466197149
107188,9065.686949397892
107189,8165.459840788788
107190,24270.053773223608
107191,9083.819091478814
107192,11233.57661100415
107193,8290.753556893373
107194,22248.038607474737
107195,38441.560500187006
107196,22808.161878750354
107197,26205.186588002285
107198,9276.64709896875
107199,9519.03119542804
107200,32210.839010941807
107201,8266.285388242677
107202,8785.085408078769
107203,11806.754900662432
107204,19967.53368776421
107205,30312.527637853254
107206,12591.648067454575
107207,21647.816160396585
107208,21237.929901469903
107209,18045.617607883993
107210,16324.59644000145
107211,14380.86492786734
107212,22618.14006328702
107213,9831.34893974574
107214,16902.63869545339
107215,19803.75963199133
107216,20102.675302991996
107217,20439.127420536628
107218,12278.038985882542
107219,23959.813384688212
107220,9451.707821335089
107221,11843.842698438419
107222,10712.55353426009
107223,17870.61402330652
107224,20196.532997120656
107225,16253.07123688817
107226,15703.182945463002
107227,13656.563660099937
107228,27137.013010828112
107229,6499.656363991601
107230,10139.121686877088
107231,10258.298818824243
107232,13473.460009284416
107233,14802.697382182927
107234,13465.300139696667
107235,18716.616320235906
107236,9833.858925465185
107237,17636.992715301047
107238,7804.15941823865
107239,13281.068598609138
107240,20962.473870148297
107241,14633.67603038747
107242,16010.365958147277
107243,21746.640012350825
107244,6680.8237153773
107245,13379.144380857417
107246,6299.347388245079
107247,26984.936154011626
107248,17392.126694743823
107249,7288.60423431802
107250,22087.77314906416
107251,8710.918647943814
107252,12843.138435504161
107253,9712.553321309964
107254,12517.186292690669
107255,17857.049203595878
107256,27049.233603020526
107257,6445.544879058304
107258,18572.051259630596
107259,20147.358987152293
107260,26367.346567675606
107261,6843.5782636660015
107262,12592.564820300431
107263,15501.66065983943
107264,21980.345865682793
107265,8611.383777458424
107266,13857.579952886186
107267,14423.87360842795
107268,24920.395137817308
107269,18335.355784207673
107270,8171.120793360106
107271,11396.544712976227
107272,14518.384836514635
107273,17956.98558972685
107274,10044.61956479932
107275,11199.394786613413
107276,21937.92741746069
107277,16796.788874846832
107278,10712.04595848887
107279,10757.596665271376
107280,12343.41645036461
107281,17598.841148797645
107282,9838.300446498664
107283,10438.948469029827
107284,18688.253442708185
107285,18449.36397317897
107286,16952.713048583522
107287,11674.465129965496
107288,10314.091540485031
107289,21347.435352763103
107290,17634.298223830563
107291,10396.772336185433
107292,25332.40041637109
107293,8799.968924088094
107294,22721.304885813344
107295,13294.788440464867
107296,11769.86910546613
107297,9902.364705973685
107298,15151.964242814052
107299,27340.09440992902
107300,21273.573948258196
107301,25532.131788798342
107302,22005.41984501275
107303,20160.784049895406
107304,20063.049619698475
107305,21270.4571402531
107306,13024.91291440201
107307,15695.79358606433
107308,8757.104813695176
107309,13861.546273009893
107310,39244.56368441044
107311,19531.650265669126
107312,15249.24076330553
107313,14083.378112083294
107314,25319.181949850703
107315,17101.19081431024
107316,17882.723910338787
107317,9227.212337668105
107318,22747.587301860283
107319,15357.000452906932
107320,15904.646714916687
107321,23607.722027459466
107322,29680.16507694171
107323,17300.86764565743
107324,20185.657414601315
107325,14303.63504378559
107326,11568.060485205908
107327,6886.37697520297
107328,3217.9374419787327
107329,23157.07989082005
107330,14997.642595605352
107331,16929.344968947604
107332,10395.930736674643
107333,9754.634348357213
107334,11622.153101738348
107335,18728.857498535835
107336,11536.002015058235
107337,15277.528942387145
107338,8439.748967335594
107339,10401.135829185003
107340,12433.30387442237
107341,12245.588249003351
107342,8833.985310858428
107343,20412.30351847339
107344,34042.60652746793
107345,20826.0671955669
107346,12645.821914634733
107347,21563.13528787489
107348,13222.168159097142
107349,15057.148443385997
107350,19161.294636550654
107351,15184.977902859775
107352,24668.721527465357
107353,37038.07506652168
107354,8770.21728394819
107355,30836.669728059263
107356,10146.669111081523
107357,13385.229307799478
107358,15632.18985543608
107359,19507.923076291507
107360,19237.280844695095
107361,23520.22887385351
107362,9152.714415626524
107363,28274.236547463483
107364,7160.674754935731
107365,12296.400959979828
107366,11207.347361557198
107367,24619.228427843616
107368,8777.062248751507
107369,8964.306975676041
107370,9976.123878548535
107371,43875.5319765144
107372,17667.201414192812
107373,16204.915620960719
107374,6345.84904326726
107375,19233.32027005501
107376,19869.871684458336
107377,15046.412718362033
107378,20293.510669883603
107379,30997.337097679083
107380,9020.487128475921
107381,19165.631268300906
107382,7532.579294535701
107383,12152.612677803874
107384,15954.449578329839
107385,18917.429206369394
107386,12701.542962459464
107387,25110.132644109002
107388,12390.459414439198
107389,6340.029320821598
107390,25255.72934204215
107391,12359.416099815571
107392,7961.960378332317
107393,11068.50807417272
107394,8839.94443413552
107395,13034.42635321467
107396,7219.045074610951
107397,24753.583767589902
107398,25517.66208346802
107399,15689.836951717783
107400,25731.760366345745
107401,27189.35116069119
107402,25302.96136313959
107403,19813.81877152138
107404,16676.98662414424
107405,18918.35717408441
107406,10587.438406366444
107407,20745.923953897134
107408,20006.004050780713
107409,26696.059285782107
107410,21062.82482700476
107411,14901.676861637321
107412,25830.216232171526
107413,23838.222293612347
107414,9623.50936694361
107415,16757.455227847382
107416,12859.14373108264
107417,9896.164053106131
107418,12393.287166526081
107419,43482.906675608996
107420,10136.063062833906
107421,12925.829027595983
107422,10550.639379119464
107423,14201.263668821628
107424,22594.209392226854
107425,27119.843624451532
107426,11842.219599807378
107427,11124.905792751944
107428,15157.680727479643
107429,13709.820203507228
107430,22934.69365924033
107431,10042.516568903957
107432,10102.838335355662
107433,18704.13763544931
107434,25373.661528075816
107435,9828.77256082987
107436,10401.510869849355
107437,25473.573915275243
107438,14992.027670320043
107439,13442.546223875634
107440,9751.040825079452
107441,19005.94966880522
107442,9027.378887932919
107443,10548.916365896184
107444,17925.22550839391
107445,25261.72042889648
107446,9781.748610388266
107447,17594.261478476907
107448,7594.457267349086
107449,13009.760081065777
107450,17517.48416541909
107451,8522.450491057416
107452,14743.767227210346
107453,18304.079673320935
107454,17902.210990396576
107455,11907.901960131108
107456,22320.93637725036
107457,29890.77352187657
107458,12251.489239117382
107459,9609.658281094635
107460,20618.790572454527
107461,28252.032056646563
107462,8272.497195597587
107463,25871.009592106162
107464,12700.869269502178
107465,26294.27575168674
107466,29512.818872898984
107467,21415.784212034494
107468,5601.697610939043
107469,16124.984003418856
107470,20256.254420415586
107471,12533.303495193804
107472,9918.167324401307
107473,8970.794617365527
107474,13356.516417982311
107475,12043.843208316535
107476,24621.219238003687
107477,15351.094716104364
107478,18567.559375963032
107479,17932.903063996277
107480,19856.074743636356
107481,17508.09996501101
107482,13740.947220534348
107483,19025.80105951893
107484,20227.14453425376
107485,13483.16375910761
107486,20573.430903722878
107487,23411.39570769782
107488,23836.41334792568
107489,44352.852309942085
107490,12660.760148447886
107491,17437.95172225655
107492,9731.762844027236
107493,8574.694541476136
107494,8943.807260645162
107495,20790.487472096156
107496,18338.700131896818
107497,8009.59977784565
107498,18541.89573213083
107499,20394.420239167994
107500,30974.36283341748
107501,15076.332613095392
107502,19217.94237264647
107503,20402.012095198017
107504,11709.921118748876
107505,21769.8529297773
107506,24344.443688150182
107507,10023.590985852978
107508,23642.314421750823
107509,20054.248007308655
107510,8831.940355843739
107511,28058.054340635375
107512,11586.0273919336
107513,21531.67813759152
107514,15180.63253271283
107515,16840.896382582687
107516,19805.09647741919
107517,16790.482849465407
107518,23329.568295870416
107519,9905.686966970685
107520,41140.21044209589
107521,17272.45042489734
107522,17742.101282189244
107523,12187.204244260676
107524,12061.10797045852
107525,15832.18991177568
107526,11271.415939146751
107527,16560.784309078997
107528,9680.948735517057
107529,14720.030234601985
107530,22782.205003881238
107531,20130.39124325745
107532,9379.700273619606
107533,15294.111356704396
107534,11682.506943404116
107535,16466.175774161962
107536,12141.219866978468
107537,12019.708187891843
107538,9018.331768671907
107539,10918.791483814732
107540,20316.861250010144
107541,16778.713015548747
107542,9518.046464460289
107543,15145.610826569511
107544,11869.853848839248
107545,30353.1251701666
107546,8555.868715719822
107547,29973.185669243252
107548,20228.565525134705
107549,20342.077181598237
107550,14394.701895551283
107551,18517.57373446293
107552,22085.006417969824
107553,15531.277881795906
107554,23287.620774074094
107555,20402.918621041354
107556,15617.828381802256
107557,4643.792356349924
107558,12047.631417960614
107559,11679.009971892932
107560,25273.79697445252
107561,20912.66524123123
107562,12702.329967041236
107563,19344.58333853001
107564,6370.337593483188
107565,10655.837367214222
107566,12037.195867358261
107567,22218.690952549172
107568,21805.183904779955
107569,11740.62006596289
107570,17234.52118387009
107571,9488.372958784004
107572,14746.349828474567
107573,13928.709809139042
107574,26385.659447315596
107575,10620.757138588631
107576,10644.75551576978
107577,23540.27309429304
107578,19598.750683615206
107579,14915.758774737815
107580,18927.86046511435
107581,12453.048232438932
107582,9784.852801470823
107583,10930.449645139292
107584,16172.638185723734
107585,18301.647522847765
107586,23010.901883399474
107587,29769.745862532574
107588,27182.613227080536
107589,15455.962902434803
107590,12852.994129984296
107591,19609.352906045984
107592,17645.964042490927
107593,9477.449209693918
107594,40977.97909224563
107595,23677.79635663397
107596,21504.656120791715
107597,10939.360696529926
107598,14377.688738275114
107599,17058.571540592326
107600,10586.576165703405
107601,23135.212631461123
107602,9921.299522462916
107603,13156.93753878174
107604,9104.634492540046
107605,24521.85755429617
107606,14160.37882711931
107607,26044.424936608233
107608,30009.484755938916
107609,10183.506399868087
107610,16936.029236775248
107611,17774.190380218977
107612,17546.717316510836
107613,15337.103057131735
107614,9776.133632722878
107615,12780.805679723819
107616,20454.772142742757
107617,11027.416337747114
107618,19833.463622438732
107619,9142.194728449145
107620,19923.76540171546
107621,9163.459283681323
107622,9308.154598513882
107623,11610.944894411337
107624,23272.08390531191
107625,3187.2292779222357
107626,17646.32648075698
107627,12665.721911398043
107628,18455.006742899885
107629,25256.309944572626
107630,10351.836453000871
107631,21189.88984506761
107632,19102.773792406133
107633,17502.631811028677
107634,12666.013335706974
107635,15086.134229763547
107636,14356.85128467257
107637,9396.626957289056
107638,12021.97240468558
107639,15104.741697209478
107640,12778.328493183199
107641,24402.827034117003
107642,13656.76460306786
107643,27820.77985503969
107644,20234.879074229622
107645,9826.913177310069
107646,14586.038155491848
107647,19721.405958122174
107648,39317.3578215422
107649,17496.084404554178
107650,17095.34025487802
107651,6555.568225908761
107652,7635.061230144951
107653,28940.642444058107
107654,16816.662902914893
107655,8962.95445333438
107656,20387.971374936165
107657,9268.676916068152
107658,10701.199458011686
107659,33858.32284930549
107660,20066.820904377215
107661,19669.747991000797
107662,20005.522553269242
107663,26610.550028409136
107664,20919.23967765658
107665,13037.184720081297
107666,22400.22060329358
107667,18859.704299081346
107668,16356.19315891758
107669,17073.22275044003
107670,19608.788153123816
107671,19557.108864674276
107672,25387.47594019247
107673,10587.489080370906
107674,27085.936091807136
107675,14393.967549213383
107676,12941.8961592564
107677,21944.910933989388
107678,10660.654911165248
107679,7469.974914293796
107680,20756.965326446316
107681,14358.011600790855
107682,22794.451949324517
107683,12630.78032085992
107684,7262.409942674486
107685,27292.924894691358
107686,6472.410696276719
107687,17418.719328535637
107688,11839.765921816293
107689,9996.367435239925
107690,17461.80525401538
107691,43349.584570880404
107692,30378.395831574955
107693,9031.068764825184
107694,24837.418532627504
107695,9041.160002661898
107696,30145.901477551583
107697,25103.59569087618
107698,11358.285463663551
107699,20218.114432969895
107700,9642.777957387672
107701,14518.353091578883
107702,25594.144833365248
107703,14706.344773207229
107704,9944.623807783191
107705,23336.392421482786
107706,15717.74824850785
107707,46295.65018609968
107708,24241.77466177404
107709,10341.5564863473
107710,14276.430157515273
107711,18881.104321660696
107712,14183.097528694949
107713,8597.671941337903
107714,15908.63320868914
107715,9912.713647503666
107716,14577.109565264449
107717,14163.567438213173
107718,23695.687837131907
107719,23367.240865877564
107720,14057.4860082489
107721,15116.732597519494
107722,14735.600817270504
107723,11403.161387704957
107724,22225.263074012724
107725,18850.85334164859
107726,14184.439179657596
107727,10238.35964065316
107728,7594.483486128262
107729,10632.605061020884
107730,17998.853709575662
107731,16373.76606601129
107732,21367.023991380407
107733,20768.78915909899
107734,13575.616208076965
107735,13688.705333327145
107736,14909.200251702212
107737,13567.93298226083
107738,10062.781558737353
107739,23092.496559803167
107740,19843.939735859683
107741,3956.1029440469006
107742,10570.740603940842
107743,12150.702744027427
107744,14869.129902691824
107745,23109.382350709817
107746,18664.704007097032
107747,11549.714731695962
107748,11742.562948746654
107749,24241.911444067904
107750,20287.674646774707
107751,38116.92249622547
107752,16790.160673475493
107753,18363.60419779289
107754,26407.94625052635
107755,10260.747522685793
107756,10212.431662818688
107757,9671.47018848548
107758,9476.676192115974
107759,14117.423475983807
107760,14519.5868107111
107761,35391.82784013674
107762,17574.99874724961
107763,17326.163460171956
107764,10394.861700984262
107765,30714.42185833395
107766,7541.183277682432
107767,17802.792297866046
107768,10409.321570082755
107769,21047.864469834534
107770,41599.59653177032
107771,16505.11086157053
107772,15975.552106791038
107773,9165.073195275289
107774,9789.895022321929
107775,16556.31081064406
107776,13865.346205047175
107777,27155.653686822217
107778,14298.261621200743
107779,18510.67086093239
107780,37457.838287368184
107781,20695.045410052324
107782,9423.046507831854
107783,22264.02243256623
107784,21248.777405495704
107785,19805.90747285585
107786,12857.646021386858
107787,7668.960661131902
107788,30145.150265650005
107789,15518.670592259623
107790,16871.319989435713
107791,11003.096987212417
107792,34313.932624574234
107793,16449.437592251226
107794,11117.40376909086
107795,9545.990427899902
107796,20438.55310204698
107797,18499.697038739047
107798,40258.19164949935
107799,14140.270560217376
107800,13845.805024319354
107801,14721.246873447151
107802,22064.305005896127
107803,25684.61760344177
107804,15274.225676663087
107805,19300.081850626815
107806,14899.316471320892
107807,4312.058572064639
107808,19894.58444061858
107809,22512.79227342438
107810,22027.264694802478
107811,22097.799658124946
107812,13072.248228127275
107813,28311.721758037853
107814,13330.033282673205
107815,17690.68404164916
107816,21310.527225961152
107817,7209.013137871913
107818,23337.73625527436
107819,35188.52087539872
107820,12654.950455213702
107821,24424.874116039507
107822,13745.574369943455
107823,16178.729451809511
107824,13556.179779709935
107825,5364.452873570977
107826,21653.183609836437
107827,15665.456946540695
107828,22972.86103764016
107829,20187.76928248215
107830,14271.508377021219
107831,8684.751090783808
107832,27018.781300318617
107833,16092.228740381166
107834,13818.104258260246
107835,17080.71738083032
107836,14376.512921074598
107837,10221.015332862573
107838,16278.13385560152
107839,22581.509031340418
107840,9568.067717769743
107841,8961.318793039145
107842,9467.954564929927
107843,10285.280223845823
107844,15707.343990070649
107845,7662.9214982787735
107846,12789.711966689927
107847,12771.755652507485
107848,11641.147746248442
107849,20660.881490131924
107850,29812.87611859286
107851,8682.400786490434
107852,13805.249190410626
107853,13005.15535008142
107854,9336.249366382124
107855,13287.340128483893
107856,14791.352652198846
107857,15853.557505894809
107858,13584.494407612678
107859,14583.863202211262
107860,12059.257547174124
107861,19329.516082395243
107862,12620.380661558926
107863,11564.627544666628
107864,17553.609586109735
107865,19668.208088115833
107866,19160.954375106856
107867,9493.636300120163
107868,22775.26712116113
107869,18320.12659021284
107870,8996.141149485136
107871,19696.606472321157
107872,14571.755880288958
107873,21607.96930809482
107874,21646.277513539986
107875,6977.583467653704
107876,27298.20245933945
107877,16332.724706108527
107878,24826.718276470387
107879,9704.346904965369
107880,9297.274707637403
107881,41360.55382833884
107882,10374.647031620441
107883,12219.099132262636
107884,24235.89707759206
107885,24222.750564104546
107886,12044.704936534219
107887,24951.88105494751
107888,12838.653334885834
107889,20242.453401584593
107890,10913.31766658358
107891,9841.125714047314
107892,13485.354839283786
107893,17541.293548355756
107894,9275.225544796216
107895,18790.155593049658
107896,24225.182416531832
107897,6377.668444371439
107898,10235.924515828558
107899,8615.781887149496
107900,36375.265058236895
107901,13240.765441408965
107902,10185.500379486182
107903,12556.58001509166
107904,15944.541974881957
107905,43083.20553505174
107906,21453.660073018647
107907,20207.70017328442
107908,20445.974865243203
107909,14295.71892885462
107910,10359.468933234462
107911,11468.464867813746
107912,22460.038436644456
107913,16017.515000870188
107914,11703.191238433159
107915,26381.597089430452
107916,22789.507473338563
107917,12135.746810884923
107918,10386.13017772971
107919,15763.472607543561
107920,4185.406251297924
107921,6746.3700453724705
107922,14781.13143473098
107923,13158.047202982661
107924,10347.967956957576
107925,20005.96417926481
107926,7581.357097787645
107927,26841.77196508325
107928,21820.38388126752
107929,14122.597147759714
107930,14229.800777411861
107931,30790.873862610766
107932,14080.516783528341
107933,11442.85136668631
107934,5060.153807703309
107935,7527.904520889449
107936,13371.629966080929
107937,10634.524619614203
107938,11066.770061321718
107939,20187.944832818925
107940,9194.52066874158
107941,12336.303883429904
107942,12207.057671626408
107943,11126.06550800613
107944,12262.514139935409
107945,13827.890356927759
107946,10764.58595077813
107947,23827.702536666508
107948,11709.835558387027
107949,11146.686372126016
107950,30646.402959285428
107951,9195.896197366847
107952,10251.406599070335
107953,32092.889863778193
107954,11405.741661141721
107955,8174.498492000969
107956,7949.974371537747
107957,25011.42994668578
107958,25102.755012020363
107959,20073.2744686807
107960,22207.83223642582
107961,15267.109073629454
107962,19634.378373045707
107963,26834.773036966337
107964,22255.377710200624
107965,14095.792624938545
107966,21439.580499457465
107967,8386.71986659072
107968,16711.77117083095
107969,10786.58629721322
107970,23567.11013666671
107971,10187.092554500352
107972,10400.456395626728
107973,9715.738609841947
107974,7955.987004218711
107975,18015.412178361556
107976,17568.12434288492
107977,13583.947159072539
107978,25729.27546230041
107979,10175.298604217427
107980,29885.355758836922
107981,17482.403247475075
107982,9143.742024970128
107983,22226.7684891673
107984,22237.782802749494
107985,26832.57290416827
107986,36420.29163263901
107987,14708.376366765384
107988,18132.205639545446
107989,14787.782397689094
107990,15163.426745010967
107991,5586.718996567726
107992,10841.096671613544
107993,13550.40691273131
107994,18857.131648866674
107995,16571.29444776263
107996,19763.242913853403
107997,17954.23327149262
107998,26591.523143995146
107999,9359.327758500296
108000,16829.337277591654
108001,12569.673424810911
108002,14157.642469814167
108003,31577.719594538423
108004,30764.34997646541
108005,10240.345076618538
108006,13670.26448922389
108007,10438.243422659629
108008,19723.442527914147
108009,4953.117776000253
108010,5071.456644597239
108011,11448.827019102397
108012,11127.210143599357
108013,25915.370730225724
108014,12882.772377037489
108015,18357.972719098674
108016,26840.257674921188
108017,11154.015470814365
108018,8708.784897940592
108019,5806.847737378984
108020,5205.719146590022
108021,6754.667075097533
108022,23062.206490811903
108023,22877.025881488025
108024,29775.85656731482
108025,13319.99450850703
108026,6921.287074580962
108027,20160.14059093724
108028,25487.432759035306
108029,14866.436314180151
108030,21620.157045804008
108031,5429.21570209031
108032,7274.106227853755
108033,26353.729793513558
108034,30347.02259671997
108035,20619.863339442127
108036,6351.606173921067
108037,11641.260731592258
108038,20868.5418080343
108039,9883.864383752307
108040,8317.524448826645
108041,10806.960434786737
108042,14849.453108057805
108043,14532.66554211848
108044,8041.922026682094
108045,27963.18293974981
108046,22595.744122705724
108047,30239.249691551446
108048,14797.247454049324
108049,9881.960256527283
108050,45521.004629545125
108051,24576.93414028859
108052,19430.64464428478
108053,25965.944847936058
108054,12418.285332131627
108055,19314.2420962492
108056,12904.488200188103
108057,9762.959742371486
108058,16768.24344463932
108059,13735.83255065568
108060,7717.831920798688
108061,22513.55142204185
108062,10101.37050567244
108063,15046.603394393993
108064,23999.40900703441
108065,29528.936866956967
108066,21123.177629021
108067,19099.32057824159
108068,8598.879413016752
108069,16734.133883892762
108070,16609.529513075642
108071,14531.522763382032
108072,16789.613695949512
108073,24812.64391829157
108074,9783.156802086603
108075,8370.753529397443
108076,31156.151437543045
108077,16091.012423303031
108078,10480.647238297879
108079,13156.615279615238
108080,14238.18035997909
108081,14042.429478199858
108082,13600.384643363272
108083,14705.070112007888
108084,22510.16115724495
108085,16968.120144548815
108086,10557.426852226463
108087,10043.727604966996
108088,18375.396299083397
108089,9031.469883910477
108090,19969.359256040494
108091,10374.987245965409
108092,20362.074384050095
108093,9254.465230137852
108094,14853.919692082258
108095,21561.854774269792
108096,25477.398767229824
108097,12333.603511993957
108098,19338.075590284334
108099,25897.837395352723
108100,35093.54029306174
108101,23330.006367622474
108102,12971.743642235762
108103,17766.637368645912
108104,25849.255870636924
108105,10509.397090614875
108106,21634.023812676925
108107,7424.773957314993
108108,7437.387643773157
108109,12240.040980698848
108110,4682.954538111912
108111,33065.767372531125
108112,20719.409130289358
108113,16587.685035923576
108114,15773.460379758311
108115,11905.255337447106
108116,38345.21525628629
108117,19925.669898525626
108118,23502.831590771646
108119,13409.101735228916
108120,21920.639452914893
108121,13051.81540137244
108122,4985.818737800785
108123,10509.456011533031
108124,7202.469884373001
108125,17766.49102417299
108126,20290.15615179329
108127,12303.147591802923
108128,10122.837946967518
108129,10349.270610190806
108130,7506.719170066542
108131,44233.21054621635
108132,10184.193571326912
108133,7847.454850475616
108134,8737.941375235712
108135,40941.625166925114
108136,17723.30037364577
108137,12591.216322684924
108138,18874.1770691574
108139,14953.464353432535
108140,32147.29004061605
108141,10119.173010925333
108142,20879.16274075876
108143,31263.62377911338
108144,16919.865201279543
108145,14989.056138100268
108146,9192.503891408127
108147,12993.253310032203
108148,12175.295812232851
108149,9636.481593843884
108150,6736.551780290807
108151,12783.251306338178
108152,7838.900164550764
108153,26620.562838344806
108154,20216.46410834463
108155,22223.68470920165
108156,6252.058513693621
108157,29747.344159116525
108158,10477.191208818911
108159,40737.26580912297
108160,11289.180591407136
108161,22540.14308624172
108162,8816.490108728969
108163,14112.95194626889
108164,11068.818228596569
108165,7564.450627775064
108166,23192.14244029252
108167,17034.147721475703
108168,16286.543084389808
108169,11153.298597304212
108170,16377.455328690876
108171,14749.227522077708
108172,10330.84392220936
108173,9731.886546333186
108174,9302.604660656576
108175,15751.347298243581
108176,11465.063841637715
108177,16551.273935088415
108178,11431.689721580422
108179,27170.18436132476
108180,20792.261954090325
108181,20128.311082710792
108182,18390.853985792237
108183,15595.223384520003
108184,15395.252593314684
108185,10433.970647035443
108186,12658.317872891294
108187,17485.1356638774
108188,13928.61327852045
108189,11808.26769347724
108190,10260.181492797694
108191,14725.855922057537
108192,30664.958141900275
108193,17035.630457008927
108194,22728.311586256907
108195,6696.581135369498
108196,13832.582809631534
108197,11102.9000560048
108198,6379.5411349788565
108199,4605.281489650494
108200,25686.394797102854
108201,41827.38466304575
108202,3787.1020659115857
108203,14735.951252001258
108204,21927.94697364857
108205,19699.10054776501
108206,7339.5870067340475
108207,7866.202252967374
108208,11231.709947516434
108209,12258.494222882464
108210,7307.055722323299
108211,18723.18573715912
108212,11139.293665293779
108213,14942.139530804248
108214,51024.86168777512
108215,26525.875898106402
108216,19818.485934257973
108217,25988.931533899813
108218,13338.777912732616
108219,21608.297237200222
108220,10313.311251034813
108221,43825.93776410806
108222,9251.321282888122
108223,13259.701997567769
108224,13150.12476304799
108225,31808.54524265218
108226,8917.305505915701
108227,9944.700303512338
108228,10217.139941076026
108229,21453.660073018647
108230,9601.130992555805
108231,20929.542343857644
108232,28691.63760885721
108233,9988.263679615813
108234,18641.177263297785
108235,11139.93342827854
108236,25039.01324904695
108237,13163.041216465896
108238,10139.45380774134
108239,9942.991261409892
108240,19761.068671990957
108241,14712.524776997692
108242,15515.487357631879
108243,30053.155967313272
108244,9761.005589065175
108245,15079.43990093563
108246,11188.604118619107
108247,24284.82311902277
108248,10294.852128958117
108249,17039.03491495041
108250,18531.95416562936
108251,12256.750602248174
108252,20151.933833012954
108253,9522.392716953174
108254,7780.167532899902
108255,20259.594327650895
108256,16424.794022899656
108257,27238.51621841716
108258,16391.35790327606
108259,20480.334739085967
108260,12579.218756522927
108261,21398.476050827947
108262,14193.413976392045
108263,26431.44864047484
108264,8002.367470053685
108265,9975.443157184818
108266,15978.344360968822
108267,7634.496550865021
108268,14648.859676558797
108269,18772.154538276598
108270,10221.858559243648
108271,10147.526840498776
108272,11132.460969055339
108273,18180.70694340906
108274,25905.278900866182
108275,23975.682017298466
108276,13313.244503667333
108277,22686.539753189045
108278,26330.326610650296
108279,23801.275841723902
108280,11326.052551199336
108281,5679.05805143491
108282,10514.697734990812
108283,23301.39072024064
108284,23694.140982776233
108285,25422.567913894007
108286,10621.44537348579
108287,22393.055542452756
108288,24834.556753317793
108289,24914.20909940708
108290,13640.227156032955
108291,9570.725288709786
108292,16746.323181944143
108293,10329.342811026525
108294,6884.742744888048
108295,13448.907179393409
108296,24864.90365032745
108297,10042.57491309923
108298,14508.809650188019
108299,10530.114551977966
108300,12622.160946030363
108301,9583.612504489316
108302,11636.573747483011
108303,15618.14331071157
108304,26829.405324059015
108305,15049.254200428155
108306,19735.51274726064
108307,15051.766284156649
108308,23351.751040926345
108309,17550.17665963957
108310,15517.432366423505
108311,15900.594458886466
108312,18769.43971772557
108313,11820.51640419447
108314,13335.91790372964
108315,14755.645333791072
108316,23888.746553847865
108317,13029.525826073503
108318,17479.024588515204
108319,45741.70924274346
108320,13754.560391122313
108321,15558.894247305187
108322,16585.663568034215
108323,44428.53276528611
108324,20123.73467288948
108325,14424.719265693435
108326,12792.968133554512
108327,17491.63370678017
108328,11698.685268875653
108329,11133.419479271597
108330,12449.57240601597
108331,8154.150301073532
108332,16162.670850033566
108333,10956.956794894073
108334,10713.255186484794
108335,44446.60439896492
108336,9026.88679823143
108337,11192.576766006829
108338,22315.476403588265
108339,19097.44037382986
108340,9771.829286804988
108341,14740.337547189281
108342,20753.449154986527
108343,29664.247667377607
108344,11840.793203842059
108345,10451.817846139264
108346,31813.208959187217
108347,10043.58237101854
108348,18622.933624868416
108349,7974.725143196079
108350,18519.002264756917
108351,20221.0581350223
108352,19834.95922595674
108353,11944.846471835888
108354,10102.838335355662
108355,5758.579384414324
108356,27238.204637547344
108357,17491.619823593042
108358,11091.301956470475
108359,17041.479871354877
108360,10979.316529347267
108361,13768.37278195
108362,12305.617373350564
108363,7576.252568600933
108364,12810.77424589791
108365,9494.811943708455
108366,18008.97146509556
108367,10102.66395772097
108368,16992.962972819147
108369,22546.030737894383
108370,24354.54844449033
108371,17051.542596988016
108372,25258.479380852023
108373,19436.232158115286
108374,29766.617319476136
108375,10191.445429547157
108376,12905.33803984968
108377,20311.870590241513
108378,10478.613905036244
108379,13231.142652137378
108380,20082.06126175398
108381,15246.750222552317
108382,12305.841274765931
108383,20476.063036101903
108384,5483.232994561783
108385,41112.547867714726
108386,24551.251082225855
108387,22049.44598803873
108388,13491.116189262599
108389,11728.840631259065
108390,13736.47569944079
108391,8635.125885229683
108392,17790.266050875518
108393,22089.108402985818
108394,18917.010054013335
108395,23360.63881896065
108396,21208.959617272125
108397,26889.160742276334
108398,11713.470054206664
108399,13410.229958660351
108400,3150.5565138858115
108401,9420.655923197615
108402,14664.80032085245
108403,15424.35713244577
108404,10039.1803889792
108405,7171.833192601479
108406,9631.090002047227
108407,9197.033318019206
108408,10064.598070672446
108409,13824.229466100818
108410,22037.49384891173
108411,16002.513234562937
108412,25783.86513117585
108413,17733.709749158315
108414,12190.949684141466
108415,9402.893678960176
108416,28745.155942941034
108417,7460.991598241935
108418,27825.36593779958
108419,15461.268976535557
108420,26746.910698747583
108421,22325.434787703685
108422,10635.249502789504
108423,13022.378403687862
108424,11171.119050719473
108425,18492.4127201931
108426,2766.7474237079273
108427,12125.649542769772
108428,16788.2167001197
108429,25676.84916213072
108430,32141.188381293905
108431,19915.440917239655
108432,14484.224309813508
108433,16667.265517744778
108434,5156.649111865094
108435,14029.230660227411
108436,14317.538677238654
108437,35924.828547881494
108438,18155.431631677737
108439,18298.85822026395
108440,10271.638830362172
108441,36129.65294476357
108442,10785.651768502523
108443,38729.392194128275
108444,13590.726179500254
108445,8775.08266737868
108446,12424.294306283931
108447,8653.931027260242
108448,10358.709297899833
108449,17017.25734183541
108450,9731.60164567999
108451,17712.06244794209
108452,48971.61523875129
108453,17807.165055080583
108454,18561.83172984982
108455,19751.848636336417
108456,28887.196741660715
108457,16250.31183459202
108458,11258.121656613139
108459,14010.469781782807
108460,13364.31180413194
108461,17774.16486904096
108462,15888.971643046314
108463,13602.303139575346
108464,22319.10667807195
108465,22398.22122607006
108466,17537.661713378773
108467,22759.86054466774
108468,16027.392623547352
108469,21686.378706679177
108470,12056.366993780615
108471,14468.873650824014
108472,20893.18697500929
108473,19633.837635252283
108474,25072.378138804947
108475,18546.657662388356
108476,10118.832755815816
108477,13577.876453279403
108478,16485.743956688624
108479,15589.76501384708
108480,14861.910283227362
108481,10583.058138947226
108482,14993.285112880805
108483,18501.690188787587
108484,25749.66609025006
108485,8056.60798368108
108486,12759.995964558277
108487,18685.04992535474
108488,26263.233560857334
108489,8860.627771796631
108490,10299.166132027414
108491,7194.663849920954
108492,19880.716340955645
108493,29424.431210903866
108494,22579.532535093986
108495,10279.901016695403
108496,31946.401105896035
108497,21626.059411270246
108498,13694.272970961072
108499,12723.925143816366
108500,24827.241671447326
108501,23445.736451017387
108502,10485.284002764827
108503,17294.467983736573
108504,17811.318163811684
108505,14726.546927239808
108506,18255.6423769842
108507,24224.428992889785
108508,17830.72195903327
108509,12261.99142195488
108510,13117.915880310733
108511,14910.630162338251
108512,12282.708118649272
108513,31524.894798494137
108514,22679.484496289617
108515,20756.171036443277
108516,10806.540643955543
108517,13160.036203700214
108518,49332.032915480726
108519,24562.795244947487
108520,9538.228548011373
108521,13777.891527038508
108522,19728.738953766806
108523,25926.44170938401
108524,22740.898070201256
108525,12635.844518316788
108526,16308.502382980405
108527,12359.693221432331
108528,15078.266717954126
108529,19934.079534923763
108530,23860.709308808026
108531,16558.759290343944
108532,18112.754099220558
108533,19570.710542119807
108534,12177.178820395158
108535,13232.586801077317
108536,9159.94243296122
108537,18396.511397468974
108538,14926.802991145654
108539,8109.1780193557415
